# This file is brought to you by Roblox Corporation
# Generated by Roblox Studio

mtllib Androe.mtl

g Handle1

v -321.299 4.01383 109.558 
v -321.011 4.03582 109.811 
v -321.268 4.30081 109.765 
v -319.717 4.01456 109.558 
v -319.748 4.30158 109.765 
v -320.012 4.03582 109.811 
v -321.299 4.01383 109.558 
v -321.268 4.30081 109.765 
v -321.456 4.29668 109.345 
v -321.268 4.30081 109.765 
v -321.011 4.03582 109.811 
v -320.81 4.34532 109.947 
v -319.748 4.30158 109.765 
v -320.213 4.34529 109.947 
v -320.012 4.03582 109.811 
v -321.299 4.01383 109.558 
v -321.456 4.29668 109.345 
v -321.405 4.08055 108.914 
v -319.717 4.01456 109.558 
v -319.6 4.08062 108.914 
v -319.553 4.29795 109.345 
v -321.405 4.08055 108.914 
v -321.39 4.0868 108.587 
v -321.328 4.01031 108.732 
v -319.6 4.08062 108.914 
v -319.674 4.01031 108.732 
v -319.608 4.0868 108.587 
v -320.213 4.34529 109.947 
v -320.81 4.34532 109.947 
v -320.514 3.95408 109.709 
v -320.213 4.34529 109.947 
v -320.514 3.95408 109.709 
v -320.012 4.03582 109.811 
v -320.81 4.34532 109.947 
v -321.011 4.03582 109.811 
v -320.514 3.95408 109.709 
v -320.5 5.37655 109.855 
v -320.656 4.89627 109.901 
v -320.357 4.89595 109.901 
v -320.656 4.89627 109.901 
v -320.81 4.34532 109.947 
v -320.585 4.63435 109.924 
v -320.585 4.63435 109.924 
v -320.357 4.89595 109.901 
v -320.656 4.89627 109.901 
v -320.357 4.89595 109.901 
v -320.585 4.63435 109.924 
v -320.213 4.34529 109.947 
v -320.81 4.34532 109.947 
v -320.213 4.34529 109.947 
v -320.494 5.73098 109.85 
v -320.115 5.35301 109.729 
v -320.19 5.51094 109.578 
v -320.884 5.35301 109.729 
v -320.494 5.73098 109.85 
v -320.804 5.51094 109.578 
v -320.115 5.35301 109.729 
v -320.494 5.73098 109.85 
v -320.495 5.65098 110.032 
v -320.494 5.73098 109.85 
v -320.884 5.35301 109.729 
v -320.495 5.65098 110.032 
v -321.268 4.30081 109.765 
v -320.81 4.34532 109.947 
v -320.855 4.96986 109.774 
v -320.5 5.37655 109.855 
v -320.855 4.96986 109.774 
v -320.656 4.89627 109.901 
v -319.748 4.30158 109.765 
v -320.156 4.96969 109.774 
v -320.213 4.34529 109.947 
v -320.81 4.34532 109.947 
v -320.656 4.89627 109.901 
v -320.855 4.96986 109.774 
v -320.156 4.96969 109.774 
v -320.5 5.37655 109.855 
v -320.357 4.89595 109.901 
v -320.213 4.34529 109.947 
v -320.156 4.96969 109.774 
v -320.357 4.89595 109.901 
v -320.884 5.35301 109.729 
v -320.855 4.96986 109.774 
v -320.5 5.37655 109.855 
v -320.115 5.35301 109.729 
v -320.5 5.37655 109.855 
v -320.156 4.96969 109.774 
v -321.328 4.01031 108.732 
v -321.217 4.01216 109.118 
v -321.405 4.08055 108.914 
v -319.6 4.08062 108.914 
v -319.619 4.47318 108.728 
v -319.553 4.29795 109.345 
v -321.405 4.08055 108.914 
v -321.456 4.29668 109.345 
v -321.38 4.47318 108.728 
v -319.674 4.01031 108.732 
v -319.6 4.08062 108.914 
v -319.796 4.0125 109.118 
v -320.492 5.18248 108.208 
v -320.334 5.04261 108.144 
v -320.42 4.94029 108.035 
v -320.492 5.18248 108.208 
v -320.565 4.94029 108.035 
v -320.651 5.04261 108.144 
v -320.492 5.18248 108.208 
v -320.147 5.2334 108.374 
v -320.334 5.04261 108.144 
v -320.147 5.2334 108.374 
v -320.492 5.18248 108.208 
v -320.492 5.46786 108.495 
v -320.839 5.2334 108.374 
v -320.492 5.18248 108.208 
v -320.651 5.04261 108.144 
v -320.492 5.18248 108.208 
v -320.839 5.2334 108.374 
v -320.492 5.46786 108.495 
v -321.38 4.47318 108.728 
v -321.39 4.0868 108.587 
v -321.405 4.08055 108.914 
v -320.492 4.83261 107.916 
v -320.492 5.18248 108.208 
v -320.42 4.94029 108.035 
v -320.492 5.18248 108.208 
v -320.492 4.83261 107.916 
v -320.565 4.94029 108.035 
v -319.717 4.01456 109.558 
v -319.553 4.29795 109.345 
v -319.748 4.30158 109.765 
v -319.871 4.94396 109.317 
v -319.553 4.29795 109.345 
v -320.115 5.35301 109.729 
v -320.017 5.31743 109.399 
v -320.19 5.51094 109.578 
v -320.884 5.35301 109.729 
v -320.804 5.51094 109.578 
v -320.981 5.31743 109.399 
v -320.015 5.33121 109.003 
v -320.494 5.60696 109.071 
v -320.19 5.51094 109.578 
v -320.015 5.33121 109.003 
v -320.19 5.51094 109.578 
v -320.017 5.31743 109.399 
v -319.619 4.47318 108.728 
v -319.608 4.0868 108.587 
v -319.796 4.45492 108.413 
v -320.963 3.96768 109.521 
v -320.514 3.95408 109.709 
v -321.011 4.03582 109.811 
v -320.963 3.96768 109.521 
v -321.011 4.03582 109.811 
v -321.299 4.01383 109.558 
v -320.494 5.60696 109.071 
v -320.804 5.51094 109.578 
v -320.494 5.73098 109.85 
v -320.494 5.60696 109.071 
v -320.978 5.33121 109.003 
v -320.06 3.96769 109.521 
v -320.012 4.03582 109.811 
v -320.514 3.95408 109.709 
v -320.06 3.96769 109.521 
v -319.717 4.01456 109.558 
v -320.012 4.03582 109.811 
v -320.978 5.33121 109.003 
v -320.981 5.31743 109.399 
v -320.804 5.51094 109.578 
v -320.494 5.60696 109.071 
v -320.494 5.73098 109.85 
v -320.19 5.51094 109.578 
v -321.39 4.0868 108.587 
v -321.38 4.47318 108.728 
v -321.198 4.45492 108.413 
v -320.494 5.60696 109.071 
v -320.015 5.33121 109.003 
v -320.14 5.35531 108.81 
v -320.14 5.35531 108.81 
v -320.492 5.46786 108.495 
v -320.494 5.60696 109.071 
v -320.492 5.46786 108.495 
v -320.14 5.35531 108.81 
v -320.147 5.2334 108.374 
v -320.105 4.88123 108.268 
v -320.334 5.04261 108.144 
v -320.147 5.2334 108.374 
v -320.147 5.2334 108.374 
v -320.14 5.35531 108.81 
v -320.015 5.33121 109.003 
v -320.978 5.33121 109.003 
v -320.494 5.60696 109.071 
v -320.851 5.35531 108.81 
v -320.492 5.46786 108.495 
v -320.851 5.35531 108.81 
v -320.492 5.46786 108.495 
v -320.839 5.2334 108.374 
v -320.262 4.75583 108.154 
v -320.334 5.04261 108.144 
v -320.105 4.88123 108.268 
v -320.884 4.88123 108.268 
v -320.839 5.2334 108.374 
v -320.651 5.04261 108.144 
v -320.839 5.2334 108.374 
v -320.978 5.33121 109.003 
v -320.851 5.35531 108.81 
v -320.651 5.04261 108.144 
v -320.727 4.75583 108.154 
v -320.884 4.88123 108.268 
v -321.217 4.01216 109.118 
v -321.299 4.01383 109.558 
v -321.405 4.08055 108.914 
v -319.993 4.07452 108.676 
v -319.962 4.14033 108.614 
v -319.955 4.13715 108.626 
v -321.014 4.07452 108.676 
v -321.049 4.13715 108.626 
v -321.042 4.14033 108.614 
v -319.748 4.30158 109.765 
v -319.871 4.94396 109.317 
v -320.156 4.96969 109.774 
v -321.268 4.30081 109.765 
v -320.855 4.96986 109.774 
v -321.134 4.94389 109.317 
v -319.796 4.0125 109.118 
v -319.6 4.08062 108.914 
v -319.717 4.01456 109.558 
v -321.268 4.30081 109.765 
v -321.134 4.94389 109.317 
v -321.456 4.29668 109.345 
v -320.017 5.31743 109.399 
v -320.156 4.96969 109.774 
v -319.871 4.94396 109.317 
v -320.334 5.04261 108.144 
v -320.262 4.75583 108.154 
v -320.42 4.94029 108.035 
v -319.608 4.0868 108.587 
v -319.619 4.47318 108.728 
v -319.6 4.08062 108.914 
v -319.871 4.94396 109.317 
v -319.553 4.29795 109.345 
v -320.727 4.75583 108.154 
v -320.651 5.04261 108.144 
v -320.565 4.94029 108.035 
v -320.262 4.75583 108.154 
v -320.105 4.88123 108.268 
v -320.133 4.55844 108.305 
v -320.855 4.96986 109.774 
v -320.981 5.31743 109.399 
v -321.134 4.94389 109.317 
v -320.981 5.31743 109.399 
v -320.884 5.35301 109.729 
v -320.727 4.75583 108.154 
v -320.862 4.55844 108.305 
v -320.884 4.88123 108.268 
v -320.133 4.55844 108.305 
v -320.105 4.88123 108.268 
v -319.796 4.45492 108.413 
v -320.862 4.55844 108.305 
v -321.198 4.45492 108.413 
v -320.884 4.88123 108.268 
v -321.217 4.01216 109.118 
v -320.963 3.96768 109.521 
v -321.299 4.01383 109.558 
v -319.796 4.0125 109.118 
v -319.717 4.01456 109.558 
v -320.06 3.96769 109.521 
v -321.134 4.94389 109.317 
v -321.38 4.47318 108.728 
v -321.456 4.29668 109.345 
v -319.871 4.94396 109.317 
v -320.015 5.33121 109.003 
v -320.017 5.31743 109.399 
v -321.134 4.94389 109.317 
v -320.981 5.31743 109.399 
v -320.978 5.33121 109.003 
v -320.015 5.33121 109.003 
v -319.905 4.95315 108.758 
v -320.147 5.2334 108.374 
v -320.978 5.33121 109.003 
v -320.839 5.2334 108.374 
v -321.092 4.95315 108.758 
v -319.905 4.95315 108.758 
v -319.796 4.45492 108.413 
v -320.105 4.88123 108.268 
v -321.092 4.95315 108.758 
v -320.884 4.88123 108.268 
v -321.198 4.45492 108.413 
v -319.796 4.45492 108.413 
v -319.905 4.95315 108.758 
v -319.619 4.47318 108.728 
v -319.871 4.94396 109.317 
v -319.619 4.47318 108.728 
v -319.905 4.95315 108.758 
v -321.38 4.47318 108.728 
v -321.092 4.95315 108.758 
v -321.198 4.45492 108.413 
v -321.38 4.47318 108.728 
v -321.134 4.94389 109.317 
v -321.092 4.95315 108.758 
v -319.905 4.95315 108.758 
v -320.105 4.88123 108.268 
v -320.147 5.2334 108.374 
v -319.871 4.94396 109.317 
v -319.905 4.95315 108.758 
v -320.015 5.33121 109.003 
v -321.134 4.94389 109.317 
v -320.978 5.33121 109.003 
v -321.092 4.95315 108.758 
v -321.092 4.95315 108.758 
v -320.839 5.2334 108.374 
v -320.884 4.88123 108.268 
v -321.168 4.13785 108.549 
v -321.198 4.45492 108.413 
v -320.862 4.55844 108.305 
v -319.833 4.13785 108.549 
v -319.796 4.45492 108.413 
v -319.608 4.0868 108.587 
v -320.133 4.55844 108.305 
v -319.796 4.45492 108.413 
v -321.062 4.14606 108.603 
v -321.042 4.14033 108.614 
v -321.049 4.13715 108.626 
v -319.942 4.14606 108.603 
v -319.955 4.13715 108.626 
v -319.962 4.14033 108.614 
v -321.168 4.13785 108.549 
v -321.39 4.0868 108.587 
v -321.198 4.45492 108.413 
v -319.918 4.05168 108.694 
v -319.833 4.13785 108.549 
v -319.674 4.01031 108.732 
v -321.168 4.13785 108.549 
v -321.088 4.05168 108.694 
v -321.328 4.01031 108.732 
v -319.993 4.07452 108.676 
v -319.955 4.13715 108.626 
v -319.918 4.05168 108.694 
v -321.014 4.07452 108.676 
v -321.088 4.05168 108.694 
v -321.049 4.13715 108.626 
v -319.942 4.14606 108.603 
v -319.962 4.14033 108.614 
v -319.942 4.15745 108.587 
v -321.061 4.15745 108.587 
v -321.042 4.14033 108.614 
v -321.062 4.14606 108.603 
v -319.674 4.01031 108.732 
v -319.833 4.13785 108.549 
v -319.608 4.0868 108.587 
v -321.328 4.01031 108.732 
v -321.39 4.0868 108.587 
v -321.168 4.13785 108.549 
v -320.156 4.96969 109.774 
v -320.017 5.31743 109.399 
v -320.115 5.35301 109.729 
v -319.833 4.13785 108.549 
v -319.955 4.13715 108.626 
v -319.942 4.14606 108.603 
v -321.049 4.13715 108.626 
v -321.168 4.13785 108.549 
v -321.062 4.14606 108.603 
v -319.942 4.14606 108.603 
v -319.942 4.15745 108.587 
v -319.833 4.13785 108.549 
v -321.062 4.14606 108.603 
v -321.168 4.13785 108.549 
v -321.061 4.15745 108.587 
v -319.674 4.01031 108.732 
v -319.796 4.0125 109.118 
v -319.857 4.04406 108.994 
v -320.5 5.37655 109.855 
v -320.495 5.65098 110.032 
v -320.884 5.35301 109.729 
v -321.217 4.01216 109.118 
v -321.328 4.01031 108.732 
v -321.155 4.04389 108.994 
v -320.5 5.37655 109.855 
v -320.115 5.35301 109.729 
v -320.495 5.65098 110.032 
v -319.833 4.13785 108.549 
v -319.918 4.05168 108.694 
v -319.955 4.13715 108.626 
v -321.088 4.05168 108.694 
v -321.168 4.13785 108.549 
v -321.049 4.13715 108.626 
v -320.796 5.03035 108.676 
v -320.507 5.03494 108.529 
v -320.853 4.92942 108.76 
v -320.147 4.92942 108.76 
v -320.487 5.03494 108.529 
v -320.201 5.03035 108.676 
v -319.833 4.13785 108.549 
v -320.008 4.20783 108.622 
v -320.058 4.44485 108.63 
v -319.857 4.04406 108.994 
v -319.796 4.0125 109.118 
v -319.895 4.08074 109.081 
v -320.067 4.20533 109.262 
v -319.895 4.08074 109.081 
v -321.12 4.08058 109.081 
v -320.953 4.20537 109.262 
v -321.217 4.01216 109.118 
v -321.217 4.01216 109.118 
v -321.155 4.04389 108.994 
v -321.12 4.08058 109.081 
v -321.168 4.13785 108.549 
v -320.935 4.39658 108.664 
v -320.997 4.20783 108.622 
v -319.674 4.01031 108.732 
v -319.927 4.20307 108.91 
v -319.952 4.19245 108.809 
v -319.918 4.05168 108.694 
v -319.674 4.01031 108.732 
v -319.952 4.19245 108.809 
v -321.328 4.01031 108.732 
v -321.057 4.19245 108.809 
v -321.083 4.20301 108.91 
v -321.057 4.19245 108.809 
v -321.328 4.01031 108.732 
v -321.088 4.05168 108.694 
v -319.993 4.07452 108.676 
v -320.008 4.20783 108.622 
v -319.962 4.14033 108.614 
v -320.008 4.20783 108.622 
v -319.942 4.15745 108.587 
v -320.997 4.20783 108.622 
v -321.014 4.07452 108.676 
v -321.042 4.14033 108.614 
v -320.997 4.20783 108.622 
v -321.042 4.14033 108.614 
v -321.061 4.15745 108.587 
v -320.008 4.20783 108.622 
v -319.833 4.13785 108.549 
v -319.942 4.15745 108.587 
v -321.168 4.13785 108.549 
v -320.997 4.20783 108.622 
v -321.061 4.15745 108.587 
v -320.058 4.44485 108.63 
v -319.966 4.48027 108.532 
v -319.833 4.13785 108.549 
v -319.918 4.05168 108.694 
v -319.952 4.19245 108.809 
v -319.993 4.07452 108.676 
v -321.088 4.05168 108.694 
v -321.014 4.07452 108.676 
v -321.057 4.19245 108.809 
v -320.945 4.44485 108.63 
v -321.168 4.13785 108.549 
v -321.034 4.48027 108.532 
v -320.935 4.39658 108.664 
v -321.168 4.13785 108.549 
v -320.945 4.44485 108.63 
v -320.131 4.74917 108.684 
v -319.966 4.48027 108.532 
v -320.133 4.70189 108.684 
v -321.034 4.48027 108.532 
v -320.87 4.74917 108.684 
v -320.869 4.70189 108.684 
v -320.869 4.70189 108.684 
v -320.945 4.44485 108.63 
v -321.034 4.48027 108.532 
v -320.724 5.03906 108.6 
v -320.633 5.05946 108.527 
v -320.54 5.03681 108.524 
v -320.271 5.03906 108.6 
v -320.453 5.03681 108.524 
v -320.36 5.05946 108.527 
v -320.058 4.44485 108.63 
v -320.133 4.70189 108.684 
v -319.966 4.48027 108.532 
v -320.108 4.56346 108.694 
v -320.133 4.70189 108.684 
v -320.076 4.44683 108.666 
v -320.07 4.39658 108.664 
v -319.927 4.20307 108.91 
v -319.674 4.01031 108.732 
v -319.857 4.04406 108.994 
v -321.328 4.01031 108.732 
v -321.083 4.20301 108.91 
v -321.155 4.04389 108.994 
v -320.067 4.20533 109.262 
v -319.796 4.0125 109.118 
v -320.06 3.96769 109.521 
v -320.497 5.04356 108.515 
v -320.456 5.02819 108.523 
v -320.487 5.03494 108.529 
v -320.538 5.02819 108.523 
v -320.497 5.04356 108.515 
v -320.507 5.03494 108.529 
v -320.067 4.20533 109.262 
v -320.06 3.96769 109.521 
v -320.129 4.19237 109.365 
v -320.953 4.20537 109.262 
v -320.963 3.96768 109.521 
v -321.217 4.01216 109.118 
v -320.963 3.96768 109.521 
v -320.894 4.1924 109.365 
v -320.836 4.19683 109.432 
v -320.108 4.56346 108.694 
v -320.058 4.44485 108.63 
v -320.088 4.50282 108.672 
v -320.953 4.20537 109.262 
v -320.894 4.1924 109.365 
v -320.963 3.96768 109.521 
v -320.088 4.50282 108.672 
v -320.058 4.44485 108.63 
v -320.076 4.44683 108.666 
v -320.945 4.44485 108.63 
v -320.896 4.56346 108.694 
v -320.916 4.50282 108.672 
v -320.146 4.99839 109.331 
v -320.109 4.93585 108.86 
v -320.104 4.99284 109.242 
v -320.929 4.95371 108.951 
v -320.936 4.9833 109.15 
v -320.954 4.97184 109.05 
v -320.963 3.96768 109.521 
v -320.836 4.19683 109.432 
v -320.766 4.19943 109.494 
v -320.069 4.9833 109.15 
v -320.073 4.95371 108.951 
v -320.049 4.97184 109.05 
v -320.929 4.44683 108.666 
v -320.935 4.39658 108.664 
v -320.945 4.44485 108.63 
v -320.916 4.50282 108.672 
v -320.058 4.44485 108.63 
v -320.008 4.20783 108.622 
v -320.07 4.39658 108.664 
v -320.008 4.20783 108.622 
v -320.044 4.31463 108.681 
v -320.494 5.02435 108.282 
v -320.727 4.75583 108.154 
v -320.565 4.94029 108.035 
v -320.262 4.75583 108.154 
v -320.494 5.02435 108.282 
v -320.42 4.94029 108.035 
v -320.073 4.95371 108.951 
v -320.104 4.99284 109.242 
v -320.109 4.93585 108.86 
v -320.893 4.93585 108.86 
v -320.902 4.99284 109.242 
v -320.929 4.95371 108.951 
v -320.896 4.56346 108.694 
v -320.945 4.44485 108.63 
v -320.869 4.70189 108.684 
v -320.104 4.99284 109.242 
v -320.073 4.95371 108.951 
v -320.069 4.9833 109.15 
v -320.06 3.96769 109.521 
v -320.188 4.19688 109.432 
v -320.129 4.19237 109.365 
v -320.06 3.96769 109.521 
v -320.259 4.19975 109.494 
v -320.368 4.19859 109.552 
v -320.893 4.93585 108.86 
v -320.506 5.00696 109.592 
v -320.902 4.99284 109.242 
v -320.133 4.70189 108.684 
v -320.147 4.92942 108.76 
v -320.131 4.74917 108.684 
v -320.853 4.92942 108.76 
v -320.869 4.70189 108.684 
v -320.87 4.74917 108.684 
v -320.497 5.04356 108.515 
v -320.417 5.02055 108.5 
v -320.456 5.02819 108.523 
v -320.576 5.02055 108.5 
v -320.497 5.04356 108.515 
v -320.538 5.02819 108.523 
v -320.646 5.03859 108.515 
v -320.494 5.02435 108.282 
v -320.576 5.02055 108.5 
v -320.494 5.02435 108.282 
v -320.347 5.03859 108.515 
v -320.417 5.02055 108.5 
v -320.487 5.03494 108.529 
v -320.506 5.00696 109.592 
v -320.497 5.04356 108.515 
v -320.902 4.99284 109.242 
v -320.862 4.9984 109.331 
v -320.008 4.20783 108.622 
v -319.993 4.07452 108.676 
v -320.044 4.31463 108.681 
v -320.724 5.03906 108.6 
v -320.507 5.03494 108.529 
v -320.796 5.03035 108.676 
v -321.034 4.48027 108.532 
v -320.857 4.79148 108.659 
v -320.87 4.74917 108.684 
v -320.997 4.20783 108.622 
v -320.962 4.31463 108.681 
v -321.014 4.07452 108.676 
v -320.935 4.39658 108.664 
v -320.962 4.31463 108.681 
v -320.997 4.20783 108.622 
v -319.938 4.23219 109.022 
v -319.927 4.20307 108.91 
v -319.857 4.04406 108.994 
v -320.143 4.79148 108.659 
v -319.966 4.48027 108.532 
v -320.131 4.74917 108.684 
v -320.131 4.74917 108.684 
v -320.201 5.03035 108.676 
v -321.075 4.23211 109.022 
v -321.155 4.04389 108.994 
v -321.083 4.20301 108.91 
v -320.271 5.03906 108.6 
v -320.487 5.03494 108.529 
v -320.453 5.03681 108.524 
v -320.507 5.03494 108.529 
v -320.724 5.03906 108.6 
v -320.54 5.03681 108.524 
v -320.916 4.50282 108.672 
v -320.93 4.44028 108.686 
v -320.929 4.44683 108.666 
v -320.862 4.9984 109.331 
v -320.558 5.00508 109.582 
v -320.813 4.99932 109.416 
v -320.196 4.99926 109.416 
v -320.453 5.0051 109.582 
v -320.146 4.99839 109.331 
v -320.514 4.03334 109.67 
v -320.368 4.19859 109.552 
v -320.514 3.95408 109.709 
v -320.558 5.00508 109.582 
v -320.862 4.9984 109.331 
v -320.506 5.00696 109.592 
v -320.497 5.04356 108.515 
v -320.507 5.03494 108.529 
v -320.506 5.00696 109.592 
v -320.893 4.93585 108.86 
v -320.507 5.03494 108.529 
v -320.506 5.00696 109.592 
v -320.146 4.99839 109.331 
v -320.453 5.0051 109.582 
v -319.938 4.23219 109.022 
v -319.857 4.04406 108.994 
v -319.895 4.08074 109.081 
v -321.038 4.25986 109.112 
v -321.12 4.08058 109.081 
v -321.075 4.23211 109.022 
v -320.146 4.99839 109.331 
v -320.506 5.00696 109.592 
v -320.487 5.03494 108.529 
v -319.895 4.08074 109.081 
v -320.067 4.20533 109.262 
v -320.017 4.23007 109.182 
v -319.978 4.2599 109.112 
v -319.938 4.23219 109.022 
v -321.075 4.23211 109.022 
v -321.12 4.08058 109.081 
v -321.155 4.04389 108.994 
v -320.076 4.44683 108.666 
v -320.07 4.39658 108.664 
v -320.076 4.44028 108.686 
v -319.978 4.2599 109.112 
v -319.895 4.08074 109.081 
v -320.017 4.23007 109.182 
v -320.796 5.03035 108.676 
v -320.87 4.74917 108.684 
v -320.857 4.79148 108.659 
v -320.929 4.44683 108.666 
v -320.93 4.44028 108.686 
v -320.935 4.39658 108.664 
v -320.746 4.99737 109.493 
v -320.558 5.00508 109.582 
v -320.659 5.00003 109.551 
v -320.453 5.0051 109.582 
v -320.264 4.99727 109.493 
v -320.352 4.99993 109.551 
v -320.963 3.96768 109.521 
v -320.766 4.19943 109.494 
v -320.658 4.19846 109.552 
v -320.514 3.95408 109.709 
v -320.963 3.96768 109.521 
v -320.514 4.03334 109.67 
v -320.514 3.95408 109.709 
v -320.658 4.19846 109.552 
v -320.658 4.19846 109.552 
v -320.572 4.21046 109.579 
v -321.001 4.23008 109.182 
v -321.12 4.08058 109.081 
v -321.038 4.25986 109.112 
v -320.044 4.31463 108.681 
v -320.076 4.44028 108.686 
v -320.07 4.39658 108.664 
v -320.953 4.20537 109.262 
v -321.12 4.08058 109.081 
v -321.001 4.23008 109.182 
v -320.454 4.2105 109.579 
v -320.514 4.03334 109.67 
v -320.513 4.22446 109.591 
v -320.109 4.93585 108.86 
v -320.146 4.99839 109.331 
v -320.487 5.03494 108.529 
v -320.962 4.31463 108.681 
v -320.935 4.39658 108.664 
v -320.93 4.44028 108.686 
v -320.06 3.96769 109.521 
v -320.514 3.95408 109.709 
v -320.368 4.19859 109.552 
v -320.896 4.56346 108.694 
v -320.93 4.44028 108.686 
v -320.916 4.50282 108.672 
v -321.057 4.19245 108.809 
v -320.93 4.44028 108.686 
v -320.572 4.21046 109.579 
v -320.513 4.22446 109.591 
v -320.514 4.03334 109.67 
v -320.494 5.02435 108.282 
v -320.497 5.04356 108.515 
v -320.576 5.02055 108.5 
v -320.454 4.2105 109.579 
v -320.368 4.19859 109.552 
v -320.514 4.03334 109.67 
v -320.494 5.02435 108.282 
v -320.417 5.02055 108.5 
v -320.497 5.04356 108.515 
v -320.109 4.93585 108.86 
v -320.487 5.03494 108.529 
v -320.147 4.92942 108.76 
v -320.271 5.03906 108.6 
v -320.201 5.03035 108.676 
v -320.417 5.02055 108.5 
v -320.453 5.03681 108.524 
v -320.456 5.02819 108.523 
v -320.576 5.02055 108.5 
v -320.538 5.02819 108.523 
v -320.54 5.03681 108.524 
v -320.143 4.79148 108.659 
v -320.201 5.03035 108.676 
v -320.189 4.94128 108.619 
v -321.075 4.23211 109.022 
v -320.893 4.93585 108.86 
v -320.929 4.95371 108.951 
v -320.558 5.00508 109.582 
v -320.746 4.99737 109.493 
v -320.813 4.99932 109.416 
v -320.796 5.03035 108.676 
v -320.857 4.79148 108.659 
v -320.808 4.94128 108.619 
v -320.109 4.93585 108.86 
v -319.938 4.23219 109.022 
v -320.073 4.95371 108.951 
v -320.264 4.99727 109.493 
v -320.453 5.0051 109.582 
v -320.196 4.99926 109.416 
v -320.93 4.44028 108.686 
v -321.057 4.19245 108.809 
v -320.962 4.31463 108.681 
v -319.952 4.19245 108.809 
v -320.076 4.44028 108.686 
v -320.044 4.31463 108.681 
v -320.181 4.87403 108.596 
v -320.133 4.55844 108.305 
v -320.143 4.79148 108.659 
v -320.189 4.94128 108.619 
v -320.181 4.87403 108.596 
v -320.073 4.95371 108.951 
v -319.978 4.2599 109.112 
v -320.049 4.97184 109.05 
v -320.954 4.97184 109.05 
v -321.038 4.25986 109.112 
v -320.929 4.95371 108.951 
v -320.853 4.92942 108.76 
v -320.507 5.03494 108.529 
v -320.893 4.93585 108.86 
v -321.057 4.19245 108.809 
v -320.853 4.92942 108.76 
v -321.083 4.20301 108.91 
v -320.893 4.93585 108.86 
v -321.083 4.20301 108.91 
v -320.853 4.92942 108.76 
v -319.927 4.20307 108.91 
v -320.147 4.92942 108.76 
v -319.952 4.19245 108.809 
v -320.808 4.94128 108.619 
v -320.857 4.79148 108.659 
v -320.817 4.87403 108.596 
v -320.869 4.70189 108.684 
v -321.057 4.19245 108.809 
v -320.896 4.56346 108.694 
v -320.147 4.92942 108.76 
v -319.927 4.20307 108.91 
v -320.109 4.93585 108.86 
v -320.87 4.74917 108.684 
v -320.796 5.03035 108.676 
v -320.853 4.92942 108.76 
v -321.057 4.19245 108.809 
v -320.869 4.70189 108.684 
v -320.853 4.92942 108.76 
v -319.938 4.23219 109.022 
v -320.109 4.93585 108.86 
v -319.927 4.20307 108.91 
v -320.088 4.50282 108.672 
v -320.076 4.44683 108.666 
v -320.076 4.44028 108.686 
v -320.108 4.56346 108.694 
v -320.088 4.50282 108.672 
v -319.952 4.19245 108.809 
v -320.108 4.56346 108.694 
v -320.133 4.70189 108.684 
v -320.108 4.56346 108.694 
v -319.952 4.19245 108.809 
v -320.147 4.92942 108.76 
v -320.147 4.92942 108.76 
v -320.201 5.03035 108.676 
v -320.131 4.74917 108.684 
v -320.893 4.93585 108.86 
v -321.075 4.23211 109.022 
v -321.083 4.20301 108.91 
v -319.952 4.19245 108.809 
v -320.044 4.31463 108.681 
v -319.993 4.07452 108.676 
v -319.966 4.48027 108.532 
v -320.143 4.79148 108.659 
v -320.133 4.55844 108.305 
v -320.962 4.31463 108.681 
v -321.057 4.19245 108.809 
v -321.014 4.07452 108.676 
v -320.456 5.02819 108.523 
v -320.453 5.03681 108.524 
v -320.487 5.03494 108.529 
v -320.538 5.02819 108.523 
v -320.507 5.03494 108.529 
v -320.54 5.03681 108.524 
v -320.857 4.79148 108.659 
v -321.034 4.48027 108.532 
v -320.862 4.55844 108.305 
v -320.862 4.55844 108.305 
v -320.817 4.87403 108.596 
v -321.075 4.23211 109.022 
v -320.929 4.95371 108.951 
v -321.038 4.25986 109.112 
v -320.727 4.75583 108.154 
v -320.817 4.87403 108.596 
v -320.862 4.55844 108.305 
v -320.181 4.87403 108.596 
v -320.262 4.75583 108.154 
v -320.133 4.55844 108.305 
v -320.929 4.95371 108.951 
v -320.902 4.99284 109.242 
v -320.936 4.9833 109.15 
v -321.038 4.25986 109.112 
v -321.001 4.23008 109.182 
v -320.712 4.97437 108.521 
v -320.817 4.87403 108.596 
v -320.727 4.75583 108.154 
v -320.181 4.87403 108.596 
v -320.282 4.97437 108.521 
v -320.262 4.75583 108.154 
v -319.978 4.2599 109.112 
v -320.073 4.95371 108.951 
v -319.938 4.23219 109.022 
v -320.069 4.9833 109.15 
v -320.049 4.97184 109.05 
v -320.069 4.9833 109.15 
v -319.978 4.2599 109.112 
v -320.017 4.23007 109.182 
v -320.936 4.9833 109.15 
v -321.038 4.25986 109.112 
v -320.954 4.97184 109.05 
v -320.017 4.23007 109.182 
v -320.104 4.99284 109.242 
v -320.069 4.9833 109.15 
v -320.067 4.20533 109.262 
v -320.146 4.99839 109.331 
v -320.104 4.99284 109.242 
v -320.902 4.99284 109.242 
v -321.001 4.23008 109.182 
v -320.936 4.9833 109.15 
v -320.745 4.98112 108.583 
v -320.817 4.87403 108.596 
v -320.712 4.97437 108.521 
v -320.146 4.99839 109.331 
v -320.188 4.19688 109.432 
v -320.196 4.99926 109.416 
v -320.862 4.9984 109.331 
v -320.953 4.20537 109.262 
v -320.902 4.99284 109.242 
v -320.813 4.99932 109.416 
v -320.836 4.19683 109.432 
v -320.104 4.99284 109.242 
v -320.017 4.23007 109.182 
v -320.067 4.20533 109.262 
v -320.282 4.97437 108.521 
v -320.181 4.87403 108.596 
v -320.25 4.98112 108.583 
v -320.727 4.75583 108.154 
v -320.646 5.03859 108.515 
v -320.712 4.97437 108.521 
v -320.347 5.03859 108.515 
v -320.262 4.75583 108.154 
v -320.282 4.97437 108.521 
v -320.146 4.99839 109.331 
v -320.067 4.20533 109.262 
v -320.129 4.19237 109.365 
v -321.001 4.23008 109.182 
v -320.902 4.99284 109.242 
v -320.953 4.20537 109.262 
v -320.817 4.87403 108.596 
v -320.745 4.98112 108.583 
v -320.808 4.94128 108.619 
v -320.862 4.9984 109.331 
v -320.894 4.1924 109.365 
v -320.953 4.20537 109.262 
v -320.25 4.98112 108.583 
v -320.181 4.87403 108.596 
v -320.189 4.94128 108.619 
v -320.745 4.98112 108.583 
v -320.712 4.97437 108.521 
v -320.646 5.03859 108.515 
v -320.796 5.03035 108.676 
v -320.745 4.98112 108.583 
v -320.724 5.03906 108.6 
v -320.646 5.03859 108.515 
v -320.724 5.03906 108.6 
v -320.745 4.98112 108.583 
v -320.25 4.98112 108.583 
v -320.201 5.03035 108.676 
v -320.271 5.03906 108.6 
v -320.25 4.98112 108.583 
v -320.347 5.03859 108.515 
v -320.282 4.97437 108.521 
v -320.271 5.03906 108.6 
v -320.347 5.03859 108.515 
v -320.25 4.98112 108.583 
v -320.188 4.19688 109.432 
v -320.146 4.99839 109.331 
v -320.129 4.19237 109.365 
v -320.745 4.98112 108.583 
v -320.796 5.03035 108.676 
v -320.808 4.94128 108.619 
v -320.894 4.1924 109.365 
v -320.862 4.9984 109.331 
v -320.836 4.19683 109.432 
v -320.201 5.03035 108.676 
v -320.25 4.98112 108.583 
v -320.189 4.94128 108.619 
v -320.188 4.19688 109.432 
v -320.264 4.99727 109.493 
v -320.196 4.99926 109.416 
v -320.646 5.03859 108.515 
v -320.727 4.75583 108.154 
v -320.494 5.02435 108.282 
v -320.262 4.75583 108.154 
v -320.347 5.03859 108.515 
v -320.494 5.02435 108.282 
v -320.746 4.99737 109.493 
v -320.836 4.19683 109.432 
v -320.813 4.99932 109.416 
v -320.724 5.03906 108.6 
v -320.646 5.03859 108.515 
v -320.633 5.05946 108.527 
v -320.347 5.03859 108.515 
v -320.271 5.03906 108.6 
v -320.36 5.05946 108.527 
v -320.417 5.02055 108.5 
v -320.36 5.05946 108.527 
v -320.453 5.03681 108.524 
v -320.494 5.02435 108.282 
v -320.492 4.83261 107.916 
v -320.42 4.94029 108.035 
v -320.633 5.05946 108.527 
v -320.576 5.02055 108.5 
v -320.54 5.03681 108.524 
v -320.492 4.83261 107.916 
v -320.494 5.02435 108.282 
v -320.565 4.94029 108.035 
v -320.836 4.19683 109.432 
v -320.746 4.99737 109.493 
v -320.766 4.19943 109.494 
v -320.264 4.99727 109.493 
v -320.188 4.19688 109.432 
v -320.259 4.19975 109.494 
v -320.368 4.19859 109.552 
v -320.264 4.99727 109.493 
v -320.264 4.99727 109.493 
v -320.368 4.19859 109.552 
v -320.352 4.99993 109.551 
v -320.576 5.02055 108.5 
v -320.633 5.05946 108.527 
v -320.646 5.03859 108.515 
v -320.36 5.05946 108.527 
v -320.417 5.02055 108.5 
v -320.347 5.03859 108.515 
v -320.658 4.19846 109.552 
v -320.746 4.99737 109.493 
v -320.659 5.00003 109.551 
v -321.168 4.13785 108.549 
v -320.862 4.55844 108.305 
v -321.034 4.48027 108.532 
v -319.833 4.13785 108.549 
v -319.966 4.48027 108.532 
v -320.133 4.55844 108.305 
v -320.746 4.99737 109.493 
v -320.658 4.19846 109.552 
v -320.766 4.19943 109.494 
v -320.352 4.99993 109.551 
v -320.368 4.19859 109.552 
v -320.454 4.2105 109.579 
v -320.454 4.2105 109.579 
v -320.453 5.0051 109.582 
v -320.352 4.99993 109.551 
v -320.658 4.19846 109.552 
v -320.659 5.00003 109.551 
v -320.572 4.21046 109.579 
v -320.572 4.21046 109.579 
v -320.659 5.00003 109.551 
v -320.558 5.00508 109.582 
v -320.513 4.22446 109.591 
v -320.453 5.0051 109.582 
v -320.454 4.2105 109.579 
v -320.453 5.0051 109.582 
v -320.513 4.22446 109.591 
v -320.506 5.00696 109.592 
v -320.558 5.00508 109.582 
v -320.513 4.22446 109.591 
v -320.572 4.21046 109.579 
v -320.513 4.22446 109.591 
v -320.558 5.00508 109.582 
v -320.506 5.00696 109.592 

vn -0.606299 -0.732283 0.307087 
vn -0.228346 -0.669291 0.700787 
vn -0.708661 0.0393701 0.708661 
vn 0.598425 -0.732283 0.314961 
vn 0.700787 0.0314961 0.708661 
vn 0.228346 -0.677165 0.700787 
vn -0.606299 -0.732283 0.307087 
vn -0.708661 0.0393701 0.708661 
vn -0.984252 0.0629921 0.188976 
vn -0.708661 0.0393701 0.708661 
vn -0.228346 -0.669291 0.700787 
vn -0.165354 -0.11811 0.976378 
vn 0.700787 0.0314961 0.708661 
vn 0.15748 -0.11811 0.976378 
vn 0.228346 -0.677165 0.700787 
vn -0.606299 -0.732283 0.307087 
vn -0.984252 0.0629921 0.188976 
vn -0.866142 -0.503937 -0.0472441 
vn 0.598425 -0.732283 0.314961 
vn 0.858268 -0.503937 -0.0314961 
vn 0.976378 0.0551181 0.19685 
vn -0.866142 -0.503937 -0.0472441 
vn -0.629921 -0.496063 -0.598425 
vn -0.173228 -0.968504 -0.165354 
vn 0.858268 -0.503937 -0.0314961 
vn 0.173228 -0.968504 -0.165354 
vn 0.637795 -0.496063 -0.590551 
vn 0.15748 -0.11811 0.976378 
vn -0.165354 -0.11811 0.976378 
vn 0 -1 0.0472441 
vn 0.15748 -0.11811 0.976378 
vn 0 -1 0.0472441 
vn 0.228346 -0.677165 0.700787 
vn -0.15748 -0.11811 0.976378 
vn -0.228346 -0.669291 0.700787 
vn 0 -1 0.0472441 
vn 0 -0.251969 0.968504 
vn -0.244094 0.15748 0.96063 
vn 0.244094 0.149606 0.96063 
vn -0.244094 0.15748 0.96063 
vn -0.165354 -0.11811 0.976378 
vn 0 0.0866142 1 
vn 0 0.0866142 1 
vn 0.244094 0.149606 0.96063 
vn -0.244094 0.15748 0.96063 
vn 0.244094 0.149606 0.96063 
vn 0 0.0866142 1 
vn 0.15748 -0.11811 0.976378 
vn -0.165354 -0.11811 0.976378 
vn 0.15748 -0.11811 0.976378 
vn 0.00787402 0.976378 0.220472 
vn 0.748031 0.275591 0.606299 
vn 0.669291 0.740157 0.0629921 
vn -0.740157 0.291339 0.606299 
vn 0.00787402 0.976378 0.220472 
vn -0.661417 0.748031 0.0629921 
vn 0.748031 0.275591 0.606299 
vn 0.00787402 0.976378 0.220472 
vn 0 0.385827 0.92126 
vn 0.00787402 0.976378 0.220472 
vn -0.740157 0.291339 0.606299 
vn 0 0.385827 0.92126 
vn -0.708661 0.0393701 0.708661 
vn -0.165354 -0.11811 0.976378 
vn -0.637795 0.23622 0.732283 
vn 0 -0.251969 0.968504 
vn -0.637795 0.23622 0.732283 
vn -0.244094 0.15748 0.96063 
vn 0.700787 0.0314961 0.708661 
vn 0.629921 0.228346 0.740157 
vn 0.15748 -0.11811 0.976378 
vn -0.165354 -0.11811 0.976378 
vn -0.244094 0.15748 0.96063 
vn -0.637795 0.23622 0.732283 
vn 0.629921 0.228346 0.740157 
vn 0 -0.251969 0.968504 
vn 0.244094 0.149606 0.96063 
vn 0.15748 -0.11811 0.976378 
vn 0.629921 0.228346 0.740157 
vn 0.244094 0.149606 0.96063 
vn -0.740157 0.291339 0.606299 
vn -0.637795 0.23622 0.732283 
vn 0 -0.251969 0.968504 
vn 0.748031 0.275591 0.606299 
vn 0 -0.251969 0.968504 
vn 0.629921 0.228346 0.740157 
vn -0.173228 -0.968504 -0.165354 
vn 0.204724 -0.968504 -0.133858 
vn -0.866142 -0.503937 -0.0472441 
vn 0.858268 -0.503937 -0.0314961 
vn 0.929134 0.299213 -0.212598 
vn 0.976378 0.0551181 0.19685 
vn -0.866142 -0.503937 -0.0472441 
vn -0.984252 0.0629921 0.188976 
vn -0.929134 0.307087 -0.220472 
vn 0.173228 -0.968504 -0.165354 
vn 0.858268 -0.503937 -0.0314961 
vn -0.204724 -0.968504 -0.133858 
vn 0 0.677165 -0.740157 
vn 0.448819 0.433071 -0.779528 
vn 0.267717 0.165354 -0.944882 
vn 0 0.677165 -0.740157 
vn -0.267717 0.173228 -0.944882 
vn -0.440945 0.440945 -0.779528 
vn 0 0.677165 -0.740157 
vn 0.622047 0.590551 -0.511811 
vn 0.448819 0.433071 -0.779528 
vn 0.622047 0.590551 -0.511811 
vn 0 0.677165 -0.740157 
vn 0 0.905512 -0.433071 
vn -0.614173 0.598425 -0.511811 
vn 0 0.677165 -0.740157 
vn -0.440945 0.440945 -0.779528 
vn 0 0.677165 -0.740157 
vn -0.614173 0.598425 -0.511811 
vn 0 0.905512 -0.433071 
vn -0.929134 0.307087 -0.220472 
vn -0.629921 -0.496063 -0.598425 
vn -0.866142 -0.503937 -0.0472441 
vn -0.00787402 -0.519685 -0.850394 
vn 0 0.677165 -0.740157 
vn 0.267717 0.165354 -0.944882 
vn 0 0.677165 -0.740157 
vn -0.00787402 -0.519685 -0.850394 
vn -0.267717 0.173228 -0.944882 
vn 0.598425 -0.732283 0.314961 
vn 0.976378 0.0551181 0.19685 
vn 0.700787 0.0314961 0.708661 
vn 0.905512 0.370079 0.19685 
vn 0.976378 0.0551181 0.19685 
vn 0.748031 0.275591 0.606299 
vn 0.889764 0.417323 0.165354 
vn 0.669291 0.740157 0.0629921 
vn -0.740157 0.291339 0.606299 
vn -0.661417 0.748031 0.0629921 
vn -0.889764 0.433071 0.15748 
vn 0.771654 0.622047 -0.133858 
vn 0 0.984252 -0.188976 
vn 0.669291 0.740157 0.0629921 
vn 0.771654 0.622047 -0.133858 
vn 0.669291 0.740157 0.0629921 
vn 0.889764 0.417323 0.165354 
vn 0.929134 0.299213 -0.212598 
vn 0.637795 -0.496063 -0.590551 
vn 0.622047 0.00787402 -0.779528 
vn 0.212598 -0.952756 -0.228346 
vn 0 -1 0.0472441 
vn -0.228346 -0.669291 0.700787 
vn 0.212598 -0.952756 -0.228346 
vn -0.228346 -0.669291 0.700787 
vn -0.606299 -0.732283 0.307087 
vn 0 0.984252 -0.188976 
vn -0.661417 0.748031 0.0629921 
vn 0.00787402 0.976378 0.220472 
vn 0 0.984252 -0.188976 
vn -0.76378 0.629921 -0.141732 
vn -0.212598 -0.952756 -0.228346 
vn 0.228346 -0.677165 0.700787 
vn 0 -1 0.0472441 
vn -0.212598 -0.952756 -0.228346 
vn 0.598425 -0.732283 0.314961 
vn 0.228346 -0.677165 0.700787 
vn -0.76378 0.629921 -0.141732 
vn -0.889764 0.433071 0.15748 
vn -0.661417 0.748031 0.0629921 
vn 0 0.984252 -0.188976 
vn 0.00787402 0.976378 0.220472 
vn 0.669291 0.740157 0.0629921 
vn -0.629921 -0.496063 -0.598425 
vn -0.929134 0.307087 -0.220472 
vn -0.614173 0.00787402 -0.787402 
vn 0 0.984252 -0.188976 
vn 0.771654 0.622047 -0.133858 
vn 0.496063 0.84252 -0.212598 
vn 0.496063 0.84252 -0.212598 
vn 0 0.905512 -0.433071 
vn 0 0.984252 -0.188976 
vn 0 0.905512 -0.433071 
vn 0.496063 0.84252 -0.212598 
vn 0.622047 0.590551 -0.511811 
vn 0.708661 0.19685 -0.677165 
vn 0.448819 0.433071 -0.779528 
vn 0.622047 0.590551 -0.511811 
vn 0.622047 0.590551 -0.511811 
vn 0.496063 0.84252 -0.212598 
vn 0.771654 0.622047 -0.133858 
vn -0.76378 0.629921 -0.141732 
vn 0 0.984252 -0.188976 
vn -0.488189 0.84252 -0.212598 
vn 0 0.905512 -0.433071 
vn -0.488189 0.84252 -0.212598 
vn 0 0.905512 -0.433071 
vn -0.614173 0.598425 -0.511811 
vn -0.0472441 -0.755906 -0.653543 
vn 0.448819 0.433071 -0.779528 
vn 0.708661 0.19685 -0.677165 
vn -0.700787 0.204724 -0.677165 
vn -0.614173 0.598425 -0.511811 
vn -0.440945 0.440945 -0.779528 
vn -0.614173 0.598425 -0.511811 
vn -0.76378 0.629921 -0.141732 
vn -0.488189 0.84252 -0.212598 
vn -0.440945 0.440945 -0.779528 
vn 0.0472441 -0.755906 -0.653543 
vn -0.700787 0.204724 -0.677165 
vn 0.204724 -0.968504 -0.133858 
vn -0.606299 -0.732283 0.307087 
vn -0.866142 -0.503937 -0.0472441 
vn -0.645669 -0.76378 -0.015748 
vn -0.488189 -0.574803 -0.661417 
vn -0.314961 -0.708661 -0.629921 
vn 0.645669 -0.76378 -0.00787402 
vn 0.322835 -0.716535 -0.622047 
vn 0.496063 -0.574803 -0.653543 
vn 0.700787 0.0314961 0.708661 
vn 0.905512 0.370079 0.19685 
vn 0.629921 0.228346 0.740157 
vn -0.708661 0.0393701 0.708661 
vn -0.637795 0.23622 0.732283 
vn -0.905512 0.385827 0.188976 
vn -0.204724 -0.968504 -0.133858 
vn 0.858268 -0.503937 -0.0314961 
vn 0.598425 -0.732283 0.314961 
vn -0.708661 0.0393701 0.708661 
vn -0.905512 0.385827 0.188976 
vn -0.984252 0.0629921 0.188976 
vn 0.889764 0.417323 0.165354 
vn 0.629921 0.228346 0.740157 
vn 0.905512 0.370079 0.19685 
vn 0.448819 0.433071 -0.779528 
vn -0.0472441 -0.755906 -0.653543 
vn 0.267717 0.165354 -0.944882 
vn 0.637795 -0.496063 -0.590551 
vn 0.929134 0.299213 -0.212598 
vn 0.858268 -0.503937 -0.0314961 
vn 0.905512 0.370079 0.19685 
vn 0.976378 0.0551181 0.19685 
vn 0.0472441 -0.755906 -0.653543 
vn -0.440945 0.440945 -0.779528 
vn -0.267717 0.173228 -0.944882 
vn -0.0472441 -0.755906 -0.653543 
vn 0.708661 0.19685 -0.677165 
vn -0.535433 -0.606299 -0.590551 
vn -0.637795 0.23622 0.732283 
vn -0.889764 0.433071 0.15748 
vn -0.905512 0.385827 0.188976 
vn -0.889764 0.433071 0.15748 
vn -0.740157 0.291339 0.606299 
vn 0.0472441 -0.755906 -0.653543 
vn 0.527559 -0.614173 -0.582677 
vn -0.700787 0.204724 -0.677165 
vn -0.535433 -0.606299 -0.590551 
vn 0.708661 0.19685 -0.677165 
vn 0.622047 0.00787402 -0.779528 
vn 0.527559 -0.614173 -0.582677 
vn -0.614173 0.00787402 -0.787402 
vn -0.700787 0.204724 -0.677165 
vn 0.204724 -0.968504 -0.133858 
vn 0.212598 -0.952756 -0.228346 
vn -0.606299 -0.732283 0.307087 
vn -0.204724 -0.968504 -0.133858 
vn 0.598425 -0.732283 0.314961 
vn -0.212598 -0.952756 -0.228346 
vn -0.905512 0.385827 0.188976 
vn -0.929134 0.307087 -0.220472 
vn -0.984252 0.0629921 0.188976 
vn 0.905512 0.370079 0.19685 
vn 0.771654 0.622047 -0.133858 
vn 0.889764 0.417323 0.165354 
vn -0.905512 0.385827 0.188976 
vn -0.889764 0.433071 0.15748 
vn -0.76378 0.629921 -0.141732 
vn 0.771654 0.622047 -0.133858 
vn 0.889764 0.409449 -0.220472 
vn 0.622047 0.590551 -0.511811 
vn -0.76378 0.629921 -0.141732 
vn -0.614173 0.598425 -0.511811 
vn -0.88189 0.417323 -0.228346 
vn 0.889764 0.409449 -0.220472 
vn 0.622047 0.00787402 -0.779528 
vn 0.708661 0.19685 -0.677165 
vn -0.88189 0.417323 -0.228346 
vn -0.700787 0.204724 -0.677165 
vn -0.614173 0.00787402 -0.787402 
vn 0.622047 0.00787402 -0.779528 
vn 0.889764 0.409449 -0.220472 
vn 0.929134 0.299213 -0.212598 
vn 0.905512 0.370079 0.19685 
vn 0.929134 0.299213 -0.212598 
vn 0.889764 0.409449 -0.220472 
vn -0.929134 0.307087 -0.220472 
vn -0.88189 0.417323 -0.228346 
vn -0.614173 0.00787402 -0.787402 
vn -0.929134 0.307087 -0.220472 
vn -0.905512 0.385827 0.188976 
vn -0.88189 0.417323 -0.228346 
vn 0.889764 0.409449 -0.220472 
vn 0.708661 0.19685 -0.677165 
vn 0.622047 0.590551 -0.511811 
vn 0.905512 0.370079 0.19685 
vn 0.889764 0.409449 -0.220472 
vn 0.771654 0.622047 -0.133858 
vn -0.905512 0.385827 0.188976 
vn -0.76378 0.629921 -0.141732 
vn -0.88189 0.417323 -0.228346 
vn -0.88189 0.417323 -0.228346 
vn -0.614173 0.598425 -0.511811 
vn -0.700787 0.204724 -0.677165 
vn 0.204724 -0.606299 -0.771654 
vn -0.614173 0.00787402 -0.787402 
vn 0.527559 -0.614173 -0.582677 
vn -0.204724 -0.606299 -0.771654 
vn 0.622047 0.00787402 -0.779528 
vn 0.637795 -0.496063 -0.590551 
vn -0.535433 -0.606299 -0.590551 
vn 0.622047 0.00787402 -0.779528 
vn 0.401575 -0.716535 -0.566929 
vn 0.496063 -0.574803 -0.653543 
vn 0.322835 -0.716535 -0.622047 
vn -0.393701 -0.716535 -0.574803 
vn -0.314961 -0.708661 -0.629921 
vn -0.488189 -0.574803 -0.661417 
vn 0.204724 -0.606299 -0.771654 
vn -0.629921 -0.496063 -0.598425 
vn -0.614173 0.00787402 -0.787402 
vn -0.362205 -0.92126 -0.149606 
vn -0.204724 -0.606299 -0.771654 
vn 0.173228 -0.968504 -0.165354 
vn 0.204724 -0.606299 -0.771654 
vn 0.362205 -0.92126 -0.141732 
vn -0.173228 -0.968504 -0.165354 
vn -0.645669 -0.76378 -0.015748 
vn -0.314961 -0.708661 -0.629921 
vn -0.362205 -0.92126 -0.149606 
vn 0.645669 -0.76378 -0.00787402 
vn 0.362205 -0.92126 -0.141732 
vn 0.322835 -0.716535 -0.622047 
vn -0.393701 -0.716535 -0.574803 
vn -0.488189 -0.574803 -0.661417 
vn -0.496063 -0.385827 -0.779528 
vn 0.511811 -0.385827 -0.771654 
vn 0.496063 -0.574803 -0.653543 
vn 0.401575 -0.716535 -0.566929 
vn 0.173228 -0.968504 -0.165354 
vn -0.204724 -0.606299 -0.771654 
vn 0.637795 -0.496063 -0.590551 
vn -0.173228 -0.968504 -0.165354 
vn -0.629921 -0.496063 -0.598425 
vn 0.204724 -0.606299 -0.771654 
vn 0.629921 0.228346 0.740157 
vn 0.889764 0.417323 0.165354 
vn 0.748031 0.275591 0.606299 
vn -0.204724 -0.606299 -0.771654 
vn -0.314961 -0.708661 -0.629921 
vn -0.393701 -0.716535 -0.574803 
vn 0.322835 -0.716535 -0.622047 
vn 0.204724 -0.606299 -0.771654 
vn 0.401575 -0.716535 -0.566929 
vn -0.393701 -0.716535 -0.574803 
vn -0.496063 -0.385827 -0.779528 
vn -0.204724 -0.606299 -0.771654 
vn 0.401575 -0.716535 -0.566929 
vn 0.204724 -0.606299 -0.771654 
vn 0.511811 -0.385827 -0.771654 
vn 0.173228 -0.968504 -0.165354 
vn -0.204724 -0.968504 -0.133858 
vn -0.708661 -0.700787 -0.00787402 
vn 0 -0.251969 0.968504 
vn 0 0.385827 0.92126 
vn -0.740157 0.291339 0.606299 
vn 0.204724 -0.968504 -0.133858 
vn -0.173228 -0.968504 -0.165354 
vn 0.716535 -0.700787 0.00787402 
vn 0 -0.251969 0.968504 
vn 0.748031 0.275591 0.606299 
vn 0 0.385827 0.92126 
vn -0.204724 -0.606299 -0.771654 
vn -0.362205 -0.92126 -0.149606 
vn -0.314961 -0.708661 -0.629921 
vn 0.362205 -0.92126 -0.141732 
vn 0.204724 -0.606299 -0.771654 
vn 0.322835 -0.716535 -0.622047 
vn 0.559055 -0.787402 0.244094 
vn 0.181102 -0.976378 0.0787402 
vn 0.76378 -0.598425 0.228346 
vn -0.771654 -0.590551 0.220472 
vn -0.181102 -0.976378 0.0787402 
vn -0.566929 -0.787402 0.23622 
vn -0.204724 -0.606299 -0.771654 
vn -0.755906 -0.204724 -0.622047 
vn -0.740157 -0.125984 -0.661417 
vn -0.708661 -0.700787 -0.00787402 
vn -0.204724 -0.968504 -0.133858 
vn -0.779528 -0.559055 -0.283465 
vn -0.818898 -0.330709 -0.472441 
vn -0.779528 -0.559055 -0.283465 
vn 0.787402 -0.551181 -0.267717 
vn 0.818898 -0.338583 -0.464567 
vn 0.204724 -0.968504 -0.133858 
vn 0.204724 -0.968504 -0.133858 
vn 0.716535 -0.700787 0.00787402 
vn 0.787402 -0.551181 -0.267717 
vn 0.204724 -0.606299 -0.771654 
vn 0.937008 -0.188976 -0.291339 
vn 0.76378 -0.204724 -0.606299 
vn 0.173228 -0.968504 -0.165354 
vn -0.866142 -0.480315 0.141732 
vn -0.795276 -0.503937 0.330709 
vn -0.362205 -0.92126 -0.149606 
vn 0.173228 -0.968504 -0.165354 
vn -0.795276 -0.503937 0.330709 
vn -0.173228 -0.968504 -0.165354 
vn 0.795276 -0.503937 0.338583 
vn 0.858268 -0.480315 0.15748 
vn 0.795276 -0.503937 0.338583 
vn -0.173228 -0.968504 -0.165354 
vn 0.362205 -0.92126 -0.141732 
vn -0.645669 -0.76378 -0.015748 
vn -0.755906 -0.204724 -0.622047 
vn -0.488189 -0.574803 -0.661417 
vn -0.755906 -0.204724 -0.622047 
vn -0.496063 -0.385827 -0.779528 
vn 0.76378 -0.204724 -0.606299 
vn 0.645669 -0.76378 -0.00787402 
vn 0.496063 -0.574803 -0.653543 
vn 0.76378 -0.204724 -0.606299 
vn 0.496063 -0.574803 -0.653543 
vn 0.511811 -0.385827 -0.771654 
vn -0.755906 -0.204724 -0.622047 
vn -0.204724 -0.606299 -0.771654 
vn -0.496063 -0.385827 -0.779528 
vn 0.204724 -0.606299 -0.771654 
vn 0.76378 -0.204724 -0.606299 
vn 0.511811 -0.385827 -0.771654 
vn -0.740157 -0.125984 -0.661417 
vn -0.92126 -0.377953 -0.0866142 
vn -0.204724 -0.606299 -0.771654 
vn -0.362205 -0.92126 -0.149606 
vn -0.795276 -0.503937 0.330709 
vn -0.645669 -0.76378 -0.015748 
vn 0.362205 -0.92126 -0.141732 
vn 0.645669 -0.76378 -0.00787402 
vn 0.795276 -0.503937 0.338583 
vn 0.755906 -0.133858 -0.645669 
vn 0.204724 -0.606299 -0.771654 
vn 0.92126 -0.385827 -0.0708661 
vn 0.937008 -0.188976 -0.291339 
vn 0.204724 -0.606299 -0.771654 
vn 0.755906 -0.133858 -0.645669 
vn -0.929134 -0.322835 0.15748 
vn -0.92126 -0.377953 -0.0866142 
vn -0.976378 -0.15748 -0.149606 
vn 0.92126 -0.385827 -0.0708661 
vn 0.92126 -0.338583 0.173228 
vn 0.976378 -0.165354 -0.141732 
vn 0.976378 -0.165354 -0.141732 
vn 0.755906 -0.133858 -0.645669 
vn 0.92126 -0.385827 -0.0708661 
vn 0.448819 -0.834646 0.322835 
vn 0.19685 -0.874016 0.440945 
vn -0.023622 -0.834646 0.543307 
vn -0.456693 -0.834646 0.314961 
vn 0.023622 -0.84252 0.543307 
vn -0.19685 -0.874016 0.440945 
vn -0.740157 -0.125984 -0.661417 
vn -0.976378 -0.15748 -0.149606 
vn -0.92126 -0.377953 -0.0866142 
vn -0.976378 -0.212598 0.0629921 
vn -0.976378 -0.15748 -0.149606 
vn -0.96063 -0.149606 -0.23622 
vn -0.937008 -0.181102 -0.307087 
vn -0.866142 -0.480315 0.141732 
vn 0.173228 -0.968504 -0.165354 
vn -0.708661 -0.700787 -0.00787402 
vn -0.173228 -0.968504 -0.165354 
vn 0.858268 -0.480315 0.15748 
vn 0.716535 -0.700787 0.00787402 
vn -0.818898 -0.330709 -0.472441 
vn -0.204724 -0.968504 -0.133858 
vn -0.212598 -0.952756 -0.228346 
vn 0 -1 0.0314961 
vn -0.0629921 -0.795276 0.598425 
vn -0.181102 -0.976378 0.0787402 
vn 0.0629921 -0.795276 0.606299 
vn 0 -1 0.0314961 
vn 0.181102 -0.976378 0.0787402 
vn -0.818898 -0.330709 -0.472441 
vn -0.212598 -0.952756 -0.228346 
vn -0.771654 -0.322835 -0.543307 
vn 0.818898 -0.338583 -0.464567 
vn 0.212598 -0.952756 -0.228346 
vn 0.204724 -0.968504 -0.133858 
vn 0.212598 -0.952756 -0.228346 
vn 0.779528 -0.330709 -0.535433 
vn 0.716535 -0.299213 -0.629921 
vn -0.976378 -0.212598 0.0629921 
vn -0.740157 -0.125984 -0.661417 
vn -0.937008 -0.204724 -0.291339 
vn 0.818898 -0.338583 -0.464567 
vn 0.779528 -0.330709 -0.535433 
vn 0.212598 -0.952756 -0.228346 
vn -0.937008 -0.204724 -0.291339 
vn -0.740157 -0.125984 -0.661417 
vn -0.96063 -0.149606 -0.23622 
vn 0.755906 -0.133858 -0.637795 
vn 0.968504 -0.220472 0.0866142 
vn 0.937008 -0.220472 -0.267717 
vn -0.637795 -0.677165 -0.370079 
vn -0.677165 -0.724409 0.141732 
vn -0.661417 -0.685039 -0.314961 
vn 0.692913 -0.724409 0.0393701 
vn 0.677165 -0.685039 -0.259843 
vn 0.724409 -0.677165 -0.133858 
vn 0.212598 -0.952756 -0.228346 
vn 0.716535 -0.299213 -0.629921 
vn 0.574803 -0.267717 -0.779528 
vn -0.677165 -0.677165 -0.275591 
vn -0.692913 -0.716535 0.023622 
vn -0.724409 -0.669291 -0.149606 
vn 0.96063 -0.15748 -0.212598 
vn 0.937008 -0.188976 -0.291339 
vn 0.755906 -0.133858 -0.645669 
vn 0.937008 -0.220472 -0.267717 
vn -0.740157 -0.125984 -0.661417 
vn -0.755906 -0.204724 -0.622047 
vn -0.937008 -0.181102 -0.307087 
vn -0.755906 -0.204724 -0.622047 
vn -0.937008 -0.251969 0.228346 
vn 0 -0.952756 0.314961 
vn 0.0472441 -0.755906 -0.653543 
vn -0.267717 0.173228 -0.944882 
vn -0.0472441 -0.755906 -0.653543 
vn 0 -0.952756 0.314961 
vn 0.267717 0.165354 -0.944882 
vn -0.692913 -0.716535 0.023622 
vn -0.661417 -0.685039 -0.314961 
vn -0.677165 -0.724409 0.141732 
vn 0.669291 -0.724409 0.149606 
vn 0.661417 -0.685039 -0.307087 
vn 0.692913 -0.724409 0.0393701 
vn 0.968504 -0.220472 0.0866142 
vn 0.755906 -0.133858 -0.637795 
vn 0.976378 -0.165354 -0.141732 
vn -0.661417 -0.685039 -0.314961 
vn -0.692913 -0.716535 0.023622 
vn -0.677165 -0.677165 -0.275591 
vn -0.212598 -0.952756 -0.228346 
vn -0.708661 -0.299213 -0.637795 
vn -0.771654 -0.322835 -0.543307 
vn -0.212598 -0.952756 -0.228346 
vn -0.566929 -0.259843 -0.779528 
vn -0.385827 -0.19685 -0.897638 
vn 0.669291 -0.724409 0.149606 
vn 0 -0.669291 -0.748031 
vn 0.661417 -0.685039 -0.307087 
vn -0.976378 -0.15748 -0.149606 
vn -0.771654 -0.590551 0.220472 
vn -0.929134 -0.322835 0.15748 
vn 0.76378 -0.598425 0.228346 
vn 0.976378 -0.165354 -0.141732 
vn 0.92126 -0.338583 0.173228 
vn 0 -1 0.0314961 
vn -0.251969 -0.84252 0.472441 
vn -0.0629921 -0.795276 0.598425 
vn 0.251969 -0.84252 0.480315 
vn 0 -1 0.0314961 
vn 0.0629921 -0.795276 0.606299 
vn 0.472441 -0.677165 0.566929 
vn 0 -0.952756 0.314961 
vn 0.251969 -0.84252 0.480315 
vn 0 -0.952756 0.314961 
vn -0.480315 -0.669291 0.559055 
vn -0.251969 -0.84252 0.472441 
vn -0.181102 -0.976378 0.0787402 
vn 0 -0.669291 -0.748031 
vn 0 -1 0.0314961 
vn 0.661417 -0.685039 -0.307087 
vn 0.637795 -0.677165 -0.354331 
vn -0.755906 -0.204724 -0.622047 
vn -0.645669 -0.76378 -0.015748 
vn -0.937008 -0.251969 0.228346 
vn 0.448819 -0.834646 0.322835 
vn 0.181102 -0.976378 0.0787402 
vn 0.559055 -0.787402 0.244094 
vn 0.92126 -0.385827 -0.0708661 
vn 0.905512 -0.362205 0.228346 
vn 0.92126 -0.338583 0.173228 
vn 0.76378 -0.204724 -0.606299 
vn 0.937008 -0.259843 0.244094 
vn 0.645669 -0.76378 -0.00787402 
vn 0.937008 -0.188976 -0.291339 
vn 0.937008 -0.259843 0.244094 
vn 0.76378 -0.204724 -0.606299 
vn -0.952756 -0.307087 -0.0393701 
vn -0.866142 -0.480315 0.141732 
vn -0.708661 -0.700787 -0.00787402 
vn -0.913386 -0.346457 0.212598 
vn -0.92126 -0.377953 -0.0866142 
vn -0.929134 -0.322835 0.15748 
vn -0.929134 -0.322835 0.15748 
vn -0.566929 -0.787402 0.23622 
vn 0.952756 -0.307087 -0.023622 
vn 0.716535 -0.700787 0.00787402 
vn 0.858268 -0.480315 0.15748 
vn -0.456693 -0.834646 0.314961 
vn -0.181102 -0.976378 0.0787402 
vn 0.023622 -0.84252 0.543307 
vn 0.181102 -0.976378 0.0787402 
vn 0.448819 -0.834646 0.322835 
vn -0.023622 -0.834646 0.543307 
vn 0.937008 -0.220472 -0.267717 
vn 0.944882 -0.19685 0.259843 
vn 0.96063 -0.15748 -0.212598 
vn 0.637795 -0.677165 -0.354331 
vn 0.251969 -0.677165 -0.692913 
vn 0.598425 -0.669291 -0.448819 
vn -0.598425 -0.661417 -0.456693 
vn -0.251969 -0.677165 -0.692913 
vn -0.637795 -0.677165 -0.370079 
vn 0 -0.425197 -0.905512 
vn -0.385827 -0.19685 -0.897638 
vn 0 -1 0.0472441 
vn 0.251969 -0.677165 -0.692913 
vn 0.637795 -0.677165 -0.354331 
vn 0 -0.669291 -0.748031 
vn 0 -1 0.0314961 
vn 0.181102 -0.976378 0.0787402 
vn 0 -0.669291 -0.748031 
vn 0.669291 -0.724409 0.149606 
vn 0.181102 -0.976378 0.0787402 
vn 0 -0.669291 -0.748031 
vn -0.637795 -0.677165 -0.370079 
vn -0.251969 -0.677165 -0.692913 
vn -0.952756 -0.307087 -0.0393701 
vn -0.708661 -0.700787 -0.00787402 
vn -0.779528 -0.559055 -0.283465 
vn 0.92126 -0.291339 -0.259843 
vn 0.787402 -0.551181 -0.267717 
vn 0.952756 -0.307087 -0.023622 
vn -0.637795 -0.677165 -0.370079 
vn 0 -0.669291 -0.748031 
vn -0.181102 -0.976378 0.0787402 
vn -0.779528 -0.559055 -0.283465 
vn -0.818898 -0.330709 -0.472441 
vn -0.834646 -0.330709 -0.440945 
vn -0.92126 -0.283465 -0.283465 
vn -0.952756 -0.307087 -0.0393701 
vn 0.952756 -0.307087 -0.023622 
vn 0.787402 -0.551181 -0.267717 
vn 0.716535 -0.700787 0.00787402 
vn -0.96063 -0.149606 -0.23622 
vn -0.937008 -0.181102 -0.307087 
vn -0.952756 -0.188976 0.244094 
vn -0.92126 -0.283465 -0.283465 
vn -0.779528 -0.559055 -0.283465 
vn -0.834646 -0.330709 -0.440945 
vn 0.559055 -0.787402 0.244094 
vn 0.92126 -0.338583 0.173228 
vn 0.905512 -0.362205 0.228346 
vn 0.96063 -0.15748 -0.212598 
vn 0.944882 -0.19685 0.259843 
vn 0.937008 -0.188976 -0.291339 
vn 0.511811 -0.645669 -0.566929 
vn 0.251969 -0.677165 -0.692913 
vn 0.362205 -0.653543 -0.669291 
vn -0.251969 -0.677165 -0.692913 
vn -0.511811 -0.645669 -0.574803 
vn -0.362205 -0.645669 -0.669291 
vn 0.212598 -0.952756 -0.228346 
vn 0.574803 -0.267717 -0.779528 
vn 0.385827 -0.204724 -0.897638 
vn 0 -1 0.0472441 
vn 0.212598 -0.952756 -0.228346 
vn 0 -0.425197 -0.905512 
vn 0 -1 0.0472441 
vn 0.385827 -0.204724 -0.897638 
vn 0.385827 -0.204724 -0.897638 
vn 0.283465 -0.188976 -0.937008 
vn 0.84252 -0.338583 -0.425197 
vn 0.787402 -0.551181 -0.267717 
vn 0.92126 -0.291339 -0.259843 
vn -0.937008 -0.251969 0.228346 
vn -0.952756 -0.188976 0.244094 
vn -0.937008 -0.181102 -0.307087 
vn 0.818898 -0.338583 -0.464567 
vn 0.787402 -0.551181 -0.267717 
vn 0.84252 -0.338583 -0.425197 
vn -0.283465 -0.188976 -0.944882 
vn 0 -0.425197 -0.905512 
vn 0 -0.173228 -0.984252 
vn -0.677165 -0.724409 0.141732 
vn -0.637795 -0.677165 -0.370079 
vn -0.181102 -0.976378 0.0787402 
vn 0.937008 -0.259843 0.244094 
vn 0.937008 -0.188976 -0.291339 
vn 0.944882 -0.19685 0.259843 
vn -0.212598 -0.952756 -0.228346 
vn 0 -1 0.0472441 
vn -0.385827 -0.19685 -0.897638 
vn 0.968504 -0.220472 0.0866142 
vn 0.944882 -0.19685 0.259843 
vn 0.937008 -0.220472 -0.267717 
vn 0.795276 -0.503937 0.338583 
vn 0.944882 -0.19685 0.259843 
vn 0.283465 -0.188976 -0.937008 
vn 0 -0.173228 -0.984252 
vn 0 -0.425197 -0.905512 
vn 0 -0.952756 0.314961 
vn 0 -1 0.0314961 
vn 0.251969 -0.84252 0.480315 
vn -0.283465 -0.188976 -0.944882 
vn -0.385827 -0.19685 -0.897638 
vn 0 -0.425197 -0.905512 
vn 0 -0.952756 0.314961 
vn -0.251969 -0.84252 0.472441 
vn 0 -1 0.0314961 
vn -0.677165 -0.724409 0.141732 
vn -0.181102 -0.976378 0.0787402 
vn -0.771654 -0.590551 0.220472 
vn -0.456693 -0.834646 0.314961 
vn -0.566929 -0.787402 0.23622 
vn -0.251969 -0.84252 0.472441 
vn 0.023622 -0.84252 0.543307 
vn -0.0629921 -0.795276 0.598425 
vn 0.251969 -0.84252 0.480315 
vn 0.0629921 -0.795276 0.606299 
vn -0.023622 -0.834646 0.543307 
vn -0.913386 -0.346457 0.212598 
vn -0.566929 -0.787402 0.23622 
vn -0.858268 -0.385827 0.322835 
vn 0.952756 -0.307087 -0.023622 
vn 0.669291 -0.724409 0.149606 
vn 0.692913 -0.724409 0.0393701 
vn 0.251969 -0.677165 -0.692913 
vn 0.511811 -0.645669 -0.566929 
vn 0.598425 -0.669291 -0.448819 
vn 0.559055 -0.787402 0.244094 
vn 0.905512 -0.362205 0.228346 
vn 0.850394 -0.401575 0.338583 
vn -0.677165 -0.724409 0.141732 
vn -0.952756 -0.307087 -0.0393701 
vn -0.692913 -0.716535 0.023622 
vn -0.511811 -0.645669 -0.574803 
vn -0.251969 -0.677165 -0.692913 
vn -0.598425 -0.661417 -0.456693 
vn 0.944882 -0.19685 0.259843 
vn 0.795276 -0.503937 0.338583 
vn 0.937008 -0.259843 0.244094 
vn -0.795276 -0.503937 0.330709 
vn -0.952756 -0.188976 0.244094 
vn -0.937008 -0.251969 0.228346 
vn -0.88189 -0.370079 0.291339 
vn -0.535433 -0.606299 -0.590551 
vn -0.913386 -0.346457 0.212598 
vn -0.858268 -0.385827 0.322835 
vn -0.88189 -0.370079 0.291339 
vn -0.692913 -0.716535 0.023622 
vn -0.92126 -0.283465 -0.283465 
vn -0.724409 -0.669291 -0.149606 
vn 0.724409 -0.677165 -0.133858 
vn 0.92126 -0.291339 -0.259843 
vn 0.692913 -0.724409 0.0393701 
vn 0.76378 -0.598425 0.228346 
vn 0.181102 -0.976378 0.0787402 
vn 0.669291 -0.724409 0.149606 
vn 0.795276 -0.503937 0.338583 
vn 0.76378 -0.598425 0.228346 
vn 0.858268 -0.480315 0.15748 
vn 0.669291 -0.724409 0.149606 
vn 0.858268 -0.480315 0.15748 
vn 0.76378 -0.598425 0.228346 
vn -0.866142 -0.480315 0.141732 
vn -0.771654 -0.590551 0.220472 
vn -0.795276 -0.503937 0.330709 
vn 0.850394 -0.401575 0.338583 
vn 0.905512 -0.362205 0.228346 
vn 0.874016 -0.377953 0.307087 
vn 0.976378 -0.165354 -0.141732 
vn 0.795276 -0.503937 0.338583 
vn 0.968504 -0.220472 0.0866142 
vn -0.771654 -0.590551 0.220472 
vn -0.866142 -0.480315 0.141732 
vn -0.677165 -0.724409 0.141732 
vn 0.92126 -0.338583 0.173228 
vn 0.559055 -0.787402 0.244094 
vn 0.76378 -0.598425 0.228346 
vn 0.795276 -0.503937 0.338583 
vn 0.976378 -0.165354 -0.141732 
vn 0.76378 -0.598425 0.228346 
vn -0.952756 -0.307087 -0.0393701 
vn -0.677165 -0.724409 0.141732 
vn -0.866142 -0.480315 0.141732 
vn -0.937008 -0.204724 -0.291339 
vn -0.96063 -0.149606 -0.23622 
vn -0.952756 -0.188976 0.244094 
vn -0.976378 -0.212598 0.0629921 
vn -0.937008 -0.204724 -0.291339 
vn -0.795276 -0.503937 0.330709 
vn -0.976378 -0.212598 0.0629921 
vn -0.976378 -0.15748 -0.149606 
vn -0.976378 -0.212598 0.0629921 
vn -0.795276 -0.503937 0.330709 
vn -0.771654 -0.590551 0.220472 
vn -0.771654 -0.590551 0.220472 
vn -0.566929 -0.787402 0.23622 
vn -0.929134 -0.322835 0.15748 
vn 0.669291 -0.724409 0.149606 
vn 0.952756 -0.307087 -0.023622 
vn 0.858268 -0.480315 0.15748 
vn -0.795276 -0.503937 0.330709 
vn -0.937008 -0.251969 0.228346 
vn -0.645669 -0.76378 -0.015748 
vn -0.92126 -0.377953 -0.0866142 
vn -0.913386 -0.346457 0.212598 
vn -0.535433 -0.606299 -0.590551 
vn 0.937008 -0.259843 0.244094 
vn 0.795276 -0.503937 0.338583 
vn 0.645669 -0.76378 -0.00787402 
vn -0.0629921 -0.795276 0.598425 
vn 0.023622 -0.84252 0.543307 
vn -0.181102 -0.976378 0.0787402 
vn 0.0629921 -0.795276 0.606299 
vn 0.181102 -0.976378 0.0787402 
vn -0.023622 -0.834646 0.543307 
vn 0.905512 -0.362205 0.228346 
vn 0.92126 -0.385827 -0.0708661 
vn 0.527559 -0.614173 -0.582677 
vn 0.527559 -0.614173 -0.582677 
vn 0.874016 -0.377953 0.307087 
vn 0.952756 -0.307087 -0.023622 
vn 0.692913 -0.724409 0.0393701 
vn 0.92126 -0.291339 -0.259843 
vn 0.0472441 -0.755906 -0.653543 
vn 0.874016 -0.377953 0.307087 
vn 0.527559 -0.614173 -0.582677 
vn -0.88189 -0.370079 0.291339 
vn -0.0472441 -0.755906 -0.653543 
vn -0.535433 -0.606299 -0.590551 
vn 0.692913 -0.724409 0.0393701 
vn 0.661417 -0.685039 -0.307087 
vn 0.677165 -0.685039 -0.259843 
vn 0.92126 -0.291339 -0.259843 
vn 0.84252 -0.338583 -0.425197 
vn 0.669291 -0.614173 0.417323 
vn 0.874016 -0.377953 0.307087 
vn 0.0472441 -0.755906 -0.653543 
vn -0.88189 -0.370079 0.291339 
vn -0.677165 -0.614173 0.409449 
vn -0.0472441 -0.755906 -0.653543 
vn -0.92126 -0.283465 -0.283465 
vn -0.692913 -0.716535 0.023622 
vn -0.952756 -0.307087 -0.0393701 
vn -0.677165 -0.677165 -0.275591 
vn -0.724409 -0.669291 -0.149606 
vn -0.677165 -0.677165 -0.275591 
vn -0.92126 -0.283465 -0.283465 
vn -0.834646 -0.330709 -0.440945 
vn 0.677165 -0.685039 -0.259843 
vn 0.92126 -0.291339 -0.259843 
vn 0.724409 -0.677165 -0.133858 
vn -0.834646 -0.330709 -0.440945 
vn -0.661417 -0.685039 -0.314961 
vn -0.677165 -0.677165 -0.275591 
vn -0.818898 -0.330709 -0.472441 
vn -0.637795 -0.677165 -0.370079 
vn -0.661417 -0.685039 -0.314961 
vn 0.661417 -0.685039 -0.307087 
vn 0.84252 -0.338583 -0.425197 
vn 0.677165 -0.685039 -0.259843 
vn 0.700787 -0.519685 0.488189 
vn 0.874016 -0.377953 0.307087 
vn 0.669291 -0.614173 0.417323 
vn -0.637795 -0.677165 -0.370079 
vn -0.708661 -0.291339 -0.637795 
vn -0.598425 -0.661417 -0.456693 
vn 0.637795 -0.677165 -0.354331 
vn 0.818898 -0.338583 -0.464567 
vn 0.661417 -0.685039 -0.307087 
vn 0.598425 -0.669291 -0.448819 
vn 0.716535 -0.299213 -0.629921 
vn -0.661417 -0.685039 -0.314961 
vn -0.834646 -0.330709 -0.440945 
vn -0.818898 -0.330709 -0.472441 
vn -0.677165 -0.614173 0.409449 
vn -0.88189 -0.370079 0.291339 
vn -0.708661 -0.511811 0.480315 
vn 0.0472441 -0.755906 -0.653543 
vn 0.472441 -0.677165 0.566929 
vn 0.669291 -0.614173 0.417323 
vn -0.480315 -0.669291 0.559055 
vn -0.0472441 -0.755906 -0.653543 
vn -0.677165 -0.614173 0.409449 
vn -0.637795 -0.677165 -0.370079 
vn -0.818898 -0.330709 -0.472441 
vn -0.771654 -0.322835 -0.543307 
vn 0.84252 -0.338583 -0.425197 
vn 0.661417 -0.685039 -0.307087 
vn 0.818898 -0.338583 -0.464567 
vn 0.874016 -0.377953 0.307087 
vn 0.700787 -0.519685 0.488189 
vn 0.850394 -0.401575 0.338583 
vn 0.637795 -0.677165 -0.354331 
vn 0.779528 -0.330709 -0.535433 
vn 0.818898 -0.338583 -0.464567 
vn -0.708661 -0.511811 0.480315 
vn -0.88189 -0.370079 0.291339 
vn -0.858268 -0.385827 0.322835 
vn 0.700787 -0.519685 0.488189 
vn 0.669291 -0.614173 0.417323 
vn 0.472441 -0.677165 0.566929 
vn 0.559055 -0.787402 0.244094 
vn 0.700787 -0.519685 0.488189 
vn 0.448819 -0.834646 0.322835 
vn 0.472441 -0.677165 0.566929 
vn 0.448819 -0.834646 0.322835 
vn 0.700787 -0.519685 0.488189 
vn -0.708661 -0.511811 0.488189 
vn -0.566929 -0.787402 0.23622 
vn -0.456693 -0.834646 0.314961 
vn -0.708661 -0.511811 0.480315 
vn -0.480315 -0.669291 0.559055 
vn -0.677165 -0.614173 0.409449 
vn -0.456693 -0.834646 0.314961 
vn -0.480315 -0.669291 0.559055 
vn -0.708661 -0.511811 0.480315 
vn -0.708661 -0.291339 -0.637795 
vn -0.637795 -0.677165 -0.370079 
vn -0.771654 -0.322835 -0.543307 
vn 0.700787 -0.519685 0.488189 
vn 0.559055 -0.787402 0.244094 
vn 0.850394 -0.401575 0.338583 
vn 0.779528 -0.330709 -0.535433 
vn 0.637795 -0.677165 -0.354331 
vn 0.716535 -0.299213 -0.629921 
vn -0.566929 -0.787402 0.23622 
vn -0.708661 -0.511811 0.488189 
vn -0.858268 -0.385827 0.322835 
vn -0.708661 -0.291339 -0.637795 
vn -0.511811 -0.645669 -0.574803 
vn -0.598425 -0.661417 -0.456693 
vn 0.472441 -0.677165 0.566929 
vn 0.0472441 -0.755906 -0.653543 
vn 0 -0.952756 0.314961 
vn -0.0472441 -0.755906 -0.653543 
vn -0.480315 -0.669291 0.559055 
vn 0 -0.952756 0.314961 
vn 0.511811 -0.645669 -0.566929 
vn 0.716535 -0.299213 -0.629921 
vn 0.598425 -0.669291 -0.448819 
vn 0.448819 -0.834646 0.322835 
vn 0.472441 -0.677165 0.566929 
vn 0.19685 -0.874016 0.440945 
vn -0.480315 -0.669291 0.559055 
vn -0.456693 -0.834646 0.314961 
vn -0.19685 -0.874016 0.440945 
vn -0.251969 -0.84252 0.472441 
vn -0.19685 -0.874016 0.440945 
vn 0.023622 -0.84252 0.543307 
vn 0 -0.952756 0.314961 
vn -0.00787402 -0.519685 -0.850394 
vn 0.267717 0.165354 -0.944882 
vn 0.19685 -0.874016 0.440945 
vn 0.251969 -0.84252 0.480315 
vn -0.023622 -0.834646 0.543307 
vn -0.00787402 -0.519685 -0.850394 
vn 0 -0.952756 0.314961 
vn -0.267717 0.173228 -0.944882 
vn 0.716535 -0.299213 -0.629921 
vn 0.511811 -0.645669 -0.566929 
vn 0.574803 -0.267717 -0.779528 
vn -0.511811 -0.645669 -0.574803 
vn -0.708661 -0.291339 -0.637795 
vn -0.566929 -0.259843 -0.779528 
vn -0.385827 -0.19685 -0.897638 
vn -0.511811 -0.645669 -0.574803 
vn -0.511811 -0.645669 -0.574803 
vn -0.385827 -0.19685 -0.897638 
vn -0.362205 -0.645669 -0.669291 
vn 0.251969 -0.84252 0.480315 
vn 0.19685 -0.874016 0.440945 
vn 0.472441 -0.677165 0.566929 
vn -0.19685 -0.874016 0.440945 
vn -0.251969 -0.84252 0.472441 
vn -0.480315 -0.669291 0.559055 
vn 0.385827 -0.204724 -0.897638 
vn 0.511811 -0.645669 -0.566929 
vn 0.362205 -0.653543 -0.669291 
vn 0.204724 -0.606299 -0.771654 
vn 0.527559 -0.614173 -0.582677 
vn 0.92126 -0.385827 -0.0708661 
vn -0.204724 -0.606299 -0.771654 
vn -0.92126 -0.377953 -0.0866142 
vn -0.535433 -0.606299 -0.590551 
vn 0.511811 -0.645669 -0.566929 
vn 0.385827 -0.204724 -0.897638 
vn 0.574803 -0.267717 -0.779528 
vn -0.362205 -0.645669 -0.669291 
vn -0.385827 -0.19685 -0.897638 
vn -0.283465 -0.188976 -0.944882 
vn -0.283465 -0.188976 -0.944882 
vn -0.251969 -0.677165 -0.692913 
vn -0.362205 -0.645669 -0.669291 
vn 0.385827 -0.204724 -0.897638 
vn 0.362205 -0.653543 -0.669291 
vn 0.283465 -0.188976 -0.944882 
vn 0.283465 -0.188976 -0.944882 
vn 0.362205 -0.653543 -0.669291 
vn 0.251969 -0.677165 -0.692913 
vn 0 -0.173228 -0.984252 
vn -0.251969 -0.677165 -0.692913 
vn -0.283465 -0.188976 -0.944882 
vn -0.251969 -0.677165 -0.692913 
vn 0 -0.173228 -0.984252 
vn 0 -0.669291 -0.748031 
vn 0.251969 -0.677165 -0.692913 
vn 0 -0.173228 -0.984252 
vn 0.283465 -0.188976 -0.937008 
vn 0 -0.173228 -0.984252 
vn 0.251969 -0.677165 -0.692913 
vn 0 -0.669291 -0.748031 

vt 0.808883 0.959598 
vt 0.798541 0.958772 
vt 0.804051 0.946564 
vt 0.766694 0.912004 
vt 0.77497 0.913643 
vt 0.772232 0.929256 
vt 0.808883 0.959598 
vt 0.804051 0.946564 
vt 0.813696 0.945116 
vt 0.804051 0.946564 
vt 0.798541 0.958772 
vt 0.793407 0.943096 
vt 0.77497 0.913643 
vt 0.781847 0.930106 
vt 0.772232 0.929256 
vt 0.808883 0.959598 
vt 0.813696 0.945116 
vt 0.827488 0.951202 
vt 0.766694 0.912004 
vt 0.761257 0.876466 
vt 0.770848 0.896592 
vt 0.827488 0.951202 
vt 0.835334 0.938485 
vt 0.835314 0.950087 
vt 0.761257 0.876466 
vt 0.757848 0.862766 
vt 0.763159 0.857 
vt 0.781847 0.930106 
vt 0.793407 0.943096 
vt 0.777793 0.969813 
vt 0.781847 0.930106 
vt 0.777793 0.969813 
vt 0.772232 0.929256 
vt 0.793407 0.943096 
vt 0.798541 0.958772 
vt 0.777793 0.969813 
vt 0.795421 0.910343 
vt 0.794582 0.923173 
vt 0.790158 0.918305 
vt 0.794582 0.923173 
vt 0.793407 0.943096 
vt 0.791409 0.929782 
vt 0.791409 0.929782 
vt 0.790158 0.918305 
vt 0.794582 0.923173 
vt 0.790158 0.918305 
vt 0.791409 0.929782 
vt 0.781847 0.930106 
vt 0.793407 0.943096 
vt 0.781847 0.930106 
vt 0.796833 0.905583 
vt 0.792791 0.904425 
vt 0.79447 0.901406 
vt 0.799382 0.911946 
vt 0.796833 0.905583 
vt 0.799905 0.907582 
vt 0.792791 0.904425 
vt 0.796833 0.905583 
vt 0.796332 0.907245 
vt 0.796833 0.905583 
vt 0.799382 0.911946 
vt 0.796332 0.907245 
vt 0.804051 0.946564 
vt 0.793407 0.943096 
vt 0.798777 0.922877 
vt 0.795421 0.910343 
vt 0.798777 0.922877 
vt 0.794582 0.923173 
vt 0.77497 0.913643 
vt 0.788194 0.910969 
vt 0.781847 0.930106 
vt 0.793407 0.943096 
vt 0.794582 0.923173 
vt 0.798777 0.922877 
vt 0.788194 0.910969 
vt 0.795421 0.910343 
vt 0.790158 0.918305 
vt 0.781847 0.930106 
vt 0.788194 0.910969 
vt 0.790158 0.918305 
vt 0.799382 0.911946 
vt 0.798777 0.922877 
vt 0.795421 0.910343 
vt 0.792791 0.904425 
vt 0.795421 0.910343 
vt 0.788194 0.910969 
vt 0.835314 0.950087 
vt 0.822661 0.965867 
vt 0.827488 0.951202 
vt 0.761257 0.876466 
vt 0.773137 0.866255 
vt 0.770848 0.896592 
vt 0.827488 0.951202 
vt 0.813696 0.945116 
vt 0.826224 0.926269 
vt 0.757848 0.862766 
vt 0.761257 0.876466 
vt 0.756912 0.892177 
vt 0.810229 0.860992 
vt 0.806976 0.847283 
vt 0.813268 0.83657 
vt 0.810229 0.860992 
vt 0.819667 0.843722 
vt 0.818014 0.859639 
vt 0.810229 0.860992 
vt 0.799428 0.863398 
vt 0.806976 0.847283 
vt 0.799428 0.863398 
vt 0.810229 0.860992 
vt 0.805106 0.878043 
vt 0.814548 0.880363 
vt 0.810229 0.860992 
vt 0.818014 0.859639 
vt 0.810229 0.860992 
vt 0.814548 0.880363 
vt 0.805106 0.878043 
vt 0.826224 0.926269 
vt 0.835334 0.938485 
vt 0.827488 0.951202 
vt 0.820335 0.827116 
vt 0.810229 0.860992 
vt 0.813268 0.83657 
vt 0.810229 0.860992 
vt 0.820335 0.827116 
vt 0.819667 0.843722 
vt 0.766694 0.912004 
vt 0.770848 0.896592 
vt 0.77497 0.913643 
vt 0.784845 0.893288 
vt 0.770848 0.896592 
vt 0.792791 0.904425 
vt 0.791506 0.89641 
vt 0.79447 0.901406 
vt 0.799382 0.911946 
vt 0.799905 0.907582 
vt 0.803636 0.910159 
vt 0.792841 0.885067 
vt 0.800286 0.894139 
vt 0.79447 0.901406 
vt 0.792841 0.885067 
vt 0.79447 0.901406 
vt 0.791506 0.89641 
vt 0.773137 0.866255 
vt 0.763159 0.857 
vt 0.775188 0.844915 
vt 0.802915 0.982536 
vt 0.777793 0.969813 
vt 0.798541 0.958772 
vt 0.802915 0.982536 
vt 0.798541 0.958772 
vt 0.808883 0.959598 
vt 0.800286 0.894139 
vt 0.799905 0.907582 
vt 0.796833 0.905583 
vt 0.800286 0.894139 
vt 0.808083 0.902279 
vt 0.759398 0.934011 
vt 0.772232 0.929256 
vt 0.777793 0.969813 
vt 0.759398 0.934011 
vt 0.766694 0.912004 
vt 0.772232 0.929256 
vt 0.808083 0.902279 
vt 0.803636 0.910159 
vt 0.799905 0.907582 
vt 0.800286 0.894139 
vt 0.796833 0.905583 
vt 0.79447 0.901406 
vt 0.835334 0.938485 
vt 0.826224 0.926269 
vt 0.834819 0.912195 
vt 0.800286 0.894139 
vt 0.792841 0.885067 
vt 0.796403 0.880721 
vt 0.796403 0.880721 
vt 0.805106 0.878043 
vt 0.800286 0.894139 
vt 0.805106 0.878043 
vt 0.796403 0.880721 
vt 0.799428 0.863398 
vt 0.795227 0.84244 
vt 0.806976 0.847283 
vt 0.799428 0.863398 
vt 0.799428 0.863398 
vt 0.796403 0.880721 
vt 0.792841 0.885067 
vt 0.808083 0.902279 
vt 0.800286 0.894139 
vt 0.808265 0.894108 
vt 0.805106 0.878043 
vt 0.808265 0.894108 
vt 0.805106 0.878043 
vt 0.814548 0.880363 
vt 0.799756 0.823669 
vt 0.806976 0.847283 
vt 0.795227 0.84244 
vt 0.826074 0.877122 
vt 0.814548 0.880363 
vt 0.818014 0.859639 
vt 0.814548 0.880363 
vt 0.808083 0.902279 
vt 0.808265 0.894108 
vt 0.818014 0.859639 
vt 0.832239 0.860216 
vt 0.826074 0.877122 
vt 0.822661 0.965867 
vt 0.808883 0.959598 
vt 0.827488 0.951202 
vt 0.83017 0.842143 
vt 0.831139 0.844742 
vt 0.830842 0.844506 
vt 0.861261 0.779511 
vt 0.862489 0.780737 
vt 0.862624 0.781306 
vt 0.77497 0.913643 
vt 0.784845 0.893288 
vt 0.788194 0.910969 
vt 0.804051 0.946564 
vt 0.798777 0.922877 
vt 0.808353 0.919886 
vt 0.756912 0.892177 
vt 0.761257 0.876466 
vt 0.766694 0.912004 
vt 0.804051 0.946564 
vt 0.808353 0.919886 
vt 0.813696 0.945116 
vt 0.791506 0.89641 
vt 0.788194 0.910969 
vt 0.784845 0.893288 
vt 0.806976 0.847283 
vt 0.799756 0.823669 
vt 0.813268 0.83657 
vt 0.763159 0.857 
vt 0.773137 0.866255 
vt 0.761257 0.876466 
vt 0.784845 0.893288 
vt 0.770848 0.896592 
vt 0.832239 0.860216 
vt 0.818014 0.859639 
vt 0.819667 0.843722 
vt 0.799756 0.823669 
vt 0.795227 0.84244 
vt 0.784801 0.82317 
vt 0.798777 0.922877 
vt 0.803636 0.910159 
vt 0.808353 0.919886 
vt 0.803636 0.910159 
vt 0.799382 0.911946 
vt 0.832239 0.860216 
vt 0.839771 0.885386 
vt 0.826074 0.877122 
vt 0.784801 0.82317 
vt 0.795227 0.84244 
vt 0.775188 0.844915 
vt 0.839771 0.885386 
vt 0.834819 0.912195 
vt 0.826074 0.877122 
vt 0.822661 0.965867 
vt 0.802915 0.982536 
vt 0.808883 0.959598 
vt 0.756912 0.892177 
vt 0.766694 0.912004 
vt 0.759398 0.934011 
vt 0.808353 0.919886 
vt 0.826224 0.926269 
vt 0.813696 0.945116 
vt 0.784845 0.893288 
vt 0.792841 0.885067 
vt 0.791506 0.89641 
vt 0.808353 0.919886 
vt 0.803636 0.910159 
vt 0.808083 0.902279 
vt 0.792841 0.885067 
vt 0.787228 0.870476 
vt 0.799428 0.863398 
vt 0.808083 0.902279 
vt 0.814548 0.880363 
vt 0.817429 0.904585 
vt 0.787228 0.870476 
vt 0.775188 0.844915 
vt 0.795227 0.84244 
vt 0.817429 0.904585 
vt 0.826074 0.877122 
vt 0.834819 0.912195 
vt 0.775188 0.844915 
vt 0.787228 0.870476 
vt 0.773137 0.866255 
vt 0.784845 0.893288 
vt 0.773137 0.866255 
vt 0.787228 0.870476 
vt 0.826224 0.926269 
vt 0.817429 0.904585 
vt 0.834819 0.912195 
vt 0.826224 0.926269 
vt 0.808353 0.919886 
vt 0.817429 0.904585 
vt 0.787228 0.870476 
vt 0.795227 0.84244 
vt 0.799428 0.863398 
vt 0.784845 0.893288 
vt 0.787228 0.870476 
vt 0.792841 0.885067 
vt 0.808353 0.919886 
vt 0.808083 0.902279 
vt 0.817429 0.904585 
vt 0.817429 0.904585 
vt 0.814548 0.880363 
vt 0.826074 0.877122 
vt 0.842777 0.93286 
vt 0.834819 0.912195 
vt 0.839771 0.885386 
vt 0.761878 0.841494 
vt 0.775188 0.844915 
vt 0.763159 0.857 
vt 0.784801 0.82317 
vt 0.775188 0.844915 
vt 0.86307 0.781173 
vt 0.862624 0.781306 
vt 0.862489 0.780737 
vt 0.831087 0.845631 
vt 0.830842 0.844506 
vt 0.831139 0.844742 
vt 0.842777 0.93286 
vt 0.835334 0.938485 
vt 0.834819 0.912195 
vt 0.828701 0.842713 
vt 0.830326 0.851248 
vt 0.823004 0.846784 
vt 0.865881 0.779516 
vt 0.861486 0.776675 
vt 0.863237 0.765625 
vt 0.83017 0.842143 
vt 0.830842 0.844506 
vt 0.828701 0.842713 
vt 0.861261 0.779511 
vt 0.861486 0.776675 
vt 0.862489 0.780737 
vt 0.831087 0.845631 
vt 0.831139 0.844742 
vt 0.831458 0.846097 
vt 0.863321 0.781875 
vt 0.862624 0.781306 
vt 0.86307 0.781173 
vt 0.757848 0.862766 
vt 0.761878 0.841494 
vt 0.763159 0.857 
vt 0.835314 0.950087 
vt 0.835334 0.938485 
vt 0.842777 0.93286 
vt 0.788194 0.910969 
vt 0.791506 0.89641 
vt 0.792791 0.904425 
vt 0.830326 0.851248 
vt 0.830842 0.844506 
vt 0.831087 0.845631 
vt 0.862489 0.780737 
vt 0.865881 0.779516 
vt 0.86307 0.781173 
vt 0.831087 0.845631 
vt 0.831458 0.846097 
vt 0.830326 0.851248 
vt 0.86307 0.781173 
vt 0.865881 0.779516 
vt 0.863321 0.781875 
vt 0.823004 0.846784 
vt 0.822658 0.82583 
vt 0.825226 0.830674 
vt 0.795421 0.910343 
vt 0.796332 0.907245 
vt 0.799382 0.911946 
vt 0.852472 0.765625 
vt 0.863237 0.765625 
vt 0.855112 0.770364 
vt 0.795421 0.910343 
vt 0.792791 0.904425 
vt 0.796332 0.907245 
vt 0.830326 0.851248 
vt 0.828701 0.842713 
vt 0.830842 0.844506 
vt 0.861486 0.776675 
vt 0.865881 0.779516 
vt 0.862489 0.780737 
vt 0.85524 0.814938 
vt 0.854565 0.826769 
vt 0.854879 0.810186 
vt 0.84577 0.828645 
vt 0.854269 0.827364 
vt 0.848216 0.829167 
vt 0.830326 0.851248 
vt 0.832408 0.84321 
vt 0.837268 0.840869 
vt 0.825226 0.830674 
vt 0.822658 0.82583 
vt 0.825906 0.825604 
vt 0.829913 0.814439 
vt 0.825906 0.825604 
vt 0.852532 0.771853 
vt 0.846986 0.779982 
vt 0.852472 0.765625 
vt 0.852472 0.765625 
vt 0.855112 0.770364 
vt 0.852532 0.771853 
vt 0.865881 0.779516 
vt 0.860234 0.791065 
vt 0.861892 0.783811 
vt 0.823004 0.846784 
vt 0.829729 0.831748 
vt 0.830354 0.835958 
vt 0.828701 0.842713 
vt 0.823004 0.846784 
vt 0.830354 0.835958 
vt 0.863237 0.765625 
vt 0.858065 0.780081 
vt 0.855855 0.779016 
vt 0.858065 0.780081 
vt 0.863237 0.765625 
vt 0.861486 0.776675 
vt 0.83017 0.842143 
vt 0.832408 0.84321 
vt 0.831139 0.844742 
vt 0.832408 0.84321 
vt 0.831458 0.846097 
vt 0.861892 0.783811 
vt 0.861261 0.779511 
vt 0.862624 0.781306 
vt 0.861892 0.783811 
vt 0.862624 0.781306 
vt 0.863321 0.781875 
vt 0.832408 0.84321 
vt 0.830326 0.851248 
vt 0.831458 0.846097 
vt 0.865881 0.779516 
vt 0.861892 0.783811 
vt 0.863321 0.781875 
vt 0.837268 0.840869 
vt 0.83861 0.846322 
vt 0.830326 0.851248 
vt 0.828701 0.842713 
vt 0.830354 0.835958 
vt 0.83017 0.842143 
vt 0.861486 0.776675 
vt 0.861261 0.779511 
vt 0.858065 0.780081 
vt 0.860857 0.793285 
vt 0.865881 0.779516 
vt 0.863671 0.79564 
vt 0.860234 0.791065 
vt 0.865881 0.779516 
vt 0.860857 0.793285 
vt 0.842874 0.83452 
vt 0.83861 0.846322 
vt 0.841911 0.835226 
vt 0.863671 0.79564 
vt 0.857799 0.804377 
vt 0.858128 0.8025 
vt 0.858128 0.8025 
vt 0.860857 0.793285 
vt 0.863671 0.79564 
vt 0.855736 0.818145 
vt 0.855995 0.822259 
vt 0.855045 0.825662 
vt 0.849872 0.830003 
vt 0.853715 0.828346 
vt 0.851985 0.830343 
vt 0.837268 0.840869 
vt 0.841911 0.835226 
vt 0.83861 0.846322 
vt 0.839299 0.836594 
vt 0.841911 0.835226 
vt 0.83712 0.839112 
vt 0.836096 0.839723 
vt 0.829729 0.831748 
vt 0.823004 0.846784 
vt 0.825226 0.830674 
vt 0.863237 0.765625 
vt 0.855855 0.779016 
vt 0.855112 0.770364 
vt 0.829913 0.814439 
vt 0.822658 0.82583 
vt 0.824995 0.803023 
vt 0.854637 0.827482 
vt 0.8539 0.828488 
vt 0.854269 0.827364 
vt 0.855129 0.826007 
vt 0.854637 0.827482 
vt 0.854565 0.826769 
vt 0.829913 0.814439 
vt 0.824995 0.803023 
vt 0.830319 0.809089 
vt 0.846986 0.779982 
vt 0.840876 0.770916 
vt 0.852472 0.765625 
vt 0.840876 0.770916 
vt 0.844254 0.780955 
vt 0.842424 0.782434 
vt 0.839299 0.836594 
vt 0.837268 0.840869 
vt 0.838253 0.838175 
vt 0.846986 0.779982 
vt 0.844254 0.780955 
vt 0.840876 0.770916 
vt 0.838253 0.838175 
vt 0.837268 0.840869 
vt 0.83712 0.839112 
vt 0.860857 0.793285 
vt 0.858734 0.797393 
vt 0.859511 0.795298 
vt 0.842503 0.813704 
vt 0.844657 0.825302 
vt 0.842581 0.815969 
vt 0.851718 0.806126 
vt 0.849338 0.804422 
vt 0.850497 0.804702 
vt 0.840876 0.770916 
vt 0.842424 0.782434 
vt 0.840533 0.78435 
vt 0.84259 0.818144 
vt 0.843563 0.822677 
vt 0.842776 0.820373 
vt 0.859954 0.793068 
vt 0.860234 0.791065 
vt 0.860857 0.793285 
vt 0.859511 0.795298 
vt 0.837268 0.840869 
vt 0.832408 0.84321 
vt 0.836096 0.839723 
vt 0.832408 0.84321 
vt 0.834282 0.839935 
vt 0.858799 0.83532 
vt 0.869141 0.824548 
vt 0.866243 0.842088 
vt 0.853642 0.855683 
vt 0.858799 0.83532 
vt 0.862527 0.849555 
vt 0.843563 0.822677 
vt 0.842581 0.815969 
vt 0.844657 0.825302 
vt 0.853113 0.808127 
vt 0.84822 0.804486 
vt 0.851718 0.806126 
vt 0.858734 0.797393 
vt 0.860857 0.793285 
vt 0.858128 0.8025 
vt 0.842581 0.815969 
vt 0.843563 0.822677 
vt 0.84259 0.818144 
vt 0.824995 0.803023 
vt 0.831015 0.805469 
vt 0.830319 0.809089 
vt 0.824995 0.803023 
vt 0.831935 0.801712 
vt 0.833546 0.796906 
vt 0.853113 0.808127 
vt 0.843846 0.807297 
vt 0.84822 0.804486 
vt 0.841911 0.835226 
vt 0.84577 0.828645 
vt 0.842874 0.83452 
vt 0.854879 0.810186 
vt 0.858128 0.8025 
vt 0.857799 0.804377 
vt 0.854637 0.827482 
vt 0.853549 0.830631 
vt 0.8539 0.828488 
vt 0.856213 0.825247 
vt 0.854637 0.827482 
vt 0.855129 0.826007 
vt 0.856446 0.822082 
vt 0.858799 0.83532 
vt 0.856213 0.825247 
vt 0.858799 0.83532 
vt 0.851914 0.83122 
vt 0.853549 0.830631 
vt 0.854269 0.827364 
vt 0.843846 0.807297 
vt 0.854637 0.827482 
vt 0.84822 0.804486 
vt 0.847057 0.804424 
vt 0.832408 0.84321 
vt 0.83017 0.842143 
vt 0.834282 0.839935 
vt 0.855736 0.818145 
vt 0.854565 0.826769 
vt 0.85524 0.814938 
vt 0.863671 0.79564 
vt 0.857841 0.806827 
vt 0.857799 0.804377 
vt 0.861892 0.783811 
vt 0.860274 0.787543 
vt 0.861261 0.779511 
vt 0.860234 0.791065 
vt 0.860274 0.787543 
vt 0.861892 0.783811 
vt 0.829924 0.826556 
vt 0.829729 0.831748 
vt 0.825226 0.830674 
vt 0.84414 0.834507 
vt 0.83861 0.846322 
vt 0.842874 0.83452 
vt 0.842874 0.83452 
vt 0.848216 0.829167 
vt 0.853187 0.779568 
vt 0.855112 0.770364 
vt 0.855855 0.779016 
vt 0.849872 0.830003 
vt 0.854269 0.827364 
vt 0.853715 0.828346 
vt 0.854565 0.826769 
vt 0.855736 0.818145 
vt 0.855045 0.825662 
vt 0.859511 0.795298 
vt 0.85956 0.792593 
vt 0.859954 0.793068 
vt 0.847057 0.804424 
vt 0.844144 0.806621 
vt 0.846197 0.8045 
vt 0.842504 0.81202 
vt 0.84351 0.807909 
vt 0.842503 0.813704 
vt 0.832915 0.786828 
vt 0.833546 0.796906 
vt 0.831491 0.784194 
vt 0.844144 0.806621 
vt 0.847057 0.804424 
vt 0.843846 0.807297 
vt 0.854637 0.827482 
vt 0.854565 0.826769 
vt 0.843846 0.807297 
vt 0.853113 0.808127 
vt 0.854565 0.826769 
vt 0.843846 0.807297 
vt 0.842503 0.813704 
vt 0.84351 0.807909 
vt 0.829924 0.826556 
vt 0.825226 0.830674 
vt 0.825906 0.825604 
vt 0.850864 0.780965 
vt 0.852532 0.771853 
vt 0.853187 0.779568 
vt 0.842503 0.813704 
vt 0.843846 0.807297 
vt 0.854269 0.827364 
vt 0.825906 0.825604 
vt 0.829913 0.814439 
vt 0.83011 0.818558 
vt 0.830564 0.82197 
vt 0.829924 0.826556 
vt 0.853187 0.779568 
vt 0.852532 0.771853 
vt 0.855112 0.770364 
vt 0.83712 0.839112 
vt 0.836096 0.839723 
vt 0.836862 0.838369 
vt 0.830564 0.82197 
vt 0.825906 0.825604 
vt 0.83011 0.818558 
vt 0.85524 0.814938 
vt 0.857799 0.804377 
vt 0.857841 0.806827 
vt 0.859954 0.793068 
vt 0.85956 0.792593 
vt 0.860234 0.791065 
vt 0.845401 0.804822 
vt 0.844144 0.806621 
vt 0.844705 0.80555 
vt 0.84351 0.807909 
vt 0.842641 0.810451 
vt 0.842979 0.809059 
vt 0.840876 0.770916 
vt 0.840533 0.78435 
vt 0.838131 0.787643 
vt 0.831491 0.784194 
vt 0.840876 0.770916 
vt 0.832915 0.786828 
vt 0.831491 0.784194 
vt 0.838131 0.787643 
vt 0.838131 0.787643 
vt 0.836717 0.790514 
vt 0.849102 0.780215 
vt 0.852532 0.771853 
vt 0.850864 0.780965 
vt 0.834282 0.839935 
vt 0.836862 0.838369 
vt 0.836096 0.839723 
vt 0.846986 0.779982 
vt 0.852532 0.771853 
vt 0.849102 0.780215 
vt 0.834973 0.794041 
vt 0.832915 0.786828 
vt 0.835983 0.79253 
vt 0.844657 0.825302 
vt 0.842503 0.813704 
vt 0.854269 0.827364 
vt 0.860274 0.787543 
vt 0.860234 0.791065 
vt 0.85956 0.792593 
vt 0.824995 0.803023 
vt 0.831491 0.784194 
vt 0.833546 0.796906 
vt 0.858734 0.797393 
vt 0.85956 0.792593 
vt 0.859511 0.795298 
vt 0.858065 0.780081 
vt 0.85956 0.792593 
vt 0.836717 0.790514 
vt 0.835983 0.79253 
vt 0.832915 0.786828 
vt 0.858799 0.83532 
vt 0.854637 0.827482 
vt 0.856213 0.825247 
vt 0.834973 0.794041 
vt 0.833546 0.796906 
vt 0.832915 0.786828 
vt 0.858799 0.83532 
vt 0.853549 0.830631 
vt 0.854637 0.827482 
vt 0.844657 0.825302 
vt 0.854269 0.827364 
vt 0.84577 0.828645 
vt 0.849872 0.830003 
vt 0.848216 0.829167 
vt 0.853549 0.830631 
vt 0.853715 0.828346 
vt 0.8539 0.828488 
vt 0.856213 0.825247 
vt 0.855129 0.826007 
vt 0.855045 0.825662 
vt 0.84414 0.834507 
vt 0.848216 0.829167 
vt 0.847654 0.832306 
vt 0.853187 0.779568 
vt 0.853113 0.808127 
vt 0.851718 0.806126 
vt 0.844144 0.806621 
vt 0.845401 0.804822 
vt 0.846197 0.8045 
vt 0.85524 0.814938 
vt 0.857841 0.806827 
vt 0.856844 0.813722 
vt 0.844657 0.825302 
vt 0.829924 0.826556 
vt 0.843563 0.822677 
vt 0.842641 0.810451 
vt 0.84351 0.807909 
vt 0.842504 0.81202 
vt 0.85956 0.792593 
vt 0.858065 0.780081 
vt 0.860274 0.787543 
vt 0.830354 0.835958 
vt 0.836862 0.838369 
vt 0.834282 0.839935 
vt 0.846811 0.834874 
vt 0.8446 0.855356 
vt 0.84414 0.834507 
vt 0.847654 0.832306 
vt 0.846811 0.834874 
vt 0.843563 0.822677 
vt 0.830564 0.82197 
vt 0.842776 0.820373 
vt 0.850497 0.804702 
vt 0.850864 0.780965 
vt 0.851718 0.806126 
vt 0.854879 0.810186 
vt 0.854565 0.826769 
vt 0.853113 0.808127 
vt 0.858065 0.780081 
vt 0.854879 0.810186 
vt 0.855855 0.779016 
vt 0.853113 0.808127 
vt 0.855855 0.779016 
vt 0.854879 0.810186 
vt 0.829729 0.831748 
vt 0.84577 0.828645 
vt 0.830354 0.835958 
vt 0.856844 0.813722 
vt 0.857841 0.806827 
vt 0.858138 0.811993 
vt 0.858128 0.8025 
vt 0.858065 0.780081 
vt 0.858734 0.797393 
vt 0.84577 0.828645 
vt 0.829729 0.831748 
vt 0.844657 0.825302 
vt 0.857799 0.804377 
vt 0.85524 0.814938 
vt 0.854879 0.810186 
vt 0.858065 0.780081 
vt 0.858128 0.8025 
vt 0.854879 0.810186 
vt 0.829924 0.826556 
vt 0.844657 0.825302 
vt 0.829729 0.831748 
vt 0.838253 0.838175 
vt 0.83712 0.839112 
vt 0.836862 0.838369 
vt 0.839299 0.836594 
vt 0.838253 0.838175 
vt 0.830354 0.835958 
vt 0.839299 0.836594 
vt 0.841911 0.835226 
vt 0.839299 0.836594 
vt 0.830354 0.835958 
vt 0.84577 0.828645 
vt 0.84577 0.828645 
vt 0.848216 0.829167 
vt 0.842874 0.83452 
vt 0.853113 0.808127 
vt 0.853187 0.779568 
vt 0.855855 0.779016 
vt 0.830354 0.835958 
vt 0.834282 0.839935 
vt 0.83017 0.842143 
vt 0.83861 0.846322 
vt 0.84414 0.834507 
vt 0.8446 0.855356 
vt 0.860274 0.787543 
vt 0.858065 0.780081 
vt 0.861261 0.779511 
vt 0.8539 0.828488 
vt 0.853715 0.828346 
vt 0.854269 0.827364 
vt 0.855129 0.826007 
vt 0.854565 0.826769 
vt 0.855045 0.825662 
vt 0.857841 0.806827 
vt 0.863671 0.79564 
vt 0.868616 0.80695 
vt 0.868616 0.80695 
vt 0.858138 0.811993 
vt 0.853187 0.779568 
vt 0.851718 0.806126 
vt 0.850864 0.780965 
vt 0.869141 0.824548 
vt 0.858138 0.811993 
vt 0.868616 0.80695 
vt 0.846811 0.834874 
vt 0.853642 0.855683 
vt 0.8446 0.855356 
vt 0.851718 0.806126 
vt 0.84822 0.804486 
vt 0.849338 0.804422 
vt 0.850864 0.780965 
vt 0.849102 0.780215 
vt 0.858026 0.819707 
vt 0.858138 0.811993 
vt 0.869141 0.824548 
vt 0.846811 0.834874 
vt 0.850767 0.834362 
vt 0.853642 0.855683 
vt 0.830564 0.82197 
vt 0.843563 0.822677 
vt 0.829924 0.826556 
vt 0.84259 0.818144 
vt 0.842776 0.820373 
vt 0.84259 0.818144 
vt 0.830564 0.82197 
vt 0.83011 0.818558 
vt 0.849338 0.804422 
vt 0.850864 0.780965 
vt 0.850497 0.804702 
vt 0.83011 0.818558 
vt 0.842581 0.815969 
vt 0.84259 0.818144 
vt 0.829913 0.814439 
vt 0.842503 0.813704 
vt 0.842581 0.815969 
vt 0.84822 0.804486 
vt 0.849102 0.780215 
vt 0.849338 0.804422 
vt 0.856943 0.817048 
vt 0.858138 0.811993 
vt 0.858026 0.819707 
vt 0.842503 0.813704 
vt 0.831015 0.805469 
vt 0.842504 0.81202 
vt 0.847057 0.804424 
vt 0.846986 0.779982 
vt 0.84822 0.804486 
vt 0.846197 0.8045 
vt 0.842424 0.782434 
vt 0.842581 0.815969 
vt 0.83011 0.818558 
vt 0.829913 0.814439 
vt 0.850767 0.834362 
vt 0.846811 0.834874 
vt 0.849361 0.832371 
vt 0.869141 0.824548 
vt 0.856446 0.822082 
vt 0.858026 0.819707 
vt 0.851914 0.83122 
vt 0.853642 0.855683 
vt 0.850767 0.834362 
vt 0.842503 0.813704 
vt 0.829913 0.814439 
vt 0.830319 0.809089 
vt 0.849102 0.780215 
vt 0.84822 0.804486 
vt 0.846986 0.779982 
vt 0.858138 0.811993 
vt 0.856943 0.817048 
vt 0.856844 0.813722 
vt 0.847057 0.804424 
vt 0.844254 0.780955 
vt 0.846986 0.779982 
vt 0.849361 0.832371 
vt 0.846811 0.834874 
vt 0.847654 0.832306 
vt 0.856943 0.817048 
vt 0.858026 0.819707 
vt 0.856446 0.822082 
vt 0.85524 0.814938 
vt 0.856943 0.817048 
vt 0.855736 0.818145 
vt 0.856446 0.822082 
vt 0.855736 0.818145 
vt 0.856943 0.817048 
vt 0.849361 0.832371 
vt 0.848216 0.829167 
vt 0.849872 0.830003 
vt 0.849361 0.832371 
vt 0.851914 0.83122 
vt 0.850767 0.834362 
vt 0.849872 0.830003 
vt 0.851914 0.83122 
vt 0.849361 0.832371 
vt 0.831015 0.805469 
vt 0.842503 0.813704 
vt 0.830319 0.809089 
vt 0.856943 0.817048 
vt 0.85524 0.814938 
vt 0.856844 0.813722 
vt 0.844254 0.780955 
vt 0.847057 0.804424 
vt 0.842424 0.782434 
vt 0.848216 0.829167 
vt 0.849361 0.832371 
vt 0.847654 0.832306 
vt 0.831015 0.805469 
vt 0.842641 0.810451 
vt 0.842504 0.81202 
vt 0.856446 0.822082 
vt 0.869141 0.824548 
vt 0.858799 0.83532 
vt 0.853642 0.855683 
vt 0.851914 0.83122 
vt 0.858799 0.83532 
vt 0.845401 0.804822 
vt 0.842424 0.782434 
vt 0.846197 0.8045 
vt 0.855736 0.818145 
vt 0.856446 0.822082 
vt 0.855995 0.822259 
vt 0.851914 0.83122 
vt 0.849872 0.830003 
vt 0.851985 0.830343 
vt 0.853549 0.830631 
vt 0.851985 0.830343 
vt 0.853715 0.828346 
vt 0.858799 0.83532 
vt 0.868033 0.852626 
vt 0.862527 0.849555 
vt 0.855995 0.822259 
vt 0.856213 0.825247 
vt 0.855045 0.825662 
vt 0.868033 0.852626 
vt 0.858799 0.83532 
vt 0.866243 0.842088 
vt 0.842424 0.782434 
vt 0.845401 0.804822 
vt 0.840533 0.78435 
vt 0.842641 0.810451 
vt 0.831015 0.805469 
vt 0.831935 0.801712 
vt 0.833546 0.796906 
vt 0.842641 0.810451 
vt 0.842641 0.810451 
vt 0.833546 0.796906 
vt 0.842979 0.809059 
vt 0.856213 0.825247 
vt 0.855995 0.822259 
vt 0.856446 0.822082 
vt 0.851985 0.830343 
vt 0.853549 0.830631 
vt 0.851914 0.83122 
vt 0.838131 0.787643 
vt 0.845401 0.804822 
vt 0.844705 0.80555 
vt 0.865881 0.779516 
vt 0.868616 0.80695 
vt 0.863671 0.79564 
vt 0.830326 0.851248 
vt 0.83861 0.846322 
vt 0.8446 0.855356 
vt 0.845401 0.804822 
vt 0.838131 0.787643 
vt 0.840533 0.78435 
vt 0.842979 0.809059 
vt 0.833546 0.796906 
vt 0.834973 0.794041 
vt 0.834973 0.794041 
vt 0.84351 0.807909 
vt 0.842979 0.809059 
vt 0.838131 0.787643 
vt 0.844705 0.80555 
vt 0.836717 0.790514 
vt 0.836717 0.790514 
vt 0.844705 0.80555 
vt 0.844144 0.806621 
vt 0.835983 0.79253 
vt 0.84351 0.807909 
vt 0.834973 0.794041 
vt 0.84351 0.807909 
vt 0.835983 0.79253 
vt 0.843846 0.807297 
vt 0.844144 0.806621 
vt 0.835983 0.79253 
vt 0.836717 0.790514 
vt 0.835983 0.79253 
vt 0.844144 0.806621 
vt 0.843846 0.807297 

usemtl Handle1Mtl

f 1/1/1 2/2/2 3/3/3 
f 4/4/4 5/5/5 6/6/6 
f 7/7/7 8/8/8 9/9/9 
f 10/10/10 11/11/11 12/12/12 
f 13/13/13 14/14/14 15/15/15 
f 16/16/16 17/17/17 18/18/18 
f 19/19/19 20/20/20 21/21/21 
f 22/22/22 23/23/23 24/24/24 
f 25/25/25 26/26/26 27/27/27 
f 28/28/28 29/29/29 30/30/30 
f 31/31/31 32/32/32 33/33/33 
f 34/34/34 35/35/35 36/36/36 
f 37/37/37 38/38/38 39/39/39 
f 40/40/40 41/41/41 42/42/42 
f 43/43/43 44/44/44 45/45/45 
f 46/46/46 47/47/47 48/48/48 
f 49/49/49 50/50/50 47/47/47 
f 51/51/51 52/52/52 53/53/53 
f 54/54/54 55/55/55 56/56/56 
f 57/57/57 58/58/58 59/59/59 
f 60/60/60 61/61/61 62/62/62 
f 63/63/63 64/64/64 65/65/65 
f 66/66/66 67/67/67 68/68/68 
f 69/69/69 70/70/70 71/71/71 
f 72/72/72 73/73/73 74/74/74 
f 75/75/75 76/76/76 77/77/77 
f 78/78/78 79/79/79 80/80/80 
f 81/81/81 82/82/82 83/83/83 
f 84/84/84 85/85/85 86/86/86 
f 87/87/87 88/88/88 89/89/89 
f 90/90/90 91/91/91 92/92/92 
f 93/93/93 94/94/94 95/95/95 
f 96/96/96 97/97/97 98/98/98 
f 99/99/99 100/100/100 101/101/101 
f 102/102/102 103/103/103 104/104/104 
f 105/105/105 106/106/106 107/107/107 
f 108/108/108 109/109/109 110/110/110 
f 111/111/111 112/112/112 113/113/113 
f 114/114/114 115/115/115 116/116/116 
f 117/117/117 118/118/118 119/119/119 
f 120/120/120 121/121/121 122/122/122 
f 123/123/123 124/124/124 125/125/125 
f 126/126/126 127/127/127 128/128/128 
f 129/129/129 128/128/128 130/130/130 
f 131/131/131 132/132/132 133/133/133 
f 134/134/134 135/135/135 136/136/136 
f 137/137/137 138/138/138 139/139/139 
f 140/140/140 141/141/141 142/142/142 
f 143/143/143 144/144/144 145/145/145 
f 146/146/146 147/147/147 148/148/148 
f 149/149/149 150/150/150 151/151/151 
f 152/152/152 153/153/153 154/154/154 
f 155/155/155 156/156/156 153/153/153 
f 157/157/157 158/158/158 159/159/159 
f 160/160/160 161/161/161 162/162/162 
f 163/163/163 164/164/164 165/165/165 
f 166/166/166 167/167/167 168/168/168 
f 169/169/169 170/170/170 171/171/171 
f 172/172/172 173/173/173 174/174/174 
f 175/175/175 176/176/176 177/177/177 
f 178/178/178 179/179/179 180/180/180 
f 181/181/181 182/182/182 183/183/183 
f 184/184/184 185/185/185 186/186/186 
f 187/187/187 188/188/188 189/189/189 
f 189/189/189 188/188/188 190/190/190 
f 191/191/191 192/192/192 193/193/193 
f 194/194/194 195/195/195 196/196/196 
f 197/197/197 198/198/198 199/199/199 
f 200/200/200 201/201/201 202/202/202 
f 203/203/203 204/204/204 205/205/205 
f 206/206/206 207/207/207 208/208/208 
f 209/209/209 210/210/210 211/211/211 
f 212/212/212 213/213/213 214/214/214 
f 215/215/215 216/216/216 217/217/217 
f 218/218/218 219/219/219 220/220/220 
f 221/221/221 222/222/222 223/223/223 
f 224/224/224 225/225/225 226/226/226 
f 227/227/227 228/228/228 229/229/229 
f 230/230/230 231/231/231 232/232/232 
f 233/233/233 234/234/234 235/235/235 
f 236/236/236 237/237/237 234/234/234 
f 238/238/238 239/239/239 240/240/240 
f 241/241/241 242/242/242 243/243/243 
f 244/244/244 245/245/245 246/246/246 
f 247/247/247 244/244/244 248/248/248 
f 249/249/249 250/250/250 251/251/251 
f 252/252/252 253/253/253 254/254/254 
f 255/255/255 256/256/256 257/257/257 
f 258/258/258 259/259/259 260/260/260 
f 261/261/261 262/262/262 263/263/263 
f 264/264/264 265/265/265 266/266/266 
f 267/267/267 268/268/268 269/269/269 
f 270/270/270 271/271/271 272/272/272 
f 273/273/273 274/274/274 275/275/275 
f 276/276/276 277/277/277 278/278/278 
f 279/279/279 280/280/280 281/281/281 
f 282/282/282 283/283/283 284/284/284 
f 285/285/285 286/286/286 287/287/287 
f 288/288/288 289/289/289 290/290/290 
f 291/291/291 292/292/292 293/293/293 
f 294/294/294 295/295/295 296/296/296 
f 297/297/297 298/298/298 299/299/299 
f 300/300/300 301/301/301 302/302/302 
f 303/303/303 304/304/304 305/305/305 
f 306/306/306 307/307/307 308/308/308 
f 309/309/309 310/310/310 311/311/311 
f 312/312/312 313/313/313 314/314/314 
f 312/312/312 315/315/315 316/316/316 
f 317/317/317 318/318/318 319/319/319 
f 320/320/320 321/321/321 322/322/322 
f 323/323/323 324/324/324 325/325/325 
f 326/326/326 327/327/327 328/328/328 
f 329/329/329 330/330/330 331/331/331 
f 332/332/332 333/333/333 334/334/334 
f 335/335/335 336/336/336 337/337/337 
f 338/338/338 339/339/339 340/340/340 
f 341/341/341 342/342/342 343/343/343 
f 344/344/344 345/345/345 346/346/346 
f 347/347/347 348/348/348 349/349/349 
f 350/350/350 351/351/351 352/352/352 
f 353/353/353 354/354/354 355/355/355 
f 356/356/356 357/357/357 358/358/358 
f 359/359/359 360/360/360 361/361/361 
f 362/362/362 363/363/363 364/364/364 
f 365/365/365 366/366/366 367/367/367 
f 368/368/368 369/369/369 370/370/370 
f 371/371/371 372/372/372 373/373/373 
f 374/374/374 375/375/375 376/376/376 
f 377/377/377 378/378/378 379/379/379 
f 380/380/380 381/381/381 382/382/382 
f 383/383/383 384/384/384 385/385/385 
f 386/386/386 387/387/387 388/388/388 
f 389/389/389 390/390/390 391/391/391 
f 392/392/392 393/393/393 394/394/394 
f 395/395/395 396/396/396 393/393/393 
f 397/397/397 398/398/398 399/399/399 
f 400/400/400 401/401/401 402/402/402 
f 403/403/403 404/404/404 405/405/405 
f 406/406/406 407/407/407 408/408/408 
f 409/409/409 410/410/410 411/411/411 
f 412/412/412 413/413/413 414/414/414 
f 415/415/415 416/416/416 417/417/417 
f 418/418/418 419/419/419 420/420/420 
f 420/420/420 421/421/421 422/422/422 
f 423/423/423 424/424/424 425/425/425 
f 426/426/426 427/427/427 428/428/428 
f 429/429/429 430/430/430 431/431/431 
f 432/432/432 433/433/433 434/434/434 
f 435/435/435 436/436/436 437/437/437 
f 438/438/438 439/439/439 440/440/440 
f 441/441/441 442/442/442 443/443/443 
f 444/444/444 445/445/445 446/446/446 
f 447/447/447 448/448/448 449/449/449 
f 450/450/450 451/451/451 452/452/452 
f 453/453/453 454/454/454 455/455/455 
f 456/456/456 457/457/457 458/458/458 
f 459/459/459 460/460/460 461/461/461 
f 462/462/462 463/463/463 464/464/464 
f 465/465/465 466/466/466 467/467/467 
f 465/465/465 468/468/468 469/469/469 
f 470/470/470 465/465/465 471/471/471 
f 472/472/472 473/473/473 474/474/474 
f 475/475/475 476/476/476 477/477/477 
f 478/478/478 479/479/479 480/480/480 
f 481/481/481 482/482/482 483/483/483 
f 484/484/484 485/485/485 486/486/486 
f 487/487/487 488/488/488 489/489/489 
f 490/490/490 491/491/491 492/492/492 
f 493/493/493 494/494/494 495/495/495 
f 496/496/496 497/497/497 498/498/498 
f 499/499/499 500/500/500 501/501/501 
f 502/502/502 503/503/503 504/504/504 
f 505/505/505 506/506/506 507/507/507 
f 508/508/508 509/509/509 510/510/510 
f 511/511/511 512/512/512 513/513/513 
f 514/514/514 515/515/515 516/516/516 
f 517/517/517 518/518/518 519/519/519 
f 520/520/520 521/521/521 522/522/522 
f 523/523/523 520/520/520 522/522/522 
f 524/524/524 525/525/525 526/526/526 
f 526/526/526 527/527/527 528/528/528 
f 529/529/529 530/530/530 531/531/531 
f 532/532/532 533/533/533 534/534/534 
f 535/535/535 536/536/536 537/537/537 
f 538/538/538 539/539/539 540/540/540 
f 541/541/541 542/542/542 543/543/543 
f 544/544/544 545/545/545 546/546/546 
f 547/547/547 548/548/548 549/549/549 
f 548/548/548 550/550/550 551/551/551 
f 547/547/547 552/552/552 551/551/551 
f 553/553/553 554/554/554 555/555/555 
f 556/556/556 557/557/557 558/558/558 
f 559/559/559 560/560/560 561/561/561 
f 562/562/562 563/563/563 564/564/564 
f 565/565/565 566/566/566 567/567/567 
f 568/568/568 569/569/569 570/570/570 
f 571/571/571 572/572/572 573/573/573 
f 574/574/574 575/575/575 576/576/576 
f 577/577/577 575/575/575 578/578/578 
f 579/579/579 580/580/580 581/581/581 
f 582/582/582 583/583/583 584/584/584 
f 585/585/585 586/586/586 587/587/587 
f 588/588/588 589/589/589 590/590/590 
f 591/591/591 592/592/592 593/593/593 
f 594/594/594 595/595/595 596/596/596 
f 597/597/597 598/598/598 599/599/599 
f 600/600/600 601/601/601 597/597/597 
f 602/602/602 603/603/603 604/604/604 
f 605/605/605 606/606/606 607/607/607 
f 608/608/608 609/609/609 610/610/610 
f 611/611/611 612/612/612 613/613/613 
f 614/614/614 615/615/615 616/616/616 
f 617/617/617 618/618/618 619/619/619 
f 620/620/620 621/621/621 622/622/622 
f 623/623/623 624/624/624 625/625/625 
f 626/626/626 625/625/625 627/627/627 
f 628/628/628 629/629/629 630/630/630 
f 631/631/631 632/632/632 633/633/633 
f 634/634/634 635/635/635 636/636/636 
f 637/637/637 638/638/638 639/639/639 
f 640/640/640 641/641/641 642/642/642 
f 643/643/643 644/644/644 645/645/645 
f 646/646/646 647/647/647 643/643/643 
f 648/648/648 649/649/649 650/650/650 
f 651/651/651 652/652/652 653/653/653 
f 654/654/654 655/655/655 656/656/656 
f 657/657/657 658/658/658 659/659/659 
f 660/660/660 661/661/661 662/662/662 
f 663/663/663 664/664/664 665/665/665 
f 666/666/666 667/667/667 668/668/668 
f 669/669/669 670/670/670 671/671/671 
f 671/671/671 672/672/672 673/673/673 
f 674/674/674 675/675/675 676/676/676 
f 677/677/677 678/678/678 674/674/674 
f 679/679/679 680/680/680 681/681/681 
f 682/682/682 683/683/683 684/684/684 
f 685/685/685 686/686/686 687/687/687 
f 688/688/688 689/689/689 690/690/690 
f 691/691/691 692/692/692 693/693/693 
f 694/694/694 695/695/695 696/696/696 
f 697/697/697 698/698/698 699/699/699 
f 700/700/700 701/701/701 702/702/702 
f 703/703/703 704/704/704 700/700/700 
f 705/705/705 706/706/706 707/707/707 
f 708/708/708 709/709/709 710/710/710 
f 711/711/711 712/712/712 713/713/713 
f 714/714/714 715/715/715 716/716/716 
f 717/717/717 718/718/718 719/719/719 
f 718/718/718 720/720/720 721/721/721 
f 722/722/722 723/723/723 724/724/724 
f 725/725/725 726/726/726 727/727/727 
f 728/728/728 729/729/729 730/730/730 
f 731/731/731 732/732/732 733/733/733 
f 734/734/734 735/735/735 736/736/736 
f 737/737/737 738/738/738 739/739/739 
f 740/740/740 741/741/741 742/742/742 
f 743/743/743 744/744/744 745/745/745 
f 746/746/746 747/747/747 748/748/748 
f 749/749/749 750/750/750 751/751/751 
f 752/752/752 753/753/753 754/754/754 
f 755/755/755 756/756/756 754/754/754 
f 757/757/757 758/758/758 759/759/759 
f 760/760/760 761/761/761 762/762/762 
f 763/763/763 764/764/764 765/765/765 
f 766/766/766 767/767/767 768/768/768 
f 769/769/769 770/770/770 771/771/771 
f 772/772/772 773/773/773 774/774/774 
f 775/775/775 776/776/776 777/777/777 
f 778/778/778 779/779/779 780/780/780 
f 781/781/781 782/782/782 783/783/783 
f 784/784/784 785/785/785 786/786/786 
f 787/787/787 788/788/788 789/789/789 
f 790/790/790 791/791/791 792/792/792 
f 793/793/793 794/794/794 795/795/795 
f 796/796/796 797/797/797 795/795/795 
f 798/798/798 799/799/799 795/795/795 
f 798/798/798 800/800/800 801/801/801 
f 802/802/802 803/803/803 800/800/800 
f 804/804/804 805/805/805 806/806/806 
f 807/807/807 808/808/808 809/809/809 
f 810/810/810 811/811/811 812/812/812 
f 813/813/813 814/814/814 815/815/815 
f 816/816/816 817/817/817 818/818/818 
f 819/819/819 820/820/820 821/821/821 
f 822/822/822 823/823/823 824/824/824 
f 825/825/825 826/826/826 827/827/827 
f 825/825/825 828/828/828 829/829/829 
f 830/830/830 831/831/831 832/832/832 
f 833/833/833 834/834/834 835/835/835 
f 836/836/836 837/837/837 838/838/838 
f 839/839/839 840/840/840 841/841/841 
f 842/842/842 841/841/841 843/843/843 
f 844/844/844 845/845/845 846/846/846 
f 847/847/847 848/848/848 849/849/849 
f 850/850/850 851/851/851 852/852/852 
f 850/850/850 853/853/853 854/854/854 
f 855/855/855 856/856/856 857/857/857 
f 858/858/858 859/859/859 860/860/860 
f 861/861/861 862/862/862 863/863/863 
f 864/864/864 865/865/865 866/866/866 
f 867/867/867 868/868/868 869/869/869 
f 870/870/870 871/871/871 872/872/872 
f 873/873/873 874/874/874 875/875/875 
f 876/876/876 877/877/877 878/878/878 
f 879/879/879 880/880/880 876/876/876 
f 881/881/881 882/882/882 883/883/883 
f 884/884/884 885/885/885 886/886/886 
f 887/887/887 888/888/888 889/889/889 
f 890/890/890 891/891/891 892/892/892 
f 893/893/893 894/894/894 895/895/895 
f 896/896/896 897/897/897 898/898/898 
f 899/899/899 900/900/900 901/901/901 
f 902/902/902 903/903/903 904/904/904 
f 905/905/905 906/906/906 907/907/907 
f 908/908/908 909/909/909 910/910/910 
f 911/911/911 912/912/912 913/913/913 
f 914/914/914 915/915/915 916/916/916 
f 917/917/917 918/918/918 919/919/919 
f 920/920/920 921/921/921 922/922/922 
f 923/923/923 924/924/924 925/925/925 
f 926/926/926 927/927/927 928/928/928 
f 929/929/929 930/930/930 931/931/931 
f 932/932/932 933/933/933 934/934/934 
f 935/935/935 936/936/936 937/937/937 
f 938/938/938 939/939/939 940/940/940 
f 941/941/941 942/942/942 943/943/943 
f 944/944/944 945/945/945 946/946/946 
f 947/947/947 948/948/948 949/949/949 
f 950/950/950 951/951/951 952/952/952 
f 953/953/953 954/954/954 955/955/955 
f 956/956/956 957/957/957 958/958/958 
f 959/959/959 960/960/960 961/961/961 
f 962/962/962 963/963/963 964/964/964 
f 965/965/965 966/966/966 967/967/967 
f 968/968/968 969/969/969 970/970/970 
f 971/971/971 972/972/972 973/973/973 
f 974/974/974 975/975/975 973/973/973 
f 976/976/976 977/977/977 978/978/978 
f 979/979/979 980/980/980 981/981/981 
f 982/982/982 983/983/983 984/984/984 
f 985/985/985 986/986/986 987/987/987 
f 988/988/988 989/989/989 990/990/990 
f 991/991/991 992/992/992 993/993/993 
f 994/994/994 995/995/995 996/996/996 
f 997/997/997 998/998/998 999/999/999 
f 1000/1000/1000 1001/1001/1001 1002/1002/1002 
f 1003/1003/1003 1004/1004/1004 1005/1005/1005 
f 1006/1006/1006 1007/1007/1007 1008/1008/1008 
f 1009/1009/1009 1010/1010/1010 1011/1011/1011 
f 1012/1012/1012 1013/1013/1013 1014/1014/1014 
f 1015/1015/1015 1016/1016/1016 1017/1017/1017 
f 1018/1018/1018 1019/1019/1019 1020/1020/1020 

g Handle2

v -320.504 5.07953 109.779 
v -320.286 5.06807 109.735 
v -320.286 5.07953 109.735 
v -320.504 5.06807 109.779 
v -320.504 4.93282 109.779 
v -320.286 4.94428 109.735 
v -320.504 4.94428 109.779 
v -320.286 4.93282 109.735 
v -320.504 5.07953 109.779 
v -320.723 5.06807 109.735 
v -320.504 5.06807 109.779 
v -320.723 5.07953 109.735 
v -320.723 4.93282 109.735 
v -320.504 4.93282 109.779 
v -320.723 4.94428 109.735 
v -320.504 4.94428 109.779 
v -320.504 5.06807 109.767 
v -320.29 4.94428 109.724 
v -320.29 5.06807 109.724 
v -320.504 4.94428 109.767 
v -320.504 5.06807 109.767 
v -320.719 5.06807 109.724 
v -320.719 4.94428 109.724 
v -320.504 4.94428 109.767 
v -320.286 4.93282 109.735 
v -320.103 4.94428 109.633 
v -320.286 4.94428 109.735 
v -320.103 4.93282 109.633 
v -320.103 5.07953 109.633 
v -320.286 5.07953 109.735 
v -320.286 5.06807 109.735 
v -320.103 5.06807 109.633 
v -320.906 4.93282 109.633 
v -320.723 4.93282 109.735 
v -320.906 4.94428 109.633 
v -320.723 4.94428 109.735 
v -320.906 5.07953 109.633 
v -320.723 5.06807 109.735 
v -320.723 5.07953 109.735 
v -320.906 5.06807 109.633 
v -320.29 5.06807 109.724 
v -320.11 4.94428 109.624 
v -320.11 5.06807 109.624 
v -320.29 4.94428 109.724 
v -320.719 5.06807 109.724 
v -320.899 5.06807 109.624 
v -320.899 4.94428 109.624 
v -320.719 4.94428 109.724 
v -320.103 4.93282 109.633 
v -319.963 4.94428 109.474 
v -320.103 4.94428 109.633 
v -319.963 4.93282 109.474 
v -319.963 5.07953 109.474 
v -320.103 5.07953 109.633 
v -320.103 5.06807 109.633 
v -319.963 5.06807 109.474 
v -320.906 4.94428 109.633 
v -321.046 4.94428 109.474 
v -320.906 4.93282 109.633 
v -321.046 4.93282 109.474 
v -320.906 5.07953 109.633 
v -321.046 5.07953 109.474 
v -320.906 5.06807 109.633 
v -321.046 5.06807 109.474 
v -320.11 4.94428 109.624 
v -319.973 5.06807 109.467 
v -320.11 5.06807 109.624 
v -319.973 4.94428 109.467 
v -320.899 4.94428 109.624 
v -321.036 5.06807 109.467 
v -321.036 4.94428 109.467 
v -320.899 5.06807 109.624 
v -319.862 5.07953 109.284 
v -319.963 5.07953 109.474 
v -319.963 5.06807 109.474 
v -319.862 5.06807 109.284 
v -319.963 4.93282 109.474 
v -319.862 4.94428 109.284 
v -319.963 4.94428 109.474 
v -319.862 4.93282 109.284 
v -321.046 5.07953 109.474 
v -321.147 5.07953 109.284 
v -321.046 5.06807 109.474 
v -321.147 5.06807 109.284 
v -321.046 4.94428 109.474 
v -321.147 4.94428 109.284 
v -321.046 4.93282 109.474 
v -321.147 4.93282 109.284 
v -319.973 4.94428 109.467 
v -319.873 5.06807 109.281 
v -319.973 5.06807 109.467 
v -319.873 4.94428 109.281 
v -321.036 4.94428 109.467 
v -321.136 5.06807 109.281 
v -321.136 4.94428 109.281 
v -321.036 5.06807 109.467 
v -319.84 5.12035 109.127 
v -319.901 5.13733 109.209 
v -319.902 5.09933 109.215 
v -321.169 5.12035 109.127 
v -321.107 5.09933 109.215 
v -321.108 5.13733 109.209 
v -319.84 5.07953 109.127 
v -319.862 5.07953 109.284 
v -319.862 5.06807 109.284 
v -319.84 5.06807 109.127 
v -319.862 4.93282 109.284 
v -319.84 4.94428 109.127 
v -319.862 4.94428 109.284 
v -319.84 4.93282 109.127 
v -321.147 5.07953 109.284 
v -321.169 5.07953 109.127 
v -321.147 5.06807 109.284 
v -321.169 5.06807 109.127 
v -321.147 4.94428 109.284 
v -321.169 4.94428 109.127 
v -321.147 4.93282 109.284 
v -321.169 4.93282 109.127 
v -319.863 5.34232 109.127 
v -319.894 5.32235 109.174 
v -319.864 5.30346 109.151 
v -319.892 5.35546 109.156 
v -321.146 5.34232 109.127 
v -321.115 5.32235 109.174 
v -321.117 5.35546 109.156 
v -321.145 5.30346 109.151 
v -319.873 5.06807 109.281 
v -319.873 4.94428 109.281 
v -319.852 4.94428 109.128 
v -319.852 5.06807 109.128 
v -321.136 5.06807 109.281 
v -321.157 4.94428 109.128 
v -321.136 4.94428 109.281 
v -321.157 5.06807 109.128 
v -319.894 5.32235 109.174 
v -319.865 5.28979 109.166 
v -319.864 5.30346 109.151 
v -319.898 5.29348 109.204 
v -321.115 5.32235 109.174 
v -321.145 5.30346 109.151 
v -321.144 5.28979 109.166 
v -321.111 5.29348 109.204 
v -319.865 5.28979 109.089 
v -319.872 5.28927 109.109 
v -319.864 5.28201 109.106 
v -319.871 5.28548 109.117 
v -319.871 5.28548 109.117 
v -319.863 5.26995 109.115 
v -319.871 5.27959 109.122 
v -319.87 5.27233 109.127 
v -319.863 5.25508 109.127 
v -321.137 5.28927 109.109 
v -321.144 5.28979 109.089 
v -321.145 5.28201 109.106 
v -321.138 5.28548 109.117 
v -321.138 5.28548 109.117 
v -321.146 5.26995 109.115 
v -321.138 5.27959 109.122 
v -321.139 5.27233 109.127 
v -321.146 5.25508 109.127 
v -319.871 5.29594 109.116 
v -319.864 5.30346 109.104 
v -319.87 5.31491 109.127 
v -319.863 5.34232 109.127 
v -321.138 5.29594 109.116 
v -321.139 5.31491 109.127 
v -321.145 5.30346 109.104 
v -321.146 5.34232 109.127 
v -319.916 5.07953 109.285 
v -319.84 5.07953 109.127 
v -319.902 5.09933 109.215 
v -319.84 5.12035 109.127 
v -321.169 5.07953 109.127 
v -321.093 5.07953 109.285 
v -321.107 5.09933 109.215 
v -321.169 5.12035 109.127 
v -319.866 5.06486 108.956 
v -319.87 5.00618 108.899 
v -319.872 5.00618 108.873 
v -319.868 5.0466 108.957 
v -319.866 4.94749 108.956 
v -319.87 5.00618 108.899 
v -319.868 4.96575 108.957 
v -321.143 5.06486 108.956 
v -321.139 5.00618 108.899 
v -321.141 5.0466 108.957 
v -321.137 5.00618 108.873 
v -321.143 4.94749 108.956 
v -321.139 5.00618 108.899 
v -321.141 4.96575 108.957 
v -319.863 5.34232 109.127 
v -319.895 5.42281 109.147 
v -319.892 5.35546 109.156 
v -319.869 5.43979 109.132 
v -321.14 5.43979 109.132 
v -321.146 5.34232 109.127 
v -321.114 5.42281 109.147 
v -321.117 5.35546 109.156 
v -319.882 5.07953 109.014 
v -319.886 5.07976 108.962 
v -319.89 5.10526 108.99 
v -319.887 5.10549 108.962 
v -319.893 5.18582 108.98 
v -319.887 5.19951 108.962 
v -321.127 5.07953 109.014 
v -321.119 5.10526 108.99 
v -321.123 5.07976 108.962 
v -321.122 5.10549 108.962 
v -321.116 5.18582 108.98 
v -321.121 5.19951 108.962 
v -319.869 5.43979 109.132 
v -319.902 5.45111 109.15 
v -319.901 5.44545 109.162 
v -321.14 5.43979 109.132 
v -321.108 5.44545 109.162 
v -321.107 5.45111 109.15 
v -319.84 5.12035 109.127 
v -319.863 5.25508 109.127 
v -319.892 5.22018 109.146 
v -319.898 5.12844 109.177 
v -319.887 5.19951 108.962 
v -319.89 5.22715 108.99 
v -319.893 5.18582 108.98 
v -319.883 5.22844 108.98 
v -321.146 5.25508 109.127 
v -321.169 5.12035 109.127 
v -321.117 5.22018 109.146 
v -321.11 5.12844 109.177 
v -321.116 5.18582 108.98 
v -321.119 5.22715 108.99 
v -321.121 5.19951 108.962 
v -321.126 5.22844 108.98 
v -319.941 5.48325 108.801 
v -319.96 5.49876 108.837 
v -319.955 5.49101 108.855 
v -321.068 5.48325 108.801 
v -321.054 5.49101 108.855 
v -321.048 5.49876 108.837 
v -319.892 5.2516 109.151 
v -319.863 5.25508 109.127 
v -319.863 5.26995 109.139 
v -319.892 5.22018 109.146 
v -321.117 5.2516 109.151 
v -321.146 5.25508 109.127 
v -321.117 5.22018 109.146 
v -321.146 5.26995 109.139 
v -319.864 5.30346 109.104 
v -319.872 5.28927 109.109 
v -319.865 5.28979 109.089 
v -319.871 5.29594 109.116 
v -321.137 5.28927 109.109 
v -321.145 5.30346 109.104 
v -321.144 5.28979 109.089 
v -321.138 5.29594 109.116 
v -319.869 5.43979 109.132 
v -319.934 5.58582 109.158 
v -319.902 5.45111 109.15 
v -321.14 5.43979 109.132 
v -321.107 5.45111 109.15 
v -321.075 5.58582 109.158 
v -319.841 5.00618 109.008 
v -319.868 4.96575 108.957 
v -319.813 5.00618 108.942 
v -321.168 5.00618 109.008 
v -321.195 5.00618 108.942 
v -321.141 4.96575 108.957 
v -319.929 5.12035 108.795 
v -319.941 5.13733 108.896 
v -319.938 5.09933 108.902 
v -321.08 5.12035 108.795 
v -321.07 5.09933 108.902 
v -321.068 5.13733 108.896 
v -319.87 5.31491 109.127 
v -319.871 5.29594 109.139 
v -319.845 5.28941 109.127 
v -321.139 5.31491 109.127 
v -321.164 5.28941 109.127 
v -321.138 5.29594 109.139 
v -319.852 4.94428 109.128 
v -319.939 4.94428 108.801 
v -319.852 5.06807 109.128 
v -319.939 5.06807 108.801 
v -321.07 4.94428 108.801 
v -321.157 4.94428 109.128 
v -321.157 5.06807 109.128 
v -321.07 5.06807 108.801 
v -319.948 5.32231 108.879 
v -319.92 5.27769 108.85 
v -319.929 5.29642 108.832 
v -319.933 5.28275 108.918 
v -321.061 5.32231 108.879 
v -321.08 5.29642 108.832 
v -321.089 5.27769 108.85 
v -321.075 5.28275 108.918 
v -319.944 5.34968 108.803 
v -319.941 5.48325 108.801 
v -319.966 5.45998 108.843 
v -319.959 5.36768 108.858 
v -319.929 5.29642 108.832 
v -319.948 5.32231 108.879 
v -319.944 5.34968 108.803 
v -321.065 5.34968 108.803 
v -321.043 5.45998 108.843 
v -321.068 5.48325 108.801 
v -321.05 5.36768 108.858 
v -321.08 5.29642 108.832 
v -321.061 5.32231 108.879 
v -321.065 5.34968 108.803 
v -319.89 5.22715 108.99 
v -319.889 5.26729 108.962 
v -319.899 5.28264 108.965 
v -319.883 5.22844 108.98 
v -321.12 5.26729 108.962 
v -321.119 5.22715 108.99 
v -321.11 5.28264 108.965 
v -321.126 5.22844 108.98 
v -319.892 5.22844 108.944 
v -319.893 5.20891 108.964 
v -319.887 5.19951 108.962 
v -319.897 5.22909 108.951 
v -321.117 5.22844 108.944 
v -321.115 5.20891 108.964 
v -321.112 5.22909 108.951 
v -321.121 5.19951 108.962 
v -319.952 5.25051 108.789 
v -319.953 5.25377 108.808 
v -319.944 5.23012 108.803 
v -319.957 5.26372 108.801 
v -319.96 5.27178 108.796 
v -319.96 5.26704 108.778 
v -321.057 5.25051 108.789 
v -321.056 5.25377 108.808 
v -321.052 5.26372 108.801 
v -321.065 5.23012 108.803 
v -321.049 5.27178 108.796 
v -321.049 5.26704 108.778 
v -319.871 5.29594 109.139 
v -319.872 5.28927 109.146 
v -319.845 5.28941 109.127 
v -321.138 5.29594 109.139 
v -321.164 5.28941 109.127 
v -321.137 5.28927 109.146 
v -319.893 5.27707 109.171 
v -319.863 5.26995 109.139 
v -319.864 5.28201 109.149 
v -319.892 5.2516 109.151 
v -321.116 5.27707 109.171 
v -321.146 5.26995 109.139 
v -321.117 5.2516 109.151 
v -321.145 5.28201 109.149 
v -319.869 5.43979 109.132 
v -319.901 5.44545 109.162 
v -319.895 5.42281 109.147 
v -321.14 5.43979 109.132 
v -321.114 5.42281 109.147 
v -321.108 5.44545 109.162 
v -319.894 5.25623 108.964 
v -319.897 5.22909 108.951 
v -319.892 5.22844 108.944 
v -319.889 5.26729 108.962 
v -321.115 5.25623 108.964 
v -321.117 5.22844 108.944 
v -321.112 5.22909 108.951 
v -321.12 5.26729 108.962 
v -319.894 5.25623 108.964 
v -319.89 5.22909 108.976 
v -319.875 5.23112 108.959 
v -321.115 5.25623 108.964 
v -321.134 5.23112 108.959 
v -321.119 5.22909 108.976 
v -319.962 5.22535 108.852 
v -319.93 5.26704 108.83 
v -319.95 5.26026 108.875 
v -319.936 5.25051 108.818 
v -319.962 5.22535 108.852 
v -319.944 5.23012 108.803 
v -319.965 5.1823 108.845 
v -319.929 5.12035 108.795 
v -319.944 5.23012 108.803 
v -319.954 5.12844 108.867 
v -321.047 5.22535 108.852 
v -321.079 5.26704 108.83 
v -321.073 5.25051 108.818 
v -321.059 5.26026 108.875 
v -321.065 5.23012 108.803 
v -321.047 5.22535 108.852 
v -321.044 5.1823 108.845 
v -321.08 5.12035 108.795 
v -321.065 5.23012 108.803 
v -321.055 5.12844 108.867 
v -319.866 5.06486 108.956 
v -319.841 5.00618 109.008 
v -319.868 5.0466 108.957 
v -319.83 5.00618 109.031 
v -319.866 4.94749 108.956 
v -319.841 5.00618 109.008 
v -319.868 4.96575 108.957 
v -321.179 5.00618 109.031 
v -321.143 5.06486 108.956 
v -321.168 5.00618 109.008 
v -321.141 5.0466 108.957 
v -321.168 5.00618 109.008 
v -321.143 4.94749 108.956 
v -321.141 4.96575 108.957 
v -319.916 5.07953 108.97 
v -319.929 5.07953 108.795 
v -319.938 5.09933 108.902 
v -319.929 5.12035 108.795 
v -321.08 5.07953 108.795 
v -321.093 5.07953 108.97 
v -321.07 5.09933 108.902 
v -321.08 5.12035 108.795 
v -319.961 5.28612 108.795 
v -319.961 5.29642 108.776 
v -319.953 5.31211 108.808 
v -319.944 5.34968 108.803 
v -321.048 5.28612 108.795 
v -321.056 5.31211 108.808 
v -321.048 5.29642 108.776 
v -321.065 5.34968 108.803 
v -319.946 5.28612 108.822 
v -319.941 5.27698 108.831 
v -319.93 5.27686 108.796 
v -319.953 5.31211 108.808 
v -321.063 5.28612 108.822 
v -321.078 5.27686 108.796 
v -321.068 5.27698 108.831 
v -321.056 5.31211 108.808 
v -320.036 5.06486 108.659 
v -320.068 5.00618 108.612 
v -320.083 5.00618 108.591 
v -320.038 5.0466 108.661 
v -320.036 4.94749 108.659 
v -320.068 5.00618 108.612 
v -320.038 4.96575 108.661 
v -320.973 5.06486 108.659 
v -320.94 5.00618 108.612 
v -320.971 5.0466 108.661 
v -320.926 5.00618 108.591 
v -320.973 4.94749 108.659 
v -320.94 5.00618 108.612 
v -320.971 4.96575 108.661 
v -319.989 5.00618 108.692 
v -320.038 4.96575 108.661 
v -319.998 5.00618 108.621 
v -321.019 5.00618 108.692 
v -321.011 5.00618 108.621 
v -320.971 4.96575 108.661 
v -319.89 5.22909 108.976 
v -319.893 5.20891 108.964 
v -319.875 5.23112 108.959 
v -321.119 5.22909 108.976 
v -321.134 5.23112 108.959 
v -321.115 5.20891 108.964 
v -320.053 5.26728 108.676 
v -320.041 5.22715 108.701 
v -320.04 5.22844 108.688 
v -320.061 5.28264 108.684 
v -320.041 5.22715 108.701 
v -320.052 5.19951 108.675 
v -320.048 5.18582 108.693 
v -320.041 5.10526 108.701 
v -320.052 5.10549 108.675 
v -320.052 5.19951 108.675 
v -319.929 4.93282 108.795 
v -320.172 4.94428 108.552 
v -319.929 4.94428 108.795 
v -320.172 4.93282 108.552 
v -319.84 4.93282 109.127 
v -319.929 4.93282 108.795 
v -319.84 4.94428 109.127 
v -320.172 5.07953 108.552 
v -319.929 5.07953 108.795 
v -319.929 5.06807 108.795 
v -320.172 5.06807 108.552 
v -319.84 5.06807 109.127 
v -319.929 5.06807 108.795 
v -319.84 5.07953 109.127 
v -320.956 5.26728 108.676 
v -320.968 5.22715 108.701 
v -320.948 5.28264 108.684 
v -320.969 5.22844 108.688 
v -320.968 5.22715 108.701 
v -320.957 5.19951 108.675 
v -320.96 5.18582 108.693 
v -320.957 5.19951 108.675 
v -320.957 5.10549 108.675 
v -320.968 5.10526 108.701 
v -321.08 4.94428 108.795 
v -320.837 4.94428 108.552 
v -321.08 4.93282 108.795 
v -320.837 4.93282 108.552 
v -321.169 4.93282 109.127 
v -321.08 4.93282 108.795 
v -321.169 4.94428 109.127 
v -321.08 5.07953 108.795 
v -320.837 5.07953 108.552 
v -321.08 5.06807 108.795 
v -320.837 5.06807 108.552 
v -321.169 5.06807 109.127 
v -321.08 5.06807 108.795 
v -321.169 5.07953 109.127 
v -319.83 5.00618 109.031 
v -319.916 4.93282 108.97 
v -319.866 4.94749 108.956 
v -319.871 5.00618 109.063 
v -321.179 5.00618 109.031 
v -321.093 4.93282 108.97 
v -321.138 5.00618 109.063 
v -321.143 4.94749 108.956 
v -319.973 5.27769 108.759 
v -319.967 5.27698 108.787 
v -319.96 5.26704 108.778 
v -319.96 5.27178 108.796 
v -321.042 5.27698 108.787 
v -321.036 5.27769 108.759 
v -321.049 5.26704 108.778 
v -321.049 5.27178 108.796 
v -320.504 5.5412 108.469 
v -320.478 5.56058 108.512 
v -320.455 5.55089 108.517 
v -320.504 5.5412 108.469 
v -320.553 5.55089 108.517 
v -320.531 5.56058 108.512 
v -320.504 5.5412 108.469 
v -320.555 5.55089 108.517 
v -320.533 5.56058 108.512 
v -319.961 5.29642 108.776 
v -319.967 5.27698 108.787 
v -319.973 5.27769 108.759 
v -319.961 5.28612 108.795 
v -321.042 5.27698 108.787 
v -321.048 5.29642 108.776 
v -321.036 5.27769 108.759 
v -321.048 5.28612 108.795 
v -320.504 5.5412 108.469 
v -320.476 5.56058 108.512 
v -320.455 5.55089 108.517 
v -319.941 5.48325 108.801 
v -319.924 5.68337 108.788 
v -319.96 5.49876 108.837 
v -321.068 5.48325 108.801 
v -321.048 5.49876 108.837 
v -321.085 5.68337 108.788 
v -320.022 5.07953 108.718 
v -320.051 5.07976 108.674 
v -320.041 5.10526 108.701 
v -320.052 5.10549 108.675 
v -320.987 5.07953 108.718 
v -320.968 5.10526 108.701 
v -320.958 5.07976 108.674 
v -320.957 5.10549 108.675 
v -319.872 5.28927 109.146 
v -319.864 5.28201 109.149 
v -319.871 5.28548 109.138 
v -319.865 5.28979 109.166 
v -321.145 5.28201 109.149 
v -321.137 5.28927 109.146 
v -321.138 5.28548 109.138 
v -321.144 5.28979 109.166 
v -320.184 5.45662 108.572 
v -320.188 5.46956 108.613 
v -320.174 5.46309 108.619 
v -320.825 5.45662 108.572 
v -320.835 5.46309 108.619 
v -320.821 5.46956 108.613 
v -319.871 5.28548 109.138 
v -319.863 5.26995 109.139 
v -319.871 5.27959 109.133 
v -319.864 5.28201 109.149 
v -319.863 5.25508 109.127 
v -319.87 5.27233 109.127 
v -319.871 5.27959 109.133 
v -321.146 5.26995 109.139 
v -321.138 5.28548 109.138 
v -321.138 5.27959 109.133 
v -321.145 5.28201 109.149 
v -321.139 5.27233 109.127 
v -321.146 5.25508 109.127 
v -321.138 5.27959 109.133 
v -319.871 5.29594 109.139 
v -319.864 5.30346 109.151 
v -319.872 5.28927 109.146 
v -319.865 5.28979 109.166 
v -319.87 5.31491 109.127 
v -319.871 5.29594 109.139 
v -319.863 5.34232 109.127 
v -321.138 5.29594 109.139 
v -321.137 5.28927 109.146 
v -321.145 5.30346 109.151 
v -321.144 5.28979 109.166 
v -321.139 5.31491 109.127 
v -321.146 5.34232 109.127 
v -321.138 5.29594 109.139 
v -319.939 4.94428 108.801 
v -320.178 5.06807 108.562 
v -319.939 5.06807 108.801 
v -320.178 4.94428 108.562 
v -321.07 5.06807 108.801 
v -320.831 5.06807 108.562 
v -321.07 4.94428 108.801 
v -320.831 4.94428 108.562 
v -320.154 5.3224 108.626 
v -320.145 5.28518 108.593 
v -320.159 5.30081 108.583 
v -320.127 5.28941 108.648 
v -320.855 5.3224 108.626 
v -320.864 5.28518 108.593 
v -320.882 5.28941 108.648 
v -320.85 5.30081 108.583 
v -320.172 5.12035 108.552 
v -320.131 5.13733 108.645 
v -320.126 5.09933 108.649 
v -320.837 5.12035 108.552 
v -320.883 5.09933 108.649 
v -320.878 5.13733 108.645 
v -319.886 5.07976 108.962 
v -319.904 5.10526 108.939 
v -319.887 5.10549 108.962 
v -319.909 5.07953 108.914 
v -319.901 5.18582 108.949 
v -319.887 5.19951 108.962 
v -321.123 5.07976 108.962 
v -321.105 5.10526 108.939 
v -321.1 5.07953 108.914 
v -321.122 5.10549 108.962 
v -321.108 5.18582 108.949 
v -321.121 5.19951 108.962 
v -320.186 5.26524 108.577 
v -320.194 5.26252 108.563 
v -320.192 5.27353 108.574 
v -320.182 5.24552 108.569 
v -320.204 5.2763 108.558 
v -320.197 5.28026 108.571 
v -320.057 5.2089 108.68 
v -320.065 5.22844 108.663 
v -320.066 5.22909 108.671 
v -320.052 5.19951 108.675 
v -320.815 5.26252 108.563 
v -320.823 5.26524 108.577 
v -320.817 5.27353 108.574 
v -320.827 5.24552 108.569 
v -320.805 5.2763 108.558 
v -320.812 5.28026 108.571 
v -320.944 5.22844 108.663 
v -320.952 5.2089 108.68 
v -320.943 5.22909 108.671 
v -320.957 5.19951 108.675 
v -319.968 5.00618 108.707 
v -320.073 4.93282 108.696 
v -320.036 4.94749 108.659 
v -319.987 5.00618 108.755 
v -320.936 4.93282 108.696 
v -321.041 5.00618 108.707 
v -320.973 4.94749 108.659 
v -321.022 5.00618 108.755 
v -320.182 5.34522 108.569 
v -320.184 5.45662 108.572 
v -320.182 5.43721 108.607 
v -320.17 5.36024 108.615 
v -320.154 5.3224 108.626 
v -320.182 5.34522 108.569 
v -320.159 5.30081 108.583 
v -320.827 5.34522 108.569 
v -320.827 5.43721 108.607 
v -320.825 5.45662 108.572 
v -320.839 5.36024 108.615 
v -320.827 5.34522 108.569 
v -320.855 5.3224 108.626 
v -320.85 5.30081 108.583 
v -319.869 5.43979 109.132 
v -319.9 5.44545 109.104 
v -319.902 5.45111 109.119 
v -321.14 5.43979 109.132 
v -321.107 5.45111 109.119 
v -321.108 5.44545 109.104 
v -320.184 5.45662 108.572 
v -320.243 5.62351 108.651 
v -320.188 5.46956 108.613 
v -320.825 5.45662 108.572 
v -320.821 5.46956 108.613 
v -320.766 5.62351 108.651 
v -320.036 5.06486 108.659 
v -319.968 5.00618 108.707 
v -319.989 5.00618 108.692 
v -320.038 5.0466 108.661 
v -320.036 4.94749 108.659 
v -319.989 5.00618 108.692 
v -320.038 4.96575 108.661 
v -320.971 5.0466 108.661 
v -321.019 5.00618 108.692 
v -320.973 5.06486 108.659 
v -321.041 5.00618 108.707 
v -321.019 5.00618 108.692 
v -320.973 4.94749 108.659 
v -320.971 4.96575 108.661 
v -319.941 5.48325 108.801 
v -319.994 5.49101 108.786 
v -319.982 5.49876 108.8 
v -321.068 5.48325 108.801 
v -321.027 5.49876 108.8 
v -321.015 5.49101 108.786 
v -320.276 5.00618 108.492 
v -320.333 4.96575 108.49 
v -320.319 5.00618 108.436 
v -319.871 5.28548 109.138 
v -319.871 5.27959 109.133 
v -319.845 5.28941 109.127 
v -320.733 5.00618 108.492 
v -320.69 5.00618 108.436 
v -320.676 4.96575 108.49 
v -321.138 5.28548 109.138 
v -321.164 5.28941 109.127 
v -321.138 5.27959 109.133 
v -319.871 5.27959 109.133 
v -319.87 5.27233 109.127 
v -319.845 5.28941 109.127 
v -321.138 5.27959 109.133 
v -321.164 5.28941 109.127 
v -321.139 5.27233 109.127 
v -320.057 5.25622 108.68 
v -320.048 5.22909 108.689 
v -320.043 5.23111 108.666 
v -320.952 5.25622 108.68 
v -320.966 5.23111 108.666 
v -320.961 5.22909 108.689 
v -320.333 5.06486 108.488 
v -320.384 5.00618 108.463 
v -320.408 5.00618 108.452 
v -320.333 5.0466 108.49 
v -320.333 4.94749 108.488 
v -320.384 5.00618 108.463 
v -320.333 4.96575 108.49 
v -320.676 5.06486 108.488 
v -320.625 5.00618 108.463 
v -320.676 5.0466 108.49 
v -320.601 5.00618 108.452 
v -320.676 4.94749 108.488 
v -320.625 5.00618 108.463 
v -320.676 4.96575 108.49 
v -320.057 5.25622 108.68 
v -320.066 5.22909 108.671 
v -320.065 5.22844 108.663 
v -320.053 5.26728 108.676 
v -320.952 5.25622 108.68 
v -320.944 5.22844 108.663 
v -320.943 5.22909 108.671 
v -320.956 5.26728 108.676 
v -320.197 5.28026 108.571 
v -320.204 5.2763 108.558 
v -320.205 5.2846 108.567 
v -320.221 5.28518 108.549 
v -320.812 5.28026 108.571 
v -320.804 5.2846 108.567 
v -320.805 5.2763 108.558 
v -320.788 5.28518 108.549 
v -319.946 5.27178 108.821 
v -319.949 5.26372 108.816 
v -319.93 5.27686 108.796 
v -321.063 5.27178 108.821 
v -321.078 5.27686 108.796 
v -321.06 5.26372 108.816 
v -320.073 5.07953 108.696 
v -320.172 5.07953 108.552 
v -320.126 5.09933 108.649 
v -320.172 5.12035 108.552 
v -320.837 5.07953 108.552 
v -320.936 5.07953 108.696 
v -320.883 5.09933 108.649 
v -320.837 5.12035 108.552 
v -319.84 5.12035 109.127 
v -319.902 5.09933 109.039 
v -319.901 5.13733 109.046 
v -320.172 5.06807 108.552 
v -320.504 5.06807 108.462 
v -320.504 5.07953 108.462 
v -320.172 5.07953 108.552 
v -320.172 4.93282 108.552 
v -320.504 4.93282 108.462 
v -320.504 4.94428 108.462 
v -320.172 4.94428 108.552 
v -321.169 5.12035 109.127 
v -321.108 5.13733 109.046 
v -321.107 5.09933 109.039 
v -320.837 5.07953 108.552 
v -320.504 5.07953 108.462 
v -320.837 5.06807 108.552 
v -320.504 5.06807 108.462 
v -320.837 4.93282 108.552 
v -320.504 4.94428 108.462 
v -320.504 4.93282 108.462 
v -320.837 4.94428 108.552 
v -320.186 5.31389 108.577 
v -320.198 5.29222 108.571 
v -320.206 5.30081 108.557 
v -320.182 5.34522 108.569 
v -320.811 5.29222 108.571 
v -320.823 5.31389 108.577 
v -320.803 5.30081 108.557 
v -320.827 5.34522 108.569 
v -319.949 5.26372 108.816 
v -319.953 5.25377 108.808 
v -319.93 5.27686 108.796 
v -321.06 5.26372 108.816 
v -321.078 5.27686 108.796 
v -321.056 5.25377 108.808 
v -321.107 5.09933 109.039 
v -321.169 5.07953 109.127 
v -321.169 5.12035 109.127 
v -321.093 5.07953 108.97 
v -319.84 5.07953 109.127 
v -319.902 5.09933 109.039 
v -319.84 5.12035 109.127 
v -319.916 5.07953 108.97 
v -319.893 5.32235 109.081 
v -319.865 5.28979 109.089 
v -319.898 5.29348 109.051 
v -319.864 5.30346 109.104 
v -321.144 5.28979 109.089 
v -321.115 5.32235 109.081 
v -321.111 5.29348 109.051 
v -321.145 5.30346 109.104 
v -320.184 5.45662 108.572 
v -320.231 5.46309 108.586 
v -320.219 5.46956 108.595 
v -320.825 5.45662 108.572 
v -320.79 5.46956 108.595 
v -320.778 5.46309 108.586 
v -320.048 5.22909 108.689 
v -320.057 5.2089 108.68 
v -320.043 5.23111 108.666 
v -320.961 5.22909 108.689 
v -320.966 5.23111 108.666 
v -320.952 5.2089 108.68 
v -319.868 4.96575 108.957 
v -319.87 5.00618 108.899 
v -319.813 5.00618 108.942 
v -321.141 4.96575 108.957 
v -321.195 5.00618 108.942 
v -321.139 5.00618 108.899 
v -320.175 5.24154 108.612 
v -320.161 5.2763 108.583 
v -320.156 5.27065 108.624 
v -320.17 5.26252 108.576 
v -320.175 5.24154 108.612 
v -320.182 5.24552 108.569 
v -320.18 5.20564 108.608 
v -320.172 5.12035 108.552 
v -320.182 5.24552 108.569 
v -320.158 5.12844 108.626 
v -320.834 5.24154 108.612 
v -320.848 5.2763 108.583 
v -320.839 5.26252 108.576 
v -320.852 5.27065 108.624 
v -320.827 5.24552 108.569 
v -320.834 5.24154 108.612 
v -320.829 5.20564 108.608 
v -320.837 5.12035 108.552 
v -320.827 5.24552 108.569 
v -320.851 5.12844 108.626 
v -320.186 5.31389 108.577 
v -320.175 5.29222 108.583 
v -320.173 5.28461 108.554 
v -320.168 5.2846 108.588 
v -320.823 5.31389 108.577 
v -320.835 5.28461 108.554 
v -320.834 5.29222 108.583 
v -320.841 5.2846 108.588 
v -320.338 5.19951 108.51 
v -320.316 5.22715 108.526 
v -320.326 5.18582 108.523 
v -320.321 5.22844 108.514 
v -320.338 5.10549 108.51 
v -320.338 5.19951 108.51 
v -320.316 5.10526 108.526 
v -320.683 5.18582 108.523 
v -320.693 5.22715 108.526 
v -320.67 5.19951 108.51 
v -320.688 5.22844 108.514 
v -320.67 5.10549 108.51 
v -320.67 5.19951 108.51 
v -320.693 5.10526 108.526 
v -320.333 5.06486 108.488 
v -320.25 5.00618 108.494 
v -320.276 5.00618 108.492 
v -320.333 5.0466 108.49 
v -320.333 4.94749 108.488 
v -320.276 5.00618 108.492 
v -320.333 4.96575 108.49 
v -320.676 5.0466 108.49 
v -320.733 5.00618 108.492 
v -320.676 5.06486 108.488 
v -320.759 5.00618 108.494 
v -320.733 5.00618 108.492 
v -320.676 4.94749 108.488 
v -320.676 4.96575 108.49 
v -320.178 4.94428 108.562 
v -320.504 4.94428 108.474 
v -320.504 5.06807 108.474 
v -320.178 5.06807 108.562 
v -320.831 4.94428 108.562 
v -320.504 5.06807 108.474 
v -320.504 4.94428 108.474 
v -320.831 5.06807 108.562 
v -320.078 5.10526 108.664 
v -320.051 5.07976 108.674 
v -320.095 5.07953 108.645 
v -320.052 5.10549 108.675 
v -320.958 5.07976 108.674 
v -320.931 5.10526 108.664 
v -320.914 5.07953 108.645 
v -320.957 5.10549 108.675 
v -320.291 5.07953 108.531 
v -320.338 5.07976 108.508 
v -320.316 5.10526 108.526 
v -320.338 5.10549 108.51 
v -320.671 5.07976 108.508 
v -320.718 5.07953 108.531 
v -320.693 5.10526 108.526 
v -320.67 5.10549 108.51 
v -319.941 5.27698 108.831 
v -319.93 5.26704 108.83 
v -319.946 5.27178 108.821 
v -319.92 5.27769 108.85 
v -321.063 5.27178 108.821 
v -321.079 5.26704 108.83 
v -321.068 5.27698 108.831 
v -321.089 5.27769 108.85 
v -319.941 5.48325 108.801 
v -319.955 5.49101 108.855 
v -319.966 5.45998 108.843 
v -321.068 5.48325 108.801 
v -321.043 5.45998 108.843 
v -321.054 5.49101 108.855 
v -320.205 5.2846 108.567 
v -320.206 5.30081 108.557 
v -320.198 5.29222 108.571 
v -320.221 5.28518 108.549 
v -320.804 5.2846 108.567 
v -320.803 5.30081 108.557 
v -320.788 5.28518 108.549 
v -320.811 5.29222 108.571 
v -320.425 5.34017 108.525 
v -320.438 5.28443 108.477 
v -320.465 5.30783 108.475 
v -320.374 5.29076 108.533 
v -320.584 5.34017 108.525 
v -320.571 5.28443 108.477 
v -320.635 5.29076 108.533 
v -320.544 5.30783 108.475 
v -319.93 5.26704 108.83 
v -319.936 5.25051 108.818 
v -319.949 5.26372 108.816 
v -319.946 5.27178 108.821 
v -319.944 5.23012 108.803 
v -319.953 5.25377 108.808 
v -319.949 5.26372 108.816 
v -321.079 5.26704 108.83 
v -321.06 5.26372 108.816 
v -321.073 5.25051 108.818 
v -321.063 5.27178 108.821 
v -321.056 5.25377 108.808 
v -321.065 5.23012 108.803 
v -321.06 5.26372 108.816 
v -320.333 4.96575 108.49 
v -320.384 5.00618 108.463 
v -320.319 5.00618 108.436 
v -320.676 4.96575 108.49 
v -320.69 5.00618 108.436 
v -320.625 5.00618 108.463 
v -319.865 5.28979 109.166 
v -319.893 5.27707 109.171 
v -319.864 5.28201 109.149 
v -319.898 5.29348 109.204 
v -321.144 5.28979 109.166 
v -321.116 5.27707 109.171 
v -321.111 5.29348 109.204 
v -321.145 5.28201 109.149 
v -320.425 5.34017 108.525 
v -320.504 5.37436 108.473 
v -320.455 5.39685 108.524 
v -320.465 5.30783 108.475 
v -320.584 5.34017 108.525 
v -320.554 5.39685 108.524 
v -320.504 5.37436 108.473 
v -320.544 5.30783 108.475 
v -320.484 5.25048 108.474 
v -320.504 5.25456 108.486 
v -320.495 5.26699 108.487 
v -320.504 5.22502 108.473 
v -320.487 5.27706 108.487 
v -320.467 5.27113 108.475 
v -319.92 5.27769 108.85 
v -319.941 5.27698 108.831 
v -319.929 5.29642 108.832 
v -319.946 5.28612 108.822 
v -320.504 5.25456 108.486 
v -320.525 5.25048 108.474 
v -320.514 5.26699 108.487 
v -320.504 5.22502 108.473 
v -320.522 5.27706 108.487 
v -320.542 5.27113 108.475 
v -321.068 5.27698 108.831 
v -321.089 5.27769 108.85 
v -321.08 5.29642 108.832 
v -321.063 5.28612 108.822 
v -320.038 4.96575 108.661 
v -320.068 5.00618 108.612 
v -319.998 5.00618 108.621 
v -320.971 4.96575 108.661 
v -321.011 5.00618 108.621 
v -320.94 5.00618 108.612 
v -319.929 5.29642 108.832 
v -319.953 5.31211 108.808 
v -319.944 5.34968 108.803 
v -319.946 5.28612 108.822 
v -321.056 5.31211 108.808 
v -321.08 5.29642 108.832 
v -321.065 5.34968 108.803 
v -321.063 5.28612 108.822 
v -320.347 4.93282 108.538 
v -320.25 5.00618 108.494 
v -320.242 5.00618 108.546 
v -320.333 4.94749 108.488 
v -320.662 4.93282 108.538 
v -320.759 5.00618 108.494 
v -320.676 4.94749 108.488 
v -320.767 5.00618 108.546 
v -320.473 5.28355 108.488 
v -320.467 5.27113 108.475 
v -320.487 5.27706 108.487 
v -320.438 5.28443 108.477 
v -320.536 5.28355 108.488 
v -320.522 5.27706 108.487 
v -320.542 5.27113 108.475 
v -320.571 5.28443 108.477 
v -321.105 5.22715 108.939 
v -321.121 5.19951 108.962 
v -321.117 5.22844 108.944 
v -321.108 5.18582 108.949 
v -319.904 5.22715 108.939 
v -319.887 5.19951 108.962 
v -319.901 5.18582 108.949 
v -319.892 5.22844 108.944 
v -320.338 5.10549 108.51 
v -320.356 5.18582 108.515 
v -320.338 5.19951 108.51 
v -320.366 5.10526 108.513 
v -320.338 5.07976 108.508 
v -320.366 5.10526 108.513 
v -320.391 5.07953 108.504 
v -320.67 5.10549 108.51 
v -320.653 5.18582 108.515 
v -320.643 5.10526 108.513 
v -320.67 5.19951 108.51 
v -320.643 5.10526 108.513 
v -320.671 5.07976 108.508 
v -320.618 5.07953 108.504 
v -320.168 5.2846 108.588 
v -320.161 5.2763 108.583 
v -320.176 5.28026 108.583 
v -320.145 5.28518 108.593 
v -320.848 5.2763 108.583 
v -320.841 5.2846 108.588 
v -320.833 5.28026 108.583 
v -320.864 5.28518 108.593 
v -320.504 5.12035 108.462 
v -320.423 5.13733 108.522 
v -320.416 5.09933 108.524 
v -320.052 5.10549 108.675 
v -320.07 5.18582 108.671 
v -320.052 5.19951 108.675 
v -320.078 5.10526 108.664 
v -320.504 5.12035 108.462 
v -320.593 5.09933 108.524 
v -320.586 5.13733 108.522 
v -320.957 5.10549 108.675 
v -320.939 5.18582 108.671 
v -320.931 5.10526 108.664 
v -320.957 5.19951 108.675 
v -320.473 5.28355 108.488 
v -320.504 5.28334 108.461 
v -320.485 5.29497 108.487 
v -320.536 5.28355 108.488 
v -320.524 5.29497 108.487 
v -320.504 5.28334 108.461 
v -320.184 5.45662 108.572 
v -320.174 5.46309 108.619 
v -320.182 5.43721 108.607 
v -320.825 5.45662 108.572 
v -320.827 5.43721 108.607 
v -320.835 5.46309 108.619 
v -320.17 5.26252 108.576 
v -320.176 5.28026 108.583 
v -320.161 5.2763 108.583 
v -320.18 5.27353 108.58 
v -320.182 5.24552 108.569 
v -320.186 5.26524 108.577 
v -320.18 5.27353 108.58 
v -320.839 5.26252 108.576 
v -320.833 5.28026 108.583 
v -320.828 5.27353 108.58 
v -320.848 5.2763 108.583 
v -320.823 5.26524 108.577 
v -320.827 5.24552 108.569 
v -320.828 5.27353 108.58 
v -320.485 5.29497 108.487 
v -320.504 5.28334 108.461 
v -320.504 5.32744 108.486 
v -320.524 5.29497 108.487 
v -320.504 5.32744 108.486 
v -320.504 5.28334 108.461 
v -320.316 5.22715 108.526 
v -320.339 5.26728 108.511 
v -320.341 5.28264 108.521 
v -320.321 5.22844 108.514 
v -320.67 5.26728 108.511 
v -320.693 5.22715 108.526 
v -320.667 5.28264 108.521 
v -320.688 5.22844 108.514 
v -320.504 5.37436 108.473 
v -320.465 5.30783 108.475 
v -320.504 5.32744 108.486 
v -320.485 5.29497 108.487 
v -320.34 5.20891 108.516 
v -320.356 5.22844 108.505 
v -320.352 5.22909 108.512 
v -320.338 5.19951 108.51 
v -320.504 5.37436 108.473 
v -320.504 5.32744 108.486 
v -320.544 5.30783 108.475 
v -320.524 5.29497 108.487 
v -320.653 5.22844 108.505 
v -320.669 5.20891 108.516 
v -320.657 5.22909 108.512 
v -320.67 5.19951 108.51 
v -319.929 5.12035 108.795 
v -320.026 5.09933 108.749 
v -320.022 5.13733 108.754 
v -321.08 5.12035 108.795 
v -320.987 5.13733 108.754 
v -320.983 5.09933 108.749 
v -320.416 5.09933 108.524 
v -320.504 5.07953 108.462 
v -320.504 5.12035 108.462 
v -320.347 5.07953 108.538 
v -320.504 5.07953 108.462 
v -320.593 5.09933 108.524 
v -320.504 5.12035 108.462 
v -320.662 5.07953 108.538 
v -320.012 5.32231 108.769 
v -319.973 5.27769 108.759 
v -320.025 5.28941 108.75 
v -319.961 5.29642 108.776 
v -320.997 5.32231 108.769 
v -321.036 5.27769 108.759 
v -321.048 5.29642 108.776 
v -320.984 5.28941 108.75 
v -320.245 5.3224 108.573 
v -320.221 5.28518 108.549 
v -320.277 5.28941 108.56 
v -320.206 5.30081 108.557 
v -320.764 5.3224 108.573 
v -320.788 5.28518 108.549 
v -320.803 5.30081 108.557 
v -320.732 5.28941 108.56 
v -319.92 5.27769 108.85 
v -319.95 5.26026 108.875 
v -319.93 5.26704 108.83 
v -319.933 5.28275 108.918 
v -319.893 5.32235 109.081 
v -319.863 5.34232 109.127 
v -319.864 5.30346 109.104 
v -319.892 5.35546 109.098 
v -319.895 5.42281 109.113 
v -319.863 5.34232 109.127 
v -319.869 5.43979 109.132 
v -321.059 5.26026 108.875 
v -321.089 5.27769 108.85 
v -321.079 5.26704 108.83 
v -321.075 5.28275 108.918 
v -321.115 5.32235 109.081 
v -321.145 5.30346 109.104 
v -321.146 5.34232 109.127 
v -321.117 5.35546 109.098 
v -321.146 5.34232 109.127 
v -321.114 5.42281 109.113 
v -321.14 5.43979 109.132 
v -319.929 5.07953 108.795 
v -320.026 5.09933 108.749 
v -319.929 5.12035 108.795 
v -320.073 5.07953 108.696 
v -320.983 5.09933 108.749 
v -321.08 5.07953 108.795 
v -321.08 5.12035 108.795 
v -320.936 5.07953 108.696 
v -320.473 5.28355 108.488 
v -320.465 5.30783 108.475 
v -320.438 5.28443 108.477 
v -320.485 5.29497 108.487 
v -320.544 5.30783 108.475 
v -320.536 5.28355 108.488 
v -320.571 5.28443 108.477 
v -320.524 5.29497 108.487 
v -319.944 5.34968 108.803 
v -320.012 5.32231 108.769 
v -319.998 5.36768 108.789 
v -319.961 5.29642 108.776 
v -321.065 5.34968 108.803 
v -320.997 5.32231 108.769 
v -321.048 5.29642 108.776 
v -321.01 5.36768 108.789 
v -320.159 5.30081 108.583 
v -320.186 5.31389 108.577 
v -320.182 5.34522 108.569 
v -320.175 5.29222 108.583 
v -320.823 5.31389 108.577 
v -320.85 5.30081 108.583 
v -320.827 5.34522 108.569 
v -320.834 5.29222 108.583 
v -320.145 5.28518 108.593 
v -320.168 5.2846 108.588 
v -320.159 5.30081 108.583 
v -320.175 5.29222 108.583 
v -320.841 5.2846 108.588 
v -320.864 5.28518 108.593 
v -320.85 5.30081 108.583 
v -320.834 5.29222 108.583 
v -320.34 5.25623 108.516 
v -320.328 5.22909 108.519 
v -320.335 5.23111 108.497 
v -320.669 5.25623 108.516 
v -320.674 5.23111 108.497 
v -320.681 5.22909 108.519 
v -320.338 5.19951 108.51 
v -320.366 5.22715 108.513 
v -320.356 5.22844 108.505 
v -320.356 5.18582 108.515 
v -320.67 5.19951 108.51 
v -320.643 5.22715 108.513 
v -320.653 5.18582 108.515 
v -320.653 5.22844 108.505 
v -320.172 5.12035 108.552 
v -320.279 5.09933 108.561 
v -320.273 5.13733 108.563 
v -320.837 5.12035 108.552 
v -320.736 5.13733 108.563 
v -320.73 5.09933 108.561 
v -320.504 4.93282 108.462 
v -320.347 4.93282 108.538 
v -320.504 4.93282 108.517 
v -320.172 4.93282 108.552 
v -320.199 4.93282 108.599 
v -320.073 4.93282 108.696 
v -319.929 4.93282 108.795 
v -319.976 4.93282 108.823 
v -319.916 4.93282 108.97 
v -319.84 4.93282 109.127 
v -319.895 4.93282 109.127 
v -319.916 4.93282 109.285 
v -319.862 4.93282 109.284 
v -319.963 4.93282 109.474 
v -320.007 4.93282 109.442 
v -320.134 4.93282 109.588 
v -320.103 4.93282 109.633 
v -320.303 4.93282 109.683 
v -320.286 4.93282 109.735 
v -320.504 4.93282 109.724 
v -320.504 4.93282 109.779 
v -320.504 4.93282 108.462 
v -320.504 4.93282 108.517 
v -320.662 4.93282 108.538 
v -320.837 4.93282 108.552 
v -320.81 4.93282 108.599 
v -320.936 4.93282 108.696 
v -321.08 4.93282 108.795 
v -321.032 4.93282 108.823 
v -321.093 4.93282 108.97 
v -321.169 4.93282 109.127 
v -321.114 4.93282 109.127 
v -321.093 4.93282 109.285 
v -321.147 4.93282 109.284 
v -321.046 4.93282 109.474 
v -321.002 4.93282 109.442 
v -320.875 4.93282 109.588 
v -320.906 4.93282 109.633 
v -320.705 4.93282 109.683 
v -320.723 4.93282 109.735 
v -320.504 4.93282 109.724 
v -320.504 4.93282 109.779 
v -320.34 5.25623 108.516 
v -320.352 5.22909 108.512 
v -320.356 5.22844 108.505 
v -320.339 5.26728 108.511 
v -320.669 5.25623 108.516 
v -320.653 5.22844 108.505 
v -320.657 5.22909 108.512 
v -320.67 5.26728 108.511 
v -320.408 5.00618 108.452 
v -320.347 4.93282 108.538 
v -320.44 5.00618 108.493 
v -320.333 4.94749 108.488 
v -320.569 5.00618 108.493 
v -320.662 4.93282 108.538 
v -320.601 5.00618 108.452 
v -320.676 4.94749 108.488 
v -320.504 5.37436 108.473 
v -320.504 5.5412 108.469 
v -320.475 5.51214 108.522 
v -320.455 5.39685 108.524 
v -320.504 5.37436 108.473 
v -320.534 5.51214 108.522 
v -320.504 5.5412 108.469 
v -320.554 5.39685 108.524 
v -320.504 5.37436 108.473 
v -320.476 5.51214 108.522 
v -320.455 5.39685 108.524 
v -320.504 5.5412 108.469 
v -320.172 5.07953 108.552 
v -320.279 5.09933 108.561 
v -320.172 5.12035 108.552 
v -320.347 5.07953 108.538 
v -320.504 5.37436 108.473 
v -320.533 5.51214 108.522 
v -320.504 5.5412 108.469 
v -320.554 5.39685 108.524 
v -320.73 5.09933 108.561 
v -320.837 5.07953 108.552 
v -320.837 5.12035 108.552 
v -320.662 5.07953 108.538 
v -320.328 5.22909 108.519 
v -320.34 5.20891 108.516 
v -320.335 5.23111 108.497 
v -320.681 5.22909 108.519 
v -320.674 5.23111 108.497 
v -320.669 5.20891 108.516 
v -320.504 5.22502 108.473 
v -320.463 5.21907 108.523 
v -320.472 5.1653 108.522 
v -320.484 5.25048 108.474 
v -320.546 5.21907 108.523 
v -320.504 5.22502 108.473 
v -320.537 5.1653 108.522 
v -320.525 5.25048 108.474 
v -320.176 5.28026 108.583 
v -320.18 5.27353 108.58 
v -320.173 5.28461 108.554 
v -320.833 5.28026 108.583 
v -320.835 5.28461 108.554 
v -320.828 5.27353 108.58 
v -319.872 5.28927 109.146 
v -319.871 5.28548 109.138 
v -319.845 5.28941 109.127 
v -321.137 5.28927 109.146 
v -321.164 5.28941 109.127 
v -321.138 5.28548 109.138 
v -320.18 5.27353 108.58 
v -320.186 5.26524 108.577 
v -320.173 5.28461 108.554 
v -320.828 5.27353 108.58 
v -320.835 5.28461 108.554 
v -320.823 5.26524 108.577 
v -319.868 5.0466 108.957 
v -319.841 5.00618 109.008 
v -319.813 5.00618 108.942 
v -319.87 5.00618 108.899 
v -319.813 5.00618 108.942 
v -321.141 5.0466 108.957 
v -321.195 5.00618 108.942 
v -321.168 5.00618 109.008 
v -321.139 5.00618 108.899 
v -321.195 5.00618 108.942 
v -319.941 5.27698 108.831 
v -319.946 5.27178 108.821 
v -319.93 5.27686 108.796 
v -321.068 5.27698 108.831 
v -321.078 5.27686 108.796 
v -321.063 5.27178 108.821 
v -319.967 5.27698 108.787 
v -319.961 5.28612 108.795 
v -319.93 5.27686 108.796 
v -321.042 5.27698 108.787 
v -321.078 5.27686 108.796 
v -321.048 5.28612 108.795 
v -320.504 5.12035 108.462 
v -320.472 5.1653 108.522 
v -320.455 5.12844 108.52 
v -320.504 5.22502 108.473 
v -320.537 5.1653 108.522 
v -320.504 5.12035 108.462 
v -320.554 5.12844 108.52 
v -320.504 5.22502 108.473 
v -320.227 5.36024 108.581 
v -320.206 5.30081 108.557 
v -320.245 5.3224 108.573 
v -320.182 5.34522 108.569 
v -320.215 5.43721 108.588 
v -320.182 5.34522 108.569 
v -320.184 5.45662 108.572 
v -320.803 5.30081 108.557 
v -320.782 5.36024 108.581 
v -320.764 5.3224 108.573 
v -320.827 5.34522 108.569 
v -320.827 5.34522 108.569 
v -320.794 5.43721 108.588 
v -320.825 5.45662 108.572 
v -320.484 5.25048 108.474 
v -320.43 5.26266 108.525 
v -320.463 5.21907 108.523 
v -320.467 5.27113 108.475 
v -320.578 5.26266 108.525 
v -320.525 5.25048 108.474 
v -320.546 5.21907 108.523 
v -320.542 5.27113 108.475 
v -320.073 4.93282 108.696 
v -320.083 5.00618 108.591 
v -320.036 4.94749 108.659 
v -320.132 5.00618 108.61 
v -320.936 4.93282 108.696 
v -320.926 5.00618 108.591 
v -320.877 5.00618 108.61 
v -320.973 4.94749 108.659 
v -320.321 5.22844 108.514 
v -320.338 5.19951 108.51 
v -320.34 5.20891 108.516 
v -320.328 5.22909 108.519 
v -320.688 5.22844 108.514 
v -320.669 5.20891 108.516 
v -320.67 5.19951 108.51 
v -320.681 5.22909 108.519 
v -320.078 5.22715 108.664 
v -320.061 5.28264 108.684 
v -320.053 5.26728 108.676 
v -320.065 5.22844 108.663 
v -320.052 5.19951 108.675 
v -320.07 5.18582 108.671 
v -320.065 5.22844 108.663 
v -320.956 5.26728 108.676 
v -320.931 5.22715 108.664 
v -320.944 5.22844 108.663 
v -320.948 5.28264 108.684 
v -320.957 5.19951 108.675 
v -320.944 5.22844 108.663 
v -320.939 5.18582 108.671 
v -319.916 5.07953 108.97 
v -319.83 5.00618 109.031 
v -319.866 5.06486 108.956 
v -319.871 5.00618 109.063 
v -321.093 5.07953 108.97 
v -321.179 5.00618 109.031 
v -321.138 5.00618 109.063 
v -321.143 5.06486 108.956 
v -319.883 5.22844 108.98 
v -319.887 5.19951 108.962 
v -319.893 5.20891 108.964 
v -319.89 5.22909 108.976 
v -321.121 5.19951 108.962 
v -321.126 5.22844 108.98 
v -321.115 5.20891 108.964 
v -321.119 5.22909 108.976 
v -319.863 5.25508 109.127 
v -319.892 5.2516 109.103 
v -319.863 5.26995 109.115 
v -319.892 5.22018 109.108 
v -321.117 5.2516 109.103 
v -321.146 5.25508 109.127 
v -321.146 5.26995 109.115 
v -321.117 5.22018 109.108 
v -319.872 5.00618 108.873 
v -319.866 4.94749 108.956 
v -319.916 4.93282 108.97 
v -319.924 5.00618 108.866 
v -321.137 5.00618 108.873 
v -321.093 4.93282 108.97 
v -321.143 4.94749 108.956 
v -321.085 5.00618 108.866 
v -319.872 5.28927 109.109 
v -319.871 5.29594 109.116 
v -319.845 5.28941 109.127 
v -321.137 5.28927 109.109 
v -321.164 5.28941 109.127 
v -321.138 5.29594 109.116 
v -320.205 5.2846 108.567 
v -320.198 5.29222 108.571 
v -320.173 5.28461 108.554 
v -320.804 5.2846 108.567 
v -320.835 5.28461 108.554 
v -320.811 5.29222 108.571 
v -320.366 5.22715 108.513 
v -320.341 5.28264 108.521 
v -320.339 5.26728 108.511 
v -320.356 5.22844 108.505 
v -320.67 5.26728 108.511 
v -320.643 5.22715 108.513 
v -320.653 5.22844 108.505 
v -320.667 5.28264 108.521 
v -320.145 5.28518 108.593 
v -320.156 5.27065 108.624 
v -320.161 5.2763 108.583 
v -320.127 5.28941 108.648 
v -320.864 5.28518 108.593 
v -320.852 5.27065 108.624 
v -320.882 5.28941 108.648 
v -320.848 5.2763 108.583 
v -320.495 5.26699 108.487 
v -320.504 5.25456 108.486 
v -320.504 5.28334 108.461 
v -320.487 5.27706 108.487 
v -320.495 5.26699 108.487 
v -320.504 5.28334 108.461 
v -319.869 5.43979 109.132 
v -319.895 5.42281 109.113 
v -319.9 5.44545 109.104 
v -321.14 5.43979 109.132 
v -321.108 5.44545 109.104 
v -321.114 5.42281 109.113 
v -319.961 5.28612 108.795 
v -319.953 5.31211 108.808 
v -319.93 5.27686 108.796 
v -321.048 5.28612 108.795 
v -321.078 5.27686 108.796 
v -321.056 5.31211 108.808 
v -320.504 5.5412 108.469 
v -320.504 5.79116 108.423 
v -320.476 5.56058 108.512 
v -320.504 5.5412 108.469 
v -320.533 5.56058 108.512 
v -320.504 5.79116 108.423 
v -319.84 5.12035 109.127 
v -319.892 5.22018 109.108 
v -319.863 5.25508 109.127 
v -319.898 5.12844 109.078 
v -321.169 5.12035 109.127 
v -321.117 5.22018 109.108 
v -321.111 5.12844 109.078 
v -321.146 5.25508 109.127 
v -320.504 5.79116 108.423 
v -320.478 5.56058 108.512 
v -320.504 5.5412 108.469 
v -320.504 5.79116 108.423 
v -320.504 5.5412 108.469 
v -320.531 5.56058 108.512 
v -320.514 5.26699 108.487 
v -320.504 5.28334 108.461 
v -320.504 5.25456 108.486 
v -320.522 5.27706 108.487 
v -320.536 5.28355 108.488 
v -320.504 5.28334 108.461 
v -320.04 5.22844 108.688 
v -320.052 5.19951 108.675 
v -320.057 5.2089 108.68 
v -320.048 5.22909 108.689 
v -320.969 5.22844 108.688 
v -320.952 5.2089 108.68 
v -320.957 5.19951 108.675 
v -320.961 5.22909 108.689 
v -320.038 5.0466 108.661 
v -319.989 5.00618 108.692 
v -319.998 5.00618 108.621 
v -320.068 5.00618 108.612 
v -319.998 5.00618 108.621 
v -320.971 5.0466 108.661 
v -321.011 5.00618 108.621 
v -321.019 5.00618 108.692 
v -320.94 5.00618 108.612 
v -321.011 5.00618 108.621 
v -319.863 5.26995 109.115 
v -319.893 5.27707 109.084 
v -319.864 5.28201 109.106 
v -319.892 5.2516 109.103 
v -319.934 5.58582 109.158 
v -319.869 5.43979 109.132 
v -319.902 5.45111 109.119 
v -321.146 5.26995 109.115 
v -321.116 5.27707 109.084 
v -321.117 5.2516 109.103 
v -321.145 5.28201 109.106 
v -321.075 5.58582 109.158 
v -321.107 5.45111 109.119 
v -321.14 5.43979 109.132 
v -320.243 5.62351 108.651 
v -320.184 5.45662 108.572 
v -320.219 5.46956 108.595 
v -320.766 5.62351 108.651 
v -320.79 5.46956 108.595 
v -320.825 5.45662 108.572 
v -320.352 5.22909 108.512 
v -320.34 5.25623 108.516 
v -320.335 5.23111 108.497 
v -320.657 5.22909 108.512 
v -320.674 5.23111 108.497 
v -320.669 5.25623 108.516 
v -320.321 5.22844 108.514 
v -320.34 5.25623 108.516 
v -320.339 5.26728 108.511 
v -320.328 5.22909 108.519 
v -320.669 5.25623 108.516 
v -320.688 5.22844 108.514 
v -320.67 5.26728 108.511 
v -320.681 5.22909 108.519 
v -320.198 5.29222 108.571 
v -320.186 5.31389 108.577 
v -320.173 5.28461 108.554 
v -320.811 5.29222 108.571 
v -320.835 5.28461 108.554 
v -320.823 5.31389 108.577 
v -320.333 5.0466 108.49 
v -320.276 5.00618 108.492 
v -320.319 5.00618 108.436 
v -320.676 5.0466 108.49 
v -320.69 5.00618 108.436 
v -320.733 5.00618 108.492 
v -320.194 5.26252 108.563 
v -320.222 5.24154 108.584 
v -320.204 5.2763 108.558 
v -320.242 5.27065 108.574 
v -320.182 5.24552 108.569 
v -320.194 5.26252 108.563 
v -320.217 5.20564 108.587 
v -320.172 5.12035 108.552 
v -320.243 5.12844 108.577 
v -320.182 5.24552 108.569 
v -319.889 5.26729 108.962 
v -319.892 5.22844 108.944 
v -319.904 5.22715 108.939 
v -319.899 5.28264 108.965 
v -320.805 5.2763 108.558 
v -320.767 5.27065 108.574 
v -320.787 5.24154 108.584 
v -320.815 5.26252 108.563 
v -320.827 5.24552 108.569 
v -320.815 5.26252 108.563 
v -320.792 5.20564 108.587 
v -320.837 5.12035 108.552 
v -320.827 5.24552 108.569 
v -320.766 5.12844 108.577 
v -321.12 5.26729 108.962 
v -321.105 5.22715 108.939 
v -321.117 5.22844 108.944 
v -321.11 5.28264 108.965 
v -320.34 5.20891 108.516 
v -320.352 5.22909 108.512 
v -320.335 5.23111 108.497 
v -320.669 5.20891 108.516 
v -320.674 5.23111 108.497 
v -320.657 5.22909 108.512 
v -319.871 5.29594 109.116 
v -319.87 5.31491 109.127 
v -319.845 5.28941 109.127 
v -321.138 5.29594 109.116 
v -321.164 5.28941 109.127 
v -321.139 5.31491 109.127 
v -319.944 5.34968 108.803 
v -319.989 5.45998 108.802 
v -319.941 5.48325 108.801 
v -319.998 5.36768 108.789 
v -321.065 5.34968 108.803 
v -321.02 5.45998 108.802 
v -321.01 5.36768 108.789 
v -321.068 5.48325 108.801 
v -319.883 5.22844 108.98 
v -319.894 5.25623 108.964 
v -319.889 5.26729 108.962 
v -319.89 5.22909 108.976 
v -321.115 5.25623 108.964 
v -321.126 5.22844 108.98 
v -321.12 5.26729 108.962 
v -321.119 5.22909 108.976 
v -319.968 5.00618 108.707 
v -320.036 5.06486 108.659 
v -320.073 5.07953 108.696 
v -319.987 5.00618 108.755 
v -319.882 5.07953 109.014 
v -319.909 5.07953 108.914 
v -319.886 5.07976 108.962 
v -321.041 5.00618 108.707 
v -320.936 5.07953 108.696 
v -320.973 5.06486 108.659 
v -321.022 5.00618 108.755 
v -321.127 5.07953 109.014 
v -321.123 5.07976 108.962 
v -321.1 5.07953 108.914 
v -319.873 5.06807 109.281 
v -319.963 5.06807 109.474 
v -319.973 5.06807 109.467 
v -320.11 5.06807 109.624 
v -319.862 5.06807 109.284 
v -320.103 5.06807 109.633 
v -320.286 5.06807 109.735 
v -320.29 5.06807 109.724 
v -319.852 5.06807 109.128 
v -319.84 5.06807 109.127 
v -319.939 5.06807 108.801 
v -319.929 5.06807 108.795 
v -320.178 5.06807 108.562 
v -320.172 5.06807 108.552 
v -320.504 5.06807 108.474 
v -320.504 5.06807 108.462 
v -320.504 5.06807 109.767 
v -320.29 5.06807 109.724 
v -320.286 5.06807 109.735 
v -320.504 5.06807 109.779 
v -321.136 5.06807 109.281 
v -321.046 5.06807 109.474 
v -321.147 5.06807 109.284 
v -321.036 5.06807 109.467 
v -321.157 5.06807 109.128 
v -320.899 5.06807 109.624 
v -321.169 5.06807 109.127 
v -320.906 5.06807 109.633 
v -320.723 5.06807 109.735 
v -320.719 5.06807 109.724 
v -321.07 5.06807 108.801 
v -321.08 5.06807 108.795 
v -320.831 5.06807 108.562 
v -320.837 5.06807 108.552 
v -320.504 5.06807 108.474 
v -320.504 5.06807 108.462 
v -320.719 5.06807 109.724 
v -320.504 5.06807 109.767 
v -320.723 5.06807 109.735 
v -320.504 5.06807 109.779 
v -320.022 5.07953 108.718 
v -320.095 5.07953 108.645 
v -320.051 5.07976 108.674 
v -320.987 5.07953 108.718 
v -320.958 5.07976 108.674 
v -320.914 5.07953 108.645 
v -320.168 5.2846 108.588 
v -320.176 5.28026 108.583 
v -320.173 5.28461 108.554 
v -320.841 5.2846 108.588 
v -320.835 5.28461 108.554 
v -320.833 5.28026 108.583 
v -320.291 5.07953 108.531 
v -320.391 5.07953 108.504 
v -320.338 5.07976 108.508 
v -320.718 5.07953 108.531 
v -320.671 5.07976 108.508 
v -320.618 5.07953 108.504 
v -319.995 5.22535 108.794 
v -319.96 5.26704 108.778 
v -319.952 5.25051 108.789 
v -320.009 5.26026 108.773 
v -321.014 5.22535 108.794 
v -321.057 5.25051 108.789 
v -321.049 5.26704 108.778 
v -321 5.26026 108.773 
v -320.438 5.28443 108.477 
v -320.374 5.29076 108.533 
v -320.43 5.26266 108.525 
v -320.467 5.27113 108.475 
v -320.542 5.27113 108.475 
v -320.578 5.26266 108.525 
v -320.571 5.28443 108.477 
v -320.635 5.29076 108.533 
v -319.944 5.23012 108.803 
v -319.995 5.22535 108.794 
v -319.952 5.25051 108.789 
v -319.991 5.1823 108.8 
v -319.929 5.12035 108.795 
v -320.004 5.12844 108.781 
v -319.944 5.23012 108.803 
v -321.014 5.22535 108.794 
v -321.065 5.23012 108.803 
v -321.057 5.25051 108.789 
v -321.018 5.1823 108.8 
v -321.08 5.12035 108.795 
v -321.065 5.23012 108.803 
v -321.005 5.12844 108.781 
v -320.487 5.27706 108.487 
v -320.504 5.28334 108.461 
v -320.473 5.28355 108.488 
v -320.04 5.22844 108.688 
v -320.057 5.25622 108.68 
v -320.053 5.26728 108.676 
v -320.048 5.22909 108.689 
v -320.952 5.25622 108.68 
v -320.969 5.22844 108.688 
v -320.956 5.26728 108.676 
v -320.961 5.22909 108.689 
v -319.893 5.20891 108.964 
v -319.897 5.22909 108.951 
v -319.875 5.23112 108.959 
v -321.115 5.20891 108.964 
v -321.134 5.23112 108.959 
v -321.112 5.22909 108.951 
v -319.897 5.22909 108.951 
v -319.894 5.25623 108.964 
v -319.875 5.23112 108.959 
v -321.112 5.22909 108.951 
v -321.134 5.23112 108.959 
v -321.115 5.25623 108.964 
v -319.898 5.29348 109.051 
v -319.865 5.28979 109.089 
v -319.893 5.27707 109.084 
v -319.864 5.28201 109.106 
v -321.116 5.27707 109.084 
v -321.145 5.28201 109.106 
v -321.144 5.28979 109.089 
v -321.111 5.29348 109.051 
v -320.066 5.22909 108.671 
v -320.057 5.25622 108.68 
v -320.043 5.23111 108.666 
v -320.943 5.22909 108.671 
v -320.966 5.23111 108.666 
v -320.952 5.25622 108.68 
v -320.504 5.5412 108.469 
v -320.455 5.55089 108.517 
v -320.475 5.51214 108.522 
v -320.184 5.45662 108.572 
v -320.215 5.43721 108.588 
v -320.231 5.46309 108.586 
v -320.825 5.45662 108.572 
v -320.778 5.46309 108.586 
v -320.794 5.43721 108.588 
v -320.504 5.5412 108.469 
v -320.534 5.51214 108.522 
v -320.555 5.55089 108.517 
v -320.057 5.2089 108.68 
v -320.066 5.22909 108.671 
v -320.043 5.23111 108.666 
v -320.952 5.2089 108.68 
v -320.966 5.23111 108.666 
v -320.943 5.22909 108.671 
v -320.384 5.00618 108.463 
v -320.333 5.0466 108.49 
v -320.319 5.00618 108.436 
v -320.625 5.00618 108.463 
v -320.69 5.00618 108.436 
v -320.676 5.0466 108.49 
v -320.504 5.5412 108.469 
v -320.533 5.51214 108.522 
v -320.553 5.55089 108.517 
v -320.504 5.5412 108.469 
v -320.455 5.55089 108.517 
v -320.476 5.51214 108.522 
v -320.204 5.2763 108.558 
v -320.242 5.27065 108.574 
v -320.221 5.28518 108.549 
v -320.277 5.28941 108.56 
v -320.767 5.27065 108.574 
v -320.805 5.2763 108.558 
v -320.788 5.28518 108.549 
v -320.732 5.28941 108.56 
v -319.953 5.25377 108.808 
v -319.957 5.26372 108.801 
v -319.93 5.27686 108.796 
v -321.056 5.25377 108.808 
v -321.078 5.27686 108.796 
v -321.052 5.26372 108.801 
v -319.957 5.26372 108.801 
v -319.96 5.27178 108.796 
v -319.93 5.27686 108.796 
v -321.052 5.26372 108.801 
v -321.078 5.27686 108.796 
v -321.049 5.27178 108.796 
v -320.347 5.07953 108.538 
v -320.242 5.00618 108.546 
v -320.25 5.00618 108.494 
v -320.333 5.06486 108.488 
v -320.676 5.06486 108.488 
v -320.759 5.00618 108.494 
v -320.662 5.07953 108.538 
v -320.767 5.00618 108.546 
v -319.924 5.68337 108.788 
v -319.941 5.48325 108.801 
v -319.982 5.49876 108.8 
v -321.085 5.68337 108.788 
v -321.027 5.49876 108.8 
v -321.068 5.48325 108.801 
v -319.96 5.26704 108.778 
v -320.009 5.26026 108.773 
v -319.973 5.27769 108.759 
v -320.025 5.28941 108.75 
v -321 5.26026 108.773 
v -321.049 5.26704 108.778 
v -321.036 5.27769 108.759 
v -320.984 5.28941 108.75 
v -319.96 5.27178 108.796 
v -319.967 5.27698 108.787 
v -319.93 5.27686 108.796 
v -321.049 5.27178 108.796 
v -321.078 5.27686 108.796 
v -321.042 5.27698 108.787 
v -320.186 5.26524 108.577 
v -320.192 5.27353 108.574 
v -320.173 5.28461 108.554 
v -320.823 5.26524 108.577 
v -320.835 5.28461 108.554 
v -320.817 5.27353 108.574 
v -319.941 5.48325 108.801 
v -319.989 5.45998 108.802 
v -319.994 5.49101 108.786 
v -321.068 5.48325 108.801 
v -321.015 5.49101 108.786 
v -321.02 5.45998 108.802 
v -320.192 5.27353 108.574 
v -320.197 5.28026 108.571 
v -320.173 5.28461 108.554 
v -320.817 5.27353 108.574 
v -320.835 5.28461 108.554 
v -320.812 5.28026 108.571 
v -320.197 5.28026 108.571 
v -320.205 5.2846 108.567 
v -320.173 5.28461 108.554 
v -320.812 5.28026 108.571 
v -320.835 5.28461 108.554 
v -320.804 5.2846 108.567 
v -319.871 5.28548 109.117 
v -319.872 5.28927 109.109 
v -319.845 5.28941 109.127 
v -321.138 5.28548 109.117 
v -321.164 5.28941 109.127 
v -321.137 5.28927 109.109 
v -319.87 5.27233 109.127 
v -319.871 5.27959 109.122 
v -319.845 5.28941 109.127 
v -321.139 5.27233 109.127 
v -321.164 5.28941 109.127 
v -321.138 5.27959 109.122 
v -319.871 5.27959 109.122 
v -319.871 5.28548 109.117 
v -319.845 5.28941 109.127 
v -321.138 5.27959 109.122 
v -321.164 5.28941 109.127 
v -321.138 5.28548 109.117 
v -319.929 5.12035 108.795 
v -320.022 5.13733 108.754 
v -320.004 5.12844 108.781 
v -321.08 5.12035 108.795 
v -321.005 5.12844 108.781 
v -320.987 5.13733 108.754 
v -320.408 5.00618 108.452 
v -320.347 5.07953 108.538 
v -320.333 5.06486 108.488 
v -320.44 5.00618 108.493 
v -320.601 5.00618 108.452 
v -320.662 5.07953 108.538 
v -320.569 5.00618 108.493 
v -320.676 5.06486 108.488 
v -319.84 5.12035 109.127 
v -319.901 5.13733 109.046 
v -319.898 5.12844 109.078 
v -321.169 5.12035 109.127 
v -321.111 5.12844 109.078 
v -321.108 5.13733 109.046 
v -320.172 5.12035 108.552 
v -320.273 5.13733 108.563 
v -320.243 5.12844 108.577 
v -320.837 5.12035 108.552 
v -320.766 5.12844 108.577 
v -320.736 5.13733 108.563 
v -320.504 5.12035 108.462 
v -320.455 5.12844 108.52 
v -320.423 5.13733 108.522 
v -320.504 5.12035 108.462 
v -320.586 5.13733 108.522 
v -320.554 5.12844 108.52 
v -320.083 5.00618 108.591 
v -320.073 5.07953 108.696 
v -320.036 5.06486 108.659 
v -320.132 5.00618 108.61 
v -320.926 5.00618 108.591 
v -320.936 5.07953 108.696 
v -320.877 5.00618 108.61 
v -320.973 5.06486 108.659 
v -319.963 5.07953 109.474 
v -319.916 5.07953 109.285 
v -320.007 5.07953 109.442 
v -320.134 5.07953 109.588 
v -319.862 5.07953 109.284 
v -319.84 5.07953 109.127 
v -320.103 5.07953 109.633 
v -320.303 5.07953 109.683 
v -320.286 5.07953 109.735 
v -320.504 5.07953 109.724 
v -320.504 5.07953 109.779 
v -319.916 5.07953 108.97 
v -319.84 5.07953 109.127 
v -319.882 5.07953 109.014 
v -319.929 5.07953 108.795 
v -319.905 5.07953 108.967 
v -319.909 5.07953 108.914 
v -320.172 5.07953 108.552 
v -320.073 5.07953 108.696 
v -320.095 5.07953 108.645 
v -319.929 5.07953 108.795 
v -320.065 5.07953 108.688 
v -320.022 5.07953 108.718 
v -320.504 5.07953 108.462 
v -320.347 5.07953 108.538 
v -320.391 5.07953 108.504 
v -320.172 5.07953 108.552 
v -320.343 5.07953 108.527 
v -320.291 5.07953 108.531 
v -321.093 5.07953 109.285 
v -321.046 5.07953 109.474 
v -321.002 5.07953 109.442 
v -320.875 5.07953 109.588 
v -321.147 5.07953 109.284 
v -321.169 5.07953 109.127 
v -320.906 5.07953 109.633 
v -320.705 5.07953 109.683 
v -320.723 5.07953 109.735 
v -320.504 5.07953 109.724 
v -320.504 5.07953 109.779 
v -321.169 5.07953 109.127 
v -321.093 5.07953 108.97 
v -321.127 5.07953 109.014 
v -321.08 5.07953 108.795 
v -321.104 5.07953 108.967 
v -321.1 5.07953 108.914 
v -320.936 5.07953 108.696 
v -320.914 5.07953 108.645 
v -320.944 5.07953 108.688 
v -320.987 5.07953 108.718 
v -320.837 5.07953 108.552 
v -321.08 5.07953 108.795 
v -320.662 5.07953 108.538 
v -320.618 5.07953 108.504 
v -320.666 5.07953 108.527 
v -320.718 5.07953 108.531 
v -320.504 5.07953 108.462 
v -320.837 5.07953 108.552 
v -320.478 5.56058 108.512 
v -320.555 5.55089 108.517 
v -320.455 5.55089 108.517 
v -320.533 5.56058 108.512 
v -319.916 5.07953 108.97 
v -319.872 5.00618 108.873 
v -319.924 5.00618 108.866 
v -319.866 5.06486 108.956 
v -320.455 5.55089 108.517 
v -320.533 5.56058 108.512 
v -320.555 5.55089 108.517 
v -320.476 5.56058 108.512 
v -321.093 5.07953 108.97 
v -321.137 5.00618 108.873 
v -321.143 5.06486 108.956 
v -321.085 5.00618 108.866 
v -320.172 5.12035 108.552 
v -320.158 5.12844 108.626 
v -320.131 5.13733 108.645 
v -320.837 5.12035 108.552 
v -320.878 5.13733 108.645 
v -320.851 5.12844 108.626 
v -320.533 5.56058 108.512 
v -320.476 5.56058 108.512 
v -320.504 5.79116 108.423 
v -320.478 5.56058 108.512 
v -320.504 5.79116 108.423 
v -320.533 5.56058 108.512 
v -319.929 5.12035 108.795 
v -319.954 5.12844 108.867 
v -319.941 5.13733 108.896 
v -321.08 5.12035 108.795 
v -321.068 5.13733 108.896 
v -321.055 5.12844 108.867 
v -319.84 5.12035 109.127 
v -319.898 5.12844 109.177 
v -319.901 5.13733 109.209 
v -321.169 5.12035 109.127 
v -321.108 5.13733 109.209 
v -321.11 5.12844 109.177 
v -320.11 4.94428 109.624 
v -319.963 4.94428 109.474 
v -319.973 4.94428 109.467 
v -319.873 4.94428 109.281 
v -320.103 4.94428 109.633 
v -319.862 4.94428 109.284 
v -320.286 4.94428 109.735 
v -319.852 4.94428 109.128 
v -320.29 4.94428 109.724 
v -320.504 4.94428 109.767 
v -320.504 4.94428 109.779 
v -319.84 4.94428 109.127 
v -319.939 4.94428 108.801 
v -319.929 4.94428 108.795 
v -320.178 4.94428 108.562 
v -320.172 4.94428 108.552 
v -320.504 4.94428 108.474 
v -320.504 4.94428 108.462 
v -321.046 4.94428 109.474 
v -320.899 4.94428 109.624 
v -321.036 4.94428 109.467 
v -321.136 4.94428 109.281 
v -320.906 4.94428 109.633 
v -321.147 4.94428 109.284 
v -320.723 4.94428 109.735 
v -321.157 4.94428 109.128 
v -320.719 4.94428 109.724 
v -320.504 4.94428 109.767 
v -320.504 4.94428 109.779 
v -321.169 4.94428 109.127 
v -321.07 4.94428 108.801 
v -321.08 4.94428 108.795 
v -320.831 4.94428 108.562 
v -320.837 4.94428 108.552 
v -320.504 4.94428 108.474 
v -320.504 4.94428 108.462 
v -320.455 5.55089 108.517 
v -320.555 5.55089 108.517 
v -320.534 5.51214 108.522 
v -320.475 5.51214 108.522 
v -319.994 5.49101 108.786 
v -319.955 5.49101 108.855 
v -319.96 5.49876 108.837 
v -319.982 5.49876 108.8 
v -320.662 5.07953 108.538 
v -320.504 4.93282 108.517 
v -320.347 5.07953 108.538 
v -321.054 5.49101 108.855 
v -321.015 5.49101 108.786 
v -321.048 5.49876 108.837 
v -321.027 5.49876 108.8 
v -320.662 5.07953 108.538 
v -320.347 5.07953 108.538 
v -320.416 5.09933 108.524 
v -320.593 5.09933 108.524 
v -320.554 5.12844 108.52 
v -320.593 5.09933 108.524 
v -320.455 5.12844 108.52 
v -320.423 5.13733 108.522 
v -320.416 5.09933 108.524 
v -320.472 5.1653 108.522 
v -320.586 5.13733 108.522 
v -320.593 5.09933 108.524 
v -320.537 5.1653 108.522 
v -320.463 5.21907 108.523 
v -320.546 5.21907 108.523 
v -320.43 5.26266 108.525 
v -320.578 5.26266 108.525 
v -320.374 5.29076 108.533 
v -320.635 5.29076 108.533 
v -320.584 5.34017 108.525 
v -320.425 5.34017 108.525 
v -320.455 5.39685 108.524 
v -320.554 5.39685 108.524 
v -320.554 5.39685 108.524 
v -320.455 5.39685 108.524 
v -320.476 5.51214 108.522 
v -320.534 5.51214 108.522 
v -320.455 5.39685 108.524 
v -320.533 5.51214 108.522 
v -320.554 5.39685 108.524 
v -320.475 5.51214 108.522 
v -320.347 4.93282 108.538 
v -320.347 5.07953 108.538 
v -320.504 4.93282 108.517 
v -320.662 4.93282 108.538 
v -320.504 4.93282 108.517 
v -320.662 5.07953 108.538 
v -320.199 4.93282 108.599 
v -320.073 5.07953 108.696 
v -320.347 5.07953 108.538 
v -320.81 4.93282 108.599 
v -320.662 5.07953 108.538 
v -320.936 5.07953 108.696 
v -320.347 4.93282 108.538 
v -320.199 4.93282 108.599 
v -320.347 5.07953 108.538 
v -320.662 4.93282 108.538 
v -320.662 5.07953 108.538 
v -320.81 4.93282 108.599 
v -320.273 5.13733 108.563 
v -320.279 5.09933 108.561 
v -320.243 5.12844 108.577 
v -320.736 5.13733 108.563 
v -320.766 5.12844 108.577 
v -320.73 5.09933 108.561 
v -320.316 5.10526 108.526 
v -320.342 5.10526 108.524 
v -320.343 5.07953 108.527 
v -320.291 5.07953 108.531 
v -320.326 5.18582 108.523 
v -320.342 5.18582 108.524 
v -320.342 5.22715 108.524 
v -320.316 5.22715 108.526 
v -320.341 5.28264 108.521 
v -320.366 5.22715 108.513 
v -320.342 5.22715 108.524 
v -320.356 5.18582 108.515 
v -320.342 5.18582 108.524 
v -320.342 5.10526 108.524 
v -320.366 5.10526 108.513 
v -320.343 5.07953 108.527 
v -320.391 5.07953 108.504 
v -320.693 5.10526 108.526 
v -320.666 5.07953 108.527 
v -320.667 5.10526 108.524 
v -320.718 5.07953 108.531 
v -320.683 5.18582 108.523 
v -320.667 5.18582 108.524 
v -320.667 5.22715 108.524 
v -320.693 5.22715 108.526 
v -320.667 5.28264 108.521 
v -320.643 5.22715 108.513 
v -320.667 5.22715 108.524 
v -320.653 5.18582 108.515 
v -320.667 5.18582 108.524 
v -320.667 5.10526 108.524 
v -320.643 5.10526 108.513 
v -320.666 5.07953 108.527 
v -320.618 5.07953 108.504 
v -320.245 5.3224 108.573 
v -320.127 5.28941 108.648 
v -320.154 5.3224 108.626 
v -320.277 5.28941 108.56 
v -320.242 5.27065 108.574 
v -320.156 5.27065 108.624 
v -320.222 5.24154 108.584 
v -320.175 5.24154 108.612 
v -320.217 5.20564 108.587 
v -320.18 5.20564 108.608 
v -320.158 5.12844 108.626 
v -320.243 5.12844 108.577 
v -320.131 5.13733 108.645 
v -320.126 5.09933 108.649 
v -320.126 5.09933 108.649 
v -320.279 5.09933 108.561 
v -320.279 5.09933 108.561 
v -320.073 5.07953 108.696 
v -320.347 5.07953 108.538 
v -320.882 5.28941 108.648 
v -320.764 5.3224 108.573 
v -320.855 5.3224 108.626 
v -320.732 5.28941 108.56 
v -320.767 5.27065 108.574 
v -320.852 5.27065 108.624 
v -320.787 5.24154 108.584 
v -320.834 5.24154 108.612 
v -320.792 5.20564 108.587 
v -320.829 5.20564 108.608 
v -320.851 5.12844 108.626 
v -320.766 5.12844 108.577 
v -320.878 5.13733 108.645 
v -320.883 5.09933 108.649 
v -320.883 5.09933 108.649 
v -320.73 5.09933 108.561 
v -320.936 5.07953 108.696 
v -320.73 5.09933 108.561 
v -320.662 5.07953 108.538 
v -319.982 5.49876 108.8 
v -319.96 5.49876 108.837 
v -319.924 5.68337 108.788 
v -321.027 5.49876 108.8 
v -321.085 5.68337 108.788 
v -321.048 5.49876 108.837 
v -320.041 5.10526 108.701 
v -320.063 5.10526 108.686 
v -320.065 5.07953 108.688 
v -320.022 5.07953 108.718 
v -320.048 5.18582 108.693 
v -320.063 5.18582 108.686 
v -320.063 5.22715 108.686 
v -320.041 5.22715 108.701 
v -320.061 5.28264 108.684 
v -320.968 5.10526 108.701 
v -320.944 5.07953 108.688 
v -320.946 5.10526 108.686 
v -320.987 5.07953 108.718 
v -320.96 5.18582 108.693 
v -320.946 5.18582 108.686 
v -320.946 5.22715 108.686 
v -320.968 5.22715 108.701 
v -320.948 5.28264 108.684 
v -320.199 4.93282 108.599 
v -320.073 4.93282 108.696 
v -320.073 5.07953 108.696 
v -320.81 4.93282 108.599 
v -320.936 5.07953 108.696 
v -320.936 4.93282 108.696 
v -320.174 5.46309 108.619 
v -320.231 5.46309 108.586 
v -320.215 5.43721 108.588 
v -320.188 5.46956 108.613 
v -320.219 5.46956 108.595 
v -320.243 5.62351 108.651 
v -320.182 5.43721 108.607 
v -320.17 5.36024 108.615 
v -320.227 5.36024 108.581 
v -320.778 5.46309 108.586 
v -320.835 5.46309 108.619 
v -320.794 5.43721 108.588 
v -320.827 5.43721 108.607 
v -320.821 5.46956 108.613 
v -320.79 5.46956 108.595 
v -320.766 5.62351 108.651 
v -320.839 5.36024 108.615 
v -320.782 5.36024 108.581 
v -320.073 5.07953 108.696 
v -319.916 5.07953 108.97 
v -319.938 5.09933 108.902 
v -320.026 5.09933 108.749 
v -321.093 5.07953 108.97 
v -320.936 5.07953 108.696 
v -321.07 5.09933 108.902 
v -320.983 5.09933 108.749 
v -319.976 4.93282 108.823 
v -319.916 5.07953 108.97 
v -320.073 5.07953 108.696 
v -321.032 4.93282 108.823 
v -320.936 5.07953 108.696 
v -321.093 5.07953 108.97 
v -320.073 4.93282 108.696 
v -319.976 4.93282 108.823 
v -320.073 5.07953 108.696 
v -320.936 4.93282 108.696 
v -320.936 5.07953 108.696 
v -321.032 4.93282 108.823 
v -320.078 5.22715 108.664 
v -320.063 5.22715 108.686 
v -320.061 5.28264 108.684 
v -320.931 5.22715 108.664 
v -320.948 5.28264 108.684 
v -320.946 5.22715 108.686 
v -319.955 5.49101 108.855 
v -319.989 5.45998 108.802 
v -319.966 5.45998 108.843 
v -319.994 5.49101 108.786 
v -319.998 5.36768 108.789 
v -319.959 5.36768 108.858 
v -320.012 5.32231 108.769 
v -319.948 5.32231 108.879 
v -320.025 5.28941 108.75 
v -319.933 5.28275 108.918 
v -321.054 5.49101 108.855 
v -321.02 5.45998 108.802 
v -321.015 5.49101 108.786 
v -321.043 5.45998 108.843 
v -321.01 5.36768 108.789 
v -321.05 5.36768 108.858 
v -320.997 5.32231 108.769 
v -321.061 5.32231 108.879 
v -320.984 5.28941 108.75 
v -321.075 5.28275 108.918 
v -320.063 5.22715 108.686 
v -320.07 5.18582 108.671 
v -320.063 5.18582 108.686 
v -320.078 5.22715 108.664 
v -320.07 5.18582 108.671 
v -320.063 5.10526 108.686 
v -320.078 5.10526 108.664 
v -320.946 5.22715 108.686 
v -320.946 5.18582 108.686 
v -320.939 5.18582 108.671 
v -320.931 5.22715 108.664 
v -320.946 5.10526 108.686 
v -320.939 5.18582 108.671 
v -320.931 5.10526 108.664 
v -320.065 5.07953 108.688 
v -320.078 5.10526 108.664 
v -320.095 5.07953 108.645 
v -320.063 5.10526 108.686 
v -320.944 5.07953 108.688 
v -320.931 5.10526 108.664 
v -320.946 5.10526 108.686 
v -320.914 5.07953 108.645 
v -319.962 5.22535 108.852 
v -320.009 5.26026 108.773 
v -319.995 5.22535 108.794 
v -319.95 5.26026 108.875 
v -319.965 5.1823 108.845 
v -319.991 5.1823 108.8 
v -320.004 5.12844 108.781 
v -319.954 5.12844 108.867 
v -320.022 5.13733 108.754 
v -320.026 5.09933 108.749 
v -320.026 5.09933 108.749 
v -319.938 5.09933 108.902 
v -319.941 5.13733 108.896 
v -319.938 5.09933 108.902 
v -319.95 5.26026 108.875 
v -320.025 5.28941 108.75 
v -319.933 5.28275 108.918 
v -321.047 5.22535 108.852 
v -321 5.26026 108.773 
v -321.059 5.26026 108.875 
v -321.014 5.22535 108.794 
v -321.044 5.1823 108.845 
v -321.018 5.1823 108.8 
v -321.005 5.12844 108.781 
v -321.055 5.12844 108.867 
v -320.987 5.13733 108.754 
v -320.983 5.09933 108.749 
v -320.983 5.09933 108.749 
v -321.07 5.09933 108.902 
v -321.068 5.13733 108.896 
v -321.07 5.09933 108.902 
v -320.984 5.28941 108.75 
v -321.059 5.26026 108.875 
v -321.075 5.28275 108.918 
v -319.976 4.93282 108.823 
v -319.916 4.93282 108.97 
v -319.916 5.07953 108.97 
v -321.032 4.93282 108.823 
v -321.093 5.07953 108.97 
v -321.093 4.93282 108.97 
v -319.902 5.09933 109.215 
v -319.916 5.07953 108.97 
v -319.916 5.07953 109.285 
v -319.902 5.09933 109.039 
v -321.093 5.07953 108.97 
v -321.107 5.09933 109.215 
v -321.093 5.07953 109.285 
v -321.107 5.09933 109.039 
v -319.905 5.07953 108.967 
v -319.882 5.07953 109.014 
v -319.89 5.10526 108.99 
v -319.902 5.10526 108.966 
v -319.893 5.18582 108.98 
v -319.902 5.18582 108.966 
v -319.902 5.22715 108.966 
v -319.89 5.22715 108.99 
v -319.899 5.28264 108.965 
v -319.904 5.22715 108.939 
v -319.899 5.28264 108.965 
v -319.901 5.18582 108.949 
v -319.902 5.18582 108.966 
v -319.902 5.10526 108.966 
v -319.904 5.10526 108.939 
v -319.905 5.07953 108.967 
v -319.909 5.07953 108.914 
v -321.119 5.10526 108.99 
v -321.127 5.07953 109.014 
v -321.104 5.07953 108.967 
v -321.107 5.10526 108.966 
v -321.116 5.18582 108.98 
v -321.107 5.18582 108.966 
v -321.107 5.22715 108.966 
v -321.119 5.22715 108.99 
v -321.11 5.28264 108.965 
v -321.105 5.22715 108.939 
v -321.11 5.28264 108.965 
v -321.108 5.18582 108.949 
v -321.107 5.18582 108.966 
v -321.107 5.10526 108.966 
v -321.105 5.10526 108.939 
v -321.104 5.07953 108.967 
v -321.1 5.07953 108.914 
v -319.895 4.93282 109.127 
v -319.916 5.07953 109.285 
v -319.916 5.07953 108.97 
v -319.916 4.93282 108.97 
v -319.895 4.93282 109.127 
v -321.114 4.93282 109.127 
v -321.093 5.07953 108.97 
v -321.093 5.07953 109.285 
v -321.093 4.93282 108.97 
v -321.114 4.93282 109.127 
v -319.898 5.29348 109.204 
v -319.893 5.32235 109.081 
v -319.898 5.29348 109.051 
v -319.894 5.32235 109.174 
v -321.111 5.29348 109.204 
v -321.115 5.32235 109.081 
v -321.115 5.32235 109.174 
v -321.111 5.29348 109.051 
v -319.901 5.13733 109.046 
v -319.902 5.09933 109.039 
v -319.898 5.12844 109.078 
v -321.108 5.13733 109.046 
v -321.111 5.12844 109.078 
v -321.107 5.09933 109.039 
v -319.892 5.35546 109.156 
v -319.893 5.32235 109.081 
v -319.894 5.32235 109.174 
v -319.892 5.35546 109.098 
v -321.115 5.32235 109.174 
v -321.115 5.32235 109.081 
v -321.117 5.35546 109.156 
v -321.117 5.35546 109.098 
v -319.898 5.12844 109.177 
v -319.892 5.22018 109.108 
v -319.898 5.12844 109.078 
v -319.892 5.22018 109.146 
v -319.902 5.09933 109.215 
v -319.898 5.12844 109.078 
v -319.902 5.09933 109.039 
v -319.898 5.12844 109.177 
v -321.11 5.12844 109.177 
v -321.117 5.22018 109.108 
v -321.117 5.22018 109.146 
v -321.111 5.12844 109.078 
v -321.107 5.09933 109.215 
v -321.111 5.12844 109.078 
v -321.11 5.12844 109.177 
v -321.107 5.09933 109.039 
v -319.898 5.29348 109.204 
v -319.893 5.27707 109.084 
v -319.893 5.27707 109.171 
v -319.898 5.29348 109.051 
v -319.892 5.2516 109.151 
v -319.892 5.22018 109.108 
v -319.892 5.22018 109.146 
v -319.892 5.2516 109.103 
v -321.111 5.29348 109.051 
v -321.111 5.29348 109.204 
v -321.116 5.27707 109.084 
v -321.116 5.27707 109.171 
v -321.117 5.2516 109.151 
v -321.117 5.22018 109.146 
v -321.117 5.22018 109.108 
v -321.117 5.2516 109.103 
v -319.892 5.2516 109.151 
v -319.893 5.27707 109.084 
v -319.892 5.2516 109.103 
v -319.893 5.27707 109.171 
v -321.117 5.2516 109.151 
v -321.116 5.27707 109.084 
v -321.116 5.27707 109.171 
v -321.117 5.2516 109.103 
v -319.892 5.35546 109.156 
v -319.895 5.42281 109.113 
v -319.892 5.35546 109.098 
v -319.895 5.42281 109.147 
v -321.117 5.35546 109.156 
v -321.114 5.42281 109.113 
v -321.114 5.42281 109.147 
v -321.117 5.35546 109.098 
v -319.901 5.13733 109.209 
v -319.898 5.12844 109.177 
v -319.902 5.09933 109.215 
v -321.108 5.13733 109.209 
v -321.107 5.09933 109.215 
v -321.11 5.12844 109.177 
v -319.895 4.93282 109.127 
v -319.916 4.93282 109.285 
v -319.916 5.07953 109.285 
v -321.114 4.93282 109.127 
v -321.093 5.07953 109.285 
v -321.093 4.93282 109.285 
v -319.901 5.44545 109.162 
v -319.902 5.45111 109.119 
v -319.9 5.44545 109.104 
v -319.902 5.45111 109.15 
v -321.108 5.44545 109.162 
v -321.107 5.45111 109.119 
v -321.107 5.45111 109.15 
v -321.108 5.44545 109.104 
v -319.895 5.42281 109.147 
v -319.9 5.44545 109.104 
v -319.895 5.42281 109.113 
v -319.901 5.44545 109.162 
v -319.902 5.45111 109.119 
v -319.902 5.45111 109.15 
v -319.934 5.58582 109.158 
v -321.114 5.42281 109.147 
v -321.108 5.44545 109.104 
v -321.108 5.44545 109.162 
v -321.114 5.42281 109.113 
v -321.107 5.45111 109.119 
v -321.075 5.58582 109.158 
v -321.107 5.45111 109.15 
v -320.007 4.93282 109.442 
v -320.007 5.07953 109.442 
v -319.916 5.07953 109.285 
v -319.916 4.93282 109.285 
v -321.002 4.93282 109.442 
v -321.093 5.07953 109.285 
v -321.002 5.07953 109.442 
v -321.093 4.93282 109.285 
v -320.134 4.93282 109.588 
v -320.134 5.07953 109.588 
v -320.007 5.07953 109.442 
v -320.007 4.93282 109.442 
v -320.875 4.93282 109.588 
v -321.002 5.07953 109.442 
v -320.875 5.07953 109.588 
v -321.002 4.93282 109.442 
v -320.303 4.93282 109.683 
v -320.134 5.07953 109.588 
v -320.134 4.93282 109.588 
v -320.303 5.07953 109.683 
v -320.504 5.07953 109.724 
v -320.504 4.93282 109.724 
v -320.705 4.93282 109.683 
v -320.875 4.93282 109.588 
v -320.875 5.07953 109.588 
v -320.705 5.07953 109.683 
v -320.504 5.07953 109.724 
v -320.504 4.93282 109.724 

vn 0 0 1 
vn 0.346457 0 0.937008 
vn 0.346457 0 0.937008 
vn 0 0 1 
vn 0 0 1 
vn 0.346457 0 0.937008 
vn 0 0 1 
vn 0.346457 0 0.937008 
vn 0 0 1 
vn -0.346457 0 0.937008 
vn 0 0 1 
vn -0.346457 0 0.937008 
vn -0.346457 0 0.937008 
vn 0 0 1 
vn -0.346457 0 0.937008 
vn 0 0 1 
vn 0 0 1 
vn 0.346457 0 0.937008 
vn 0.346457 0 0.937008 
vn 0 0 1 
vn 0 0 1 
vn -0.346457 0 0.937008 
vn -0.346457 0 0.937008 
vn 0 0 1 
vn 0.346457 0 0.937008 
vn 0.629921 0 0.779528 
vn 0.346457 0 0.937008 
vn 0.629921 0 0.779528 
vn 0.629921 0 0.779528 
vn 0.346457 0 0.937008 
vn 0.346457 0 0.937008 
vn 0.629921 0 0.779528 
vn -0.629921 0 0.779528 
vn -0.346457 0 0.937008 
vn -0.629921 0 0.779528 
vn -0.346457 0 0.937008 
vn -0.629921 0 0.779528 
vn -0.346457 0 0.937008 
vn -0.346457 0 0.937008 
vn -0.629921 0 0.779528 
vn 0.346457 0 0.937008 
vn 0.629921 0 0.779528 
vn 0.629921 0 0.779528 
vn 0.346457 0 0.937008 
vn -0.346457 0 0.937008 
vn -0.629921 0 0.779528 
vn -0.629921 0 0.779528 
vn -0.346457 0 0.937008 
vn 0.629921 0 0.779528 
vn 0.818898 0 0.566929 
vn 0.629921 0 0.779528 
vn 0.818898 0 0.566929 
vn 0.818898 0 0.566929 
vn 0.629921 0 0.779528 
vn 0.629921 0 0.779528 
vn 0.818898 0 0.566929 
vn -0.629921 0 0.779528 
vn -0.818898 0 0.566929 
vn -0.629921 0 0.779528 
vn -0.818898 0 0.566929 
vn -0.629921 0 0.779528 
vn -0.818898 0 0.566929 
vn -0.629921 0 0.779528 
vn -0.818898 0 0.566929 
vn 0.629921 0 0.779528 
vn 0.818898 0 0.566929 
vn 0.629921 0 0.779528 
vn 0.818898 0 0.566929 
vn -0.629921 0 0.779528 
vn -0.818898 0 0.566929 
vn -0.818898 0 0.566929 
vn -0.629921 0 0.779528 
vn 0.952756 0 0.307087 
vn 0.818898 0 0.566929 
vn 0.818898 0 0.566929 
vn 0.952756 0 0.307087 
vn 0.818898 0 0.566929 
vn 0.952756 0 0.307087 
vn 0.818898 0 0.566929 
vn 0.952756 0 0.307087 
vn -0.818898 0 0.566929 
vn -0.952756 0 0.307087 
vn -0.818898 0 0.566929 
vn -0.952756 0 0.307087 
vn -0.818898 0 0.566929 
vn -0.952756 0 0.307087 
vn -0.818898 0 0.566929 
vn -0.952756 0 0.307087 
vn 0.818898 0 0.566929 
vn 0.952756 0 0.307087 
vn 0.818898 0 0.566929 
vn 0.952756 0 0.307087 
vn -0.818898 0 0.566929 
vn -0.952756 0 0.307087 
vn -0.952756 0 0.307087 
vn -0.818898 0 0.566929 
vn 0.811024 0.307087 0.503937 
vn 0.811024 0.0708661 0.582677 
vn 0.811024 0.275591 0.511811 
vn -0.811024 0.307087 0.503937 
vn -0.811024 0.275591 0.511811 
vn -0.811024 0.0708661 0.582677 
vn 1 0 -0.0629921 
vn 0.952756 0 0.307087 
vn 0.952756 0 0.307087 
vn 1 0 -0.0629921 
vn 0.952756 0 0.307087 
vn 1 0 -0.0629921 
vn 0.952756 0 0.307087 
vn 1 0 -0.0629921 
vn -0.952756 0 0.307087 
vn -1 0 -0.0629921 
vn -0.952756 0 0.307087 
vn -1 0 -0.0629921 
vn -0.952756 0 0.307087 
vn -1 0 -0.0629921 
vn -0.952756 0 0.307087 
vn -1 0 -0.0629921 
vn 0.677165 0.204724 0.700787 
vn 0.708661 0.401575 0.582677 
vn 0.708661 0.401575 0.582677 
vn 0.669291 0.188976 0.716535 
vn -0.677165 0.204724 0.700787 
vn -0.708661 0.401575 0.582677 
vn -0.669291 0.188976 0.716535 
vn -0.708661 0.401575 0.582677 
vn 0.952756 0 0.307087 
vn 0.952756 0 0.307087 
vn 1 0 -0.0629921 
vn 1 0 -0.0629921 
vn -0.952756 0 0.307087 
vn -1 0 -0.0629921 
vn -0.952756 0 0.307087 
vn -1 0 -0.0629921 
vn 0.708661 0.401575 0.582677 
vn 0.692913 0.480315 0.535433 
vn 0.708661 0.401575 0.582677 
vn 0.692913 0.480315 0.535433 
vn -0.708661 0.401575 0.582677 
vn -0.708661 0.401575 0.582677 
vn -0.692913 0.480315 0.535433 
vn -0.692913 0.480315 0.535433 
vn 0.724409 0.645669 0.251969 
vn 0.724409 0.645669 0.251969 
vn 0.771654 0.551181 0.314961 
vn 0.811024 0.464567 0.362205 
vn 0.811024 0.464567 0.362205 
vn 0.834646 0.370079 0.409449 
vn 0.834646 0.370079 0.409449 
vn 0.834646 0.370079 0.409449 
vn 0.834646 0.370079 0.409449 
vn -0.724409 0.645669 0.251969 
vn -0.724409 0.645669 0.251969 
vn -0.771654 0.551181 0.314961 
vn -0.811024 0.464567 0.362205 
vn -0.811024 0.464567 0.362205 
vn -0.834646 0.370079 0.409449 
vn -0.834646 0.370079 0.409449 
vn -0.834646 0.370079 0.409449 
vn -0.834646 0.370079 0.409449 
vn 0.92126 0.212598 -0.314961 
vn 0.889764 -0.314961 0.322835 
vn 0.992126 -0.0787402 0.0787402 
vn 0.897638 -0.251969 0.370079 
vn -0.92126 0.212598 -0.314961 
vn -0.992126 -0.0787402 0.0787402 
vn -0.889764 -0.314961 0.322835 
vn -0.897638 -0.251969 0.370079 
vn 0.80315 0.362205 0.480315 
vn 0.80315 0.362205 0.480315 
vn 0.811024 0.275591 0.511811 
vn 0.811024 0.307087 0.503937 
vn -0.80315 0.362205 0.480315 
vn -0.80315 0.362205 0.480315 
vn -0.811024 0.275591 0.511811 
vn -0.811024 0.307087 0.503937 
vn 0.968504 -0.0551181 -0.259843 
vn 0.984252 0.133858 -0.11811 
vn 1 0 -0.023622 
vn 0.937008 0.251969 -0.251969 
vn 0.968504 0.0551181 -0.259843 
vn 0.984252 0.133858 -0.11811 
vn 0.968504 0.0551181 -0.259843 
vn -0.968504 -0.0551181 -0.259843 
vn -0.984252 0.133858 -0.11811 
vn -0.937008 0.251969 -0.251969 
vn -1 0 -0.023622 
vn -0.968504 0.0551181 -0.259843 
vn -0.984252 0.133858 -0.11811 
vn -0.968504 0.0551181 -0.259843 
vn 0.677165 0.204724 0.700787 
vn 0.629921 -0.110236 0.771654 
vn 0.669291 0.188976 0.716535 
vn 0.629921 -0.0866142 0.771654 
vn -0.629921 -0.0866142 0.771654 
vn -0.677165 0.204724 0.700787 
vn -0.629921 -0.110236 0.771654 
vn -0.669291 0.188976 0.716535 
vn 0.984252 0.181102 -0.00787402 
vn 0.944882 0.188976 -0.251969 
vn 0.992126 0.125984 0.0708661 
vn 0.96063 0.110236 -0.259843 
vn 0.968504 -0.0551181 0.23622 
vn 1 -0.00787402 0.0314961 
vn -0.984252 0.181102 -0.00787402 
vn -0.992126 0.125984 0.0708661 
vn -0.944882 0.188976 -0.251969 
vn -0.96063 0.110236 -0.259843 
vn -0.968504 -0.0551181 0.23622 
vn -1 -0.00787402 0.0314961 
vn 0.472441 0.811024 0.346457 
vn 0.472441 0.811024 0.346457 
vn 0.472441 0.811024 0.346457 
vn -0.472441 0.811024 0.346457 
vn -0.472441 0.811024 0.346457 
vn -0.472441 0.811024 0.346457 
vn 0.582677 0.149606 0.80315 
vn 0.622047 -0.125984 0.771654 
vn 0.606299 0.0393701 0.795276 
vn 0.582677 0.149606 0.80315 
vn 1 -0.00787402 0.0314961 
vn 0.88189 0.0472441 0.464567 
vn 0.968504 -0.0551181 0.23622 
vn 0.992126 0.110236 -0.0866142 
vn -0.622047 -0.125984 0.771654 
vn -0.582677 0.149606 0.80315 
vn -0.606299 0.0393701 0.795276 
vn -0.582677 0.149606 0.80315 
vn -0.968504 -0.0551181 0.23622 
vn -0.88189 0.0472441 0.464567 
vn -1 -0.00787402 0.0314961 
vn -0.992126 0.110236 -0.0866142 
vn 0.700787 0.708661 0.0787402 
vn 0.700787 0.708661 0.0787402 
vn 0.700787 0.708661 0.0787402 
vn -0.700787 0.708661 0.0787402 
vn -0.700787 0.708661 0.0787402 
vn -0.700787 0.708661 0.0787402 
vn 0.614173 -0.354331 0.708661 
vn 0.622047 -0.125984 0.771654 
vn 0.598425 -0.385827 0.700787 
vn 0.606299 0.0393701 0.795276 
vn -0.614173 -0.354331 0.708661 
vn -0.622047 -0.125984 0.771654 
vn -0.606299 0.0393701 0.795276 
vn -0.606299 -0.385827 0.700787 
vn 0.889764 -0.314961 0.322835 
vn 1 -0.0629921 -0.015748 
vn 0.88189 -0.377953 0.275591 
vn 0.92126 0.212598 -0.314961 
vn -1 -0.0629921 -0.015748 
vn -0.889764 -0.314961 0.322835 
vn -0.88189 -0.377953 0.275591 
vn -0.92126 0.212598 -0.314961 
vn 0.511811 0.0708661 0.858268 
vn 0.511811 0.0708661 0.858268 
vn 0.511811 0.0708661 0.858268 
vn -0.511811 0.0708661 0.858268 
vn -0.511811 0.0708661 0.858268 
vn -0.511811 0.0708661 0.858268 
vn 0.622047 -0.740157 0.259843 
vn 0.622047 -0.740157 0.259843 
vn 0.622047 -0.740157 0.259843 
vn -0.622047 -0.740157 0.259843 
vn -0.622047 -0.740157 0.259843 
vn -0.622047 -0.740157 0.259843 
vn 0.952756 0.307087 0.0314961 
vn 0.992126 0.0708661 0.102362 
vn 0.96063 0.275591 0.0393701 
vn -0.952756 0.307087 0.0314961 
vn -0.96063 0.275591 0.0393701 
vn -0.992126 0.0708661 0.102362 
vn 0.992126 -0.0866142 -0.0708661 
vn 0.92126 0.220472 0.314961 
vn 0.440945 0.511811 0.740157 
vn -0.992126 -0.0866142 -0.0708661 
vn -0.440945 0.511811 0.740157 
vn -0.92126 0.220472 0.314961 
vn 1 0 -0.0629921 
vn 0.866142 0 -0.496063 
vn 1 0 -0.0629921 
vn 0.866142 0 -0.496063 
vn -0.866142 0 -0.496063 
vn -1 0 -0.0629921 
vn -1 0 -0.0629921 
vn -0.866142 0 -0.496063 
vn 0.905512 0.401575 0.149606 
vn 0.874016 0.480315 0.11811 
vn 0.905512 0.401575 0.149606 
vn 0.874016 0.480315 0.11811 
vn -0.905512 0.401575 0.149606 
vn -0.905512 0.401575 0.149606 
vn -0.874016 0.480315 0.11811 
vn -0.874016 0.480315 0.11811 
vn 0.937008 0.19685 0.275591 
vn 0.92126 -0.133858 0.362205 
vn 0.92126 -0.133858 0.354331 
vn 0.937008 0.181102 0.291339 
vn 0.905512 0.401575 0.149606 
vn 0.905512 0.401575 0.149606 
vn 0.937008 0.19685 0.275591 
vn -0.937008 0.19685 0.275591 
vn -0.92126 -0.133858 0.354331 
vn -0.92126 -0.133858 0.362205 
vn -0.937008 0.181102 0.291339 
vn -0.905512 0.401575 0.149606 
vn -0.905512 0.401575 0.149606 
vn -0.937008 0.19685 0.275591 
vn 0.88189 0.0472441 0.464567 
vn 0.88189 0.299213 0.377953 
vn 0.724409 0.370079 0.590551 
vn 0.992126 0.110236 -0.0866142 
vn -0.88189 0.299213 0.377953 
vn -0.88189 0.0472441 0.464567 
vn -0.724409 0.370079 0.590551 
vn -0.992126 0.110236 -0.0866142 
vn 0.897638 0.110236 -0.417323 
vn 0.952756 0.259843 0.173228 
vn 0.850394 -0.00787402 -0.527559 
vn 0.992126 0.0866142 -0.125984 
vn -0.897638 0.110236 -0.417323 
vn -0.952756 0.259843 0.173228 
vn -0.992126 0.0866142 -0.125984 
vn -0.850394 -0.00787402 -0.527559 
vn 0.929134 0.370079 -0.0551181 
vn 0.929134 0.362205 -0.0393701 
vn 0.929134 0.362205 -0.0393701 
vn 0.929134 0.370079 -0.0551181 
vn 0.88189 0.464567 -0.0944882 
vn 0.826772 0.551181 -0.11811 
vn -0.929134 0.370079 -0.0551181 
vn -0.929134 0.362205 -0.0393701 
vn -0.929134 0.370079 -0.0551181 
vn -0.929134 0.362205 -0.0393701 
vn -0.88189 0.464567 -0.0944882 
vn -0.826772 0.551181 -0.11811 
vn 0.92126 0.220472 0.314961 
vn 1 -0.0629921 0.015748 
vn 0.440945 0.511811 0.740157 
vn -0.92126 0.220472 0.314961 
vn -0.440945 0.511811 0.740157 
vn -1 -0.0629921 0.015748 
vn 0.496063 -0.692913 0.527559 
vn 0.598425 -0.385827 0.700787 
vn 0.535433 -0.598425 0.590551 
vn 0.614173 -0.354331 0.708661 
vn -0.496063 -0.692913 0.527559 
vn -0.606299 -0.385827 0.700787 
vn -0.614173 -0.354331 0.708661 
vn -0.535433 -0.598425 0.590551 
vn 0.629921 -0.0866142 0.771654 
vn 0.622047 -0.330709 0.708661 
vn 0.629921 -0.110236 0.771654 
vn -0.629921 -0.0866142 0.771654 
vn -0.629921 -0.110236 0.771654 
vn -0.622047 -0.330709 0.708661 
vn 0.929134 -0.220472 0.299213 
vn 1 -0.0787402 -0.0393701 
vn 0.897638 0.110236 -0.417323 
vn 0.574803 0.299213 -0.76378 
vn -0.929134 -0.220472 0.299213 
vn -0.897638 0.110236 -0.417323 
vn -1 -0.0787402 -0.0393701 
vn -0.574803 0.299213 -0.76378 
vn 0.661417 -0.220472 -0.716535 
vn 0.88189 -0.0787402 -0.464567 
vn 0.677165 0.385827 0.629921 
vn -0.661417 -0.220472 -0.716535 
vn -0.669291 0.385827 0.629921 
vn -0.88189 -0.0787402 -0.464567 
vn 0.88189 -0.354331 0.307087 
vn 0.755906 -0.606299 0.244094 
vn 0.692913 -0.692913 0.212598 
vn 0.874016 -0.385827 0.299213 
vn 0.88189 -0.354331 0.307087 
vn 0.92126 -0.11811 0.362205 
vn 0.913386 0.0629921 0.401575 
vn 0.889764 0.173228 0.425197 
vn 0.92126 -0.11811 0.362205 
vn 0.889764 0.173228 0.425197 
vn -0.88189 -0.354331 0.307087 
vn -0.755906 -0.606299 0.244094 
vn -0.874016 -0.385827 0.299213 
vn -0.692913 -0.692913 0.212598 
vn -0.92126 -0.11811 0.362205 
vn -0.88189 -0.354331 0.307087 
vn -0.913386 0.0629921 0.401575 
vn -0.889764 0.173228 0.425197 
vn -0.92126 -0.11811 0.362205 
vn -0.889764 0.173228 0.425197 
vn 0.968504 -0.0551181 -0.259843 
vn 0.913386 0.133858 -0.385827 
vn 0.937008 0.251969 -0.251969 
vn 0.88189 0 -0.480315 
vn 0.968504 0.0551181 -0.259843 
vn 0.913386 0.133858 -0.385827 
vn 0.968504 0.0551181 -0.259843 
vn -0.88189 0 -0.480315 
vn -0.968504 -0.0551181 -0.259843 
vn -0.913386 0.133858 -0.385827 
vn -0.937008 0.251969 -0.251969 
vn -0.913386 0.133858 -0.385827 
vn -0.968504 0.0551181 -0.259843 
vn -0.968504 0.0551181 -0.259843 
vn 0.929134 0.362205 0.015748 
vn 0.929134 0.362205 0.015748 
vn 0.96063 0.275591 0.0393701 
vn 0.952756 0.307087 0.0314961 
vn -0.929134 0.362205 0.015748 
vn -0.929134 0.362205 0.015748 
vn -0.96063 0.275591 0.0393701 
vn -0.952756 0.307087 0.0314961 
vn 0.692913 0.173228 -0.700787 
vn 0.937008 -0.314961 -0.165354 
vn 0.92126 -0.110236 -0.377953 
vn 0.96063 -0.251969 -0.125984 
vn -0.692913 0.173228 -0.700787 
vn -0.92126 -0.110236 -0.377953 
vn -0.937008 -0.314961 -0.165354 
vn -0.96063 -0.251969 -0.125984 
vn 0.952756 0.181102 -0.251969 
vn 0.850394 -0.0944882 -0.519685 
vn 0.818898 0.472441 0.314961 
vn 0.787402 -0.110236 -0.606299 
vn -0.952756 0.181102 -0.251969 
vn -0.818898 0.472441 0.314961 
vn -0.850394 -0.0944882 -0.519685 
vn -0.787402 -0.110236 -0.606299 
vn 0.708661 -0.0551181 -0.708661 
vn 0.787402 0.133858 -0.598425 
vn 0.850394 0 -0.519685 
vn 0.685039 0.251969 -0.685039 
vn 0.708661 0.0551181 -0.708661 
vn 0.787402 0.133858 -0.598425 
vn 0.708661 0.0551181 -0.708661 
vn -0.708661 -0.0551181 -0.708661 
vn -0.787402 0.133858 -0.598425 
vn -0.685039 0.251969 -0.685039 
vn -0.850394 0 -0.519685 
vn -0.708661 0.0551181 -0.708661 
vn -0.787402 0.133858 -0.598425 
vn -0.708661 0.0551181 -0.708661 
vn 0.669291 -0.740157 -0.0787402 
vn 0.669291 -0.740157 -0.0787402 
vn 0.669291 -0.740157 -0.0787402 
vn -0.669291 -0.740157 -0.0787402 
vn -0.669291 -0.740157 -0.0787402 
vn -0.669291 -0.740157 -0.0787402 
vn 0.92126 0.0866142 -0.385827 
vn 0.732283 0.259843 -0.622047 
vn 0.700787 -0.448819 0.559055 
vn -0.92126 0.0866142 -0.385827 
vn -0.700787 -0.448819 0.559055 
vn -0.732283 0.259843 -0.622047 
vn 0.944882 0.299213 -0.110236 
vn 1 0.0472441 -0.0393701 
vn 0.818898 0.110236 -0.566929 
vn 0.92126 0.370079 0.149606 
vn 1 0.0472441 -0.0393701 
vn 0.88189 -0.00787402 -0.464567 
vn 0.96063 -0.0551181 -0.275591 
vn 0.889764 0.125984 -0.433071 
vn 0.700787 0.110236 -0.700787 
vn 0.88189 -0.00787402 -0.464567 
vn 0.866142 0 -0.496063 
vn 0.503937 0 -0.866142 
vn 0.866142 0 -0.496063 
vn 0.503937 0 -0.866142 
vn 1 0 -0.0629921 
vn 0.866142 0 -0.496063 
vn 1 0 -0.0629921 
vn 0.503937 0 -0.866142 
vn 0.866142 0 -0.496063 
vn 0.866142 0 -0.496063 
vn 0.503937 0 -0.866142 
vn 1 0 -0.0629921 
vn 0.866142 0 -0.496063 
vn 1 0 -0.0629921 
vn -0.944882 0.299213 -0.110236 
vn -1 0.0472441 -0.0393701 
vn -0.92126 0.370079 0.149606 
vn -0.818898 0.110236 -0.566929 
vn -1 0.0472441 -0.0393701 
vn -0.88189 -0.00787402 -0.464567 
vn -0.96063 -0.0551181 -0.275591 
vn -0.88189 -0.00787402 -0.464567 
vn -0.700787 0.110236 -0.700787 
vn -0.889764 0.125984 -0.433071 
vn -0.866142 0 -0.496063 
vn -0.503937 0 -0.866142 
vn -0.866142 0 -0.496063 
vn -0.503937 0 -0.866142 
vn -1 0 -0.0629921 
vn -0.866142 0 -0.496063 
vn -1 0 -0.0629921 
vn -0.866142 0 -0.496063 
vn -0.503937 0 -0.866142 
vn -0.866142 0 -0.496063 
vn -0.503937 0 -0.866142 
vn -1 0 -0.0629921 
vn -0.866142 0 -0.496063 
vn -1 0 -0.0629921 
vn 0.362205 -0.811024 0.456693 
vn 0.362205 -0.811024 0.456693 
vn 0.362205 -0.811024 0.456693 
vn 0.362205 -0.811024 0.456693 
vn -0.362205 -0.811024 0.456693 
vn -0.362205 -0.811024 0.456693 
vn -0.362205 -0.811024 0.456693 
vn -0.362205 -0.811024 0.456693 
vn 0.748031 0.645669 -0.149606 
vn 0.748031 0.645669 -0.149606 
vn 0.826772 0.551181 -0.11811 
vn 0.88189 0.464567 -0.0944882 
vn -0.748031 0.645669 -0.149606 
vn -0.748031 0.645669 -0.149606 
vn -0.826772 0.551181 -0.11811 
vn -0.88189 0.464567 -0.0944882 
vn 0.425197 0.700787 -0.566929 
vn 0.425197 0.700787 -0.566929 
vn 0.425197 0.700787 -0.566929 
vn -0.433071 0.692913 -0.574803 
vn -0.433071 0.692913 -0.574803 
vn -0.433071 0.692913 -0.574803 
vn -0.433071 0.685039 -0.582677 
vn -0.433071 0.685039 -0.582677 
vn -0.433071 0.685039 -0.582677 
vn 0.937008 -0.314961 -0.165354 
vn 0.874016 -0.102362 -0.480315 
vn 0.905512 -0.377953 -0.204724 
vn 0.692913 0.173228 -0.700787 
vn -0.874016 -0.102362 -0.480315 
vn -0.937008 -0.314961 -0.165354 
vn -0.905512 -0.377953 -0.204724 
vn -0.692913 0.173228 -0.700787 
vn 0.448819 0.669291 -0.590551 
vn 0.448819 0.669291 -0.590551 
vn 0.448819 0.669291 -0.590551 
vn 0.866142 -0.0393701 0.496063 
vn 0.866142 -0.0393701 0.496063 
vn 0.866142 -0.0393701 0.496063 
vn -0.866142 -0.0393701 0.496063 
vn -0.866142 -0.0393701 0.496063 
vn -0.866142 -0.0393701 0.496063 
vn 0.850394 0.181102 -0.496063 
vn 0.692913 0.188976 -0.692913 
vn 0.889764 0.125984 -0.433071 
vn 0.700787 0.110236 -0.700787 
vn -0.850394 0.181102 -0.496063 
vn -0.889764 0.125984 -0.433071 
vn -0.692913 0.188976 -0.692913 
vn -0.700787 0.110236 -0.700787 
vn 0.724409 0.645669 -0.251969 
vn 0.771654 0.551181 -0.314961 
vn 0.811024 0.464567 -0.362205 
vn 0.724409 0.645669 -0.251969 
vn -0.771654 0.551181 -0.314961 
vn -0.724409 0.645669 -0.251969 
vn -0.811024 0.464567 -0.362205 
vn -0.724409 0.645669 -0.251969 
vn 0.480315 0.850394 -0.220472 
vn 0.480315 0.850394 -0.220472 
vn 0.480315 0.850394 -0.220472 
vn -0.480315 0.850394 -0.220472 
vn -0.480315 0.850394 -0.220472 
vn -0.480315 0.850394 -0.220472 
vn 0.811024 0.464567 -0.362205 
vn 0.834646 0.370079 -0.409449 
vn 0.834646 0.370079 -0.409449 
vn 0.771654 0.551181 -0.314961 
vn 0.834646 0.377953 -0.409449 
vn 0.834646 0.377953 -0.409449 
vn 0.834646 0.370079 -0.409449 
vn -0.834646 0.370079 -0.409449 
vn -0.811024 0.464567 -0.362205 
vn -0.834646 0.370079 -0.409449 
vn -0.771654 0.551181 -0.314961 
vn -0.834646 0.377953 -0.409449 
vn -0.834646 0.377953 -0.409449 
vn -0.834646 0.370079 -0.409449 
vn 0.92126 0.220472 0.314961 
vn 0.889764 -0.314961 -0.322835 
vn 1 -0.0629921 0.015748 
vn 0.88189 -0.377953 -0.275591 
vn 0.992126 -0.0866142 -0.0708661 
vn 0.92126 0.220472 0.314961 
vn 0.897638 -0.251969 -0.362205 
vn -0.92126 0.220472 0.314961 
vn -1 -0.0629921 0.015748 
vn -0.889764 -0.314961 -0.322835 
vn -0.88189 -0.377953 -0.275591 
vn -0.992126 -0.0866142 -0.0708661 
vn -0.897638 -0.251969 -0.362205 
vn -0.92126 0.220472 0.314961 
vn 0.866142 0 -0.496063 
vn 0.503937 0 -0.866142 
vn 0.866142 0 -0.496063 
vn 0.503937 0 -0.866142 
vn -0.866142 0 -0.496063 
vn -0.503937 0 -0.866142 
vn -0.866142 0 -0.496063 
vn -0.503937 0 -0.866142 
vn 0.858268 0.401575 -0.322835 
vn 0.811024 0.480315 -0.330709 
vn 0.858268 0.401575 -0.322835 
vn 0.811024 0.480315 -0.330709 
vn -0.858268 0.401575 -0.322835 
vn -0.811024 0.480315 -0.330709 
vn -0.811024 0.480315 -0.330709 
vn -0.858268 0.401575 -0.322835 
vn 0.84252 0.307087 -0.448819 
vn 0.913386 0.0708661 -0.409449 
vn 0.850394 0.275591 -0.440945 
vn -0.84252 0.307087 -0.448819 
vn -0.850394 0.275591 -0.440945 
vn -0.913386 0.0708661 -0.409449 
vn 0.944882 0.188976 -0.251969 
vn 0.826772 0.125984 -0.551181 
vn 0.96063 0.110236 -0.259843 
vn 0.858268 0.181102 -0.480315 
vn 0.724409 -0.0551181 -0.685039 
vn 0.850394 -0.00787402 -0.527559 
vn -0.944882 0.188976 -0.251969 
vn -0.826772 0.125984 -0.551181 
vn -0.858268 0.181102 -0.480315 
vn -0.96063 0.110236 -0.259843 
vn -0.724409 -0.0551181 -0.685039 
vn -0.850394 -0.00787402 -0.527559 
vn 0.771654 0.370079 -0.511811 
vn 0.771654 0.370079 -0.511811 
vn 0.771654 0.370079 -0.511811 
vn 0.771654 0.370079 -0.511811 
vn 0.661417 0.551181 -0.511811 
vn 0.724409 0.464567 -0.511811 
vn 0.913386 0.259843 -0.314961 
vn 0.574803 0.110236 -0.811024 
vn 0.795276 0.0787402 -0.606299 
vn 0.472441 -0.00787402 -0.88189 
vn -0.771654 0.370079 -0.511811 
vn -0.771654 0.370079 -0.511811 
vn -0.771654 0.370079 -0.511811 
vn -0.771654 0.370079 -0.511811 
vn -0.661417 0.551181 -0.511811 
vn -0.724409 0.464567 -0.511811 
vn -0.574803 0.110236 -0.811024 
vn -0.913386 0.259843 -0.314961 
vn -0.795276 0.0787402 -0.606299 
vn -0.472441 -0.00787402 -0.88189 
vn 0.543307 -0.811024 0.220472 
vn 0.543307 -0.811024 0.220472 
vn 0.543307 -0.811024 0.220472 
vn 0.543307 -0.811024 0.220472 
vn -0.543307 -0.811024 0.220472 
vn -0.543307 -0.811024 0.220472 
vn -0.543307 -0.811024 0.220472 
vn -0.543307 -0.811024 0.220472 
vn 0.944882 0.212598 -0.244094 
vn 0.984252 -0.0393701 -0.173228 
vn 0.984252 -0.0472441 -0.173228 
vn 0.952756 0.19685 -0.23622 
vn 0.858268 0.401575 -0.322835 
vn 0.944882 0.212598 -0.244094 
vn 0.858268 0.401575 -0.322835 
vn -0.944882 0.212598 -0.244094 
vn -0.984252 -0.0472441 -0.173228 
vn -0.984252 -0.0393701 -0.173228 
vn -0.952756 0.19685 -0.23622 
vn -0.944882 0.212598 -0.244094 
vn -0.858268 0.401575 -0.322835 
vn -0.858268 0.401575 -0.322835 
vn 0.425197 0.858268 -0.299213 
vn 0.425197 0.858268 -0.299213 
vn 0.425197 0.858268 -0.299213 
vn -0.425197 0.858268 -0.299213 
vn -0.425197 0.858268 -0.299213 
vn -0.425197 0.858268 -0.299213 
vn 0.937008 0.346457 -0.023622 
vn 0.937008 0.346457 -0.023622 
vn 0.937008 0.346457 -0.023622 
vn -0.937008 0.346457 -0.023622 
vn -0.937008 0.346457 -0.023622 
vn -0.937008 0.346457 -0.023622 
vn 0.708661 -0.0551181 -0.708661 
vn 0.519685 0 -0.850394 
vn 0.598425 0.133858 -0.787402 
vn 0.685039 0.251969 -0.685039 
vn 0.708661 0.0551181 -0.708661 
vn 0.598425 0.133858 -0.787402 
vn 0.708661 0.0551181 -0.708661 
vn -0.685039 0.251969 -0.685039 
vn -0.598425 0.133858 -0.787402 
vn -0.708661 -0.0551181 -0.708661 
vn -0.519685 0 -0.850394 
vn -0.598425 0.133858 -0.787402 
vn -0.708661 0.0551181 -0.708661 
vn -0.708661 0.0551181 -0.708661 
vn 0.283465 0.692913 -0.661417 
vn 0.283465 0.692913 -0.661417 
vn 0.283465 0.692913 -0.661417 
vn -0.283465 0.692913 -0.661417 
vn -0.283465 0.692913 -0.661417 
vn -0.283465 0.692913 -0.661417 
vn 0.535433 -0.740157 -0.401575 
vn 0.535433 -0.740157 -0.401575 
vn 0.535433 -0.740157 -0.401575 
vn 0.338583 -0.748031 0.574803 
vn 0.377953 -0.566929 0.732283 
vn 0.354331 -0.669291 0.653543 
vn -0.535433 -0.740157 -0.401575 
vn -0.535433 -0.740157 -0.401575 
vn -0.535433 -0.740157 -0.401575 
vn -0.338583 -0.748031 0.574803 
vn -0.354331 -0.669291 0.653543 
vn -0.377953 -0.566929 0.732283 
vn 0.377953 -0.566929 0.732283 
vn 0.377953 -0.566929 0.732283 
vn 0.354331 -0.669291 0.653543 
vn -0.377953 -0.566929 0.732283 
vn -0.354331 -0.669291 0.653543 
vn -0.377953 -0.566929 0.732283 
vn 0.204724 -0.220472 -0.952756 
vn 0.527559 -0.0708661 -0.84252 
vn 0.897638 0.377953 0.212598 
vn -0.204724 -0.220472 -0.952756 
vn -0.897638 0.377953 0.212598 
vn -0.527559 -0.0708661 -0.84252 
vn 0.259843 -0.0551181 -0.96063 
vn 0.385827 0.133858 -0.913386 
vn 0.480315 0 -0.874016 
vn 0.251969 0.251969 -0.937008 
vn 0.259843 0.0551181 -0.96063 
vn 0.385827 0.133858 -0.913386 
vn 0.259843 0.0551181 -0.96063 
vn -0.259843 -0.0551181 -0.96063 
vn -0.385827 0.133858 -0.913386 
vn -0.251969 0.251969 -0.937008 
vn -0.480315 0 -0.874016 
vn -0.259843 0.0551181 -0.96063 
vn -0.385827 0.133858 -0.913386 
vn -0.259843 0.0551181 -0.96063 
vn 0.952756 -0.220472 -0.204724 
vn 0.84252 -0.0708661 -0.527559 
vn 0.574803 0.110236 -0.811024 
vn 0.110236 0.299213 -0.944882 
vn -0.952756 -0.220472 -0.204724 
vn -0.574803 0.110236 -0.811024 
vn -0.84252 -0.0708661 -0.527559 
vn -0.110236 0.299213 -0.944882 
vn 0.724409 0.464567 -0.511811 
vn 0.661417 0.551181 -0.511811 
vn 0.582677 0.645669 -0.496063 
vn 0.582677 0.645669 -0.496063 
vn -0.724409 0.464567 -0.511811 
vn -0.582677 0.645669 -0.496063 
vn -0.661417 0.551181 -0.511811 
vn -0.582677 0.645669 -0.496063 
vn 0.637795 -0.724409 0.259843 
vn 0.76378 -0.535433 0.370079 
vn 0.708661 -0.637795 0.314961 
vn -0.637795 -0.724409 0.259843 
vn -0.708661 -0.637795 0.314961 
vn -0.76378 -0.535433 0.370079 
vn 0.811024 0.362205 -0.456693 
vn 0.811024 0.362205 -0.456693 
vn 0.850394 0.275591 -0.440945 
vn 0.84252 0.307087 -0.448819 
vn -0.811024 0.362205 -0.456693 
vn -0.811024 0.362205 -0.456693 
vn -0.850394 0.275591 -0.440945 
vn -0.84252 0.307087 -0.448819 
vn 0.811024 0.299213 -0.503937 
vn 0.811024 0.275591 -0.511811 
vn 0.811024 0.0787402 -0.582677 
vn 0.503937 0 -0.866142 
vn 0 0 -1 
vn 0 0 -1 
vn 0.503937 0 -0.866142 
vn 0.503937 0 -0.866142 
vn 0 0 -1 
vn 0 0 -1 
vn 0.503937 0 -0.866142 
vn -0.811024 0.299213 -0.503937 
vn -0.811024 0.0787402 -0.582677 
vn -0.811024 0.275591 -0.511811 
vn -0.503937 0 -0.866142 
vn 0 0 -1 
vn -0.503937 0 -0.866142 
vn 0 0 -1 
vn -0.503937 0 -0.866142 
vn 0 0 -1 
vn 0 0 -1 
vn -0.503937 0 -0.866142 
vn 0.582677 -0.0944882 -0.80315 
vn 0.212598 0.204724 -0.952756 
vn 0.724409 -0.314961 -0.606299 
vn 0.771654 -0.251969 -0.590551 
vn -0.212598 0.204724 -0.952756 
vn -0.582677 -0.0944882 -0.80315 
vn -0.724409 -0.314961 -0.606299 
vn -0.771654 -0.251969 -0.590551 
vn 0.76378 -0.535433 0.370079 
vn 0.76378 -0.535433 0.362205 
vn 0.708661 -0.637795 0.314961 
vn -0.76378 -0.535433 0.370079 
vn -0.708661 -0.637795 0.314961 
vn -0.76378 -0.535433 0.362205 
vn -0.811024 0.275591 -0.511811 
vn -0.80315 0.354331 -0.480315 
vn -0.811024 0.299213 -0.503937 
vn -0.80315 0.354331 -0.480315 
vn 0.80315 0.354331 -0.480315 
vn 0.811024 0.275591 -0.511811 
vn 0.811024 0.299213 -0.503937 
vn 0.80315 0.354331 -0.480315 
vn 0.708661 0.401575 -0.574803 
vn 0.692913 0.480315 -0.535433 
vn 0.692913 0.480315 -0.535433 
vn 0.708661 0.401575 -0.582677 
vn -0.692913 0.480315 -0.535433 
vn -0.708661 0.401575 -0.574803 
vn -0.692913 0.480315 -0.535433 
vn -0.708661 0.401575 -0.582677 
vn -0.0472441 0.84252 -0.543307 
vn -0.0472441 0.84252 -0.543307 
vn -0.0472441 0.84252 -0.543307 
vn 0.0472441 0.84252 -0.543307 
vn 0.0472441 0.84252 -0.543307 
vn 0.0472441 0.84252 -0.543307 
vn 0.606299 0.0787402 -0.795276 
vn 0.322835 0.259843 -0.913386 
vn 0.88189 -0.448819 0.133858 
vn -0.606299 0.0787402 -0.795276 
vn -0.88189 -0.448819 0.133858 
vn -0.322835 0.259843 -0.913386 
vn 0.409449 -0.740157 -0.535433 
vn 0.409449 -0.740157 -0.535433 
vn 0.409449 -0.740157 -0.535433 
vn -0.409449 -0.740157 -0.535433 
vn -0.409449 -0.740157 -0.535433 
vn -0.409449 -0.740157 -0.535433 
vn 0.92126 -0.354331 -0.173228 
vn 0.779528 -0.598425 -0.165354 
vn 0.708661 -0.692913 -0.15748 
vn 0.905512 -0.385827 -0.173228 
vn 0.92126 -0.354331 -0.173228 
vn 0.976378 -0.125984 -0.15748 
vn 0.992126 0.0472441 -0.11811 
vn 0.984252 0.149606 -0.0944882 
vn 0.976378 -0.125984 -0.15748 
vn 0.984252 0.149606 -0.0944882 
vn -0.92126 -0.354331 -0.173228 
vn -0.779528 -0.598425 -0.165354 
vn -0.905512 -0.385827 -0.173228 
vn -0.708661 -0.692913 -0.15748 
vn -0.976378 -0.125984 -0.15748 
vn -0.92126 -0.354331 -0.173228 
vn -0.992126 0.0472441 -0.11811 
vn -0.984252 0.149606 -0.0944882 
vn -0.976378 -0.125984 -0.15748 
vn -0.984252 0.149606 -0.0944882 
vn 0.409449 -0.0944882 -0.905512 
vn 0.716535 0.19685 -0.661417 
vn 0.866142 0.496063 -0.0708661 
vn 0.496063 -0.0787402 -0.866142 
vn -0.409449 -0.0944882 -0.905512 
vn -0.866142 0.496063 -0.0708661 
vn -0.716535 0.19685 -0.661417 
vn -0.496063 -0.0787402 -0.866142 
vn 0.527559 -0.00787402 -0.850394 
vn 0.84252 0.0472441 -0.535433 
vn 0.692913 -0.0551181 -0.724409 
vn 0.425197 0.110236 -0.897638 
vn 0.259843 0.110236 -0.96063 
vn 0.527559 -0.00787402 -0.850394 
vn 0.559055 0.125984 -0.818898 
vn -0.692913 -0.0551181 -0.724409 
vn -0.84252 0.0472441 -0.535433 
vn -0.527559 -0.00787402 -0.850394 
vn -0.425197 0.110236 -0.897638 
vn -0.259843 0.110236 -0.96063 
vn -0.527559 -0.00787402 -0.850394 
vn -0.559055 0.125984 -0.818898 
vn 0.259843 -0.0551181 -0.96063 
vn 0.023622 0 -1 
vn 0.125984 0.133858 -0.984252 
vn 0.251969 0.251969 -0.937008 
vn 0.259843 0.0551181 -0.96063 
vn 0.125984 0.133858 -0.984252 
vn 0.259843 0.0551181 -0.96063 
vn -0.251969 0.251969 -0.937008 
vn -0.125984 0.133858 -0.984252 
vn -0.259843 -0.0551181 -0.96063 
vn -0.023622 0 -1 
vn -0.125984 0.133858 -0.984252 
vn -0.259843 0.0551181 -0.96063 
vn -0.259843 0.0551181 -0.96063 
vn 0.503937 0 -0.866142 
vn 0 0 -1 
vn 0 0 -1 
vn 0.503937 0 -0.866142 
vn -0.503937 0 -0.866142 
vn 0 0 -1 
vn 0 0 -1 
vn -0.503937 0 -0.866142 
vn 0.433071 0.125984 -0.889764 
vn 0.692913 0.188976 -0.692913 
vn 0.496063 0.181102 -0.850394 
vn 0.700787 0.110236 -0.700787 
vn -0.692913 0.188976 -0.692913 
vn -0.433071 0.125984 -0.889764 
vn -0.496063 0.181102 -0.850394 
vn -0.700787 0.110236 -0.700787 
vn 0.488189 0.181102 -0.858268 
vn 0.251969 0.188976 -0.944882 
vn 0.559055 0.125984 -0.818898 
vn 0.259843 0.110236 -0.96063 
vn -0.251969 0.188976 -0.944882 
vn -0.488189 0.181102 -0.858268 
vn -0.559055 0.125984 -0.818898 
vn -0.259843 0.110236 -0.96063 
vn 0.496063 0.645669 -0.582677 
vn 0.511811 0.551181 -0.661417 
vn 0.511811 0.464567 -0.724409 
vn 0.496063 0.645669 -0.582677 
vn -0.511811 0.464567 -0.724409 
vn -0.511811 0.551181 -0.661417 
vn -0.496063 0.645669 -0.582677 
vn -0.496063 0.645669 -0.582677 
vn 0.92126 -0.133858 0.362205 
vn 0.858268 -0.425197 0.283465 
vn 0.92126 -0.133858 0.354331 
vn -0.92126 -0.133858 0.362205 
vn -0.92126 -0.133858 0.354331 
vn -0.858268 -0.425197 0.283465 
vn 0.503937 -0.0708661 -0.858268 
vn 0.724409 -0.314961 -0.606299 
vn 0.212598 0.204724 -0.952756 
vn 0.685039 -0.370079 -0.622047 
vn -0.503937 -0.0708661 -0.858268 
vn -0.724409 -0.314961 -0.606299 
vn -0.685039 -0.370079 -0.622047 
vn -0.212598 0.204724 -0.952756 
vn 0.582677 0.401575 -0.708661 
vn 0.535433 0.480315 -0.692913 
vn 0.582677 0.401575 -0.708661 
vn 0.535433 0.480315 -0.692913 
vn -0.582677 0.401575 -0.708661 
vn -0.535433 0.480315 -0.692913 
vn -0.535433 0.480315 -0.692913 
vn -0.582677 0.401575 -0.708661 
vn 0.511811 0.551181 -0.661417 
vn 0.511811 0.370079 -0.771654 
vn 0.511811 0.370079 -0.771654 
vn 0.511811 0.464567 -0.724409 
vn 0.511811 0.370079 -0.771654 
vn 0.511811 0.370079 -0.771654 
vn 0.511811 0.370079 -0.771654 
vn -0.511811 0.551181 -0.661417 
vn -0.511811 0.370079 -0.771654 
vn -0.511811 0.370079 -0.771654 
vn -0.511811 0.464567 -0.724409 
vn -0.511811 0.370079 -0.771654 
vn -0.511811 0.370079 -0.771654 
vn -0.511811 0.370079 -0.771654 
vn -0.259843 -0.740157 -0.622047 
vn -0.259843 -0.740157 -0.622047 
vn -0.259843 -0.740157 -0.622047 
vn 0.259843 -0.740157 -0.622047 
vn 0.259843 -0.740157 -0.622047 
vn 0.259843 -0.740157 -0.622047 
vn 0.425197 -0.795276 0.433071 
vn 0.496063 -0.692913 0.527559 
vn 0.535433 -0.598425 0.590551 
vn 0.425197 -0.795276 0.433071 
vn -0.425197 -0.795276 0.433071 
vn -0.496063 -0.692913 0.527559 
vn -0.425197 -0.795276 0.433071 
vn -0.535433 -0.598425 0.590551 
vn 0.582677 0.401575 -0.708661 
vn 0.622047 0.322835 -0.716535 
vn 0.622047 0.322835 -0.716535 
vn 0.582677 0.401575 -0.708661 
vn -0.582677 0.401575 -0.708661 
vn -0.622047 0.322835 -0.716535 
vn -0.622047 0.322835 -0.716535 
vn -0.582677 0.401575 -0.708661 
vn -0.409449 0.370079 -0.834646 
vn -0.409449 0.370079 -0.834646 
vn -0.409449 0.370079 -0.834646 
vn -0.409449 0.370079 -0.834646 
vn -0.362205 0.464567 -0.811024 
vn -0.314961 0.551181 -0.771654 
vn 0.622047 -0.370079 -0.685039 
vn 0.850394 -0.0944882 -0.519685 
vn 0.606299 -0.314961 -0.724409 
vn 0.952756 0.181102 -0.251969 
vn 0.409449 0.370079 -0.834646 
vn 0.409449 0.370079 -0.834646 
vn 0.409449 0.370079 -0.834646 
vn 0.409449 0.370079 -0.834646 
vn 0.362205 0.464567 -0.811024 
vn 0.314961 0.551181 -0.771654 
vn -0.850394 -0.0944882 -0.519685 
vn -0.622047 -0.370079 -0.685039 
vn -0.606299 -0.314961 -0.724409 
vn -0.952756 0.181102 -0.251969 
vn 0.0866142 -0.740157 -0.669291 
vn 0.0866142 -0.740157 -0.669291 
vn 0.0866142 -0.740157 -0.669291 
vn -0.0866142 -0.740157 -0.669291 
vn -0.0866142 -0.740157 -0.669291 
vn -0.0866142 -0.740157 -0.669291 
vn 0.606299 -0.314961 -0.724409 
vn 0.787402 -0.110236 -0.606299 
vn 0.590551 -0.251969 -0.771654 
vn 0.952756 0.181102 -0.251969 
vn -0.787402 -0.110236 -0.606299 
vn -0.606299 -0.314961 -0.724409 
vn -0.590551 -0.251969 -0.771654 
vn -0.952756 0.181102 -0.251969 
vn 0.574803 -0.811024 -0.0787402 
vn 0.574803 -0.811024 -0.0787402 
vn 0.574803 -0.811024 -0.0787402 
vn 0.574803 -0.811024 -0.0787402 
vn -0.574803 -0.811024 -0.0787402 
vn -0.574803 -0.811024 -0.0787402 
vn -0.574803 -0.811024 -0.0787402 
vn -0.574803 -0.811024 -0.0787402 
vn -0.251969 0.645669 -0.724409 
vn -0.314961 0.551181 -0.771654 
vn -0.362205 0.464567 -0.811024 
vn -0.251969 0.645669 -0.724409 
vn 0.251969 0.645669 -0.724409 
vn 0.362205 0.464567 -0.811024 
vn 0.314961 0.551181 -0.771654 
vn 0.251969 0.645669 -0.724409 
vn -0.535433 0.0472441 -0.84252 
vn -0.850394 -0.00787402 -0.527559 
vn -0.897638 0.110236 -0.417323 
vn -0.724409 -0.0551181 -0.685039 
vn 0.535433 0.0472441 -0.84252 
vn 0.850394 -0.00787402 -0.527559 
vn 0.724409 -0.0551181 -0.685039 
vn 0.897638 0.110236 -0.417323 
vn 0.259843 0.110236 -0.96063 
vn -0.23622 -0.0551181 -0.968504 
vn -0.0314961 -0.00787402 -1 
vn -0.0708661 0.125984 -0.992126 
vn 0.251969 0.188976 -0.944882 
vn -0.0708661 0.125984 -0.992126 
vn 0.00787402 0.181102 -0.984252 
vn -0.259843 0.110236 -0.96063 
vn 0.23622 -0.0551181 -0.968504 
vn 0.0708661 0.125984 -0.992126 
vn 0.0314961 -0.00787402 -1 
vn 0.0708661 0.125984 -0.992126 
vn -0.251969 0.188976 -0.944882 
vn -0.00787402 0.181102 -0.984252 
vn 0.149606 0.645669 -0.748031 
vn 0.11811 0.551181 -0.826772 
vn 0.0944882 0.464567 -0.88189 
vn 0.149606 0.645669 -0.748031 
vn -0.11811 0.551181 -0.826772 
vn -0.149606 0.645669 -0.748031 
vn -0.0944882 0.464567 -0.88189 
vn -0.149606 0.645669 -0.748031 
vn 0.503937 0.307087 -0.811024 
vn 0.582677 0.0708661 -0.811024 
vn 0.511811 0.275591 -0.811024 
vn 0.700787 0.110236 -0.700787 
vn 0.283465 -0.0551181 -0.96063 
vn 0.472441 -0.00787402 -0.88189 
vn 0.433071 0.125984 -0.889764 
vn -0.503937 0.307087 -0.811024 
vn -0.511811 0.275591 -0.811024 
vn -0.582677 0.0708661 -0.811024 
vn -0.700787 0.110236 -0.700787 
vn -0.283465 -0.0551181 -0.96063 
vn -0.433071 0.125984 -0.889764 
vn -0.472441 -0.00787402 -0.88189 
vn -0.0472441 -0.133858 -0.992126 
vn 0.629921 0.433071 -0.645669 
vn 0.220472 0.133858 -0.968504 
vn 0.0472441 -0.133858 -0.992126 
vn -0.220472 0.133858 -0.968504 
vn -0.629921 0.433071 -0.645669 
vn 0.984252 -0.0393701 -0.173228 
vn 0.96063 -0.220472 -0.181102 
vn 0.984252 -0.0472441 -0.173228 
vn -0.984252 -0.0393701 -0.173228 
vn -0.984252 -0.0472441 -0.173228 
vn -0.96063 -0.220472 -0.181102 
vn 0.0551181 0.370079 -0.929134 
vn 0.0944882 0.464567 -0.88189 
vn 0.11811 0.551181 -0.826772 
vn 0.0629921 0.370079 -0.929134 
vn 0.0551181 0.370079 -0.929134 
vn 0.0551181 0.370079 -0.929134 
vn 0.0629921 0.370079 -0.929134 
vn -0.0551181 0.370079 -0.929134 
vn -0.0944882 0.464567 -0.88189 
vn -0.0629921 0.370079 -0.929134 
vn -0.11811 0.551181 -0.826772 
vn -0.0551181 0.370079 -0.929134 
vn -0.0551181 0.370079 -0.929134 
vn -0.0629921 0.370079 -0.929134 
vn 0.220472 0.133858 -0.968504 
vn 0.629921 0.433071 -0.645669 
vn -0.15748 -0.133858 -0.976378 
vn -0.220472 0.133858 -0.968504 
vn 0.15748 -0.133858 -0.976378 
vn -0.629921 0.433071 -0.645669 
vn 0.84252 0.0472441 -0.535433 
vn 0.76378 0.299213 -0.574803 
vn 0.866142 0.370079 -0.330709 
vn 0.425197 0.110236 -0.897638 
vn -0.76378 0.299213 -0.574803 
vn -0.84252 0.0472441 -0.535433 
vn -0.866142 0.370079 -0.330709 
vn -0.425197 0.110236 -0.897638 
vn -0.362205 -0.251969 -0.897638 
vn -0.322835 -0.314961 -0.889764 
vn -0.15748 -0.133858 -0.976378 
vn 0.220472 0.133858 -0.968504 
vn 0.629921 0.259843 -0.732283 
vn 0.0866142 0.110236 -0.992126 
vn 0.385827 0.0866142 -0.92126 
vn -0.0314961 -0.00787402 -1 
vn 0.362205 -0.251969 -0.897638 
vn 0.15748 -0.133858 -0.976378 
vn 0.322835 -0.314961 -0.889764 
vn -0.220472 0.133858 -0.968504 
vn -0.0866142 0.110236 -0.992126 
vn -0.629921 0.259843 -0.732283 
vn -0.385827 0.0866142 -0.92126 
vn 0.0314961 -0.00787402 -1 
vn 0.448819 0.307087 -0.84252 
vn 0.448819 0.275591 -0.850394 
vn 0.409449 0.0708661 -0.905512 
vn -0.448819 0.307087 -0.84252 
vn -0.409449 0.0708661 -0.905512 
vn -0.448819 0.275591 -0.850394 
vn 0.511811 0.275591 -0.811024 
vn 0.480315 0.362205 -0.80315 
vn 0.503937 0.307087 -0.811024 
vn 0.480315 0.362205 -0.80315 
vn -0.480315 0.362205 -0.80315 
vn -0.511811 0.275591 -0.811024 
vn -0.503937 0.307087 -0.811024 
vn -0.480315 0.362205 -0.80315 
vn 0.307087 0.385827 -0.866142 
vn 0.299213 0.456693 -0.834646 
vn 0.299213 0.456693 -0.834646 
vn 0.307087 0.385827 -0.866142 
vn -0.307087 0.385827 -0.866142 
vn -0.299213 0.456693 -0.834646 
vn -0.307087 0.385827 -0.866142 
vn -0.299213 0.456693 -0.834646 
vn -0.141732 0.401575 -0.905512 
vn -0.11811 0.480315 -0.874016 
vn -0.11811 0.480315 -0.874016 
vn -0.149606 0.401575 -0.905512 
vn 0.141732 0.401575 -0.905512 
vn 0.11811 0.480315 -0.874016 
vn 0.149606 0.401575 -0.905512 
vn 0.11811 0.480315 -0.874016 
vn 0.590551 -0.787402 0.165354 
vn 0.692913 -0.692913 0.212598 
vn 0.755906 -0.606299 0.244094 
vn 0.590551 -0.787402 0.165354 
vn 0.708661 0.401575 -0.574803 
vn 0.692913 0.23622 -0.685039 
vn 0.708661 0.401575 -0.582677 
vn 0.685039 0.220472 -0.692913 
vn 0.653543 0.023622 -0.755906 
vn 0.692913 0.23622 -0.685039 
vn 0.653543 0.0314961 -0.755906 
vn -0.692913 -0.692913 0.212598 
vn -0.590551 -0.787402 0.165354 
vn -0.755906 -0.606299 0.244094 
vn -0.590551 -0.787402 0.165354 
vn -0.708661 0.401575 -0.574803 
vn -0.708661 0.401575 -0.582677 
vn -0.692913 0.23622 -0.685039 
vn -0.685039 0.220472 -0.692913 
vn -0.692913 0.23622 -0.685039 
vn -0.653543 0.023622 -0.755906 
vn -0.653543 0.0314961 -0.755906 
vn 0.456693 0.362205 -0.811024 
vn 0.448819 0.275591 -0.850394 
vn 0.448819 0.307087 -0.84252 
vn 0.456693 0.362205 -0.811024 
vn -0.448819 0.275591 -0.850394 
vn -0.456693 0.362205 -0.811024 
vn -0.448819 0.307087 -0.84252 
vn -0.456693 0.362205 -0.811024 
vn -0.0472441 -0.133858 -0.992126 
vn -0.322835 -0.314961 -0.889764 
vn -0.275591 -0.377953 -0.88189 
vn 0.220472 0.133858 -0.968504 
vn 0.322835 -0.314961 -0.889764 
vn 0.0472441 -0.133858 -0.992126 
vn 0.275591 -0.377953 -0.88189 
vn -0.220472 0.133858 -0.968504 
vn 0.228346 0.19685 -0.952756 
vn 0.307087 0.385827 -0.866142 
vn 0.220472 0.181102 -0.96063 
vn 0.307087 0.385827 -0.866142 
vn -0.228346 0.19685 -0.952756 
vn -0.307087 0.385827 -0.866142 
vn -0.307087 0.385827 -0.866142 
vn -0.220472 0.181102 -0.96063 
vn 0.173228 -0.314961 -0.937008 
vn 0.409449 -0.0944882 -0.905512 
vn 0.125984 -0.251969 -0.96063 
vn 0.716535 0.19685 -0.661417 
vn -0.409449 -0.0944882 -0.905512 
vn -0.173228 -0.314961 -0.937008 
vn -0.125984 -0.251969 -0.96063 
vn -0.716535 0.19685 -0.661417 
vn 0.204724 -0.377953 -0.905512 
vn 0.496063 -0.0787402 -0.866142 
vn 0.173228 -0.314961 -0.937008 
vn 0.716535 0.19685 -0.661417 
vn -0.496063 -0.0787402 -0.866142 
vn -0.204724 -0.377953 -0.905512 
vn -0.173228 -0.314961 -0.937008 
vn -0.716535 0.19685 -0.661417 
vn -0.299213 -0.220472 -0.929134 
vn 0.0393701 -0.0787402 -1 
vn 0.88189 0.377953 -0.267717 
vn 0.299213 -0.220472 -0.929134 
vn -0.88189 0.377953 -0.267717 
vn -0.0393701 -0.0787402 -1 
vn -0.0314961 -0.00787402 -1 
vn -0.464567 0.0472441 -0.88189 
vn 0.0866142 0.110236 -0.992126 
vn -0.23622 -0.0551181 -0.968504 
vn 0.0314961 -0.00787402 -1 
vn 0.464567 0.0472441 -0.88189 
vn 0.23622 -0.0551181 -0.968504 
vn -0.0866142 0.110236 -0.992126 
vn -0.0314961 0.307087 -0.952756 
vn -0.0393701 0.275591 -0.96063 
vn -0.102362 0.0708661 -0.992126 
vn 0.0314961 0.307087 -0.952756 
vn 0.102362 0.0708661 -0.992126 
vn 0.0393701 0.275591 -0.96063 
vn 0 -1 0 
vn 0 -1 0 
vn 0 -1 0 
vn 0 -1 0 
vn 0 -1 0 
vn 0 -1 0 
vn 0 -1 0 
vn 0 -1 0 
vn 0 -1 0 
vn 0 -1 0 
vn 0 -1 0 
vn 0 -1 0 
vn 0 -1 0 
vn 0 -1 0 
vn 0 -1 0 
vn 0 -1 0 
vn 0 -1 0 
vn 0 -1 0 
vn 0 -1 0 
vn 0 -1 0 
vn 0 -1 0 
vn 0 -1 0 
vn 0 -1 0 
vn 0 -1 0 
vn 0 -1 0 
vn 0 -1 0 
vn 0 -1 0 
vn 0 -1 0 
vn 0 -1 0 
vn 0 -1 0 
vn 0 -1 0 
vn 0 -1 0 
vn 0 -1 0 
vn 0 -1 0 
vn 0 -1 0 
vn 0 -1 0 
vn 0 -1 0 
vn 0 -1 0 
vn 0 -1 0 
vn 0 -1 0 
vn 0 -1 0 
vn 0 -1 0 
vn 0.724409 -0.220472 -0.653543 
vn 0.464567 -0.0787402 -0.88189 
vn 0.0866142 0.110236 -0.992126 
vn -0.377953 0.299213 -0.88189 
vn -0.724409 -0.220472 -0.653543 
vn -0.0866142 0.110236 -0.992126 
vn -0.464567 -0.0787402 -0.88189 
vn 0.377953 0.299213 -0.88189 
vn -0.456693 -0.811024 -0.362205 
vn -0.456693 -0.811024 -0.362205 
vn -0.456693 -0.811024 -0.362205 
vn -0.456693 -0.811024 -0.362205 
vn 0.456693 -0.811024 -0.362205 
vn 0.456693 -0.811024 -0.362205 
vn 0.456693 -0.811024 -0.362205 
vn 0.456693 -0.811024 -0.362205 
vn 0.795276 0.0472441 -0.606299 
vn 0.771654 -0.133858 -0.622047 
vn 0.771654 -0.133858 -0.622047 
vn 0.795276 0.0472441 -0.606299 
vn -0.795276 0.0472441 -0.606299 
vn -0.771654 -0.141732 -0.622047 
vn -0.771654 -0.133858 -0.622047 
vn -0.795276 0.0472441 -0.606299 
vn 0.80315 0.0472441 -0.598425 
vn 0.771654 -0.141732 -0.614173 
vn 0.80315 0.0472441 -0.598425 
vn 0.779528 -0.133858 -0.614173 
vn -0.015748 0.362205 -0.929134 
vn -0.0393701 0.275591 -0.96063 
vn -0.0314961 0.307087 -0.952756 
vn -0.015748 0.362205 -0.929134 
vn -0.80315 0.0472441 -0.598425 
vn -0.779528 -0.133858 -0.614173 
vn -0.779528 -0.133858 -0.614173 
vn -0.80315 0.0472441 -0.598425 
vn 0.0393701 0.275591 -0.96063 
vn 0.015748 0.362205 -0.929134 
vn 0.0314961 0.307087 -0.952756 
vn 0.015748 0.362205 -0.929134 
vn 0.125984 0.0866142 -0.992126 
vn -0.173228 0.259843 -0.952756 
vn 0.834646 -0.448819 -0.322835 
vn -0.125984 0.0866142 -0.992126 
vn -0.834646 -0.448819 -0.322835 
vn 0.173228 0.259843 -0.952756 
vn 0.779528 -0.133858 -0.614173 
vn 0.708661 -0.354331 -0.614173 
vn 0.811024 0.0393701 -0.582677 
vn 0.700787 -0.385827 -0.606299 
vn -0.708661 -0.354331 -0.614173 
vn -0.779528 -0.133858 -0.614173 
vn -0.811024 0.0393701 -0.582677 
vn -0.700787 -0.385827 -0.606299 
vn 0.677165 -0.740157 -0.0472441 
vn 0.834646 -0.551181 -0.00787402 
vn 0.755906 -0.653543 -0.0314961 
vn -0.677165 -0.740157 -0.0472441 
vn -0.755906 -0.653543 -0.0314961 
vn -0.834646 -0.551181 -0.00787402 
vn 0.291339 -0.858268 0.425197 
vn 0.338583 -0.748031 0.574803 
vn 0.354331 -0.669291 0.653543 
vn -0.291339 -0.858268 0.425197 
vn -0.354331 -0.669291 0.653543 
vn -0.338583 -0.748031 0.574803 
vn 0.834646 -0.551181 -0.00787402 
vn 0.826772 -0.559055 -0.015748 
vn 0.755906 -0.653543 -0.0314961 
vn -0.834646 -0.551181 -0.00787402 
vn -0.755906 -0.653543 -0.0314961 
vn -0.826772 -0.559055 -0.015748 
vn 0.937008 0.251969 -0.251969 
vn 0.913386 0.133858 -0.385827 
vn 0.622047 0.740157 0.259843 
vn 0.984252 0.133858 -0.11811 
vn 0.409449 0.740157 -0.535433 
vn -0.937008 0.251969 -0.251969 
vn -0.622047 0.740157 0.259843 
vn -0.913386 0.133858 -0.385827 
vn -0.984252 0.133858 -0.11811 
vn -0.409449 0.740157 -0.535433 
vn 0.535433 -0.826772 0.165354 
vn 0.637795 -0.724409 0.259843 
vn 0.708661 -0.637795 0.314961 
vn -0.535433 -0.826772 0.165354 
vn -0.708661 -0.637795 0.314961 
vn -0.637795 -0.724409 0.259843 
vn 0.874016 -0.102362 -0.480315 
vn 0.692913 0.173228 -0.700787 
vn 0.15748 0.472441 -0.866142 
vn -0.874016 -0.102362 -0.480315 
vn -0.15748 0.472441 -0.866142 
vn -0.692913 0.173228 -0.700787 
vn 0.818898 0.149606 -0.551181 
vn 0.811024 0.0393701 -0.582677 
vn 0.818898 0.149606 -0.551181 
vn 0.779528 -0.133858 -0.614173 
vn -0.811024 0.0393701 -0.582677 
vn -0.818898 0.149606 -0.551181 
vn -0.818898 0.149606 -0.551181 
vn -0.779528 -0.133858 -0.614173 
vn -0.267717 0.188976 -0.944882 
vn -0.149606 0.401575 -0.905512 
vn -0.141732 0.401575 -0.905512 
vn -0.259843 0.204724 -0.944882 
vn -0.338583 -0.0708661 -0.937008 
vn -0.259843 0.204724 -0.944882 
vn -0.338583 -0.0629921 -0.937008 
vn 0.149606 0.401575 -0.905512 
vn 0.267717 0.188976 -0.944882 
vn 0.141732 0.401575 -0.905512 
vn 0.259843 0.204724 -0.944882 
vn 0.259843 0.204724 -0.944882 
vn 0.338583 -0.0708661 -0.937008 
vn 0.338583 -0.0629921 -0.937008 
vn 0.700787 -0.385827 -0.606299 
vn 0.527559 -0.692913 -0.496063 
vn 0.708661 -0.354331 -0.614173 
vn 0.590551 -0.598425 -0.535433 
vn -0.527559 -0.692913 -0.496063 
vn -0.700787 -0.385827 -0.606299 
vn -0.708661 -0.354331 -0.614173 
vn -0.590551 -0.598425 -0.535433 
vn -0.220472 -0.811024 -0.543307 
vn -0.220472 -0.811024 -0.543307 
vn -0.220472 -0.811024 -0.543307 
vn -0.220472 -0.811024 -0.543307 
vn 0.220472 -0.811024 -0.543307 
vn 0.220472 -0.811024 -0.543307 
vn 0.220472 -0.811024 -0.543307 
vn 0.220472 -0.811024 -0.543307 
vn 0.425197 0.110236 -0.897638 
vn 0.527559 -0.00787402 -0.850394 
vn -0.173228 0.259843 -0.952756 
vn 0.125984 0.0866142 -0.992126 
vn -0.425197 0.110236 -0.897638 
vn 0.173228 0.259843 -0.952756 
vn -0.527559 -0.00787402 -0.850394 
vn -0.125984 0.0866142 -0.992126 
vn 0.0393701 0.0472441 -1 
vn -0.149606 0.370079 -0.92126 
vn 0.110236 0.299213 -0.944882 
vn 0.574803 0.110236 -0.811024 
vn 0.472441 -0.00787402 -0.88189 
vn 0.283465 -0.0551181 -0.96063 
vn 0.574803 0.110236 -0.811024 
vn -0.110236 0.299213 -0.944882 
vn -0.0393701 0.0472441 -1 
vn -0.574803 0.110236 -0.811024 
vn 0.149606 0.370079 -0.92126 
vn -0.472441 -0.00787402 -0.88189 
vn -0.574803 0.110236 -0.811024 
vn -0.283465 -0.0551181 -0.96063 
vn 0.362205 0.811024 0.456693 
vn 0.362205 0.811024 0.456693 
vn 0.362205 0.811024 0.456693 
vn 0.362205 0.811024 0.456693 
vn -0.362205 0.811024 0.456693 
vn -0.362205 0.811024 0.456693 
vn -0.362205 0.811024 0.456693 
vn -0.362205 0.811024 0.456693 
vn 0.992126 0.110236 -0.0866142 
vn 1 -0.00787402 0.0314961 
vn 0.732283 0.259843 -0.622047 
vn 0.92126 0.0866142 -0.385827 
vn -1 -0.00787402 0.0314961 
vn -0.992126 0.110236 -0.0866142 
vn -0.732283 0.259843 -0.622047 
vn -0.92126 0.0866142 -0.385827 
vn 0.629921 -0.125984 -0.771654 
vn 0.614173 -0.354331 -0.708661 
vn 0.606299 -0.385827 -0.700787 
vn 0.606299 0.0393701 -0.795276 
vn -0.614173 -0.354331 -0.708661 
vn -0.629921 -0.125984 -0.771654 
vn -0.606299 -0.385827 -0.700787 
vn -0.606299 0.0393701 -0.795276 
vn 0.0787402 -0.811024 -0.582677 
vn 0.0787402 -0.811024 -0.582677 
vn 0.0787402 -0.811024 -0.582677 
vn 0.0787402 -0.811024 -0.582677 
vn -0.0787402 -0.811024 -0.582677 
vn -0.0787402 -0.811024 -0.582677 
vn -0.0787402 -0.811024 -0.582677 
vn -0.0787402 -0.811024 -0.582677 
vn 1 -0.0629921 -0.015748 
vn 0.92126 0.212598 -0.314961 
vn 0.440945 0.511811 -0.732283 
vn -1 -0.0629921 -0.015748 
vn -0.440945 0.511811 -0.732283 
vn -0.92126 0.212598 -0.314961 
vn 0.503937 -0.0708661 -0.858268 
vn 0.212598 0.204724 -0.952756 
vn -0.377953 0.503937 -0.779528 
vn -0.503937 -0.0708661 -0.858268 
vn 0.377953 0.503937 -0.779528 
vn -0.212598 0.204724 -0.952756 
vn -0.464567 0.0472441 -0.88189 
vn -0.582677 0.370079 -0.724409 
vn -0.377953 0.299213 -0.88189 
vn 0.0866142 0.110236 -0.992126 
vn 0.377953 0.299213 -0.88189 
vn 0.464567 0.0472441 -0.88189 
vn -0.0866142 0.110236 -0.992126 
vn 0.582677 0.370079 -0.724409 
vn 0.590551 -0.795276 -0.149606 
vn 0.708661 -0.692913 -0.15748 
vn 0.779528 -0.598425 -0.165354 
vn 0.590551 -0.795276 -0.149606 
vn -0.590551 -0.795276 -0.149606 
vn -0.708661 -0.692913 -0.15748 
vn -0.590551 -0.795276 -0.149606 
vn -0.779528 -0.598425 -0.165354 
vn 0.661417 -0.496063 -0.566929 
vn 0.653543 -0.496063 -0.566929 
vn 0.598425 -0.590551 -0.543307 
vn 0.511811 -0.685039 -0.511811 
vn 0.661417 -0.496063 -0.566929 
vn 0.598425 -0.590551 -0.543307 
vn 0.653543 0.0314961 -0.755906 
vn 0.653543 0.023622 -0.755906 
vn 0.653543 -0.125984 -0.748031 
vn -0.653543 0.0314961 -0.755906 
vn -0.653543 -0.125984 -0.748031 
vn -0.653543 0.023622 -0.755906 
vn 0.692913 0.173228 -0.700787 
vn 0.92126 -0.110236 -0.377953 
vn 0.15748 0.472441 -0.866142 
vn -0.692913 0.173228 -0.700787 
vn -0.15748 0.472441 -0.866142 
vn -0.92126 -0.110236 -0.377953 
vn 0.858268 -0.0944882 -0.511811 
vn 0.858268 -0.0944882 -0.511811 
vn 0.858268 -0.0944882 -0.511811 
vn -0.858268 -0.0944882 -0.511811 
vn -0.858268 -0.0944882 -0.511811 
vn -0.858268 -0.0944882 -0.511811 
vn 0.582677 0.149606 -0.80315 
vn 0.606299 0.0393701 -0.795276 
vn 0.629921 -0.125984 -0.771654 
vn 0.582677 0.149606 -0.80315 
vn -0.582677 0.149606 -0.80315 
vn -0.606299 0.0393701 -0.795276 
vn -0.582677 0.149606 -0.80315 
vn -0.629921 -0.125984 -0.771654 
vn 0.866142 -0.0866142 -0.488189 
vn 0.866142 -0.0866142 -0.488189 
vn 0.866142 -0.0866142 -0.488189 
vn -0.866142 -0.0866142 -0.488189 
vn -0.866142 -0.0866142 -0.488189 
vn -0.866142 -0.0866142 -0.488189 
vn -0.661417 -0.496063 -0.566929 
vn -0.598425 -0.590551 -0.543307 
vn -0.653543 -0.496063 -0.566929 
vn -0.511811 -0.685039 -0.511811 
vn -0.401575 -0.787402 -0.464567 
vn -0.598425 -0.590551 -0.543307 
vn 0.818898 0.110236 -0.566929 
vn 0.88189 -0.00787402 -0.464567 
vn 0.322835 0.259843 -0.913386 
vn 0.606299 0.0787402 -0.795276 
vn -0.818898 0.110236 -0.566929 
vn -0.322835 0.259843 -0.913386 
vn -0.88189 -0.00787402 -0.464567 
vn -0.606299 0.0787402 -0.795276 
vn 0.685039 0.251969 -0.685039 
vn 0.598425 0.133858 -0.787402 
vn 0.669291 0.740157 -0.0787402 
vn 0.787402 0.133858 -0.598425 
vn 0.0866142 0.740157 -0.669291 
vn -0.685039 0.251969 -0.685039 
vn -0.669291 0.740157 -0.0787402 
vn -0.598425 0.133858 -0.787402 
vn -0.787402 0.133858 -0.598425 
vn -0.0866142 0.740157 -0.669291 
vn 0.606299 -0.385827 -0.700787 
vn 0.496063 -0.692913 -0.527559 
vn 0.535433 -0.598425 -0.590551 
vn 0.614173 -0.354331 -0.708661 
vn 0.464567 0.354331 -0.811024 
vn 0.464567 0.354331 -0.811024 
vn 0.464567 0.354331 -0.811024 
vn -0.606299 -0.385827 -0.700787 
vn -0.496063 -0.692913 -0.527559 
vn -0.614173 -0.354331 -0.708661 
vn -0.535433 -0.598425 -0.590551 
vn -0.464567 0.354331 -0.811024 
vn -0.464567 0.354331 -0.811024 
vn -0.464567 0.354331 -0.811024 
vn -0.464567 0.23622 -0.850394 
vn -0.464567 0.23622 -0.850394 
vn -0.464567 0.23622 -0.850394 
vn 0.464567 0.23622 -0.850394 
vn 0.464567 0.23622 -0.850394 
vn 0.464567 0.23622 -0.850394 
vn 0.464567 -0.0787402 -0.88189 
vn 0.724409 -0.220472 -0.653543 
vn -0.629921 0.377953 -0.677165 
vn -0.464567 -0.0787402 -0.88189 
vn 0.629921 0.377953 -0.677165 
vn -0.724409 -0.220472 -0.653543 
vn 0.425197 0.110236 -0.897638 
vn -0.299213 -0.220472 -0.929134 
vn 0.76378 0.299213 -0.574803 
vn 0.0393701 -0.0787402 -1 
vn 0.299213 -0.220472 -0.929134 
vn -0.425197 0.110236 -0.897638 
vn -0.76378 0.299213 -0.574803 
vn -0.0393701 -0.0787402 -1 
vn 0.212598 0.204724 -0.952756 
vn 0.582677 -0.0944882 -0.80315 
vn -0.377953 0.503937 -0.779528 
vn -0.212598 0.204724 -0.952756 
vn 0.377953 0.503937 -0.779528 
vn -0.582677 -0.0944882 -0.80315 
vn 0.251969 0.251969 -0.937008 
vn 0.125984 0.133858 -0.984252 
vn 0.535433 0.740157 -0.401575 
vn -0.251969 0.251969 -0.937008 
vn -0.535433 0.740157 -0.401575 
vn -0.125984 0.133858 -0.984252 
vn -0.299213 -0.385827 -0.874016 
vn -0.307087 -0.354331 -0.88189 
vn -0.244094 -0.606299 -0.755906 
vn -0.212598 -0.692913 -0.692913 
vn -0.354331 -0.125984 -0.929134 
vn -0.299213 -0.385827 -0.874016 
vn -0.393701 0.0472441 -0.92126 
vn -0.409449 0.149606 -0.897638 
vn -0.409449 0.149606 -0.897638 
vn -0.354331 -0.125984 -0.929134 
vn 0.574803 0.299213 -0.76378 
vn 0.897638 0.110236 -0.417323 
vn 0.535433 0.0472441 -0.84252 
vn 0.330709 0.370079 -0.866142 
vn 0.244094 -0.606299 -0.755906 
vn 0.212598 -0.692913 -0.692913 
vn 0.307087 -0.354331 -0.88189 
vn 0.299213 -0.385827 -0.874016 
vn 0.354331 -0.125984 -0.929134 
vn 0.299213 -0.385827 -0.874016 
vn 0.393701 0.0472441 -0.92126 
vn 0.409449 0.149606 -0.897638 
vn 0.354331 -0.125984 -0.929134 
vn 0.409449 0.149606 -0.897638 
vn -0.574803 0.299213 -0.76378 
vn -0.535433 0.0472441 -0.84252 
vn -0.897638 0.110236 -0.417323 
vn -0.330709 0.370079 -0.866142 
vn 0.629921 0.259843 -0.732283 
vn 0.385827 0.0866142 -0.92126 
vn -0.559055 -0.448819 -0.700787 
vn -0.629921 0.259843 -0.732283 
vn 0.559055 -0.448819 -0.700787 
vn -0.385827 0.0866142 -0.92126 
vn 0.92126 0.212598 -0.314961 
vn 0.992126 -0.0787402 0.0787402 
vn 0.440945 0.511811 -0.732283 
vn -0.92126 0.212598 -0.314961 
vn -0.440945 0.511811 -0.732283 
vn -0.992126 -0.0787402 0.0787402 
vn 0.228346 0.19685 -0.952756 
vn 0.149606 -0.141732 -0.976378 
vn 0.149606 -0.133858 -0.976378 
vn 0.220472 0.181102 -0.96063 
vn -0.228346 0.19685 -0.952756 
vn -0.149606 -0.141732 -0.976378 
vn -0.220472 0.181102 -0.96063 
vn -0.149606 -0.133858 -0.976378 
vn 0.992126 0.110236 -0.0866142 
vn 0.661417 -0.220472 -0.716535 
vn 0.88189 0.299213 0.377953 
vn 0.88189 -0.0787402 -0.464567 
vn -0.661417 -0.220472 -0.716535 
vn -0.992126 0.110236 -0.0866142 
vn -0.88189 0.299213 0.377953 
vn -0.88189 -0.0787402 -0.464567 
vn 0.543307 0.811024 0.220472 
vn 0.543307 0.811024 0.220472 
vn 0.543307 0.811024 0.220472 
vn 0.543307 0.811024 0.220472 
vn 0.023622 -1 -0.00787402 
vn 0.023622 -1 -0.00787402 
vn 0.023622 -1 -0.00787402 
vn -0.543307 0.811024 0.220472 
vn -0.543307 0.811024 0.220472 
vn -0.543307 0.811024 0.220472 
vn -0.543307 0.811024 0.220472 
vn -0.023622 -1 -0.00787402 
vn -0.023622 -1 -0.00787402 
vn -0.023622 -1 -0.00787402 
vn 0 -1 0 
vn 0 -1 0 
vn 0 -1 0 
vn 0 -1 0 
vn 0 -1 0 
vn 0 -1 0 
vn 0 -1 0 
vn 0 -1 0 
vn 0 -1 0 
vn 0 -1 0 
vn 0 -1 0 
vn 0 -1 0 
vn 0 -1 0 
vn 0 -1 0 
vn 0 -1 0 
vn 0 -1 0 
vn 0 -1 0 
vn 0 -1 0 
vn 0 -1 0 
vn 0 -1 0 
vn 0 -1 0 
vn 0 -1 0 
vn 0 -1 0 
vn 0 -1 0 
vn 0 -1 0 
vn 0 -1 0 
vn 0 -1 0 
vn 0 -1 0 
vn 0 -1 0 
vn 0 -1 0 
vn 0 -1 0 
vn 0 -1 0 
vn 0 -1 0 
vn 0 -1 0 
vn 0 -1 0 
vn 0 -1 0 
vn 0 -1 0 
vn 0 -1 0 
vn 0 -1 0 
vn 0 -1 0 
vn 0.015748 -1 -0.015748 
vn 0.015748 -1 -0.015748 
vn 0.015748 -1 -0.015748 
vn -0.015748 -1 -0.015748 
vn -0.015748 -1 -0.015748 
vn -0.015748 -1 -0.015748 
vn 0.527559 -0.84252 -0.0787402 
vn 0.677165 -0.740157 -0.0472441 
vn 0.755906 -0.653543 -0.0314961 
vn -0.527559 -0.84252 -0.0787402 
vn -0.755906 -0.653543 -0.0314961 
vn -0.677165 -0.740157 -0.0472441 
vn 0.00787402 -1 -0.023622 
vn 0.00787402 -1 -0.023622 
vn 0.00787402 -1 -0.023622 
vn -0.00787402 -1 -0.023622 
vn -0.00787402 -1 -0.023622 
vn -0.00787402 -1 -0.023622 
vn 0.181102 -0.354331 -0.92126 
vn 0.133858 -0.566929 -0.818898 
vn 0.173228 -0.385827 -0.905512 
vn 0.110236 -0.622047 -0.779528 
vn -0.181102 -0.354331 -0.92126 
vn -0.173228 -0.385827 -0.905512 
vn -0.133858 -0.566929 -0.818898 
vn -0.110236 -0.622047 -0.779528 
vn 0.433071 -0.795276 -0.425197 
vn 0.433071 -0.795276 -0.425197 
vn 0.527559 -0.692913 -0.496063 
vn 0.590551 -0.598425 -0.535433 
vn -0.590551 -0.598425 -0.535433 
vn -0.527559 -0.692913 -0.496063 
vn -0.433071 -0.795276 -0.425197 
vn -0.433071 -0.795276 -0.425197 
vn 0.149606 -0.125984 -0.976378 
vn 0.181102 -0.354331 -0.92126 
vn 0.173228 -0.385827 -0.905512 
vn 0.110236 0.0551181 -0.992126 
vn 0.0787402 0.165354 -0.984252 
vn 0.0787402 0.165354 -0.984252 
vn 0.149606 -0.125984 -0.976378 
vn -0.181102 -0.354331 -0.92126 
vn -0.149606 -0.125984 -0.976378 
vn -0.173228 -0.385827 -0.905512 
vn -0.110236 0.0551181 -0.992126 
vn -0.0787402 0.165354 -0.984252 
vn -0.149606 -0.125984 -0.976378 
vn -0.0787402 0.165354 -0.984252 
vn 0.511811 -0.685039 -0.511811 
vn 0.598425 -0.590551 -0.543307 
vn 0.401575 -0.787402 -0.464567 
vn 0.818898 0.110236 -0.566929 
vn 0.204724 -0.220472 -0.952756 
vn 0.944882 0.299213 -0.110236 
vn 0.527559 -0.0708661 -0.84252 
vn -0.204724 -0.220472 -0.952756 
vn -0.818898 0.110236 -0.566929 
vn -0.944882 0.299213 -0.110236 
vn -0.527559 -0.0708661 -0.84252 
vn 0.952756 0.259843 0.173228 
vn 0.992126 0.0866142 -0.125984 
vn 0.330709 -0.448819 -0.826772 
vn -0.952756 0.259843 0.173228 
vn -0.330709 -0.448819 -0.826772 
vn -0.992126 0.0866142 -0.125984 
vn 1 -0.0787402 -0.0393701 
vn 0.929134 -0.220472 0.299213 
vn 0.267717 0.385827 -0.88189 
vn -1 -0.0787402 -0.0393701 
vn -0.267717 0.385827 -0.88189 
vn -0.929134 -0.220472 0.299213 
vn 0.433071 -0.795276 -0.433071 
vn 0.433071 -0.795276 -0.433071 
vn 0.496063 -0.692913 -0.527559 
vn 0.535433 -0.598425 -0.590551 
vn -0.496063 -0.692913 -0.527559 
vn -0.535433 -0.598425 -0.590551 
vn -0.433071 -0.795276 -0.433071 
vn -0.433071 -0.795276 -0.433071 
vn 0.84252 -0.0708661 -0.527559 
vn 0.952756 -0.220472 -0.204724 
vn -0.212598 0.377953 -0.897638 
vn -0.84252 -0.0708661 -0.527559 
vn 0.212598 0.377953 -0.897638 
vn -0.952756 -0.220472 -0.204724 
vn 0.771654 -0.133858 -0.622047 
vn 0.677165 -0.417323 -0.606299 
vn 0.771654 -0.133858 -0.622047 
vn -0.338583 -0.0629921 -0.937008 
vn -0.338583 -0.0708661 -0.937008 
vn -0.307087 -0.267717 -0.913386 
vn 0.338583 -0.0629921 -0.937008 
vn 0.307087 -0.267717 -0.913386 
vn 0.338583 -0.0708661 -0.937008 
vn -0.771654 -0.133858 -0.622047 
vn -0.771654 -0.141732 -0.622047 
vn -0.669291 -0.425197 -0.606299 
vn 0.913386 0.259843 -0.314961 
vn 0.795276 0.0787402 -0.606299 
vn -0.133858 -0.448819 -0.88189 
vn -0.913386 0.259843 -0.314961 
vn 0.133858 -0.448819 -0.88189 
vn -0.795276 0.0787402 -0.606299 
vn 0.385827 0.133858 -0.913386 
vn 0.251969 0.251969 -0.937008 
vn -0.259843 0.740157 -0.622047 
vn -0.385827 0.133858 -0.913386 
vn 0.259843 0.740157 -0.622047 
vn -0.251969 0.251969 -0.937008 
vn -0.779528 -0.133858 -0.614173 
vn -0.779528 -0.133858 -0.614173 
vn -0.677165 -0.425197 -0.598425 
vn 0.779528 -0.133858 -0.614173 
vn 0.669291 -0.433071 -0.598425 
vn 0.771654 -0.141732 -0.614173 
vn -0.244094 -0.606299 -0.755906 
vn -0.212598 -0.692913 -0.692913 
vn -0.165354 -0.787402 -0.590551 
vn -0.165354 -0.787402 -0.590551 
vn 0.212598 -0.692913 -0.692913 
vn 0.244094 -0.606299 -0.755906 
vn 0.165354 -0.787402 -0.590551 
vn 0.165354 -0.787402 -0.590551 
vn 0.0944882 -0.543307 -0.834646 
vn 0.0866142 -0.535433 -0.84252 
vn 0.102362 -0.629921 -0.771654 
vn -0.0944882 -0.543307 -0.834646 
vn -0.102362 -0.629921 -0.771654 
vn -0.0866142 -0.535433 -0.84252 
vn 0.0866142 -0.535433 -0.84252 
vn 0.110236 -0.716535 -0.692913 
vn 0.102362 -0.629921 -0.771654 
vn -0.0866142 -0.535433 -0.84252 
vn -0.102362 -0.629921 -0.771654 
vn -0.110236 -0.716535 -0.692913 
vn 0.574803 0.811024 -0.0787402 
vn 0.574803 0.811024 -0.0787402 
vn 0.574803 0.811024 -0.0787402 
vn 0.574803 0.811024 -0.0787402 
vn -0.574803 0.811024 -0.0787402 
vn -0.574803 0.811024 -0.0787402 
vn -0.574803 0.811024 -0.0787402 
vn -0.574803 0.811024 -0.0787402 
vn 0.00787402 -0.0629921 -1 
vn 0.00787402 -0.0629921 -1 
vn 0.00787402 -0.0629921 -1 
vn -0.00787402 -0.0629921 -1 
vn -0.00787402 -0.0629921 -1 
vn -0.00787402 -0.0629921 -1 
vn 0.133858 -0.566929 -0.818898 
vn 0.110236 -0.622047 -0.779528 
vn 0.0629921 -0.700787 -0.708661 
vn 0.0629921 -0.700787 -0.708661 
vn -0.110236 -0.622047 -0.779528 
vn -0.133858 -0.566929 -0.818898 
vn -0.0629921 -0.700787 -0.708661 
vn -0.0629921 -0.700787 -0.708661 
vn 0.110236 -0.716535 -0.692913 
vn 0.133858 -0.818898 -0.551181 
vn 0.102362 -0.629921 -0.771654 
vn -0.110236 -0.716535 -0.692913 
vn -0.102362 -0.629921 -0.771654 
vn -0.133858 -0.818898 -0.551181 
vn -0.417323 -0.559055 -0.716535 
vn -0.417323 -0.551181 -0.724409 
vn -0.354331 -0.661417 -0.661417 
vn 0.417323 -0.559055 -0.716535 
vn 0.354331 -0.661417 -0.661417 
vn 0.417323 -0.551181 -0.724409 
vn 0.149606 -0.133858 -0.976378 
vn 0.149606 -0.141732 -0.976378 
vn 0.188976 -0.425197 -0.88189 
vn -0.149606 -0.133858 -0.976378 
vn -0.188976 -0.425197 -0.88189 
vn -0.149606 -0.141732 -0.976378 
vn -0.417323 -0.551181 -0.724409 
vn -0.299213 -0.740157 -0.606299 
vn -0.354331 -0.661417 -0.661417 
vn 0.417323 -0.551181 -0.724409 
vn 0.354331 -0.661417 -0.661417 
vn 0.299213 -0.740157 -0.606299 
vn -0.299213 -0.740157 -0.606299 
vn -0.19685 -0.850394 -0.488189 
vn -0.354331 -0.661417 -0.661417 
vn 0.299213 -0.740157 -0.606299 
vn 0.354331 -0.661417 -0.661417 
vn 0.19685 -0.850394 -0.488189 
vn 0.338583 -0.748031 -0.566929 
vn 0.299213 -0.858268 -0.425197 
vn 0.362205 -0.669291 -0.645669 
vn -0.338583 -0.748031 -0.566929 
vn -0.362205 -0.669291 -0.645669 
vn -0.299213 -0.858268 -0.425197 
vn 0.385827 -0.566929 -0.732283 
vn 0.377953 -0.566929 -0.732283 
vn 0.362205 -0.669291 -0.645669 
vn -0.385827 -0.566929 -0.732283 
vn -0.362205 -0.669291 -0.645669 
vn -0.377953 -0.566929 -0.732283 
vn 0.377953 -0.566929 -0.732283 
vn 0.338583 -0.748031 -0.566929 
vn 0.362205 -0.669291 -0.645669 
vn -0.377953 -0.566929 -0.732283 
vn -0.362205 -0.669291 -0.645669 
vn -0.338583 -0.748031 -0.566929 
vn 0.0551181 0.96063 0.283465 
vn 0.0551181 0.96063 0.283465 
vn 0.0551181 0.96063 0.283465 
vn -0.0551181 0.96063 0.283465 
vn -0.0551181 0.96063 0.283465 
vn -0.0551181 0.96063 0.283465 
vn -0.456693 0.811024 -0.362205 
vn -0.456693 0.811024 -0.362205 
vn -0.456693 0.811024 -0.362205 
vn -0.456693 0.811024 -0.362205 
vn 0.456693 0.811024 -0.362205 
vn 0.456693 0.811024 -0.362205 
vn 0.456693 0.811024 -0.362205 
vn 0.456693 0.811024 -0.362205 
vn -0.0944882 0.96063 0.267717 
vn -0.0944882 0.96063 0.267717 
vn -0.0944882 0.96063 0.267717 
vn 0.0944882 0.96063 0.267717 
vn 0.0944882 0.96063 0.267717 
vn 0.0944882 0.96063 0.267717 
vn 0.188976 0.96063 0.220472 
vn 0.188976 0.96063 0.220472 
vn 0.188976 0.96063 0.220472 
vn -0.188976 0.96063 0.220472 
vn -0.188976 0.96063 0.220472 
vn -0.188976 0.96063 0.220472 
vn -0.267717 0.96063 0.0944882 
vn -0.267717 0.96063 0.0944882 
vn -0.267717 0.96063 0.0944882 
vn 0.267717 0.96063 0.0944882 
vn 0.267717 0.96063 0.0944882 
vn 0.267717 0.96063 0.0944882 
vn -0.220472 0.811024 -0.543307 
vn -0.220472 0.811024 -0.543307 
vn -0.220472 0.811024 -0.543307 
vn -0.220472 0.811024 -0.543307 
vn 0.220472 0.811024 -0.543307 
vn 0.220472 0.811024 -0.543307 
vn 0.220472 0.811024 -0.543307 
vn 0.220472 0.811024 -0.543307 
vn 0 1 0 
vn 0 1 0 
vn 0 1 0 
vn 0 1 0 
vn 0 1 0 
vn 0 1 0 
vn 0 1 0 
vn 0 1 0 
vn 0 1 0 
vn 0 1 0 
vn 0 1 0 
vn 0 1 0 
vn 0 1 0 
vn 0 1 0 
vn 0 1 0 
vn 0 1 0 
vn 0 1 0 
vn 0 1 0 
vn 0 1 0 
vn 0 1 0 
vn 0 1 0 
vn 0 1 0 
vn 0 1 0 
vn 0 1 0 
vn 0 1 0 
vn 0 1 0 
vn 0 1 0 
vn 0 1 0 
vn 0 1 0 
vn 0 1 0 
vn 0 1 0 
vn 0 1 0 
vn 0 1 0 
vn 0 1 0 
vn 0 1 0 
vn 0 1 0 
vn 0 1 0 
vn 0 1 0 
vn 0 1 0 
vn 0 1 0 
vn 0 1 0 
vn 0 1 0 
vn 0 1 0 
vn 0 1 0 
vn 0 1 0 
vn 0 1 0 
vn 0 1 0 
vn 0 1 0 
vn 0 1 0 
vn 0 1 0 
vn 0 1 0 
vn 0 1 0 
vn 0 1 0 
vn 0 1 0 
vn 0 1 0 
vn 0 1 0 
vn 0 1 0 
vn 0 1 0 
vn 0 0.440945 0.897638 
vn 0 0.488189 0.874016 
vn 0 0.488189 0.874016 
vn 0 0.440945 0.897638 
vn 0.0787402 0.811024 -0.582677 
vn 0.0787402 0.811024 -0.582677 
vn 0.0787402 0.811024 -0.582677 
vn 0.0787402 0.811024 -0.582677 
vn 0 0.480315 0.874016 
vn 0 0.440945 0.897638 
vn 0 0.480315 0.874016 
vn 0 0.440945 0.897638 
vn -0.0787402 0.811024 -0.582677 
vn -0.0787402 0.811024 -0.582677 
vn -0.0787402 0.811024 -0.582677 
vn -0.0787402 0.811024 -0.582677 
vn -0.283465 0.96063 -0.0551181 
vn -0.283465 0.96063 -0.0551181 
vn -0.283465 0.96063 -0.0551181 
vn 0.283465 0.96063 -0.0551181 
vn 0.283465 0.96063 -0.0551181 
vn 0.283465 0.96063 -0.0551181 
vn 0 0.440945 0.897638 
vn 0 0.440945 0.897638 
vn 0 0.362205 0.929134 
vn 0 0.440945 0.897638 
vn 0 0.362205 0.929134 
vn 0 0.440945 0.897638 
vn -0.220472 0.96063 -0.188976 
vn -0.220472 0.96063 -0.188976 
vn -0.220472 0.96063 -0.188976 
vn 0.220472 0.96063 -0.188976 
vn 0.220472 0.96063 -0.188976 
vn 0.220472 0.96063 -0.188976 
vn -0.0944882 0.96063 -0.267717 
vn -0.0944882 0.96063 -0.267717 
vn -0.0944882 0.96063 -0.267717 
vn 0.0944882 0.96063 -0.267717 
vn 0.0944882 0.96063 -0.267717 
vn 0.0944882 0.96063 -0.267717 
vn 0 1 0 
vn 0 1 0 
vn 0 1 0 
vn 0 1 0 
vn 0 1 0 
vn 0 1 0 
vn 0 1 0 
vn 0 1 0 
vn 0 1 0 
vn 0 1 0 
vn 0 1 0 
vn 0 1 0 
vn 0 1 0 
vn 0 1 0 
vn 0 1 0 
vn 0 1 0 
vn 0 1 0 
vn 0 1 0 
vn 0 1 0 
vn 0 1 0 
vn 0 1 0 
vn 0 1 0 
vn 0 1 0 
vn 0 1 0 
vn 0 1 0 
vn 0 1 0 
vn 0 1 0 
vn 0 1 0 
vn 0 1 0 
vn 0 1 0 
vn 0 1 0 
vn 0 1 0 
vn 0 1 0 
vn 0 1 0 
vn 0 1 0 
vn 0 1 0 
vn 0 0.11811 0.992126 
vn 0 0.11811 0.992126 
vn 0 0.11811 0.992126 
vn 0 0.11811 0.992126 
vn -0.850394 0.204724 0.488189 
vn -0.850394 0.204724 0.488189 
vn -0.80315 0.385827 0.456693 
vn -0.80315 0.385827 0.456693 
vn 0.259843 -0.0708661 0.96063 
vn 0 -0.0708661 1 
vn -0.259843 -0.0708661 0.96063 
vn 0.850394 0.204724 0.488189 
vn 0.850394 0.204724 0.488189 
vn 0.80315 0.385827 0.456693 
vn 0.80315 0.385827 0.456693 
vn 0 0.582677 0.811024 
vn 0 0.582677 0.811024 
vn -0.015748 0.425197 0.905512 
vn 0.015748 0.425197 0.905512 
vn 0.015748 0.0551181 1 
vn 0.015748 0.425197 0.905512 
vn -0.015748 0.0551181 1 
vn -0.0708661 0.015748 1 
vn -0.015748 0.425197 0.905512 
vn 0 -0.0314961 1 
vn 0.0708661 0.015748 1 
vn 0.015748 0.425197 0.905512 
vn 0 -0.0314961 1 
vn 0 -0.0314961 1 
vn 0 -0.0314961 1 
vn 0 -0.220472 0.976378 
vn 0 -0.220472 0.976378 
vn 0 -0.00787402 1 
vn 0 -0.00787402 1 
vn 0 0.11811 0.992126 
vn 0 0.11811 0.992126 
vn 0 0.0314961 1 
vn 0 0.0314961 1 
vn 0 0.015748 1 
vn 0 0.015748 1 
vn 0 0.015748 1 
vn 0 0.015748 1 
vn 0 0.015748 1 
vn 0 0.015748 1 
vn 0 0.015748 1 
vn 0 0.015748 1 
vn -0.259843 0 0.968504 
vn -0.259843 -0.0708661 0.96063 
vn 0 -0.0708661 1 
vn 0.259843 0 0.968504 
vn 0 -0.0708661 1 
vn 0.259843 -0.0708661 0.96063 
vn -0.496063 -0.0708661 0.866142 
vn -0.708661 -0.0708661 0.708661 
vn -0.259843 -0.0708661 0.96063 
vn 0.496063 -0.0708661 0.866142 
vn 0.259843 -0.0708661 0.96063 
vn 0.708661 -0.0708661 0.700787 
vn -0.259843 0 0.968504 
vn -0.496063 -0.0708661 0.866142 
vn -0.259843 -0.0708661 0.96063 
vn 0.259843 0 0.968504 
vn 0.259843 -0.0708661 0.96063 
vn 0.496063 -0.0708661 0.866142 
vn -0.425197 0.015748 0.905512 
vn -0.440945 0.425197 0.795276 
vn -0.480315 0.0866142 0.874016 
vn 0.425197 0.015748 0.905512 
vn 0.480315 0.0866142 0.874016 
vn 0.440945 0.425197 0.795276 
vn -0.0629921 0.0787402 0.992126 
vn -0.259843 0.0708661 0.96063 
vn -0.259843 0.125984 0.96063 
vn -0.0787402 0.125984 0.992126 
vn -0.0314961 -0.00787402 1 
vn -0.259843 -0.00787402 0.968504 
vn -0.259843 0.015748 0.968504 
vn -0.0551181 0.00787402 1 
vn -0.259843 0.0551181 0.96063 
vn -0.456693 0.00787402 0.889764 
vn -0.259843 0.015748 0.968504 
vn -0.472441 -0.00787402 0.88189 
vn -0.259843 -0.00787402 0.968504 
vn -0.259843 0.0708661 0.96063 
vn -0.448819 0.0787402 0.889764 
vn -0.259843 0.125984 0.96063 
vn -0.433071 0.125984 0.897638 
vn 0.0629921 0.0787402 0.992126 
vn 0.259843 0.125984 0.96063 
vn 0.259843 0.0708661 0.96063 
vn 0.0787402 0.125984 0.992126 
vn 0.0314961 -0.00787402 1 
vn 0.259843 -0.00787402 0.968504 
vn 0.259843 0.015748 0.968504 
vn 0.0551181 0.00787402 1 
vn 0.259843 0.0551181 0.96063 
vn 0.456693 0.00787402 0.889764 
vn 0.259843 0.015748 0.968504 
vn 0.472441 -0.00787402 0.88189 
vn 0.259843 -0.00787402 0.968504 
vn 0.259843 0.0708661 0.96063 
vn 0.448819 0.0787402 0.889764 
vn 0.259843 0.125984 0.96063 
vn 0.433071 0.125984 0.897638 
vn -0.496063 0.125984 0.858268 
vn -0.503937 -0.00787402 0.866142 
vn -0.496063 0.125984 0.858268 
vn -0.503937 -0.00787402 0.866142 
vn -0.488189 -0.228346 0.84252 
vn -0.488189 -0.228346 0.84252 
vn -0.503937 -0.0314961 0.866142 
vn -0.503937 -0.0314961 0.866142 
vn -0.503937 0.0314961 0.866142 
vn -0.503937 0.0314961 0.866142 
vn -0.511811 0.0866142 0.850394 
vn -0.480315 0.0866142 0.874016 
vn -0.566929 0.023622 0.826772 
vn -0.464567 0.425197 0.779528 
vn -0.464567 0.425197 0.779528 
vn -0.440945 0.425197 0.795276 
vn -0.440945 0.425197 0.795276 
vn -0.409449 0.582677 0.708661 
vn -0.409449 0.582677 0.708661 
vn 0.503937 -0.00787402 0.866142 
vn 0.496063 0.125984 0.858268 
vn 0.496063 0.125984 0.858268 
vn 0.503937 -0.00787402 0.866142 
vn 0.488189 -0.228346 0.84252 
vn 0.488189 -0.228346 0.84252 
vn 0.503937 -0.0314961 0.866142 
vn 0.503937 -0.0314961 0.866142 
vn 0.503937 0.0314961 0.866142 
vn 0.503937 0.0314961 0.866142 
vn 0.511811 0.0866142 0.850394 
vn 0.480315 0.0866142 0.874016 
vn 0.566929 0.023622 0.826772 
vn 0.464567 0.425197 0.779528 
vn 0.464567 0.425197 0.779528 
vn 0.440945 0.425197 0.795276 
vn 0.409449 0.582677 0.708661 
vn 0.440945 0.425197 0.795276 
vn 0.409449 0.582677 0.708661 
vn -0.80315 0.385827 0.456693 
vn -0.80315 0.385827 0.456693 
vn -0.834646 0.291339 0.472441 
vn 0.80315 0.385827 0.456693 
vn 0.834646 0.291339 0.472441 
vn 0.80315 0.385827 0.456693 
vn -0.551181 0.0787402 0.834646 
vn -0.708661 0.0708661 0.700787 
vn -0.700787 0.125984 0.700787 
vn -0.559055 0.11811 0.818898 
vn -0.527559 -0.00787402 0.850394 
vn -0.708661 -0.00787402 0.708661 
vn -0.708661 0.015748 0.708661 
vn -0.543307 0.00787402 0.834646 
vn -0.708661 0.0551181 0.708661 
vn 0.551181 0.0787402 0.834646 
vn 0.700787 0.125984 0.700787 
vn 0.708661 0.0708661 0.700787 
vn 0.559055 0.11811 0.818898 
vn 0.527559 -0.00787402 0.850394 
vn 0.708661 -0.00787402 0.708661 
vn 0.708661 0.015748 0.708661 
vn 0.543307 0.00787402 0.834646 
vn 0.708661 0.0551181 0.708661 
vn -0.496063 -0.0708661 0.866142 
vn -0.708661 0 0.708661 
vn -0.708661 -0.0708661 0.708661 
vn 0.496063 -0.0708661 0.866142 
vn 0.708661 -0.0708661 0.700787 
vn 0.708661 0 0.708661 
vn -0.488189 -0.23622 0.84252 
vn -0.488189 -0.244094 0.84252 
vn -0.496063 -0.11811 0.858268 
vn -0.472441 -0.314961 0.818898 
vn -0.472441 -0.314961 0.818898 
vn -0.464567 -0.370079 0.80315 
vn -0.496063 -0.11811 0.858268 
vn -0.503937 0.023622 0.866142 
vn -0.503937 0.023622 0.866142 
vn 0.488189 -0.244094 0.84252 
vn 0.488189 -0.23622 0.84252 
vn 0.496063 -0.11811 0.858268 
vn 0.496063 -0.11811 0.858268 
vn 0.472441 -0.314961 0.818898 
vn 0.472441 -0.314961 0.818898 
vn 0.464567 -0.370079 0.80315 
vn 0.503937 0.023622 0.866142 
vn 0.503937 0.023622 0.866142 
vn -0.708661 0.574803 0.409449 
vn -0.708661 0.574803 0.409449 
vn -0.795276 0.425197 0.440945 
vn -0.779528 0.425197 0.464567 
vn 0.708661 0.574803 0.409449 
vn 0.708661 0.574803 0.409449 
vn 0.795276 0.425197 0.440945 
vn 0.779528 0.425197 0.464567 
vn -0.866142 -0.0708661 0.496063 
vn -0.96063 -0.0708661 0.259843 
vn -0.708661 -0.0708661 0.708661 
vn 0.866142 -0.0708661 0.496063 
vn 0.708661 -0.0708661 0.700787 
vn 0.96063 -0.0708661 0.259843 
vn -0.708661 0 0.708661 
vn -0.866142 -0.0708661 0.496063 
vn -0.708661 -0.0708661 0.708661 
vn 0.708661 0 0.708661 
vn 0.708661 -0.0708661 0.700787 
vn 0.866142 -0.0708661 0.496063 
vn -0.84252 0.00787402 0.543307 
vn -0.708661 0.015748 0.708661 
vn -0.708661 0.0551181 0.708661 
vn 0.84252 0.00787402 0.543307 
vn 0.708661 0.0551181 0.708661 
vn 0.708661 0.015748 0.708661 
vn -0.850394 0.204724 0.488189 
vn -0.866142 0.0629921 0.496063 
vn -0.866142 0.0629921 0.496063 
vn -0.850394 0.204724 0.488189 
vn -0.866142 0.023622 0.496063 
vn -0.866142 0.023622 0.496063 
vn -0.866142 0.0866142 0.488189 
vn -0.866142 0.0866142 0.488189 
vn -0.874016 -0.00787402 0.488189 
vn -0.874016 0 0.488189 
vn 0.850394 0.204724 0.488189 
vn 0.866142 0.0629921 0.496063 
vn 0.850394 0.204724 0.488189 
vn 0.866142 0.0629921 0.496063 
vn 0.866142 0.023622 0.496063 
vn 0.866142 0.023622 0.496063 
vn 0.866142 0.0866142 0.488189 
vn 0.866142 0.0866142 0.488189 
vn 0.874016 -0.00787402 0.488189 
vn 0.874016 0 0.488189 
vn -0.708661 0.015748 0.708661 
vn -0.850394 -0.00787402 0.527559 
vn -0.708661 -0.00787402 0.708661 
vn -0.84252 0.00787402 0.543307 
vn -0.850394 -0.00787402 0.527559 
vn -0.708661 0.0708661 0.700787 
vn -0.834646 0.0787402 0.551181 
vn 0.708661 0.015748 0.708661 
vn 0.708661 -0.00787402 0.708661 
vn 0.850394 -0.00787402 0.527559 
vn 0.84252 0.00787402 0.543307 
vn 0.708661 0.0708661 0.700787 
vn 0.850394 -0.00787402 0.527559 
vn 0.834646 0.0787402 0.551181 
vn -0.700787 0.125984 0.700787 
vn -0.834646 0.0787402 0.551181 
vn -0.818898 0.11811 0.559055 
vn -0.708661 0.0708661 0.700787 
vn 0.700787 0.125984 0.700787 
vn 0.834646 0.0787402 0.551181 
vn 0.708661 0.0708661 0.700787 
vn 0.818898 0.11811 0.559055 
vn -0.866142 -0.0314961 0.496063 
vn -0.866142 -0.125984 0.480315 
vn -0.866142 -0.0314961 0.496063 
vn -0.866142 -0.133858 0.480315 
vn -0.866142 0.00787402 0.496063 
vn -0.866142 0.00787402 0.496063 
vn -0.858268 0.0787402 0.511811 
vn -0.874016 0.0787402 0.480315 
vn -0.826772 0.023622 0.566929 
vn -0.779528 0.425197 0.464567 
vn -0.779528 0.425197 0.464567 
vn -0.795276 0.425197 0.440945 
vn -0.905512 0.015748 0.417323 
vn -0.795276 0.425197 0.440945 
vn -0.866142 -0.133858 0.480315 
vn -0.874016 -0.00787402 0.488189 
vn -0.874016 0 0.488189 
vn 0.866142 -0.0314961 0.496063 
vn 0.866142 -0.125984 0.480315 
vn 0.866142 -0.133858 0.480315 
vn 0.866142 -0.0314961 0.496063 
vn 0.866142 0.00787402 0.496063 
vn 0.866142 0.00787402 0.496063 
vn 0.858268 0.0787402 0.511811 
vn 0.874016 0.0787402 0.480315 
vn 0.826772 0.023622 0.566929 
vn 0.779528 0.425197 0.464567 
vn 0.779528 0.425197 0.464567 
vn 0.795276 0.425197 0.440945 
vn 0.905512 0.015748 0.417323 
vn 0.795276 0.425197 0.440945 
vn 0.874016 -0.00787402 0.488189 
vn 0.866142 -0.133858 0.480315 
vn 0.874016 0 0.488189 
vn -0.866142 -0.0708661 0.496063 
vn -0.968504 0 0.259843 
vn -0.96063 -0.0708661 0.259843 
vn 0.866142 -0.0708661 0.496063 
vn 0.96063 -0.0708661 0.259843 
vn 0.968504 0 0.259843 
vn -0.905512 0.425197 -0.015748 
vn -0.811024 0.582677 0 
vn -0.811024 0.582677 0 
vn -0.905512 0.425197 0.015748 
vn 0.811024 0.582677 0 
vn 0.905512 0.425197 -0.015748 
vn 0.811024 0.582677 0 
vn 0.905512 0.425197 0.015748 
vn -0.96063 0.125984 0.251969 
vn -0.897638 0.125984 0.425197 
vn -0.889764 0.0787402 0.448819 
vn -0.96063 0.0708661 0.259843 
vn -0.88189 -0.00787402 0.472441 
vn -0.968504 -0.00787402 0.259843 
vn -0.968504 0.015748 0.259843 
vn -0.889764 0.00787402 0.456693 
vn -0.96063 0.0551181 0.259843 
vn -1 0.00787402 0.0551181 
vn -0.96063 0.0551181 0.259843 
vn -1 -0.00787402 0.0314961 
vn -0.968504 -0.00787402 0.259843 
vn -0.96063 0.0708661 0.259843 
vn -0.992126 0.0787402 0.0551181 
vn -0.96063 0.125984 0.251969 
vn -0.992126 0.125984 0.0708661 
vn 0.889764 0.0787402 0.448819 
vn 0.897638 0.125984 0.425197 
vn 0.96063 0.125984 0.251969 
vn 0.96063 0.0708661 0.259843 
vn 0.88189 -0.00787402 0.472441 
vn 0.968504 -0.00787402 0.259843 
vn 0.968504 0.015748 0.259843 
vn 0.889764 0.00787402 0.456693 
vn 0.96063 0.0551181 0.259843 
vn 1 0.00787402 0.0551181 
vn 0.96063 0.0551181 0.259843 
vn 1 -0.00787402 0.0314961 
vn 0.968504 -0.00787402 0.259843 
vn 0.96063 0.0708661 0.259843 
vn 0.992126 0.0787402 0.0551181 
vn 0.96063 0.125984 0.251969 
vn 0.992126 0.125984 0.0708661 
vn -1 -0.0708661 0 
vn -0.952756 -0.0314961 -0.291339 
vn -0.96063 -0.0708661 0.259843 
vn -0.968504 0 0.259843 
vn -1 -0.0708661 0 
vn 1 -0.0708661 0 
vn 0.96063 -0.0708661 0.259843 
vn 0.952756 -0.0314961 -0.291339 
vn 0.968504 0 0.259843 
vn 1 -0.0708661 0 
vn -1 -0.00787402 0 
vn -0.992126 0.11811 0 
vn -1 -0.00787402 0 
vn -0.992126 0.11811 0 
vn 1 -0.00787402 0 
vn 0.992126 0.11811 0 
vn 0.992126 0.11811 0 
vn 1 -0.00787402 0 
vn -1 0.015748 0.0708661 
vn -0.905512 0.425197 0.015748 
vn -1 0.0866142 0.015748 
vn 1 0.015748 0.0708661 
vn 1 0.0866142 0.015748 
vn 0.905512 0.425197 0.015748 
vn -1 0.00787402 0 
vn -0.992126 0.11811 0 
vn -0.992126 0.11811 0 
vn -1 0.00787402 0 
vn 0.992126 0.11811 0 
vn 0.992126 0.11811 0 
vn 1 0.00787402 0 
vn 1 0.00787402 0 
vn -1 0.0866142 -0.015748 
vn -1 0.0314961 0 
vn -1 0.0866142 0.015748 
vn -1 0.0314961 0 
vn -0.905512 0.425197 -0.015748 
vn -1 0.0866142 0.015748 
vn -0.905512 0.425197 0.015748 
vn -1 0.0866142 -0.015748 
vn 1 0.0866142 -0.015748 
vn 1 0.0314961 0 
vn 1 0.0314961 0 
vn 1 0.0866142 0.015748 
vn 0.905512 0.425197 -0.015748 
vn 1 0.0866142 0.015748 
vn 1 0.0866142 -0.015748 
vn 0.905512 0.425197 0.015748 
vn -1 -0.00787402 0 
vn -0.976378 -0.220472 0 
vn -0.976378 -0.220472 0 
vn -1 -0.00787402 0 
vn -1 -0.0314961 0 
vn -1 0.0314961 0 
vn -1 0.0314961 0 
vn -1 -0.0314961 0 
vn 1 -0.00787402 0 
vn 1 -0.00787402 0 
vn 0.976378 -0.220472 0 
vn 0.976378 -0.220472 0 
vn 1 -0.0314961 0 
vn 1 0.0314961 0 
vn 1 0.0314961 0 
vn 1 -0.0314961 0 
vn -1 -0.0314961 0 
vn -0.976378 -0.220472 0 
vn -1 -0.0314961 0 
vn -0.976378 -0.220472 0 
vn 1 -0.0314961 0 
vn 0.976378 -0.220472 0 
vn 0.976378 -0.220472 0 
vn 1 -0.0314961 0 
vn -1 0.00787402 0 
vn -0.992126 -0.141732 0 
vn -1 0.00787402 0 
vn -0.992126 -0.149606 0 
vn 1 0.00787402 0 
vn 0.992126 -0.141732 0 
vn 0.992126 -0.149606 0 
vn 1 0.00787402 0 
vn -1 0.023622 -0.0708661 
vn -1 0.0866142 -0.015748 
vn -0.905512 0.425197 -0.015748 
vn 1 0.023622 -0.0708661 
vn 0.905512 0.425197 -0.015748 
vn 1 0.0866142 -0.015748 
vn -1 -0.0708661 0 
vn -0.944882 0 -0.322835 
vn -0.952756 -0.0314961 -0.291339 
vn 1 -0.0708661 0 
vn 0.952756 -0.0314961 -0.291339 
vn 0.944882 0 -0.322835 
vn -0.976378 -0.228346 0 
vn -0.976378 -0.220472 0 
vn -0.976378 -0.228346 0 
vn -0.976378 -0.220472 0 
vn 0.976378 -0.228346 0 
vn 0.976378 -0.220472 0 
vn 0.976378 -0.220472 0 
vn 0.976378 -0.228346 0 
vn -0.992126 -0.149606 0 
vn -0.976378 -0.228346 0 
vn -0.992126 -0.141732 0 
vn -0.976378 -0.228346 0 
vn -0.976378 -0.220472 0 
vn -0.976378 -0.220472 0 
vn -0.968504 -0.23622 0 
vn 0.992126 -0.149606 0 
vn 0.976378 -0.228346 0 
vn 0.976378 -0.228346 0 
vn 0.992126 -0.141732 0 
vn 0.976378 -0.220472 0 
vn 0.968504 -0.23622 0 
vn 0.976378 -0.220472 0 
vn -0.811024 0 -0.582677 
vn -0.811024 0 -0.582677 
vn -0.952756 -0.0314961 -0.291339 
vn -0.944882 0 -0.322835 
vn 0.811024 0 -0.582677 
vn 0.952756 -0.0314961 -0.291339 
vn 0.811024 0 -0.582677 
vn 0.944882 0 -0.322835 
vn -0.629921 0 -0.771654 
vn -0.629921 0 -0.771654 
vn -0.811024 0 -0.582677 
vn -0.811024 0 -0.582677 
vn 0.629921 0 -0.771654 
vn 0.811024 0 -0.582677 
vn 0.629921 0 -0.771654 
vn 0.811024 0 -0.582677 
vn -0.346457 0 -0.937008 
vn -0.629921 0 -0.771654 
vn -0.629921 0 -0.771654 
vn -0.346457 0 -0.937008 
vn 0 0 -1 
vn 0 0 -1 
vn 0.346457 0 -0.937008 
vn 0.629921 0 -0.771654 
vn 0.629921 0 -0.771654 
vn 0.346457 0 -0.937008 
vn 0 0 -1 
vn 0 0 -1 

vt 0.888209 0.215677 
vt 0.881057 0.183977 
vt 0.881905 0.183326 
vt 0.887361 0.216328 
vt 0.835058 0.396675 
vt 0.83591 0.350404 
vt 0.836272 0.396625 
vt 0.834695 0.350455 
vt 0.888209 0.215677 
vt 0.881057 0.183977 
vt 0.887361 0.216328 
vt 0.881905 0.183326 
vt 0.834695 0.350455 
vt 0.835058 0.396675 
vt 0.83591 0.350404 
vt 0.836272 0.396625 
vt 0.893275 0.0919483 
vt 0.894165 0.0776856 
vt 0.897465 0.0811197 
vt 0.890882 0.0869899 
vt 0.893275 0.0919483 
vt 0.887592 0.0995055 
vt 0.886075 0.0929266 
vt 0.890882 0.0869899 
vt 0.834695 0.350455 
vt 0.835905 0.310748 
vt 0.83591 0.350404 
vt 0.834691 0.310798 
vt 0.800094 0.181635 
vt 0.780346 0.189604 
vt 0.780077 0.187274 
vt 0.799825 0.179305 
vt 0.834691 0.310798 
vt 0.834695 0.350455 
vt 0.835905 0.310748 
vt 0.83591 0.350404 
vt 0.800094 0.181635 
vt 0.780077 0.187274 
vt 0.780346 0.189604 
vt 0.799825 0.179305 
vt 0.897465 0.0811197 
vt 0.895825 0.0671706 
vt 0.899613 0.0684588 
vt 0.894165 0.0776856 
vt 0.887592 0.0995055 
vt 0.881123 0.102722 
vt 0.880781 0.095418 
vt 0.886075 0.0929266 
vt 0.834691 0.310798 
vt 0.836272 0.279232 
vt 0.835905 0.310748 
vt 0.835058 0.279283 
vt 0.815861 0.176017 
vt 0.800094 0.181635 
vt 0.799825 0.179305 
vt 0.815593 0.173687 
vt 0.835905 0.310748 
vt 0.836272 0.279232 
vt 0.834691 0.310798 
vt 0.835058 0.279283 
vt 0.800094 0.181635 
vt 0.815861 0.176017 
vt 0.799825 0.179305 
vt 0.815593 0.173687 
vt 0.895825 0.0671706 
vt 0.899613 0.0546681 
vt 0.899613 0.0684588 
vt 0.895708 0.0557228 
vt 0.880781 0.095418 
vt 0.874373 0.101411 
vt 0.875224 0.0940642 
vt 0.881123 0.102722 
vt 0.769837 0.208591 
vt 0.784569 0.22828 
vt 0.783792 0.230094 
vt 0.76906 0.210405 
vt 0.781286 0.235894 
vt 0.767332 0.214392 
vt 0.782063 0.23408 
vt 0.766555 0.216206 
vt 0.784569 0.22828 
vt 0.769837 0.208591 
vt 0.783792 0.230094 
vt 0.76906 0.210405 
vt 0.782063 0.23408 
vt 0.767332 0.214392 
vt 0.781286 0.235894 
vt 0.766555 0.216206 
vt 0.895708 0.0557228 
vt 0.897537 0.0411086 
vt 0.899613 0.0546681 
vt 0.893959 0.0445717 
vt 0.875224 0.0940642 
vt 0.867907 0.096542 
vt 0.869855 0.0900105 
vt 0.874373 0.101411 
vt 0.891021 0.310588 
vt 0.888403 0.296121 
vt 0.892383 0.295032 
vt 0.891021 0.310588 
vt 0.892383 0.295032 
vt 0.888403 0.296121 
vt 0.919189 0.365234 
vt 0.9198 0.39069 
vt 0.91882 0.390698 
vt 0.918208 0.365242 
vt 0.915674 0.390698 
vt 0.916043 0.365234 
vt 0.916654 0.39069 
vt 0.915062 0.365242 
vt 0.9198 0.39069 
vt 0.919189 0.365234 
vt 0.91882 0.390698 
vt 0.918208 0.365242 
vt 0.916654 0.39069 
vt 0.916043 0.365234 
vt 0.915674 0.390698 
vt 0.915062 0.365242 
vt 0.809588 0.269679 
vt 0.813646 0.26679 
vt 0.813154 0.274207 
vt 0.810641 0.262888 
vt 0.809588 0.269679 
vt 0.813646 0.26679 
vt 0.810641 0.262888 
vt 0.813154 0.274207 
vt 0.897537 0.0411086 
vt 0.893959 0.0445717 
vt 0.891403 0.0375892 
vt 0.894395 0.0320748 
vt 0.867907 0.096542 
vt 0.866619 0.084617 
vt 0.869855 0.0900105 
vt 0.863692 0.0899472 
vt 0.825135 0.445615 
vt 0.82222 0.450505 
vt 0.822134 0.446384 
vt 0.825135 0.453868 
vt 0.825135 0.445615 
vt 0.822134 0.446384 
vt 0.82222 0.450505 
vt 0.825135 0.453868 
vt 0.903006 0.116879 
vt 0.905816 0.12323 
vt 0.903704 0.124163 
vt 0.906142 0.126739 
vt 0.906142 0.126739 
vt 0.903047 0.130122 
vt 0.905813 0.129621 
vt 0.905427 0.133209 
vt 0.902271 0.137543 
vt 0.905816 0.12323 
vt 0.903006 0.116879 
vt 0.903704 0.124163 
vt 0.906142 0.126739 
vt 0.906142 0.126739 
vt 0.903047 0.130122 
vt 0.905813 0.129621 
vt 0.905427 0.133209 
vt 0.902271 0.137543 
vt 0.907521 0.124052 
vt 0.906527 0.118647 
vt 0.911353 0.123235 
vt 0.914413 0.117105 
vt 0.907521 0.124052 
vt 0.911353 0.123235 
vt 0.906527 0.118647 
vt 0.914413 0.117105 
vt 0.89427 0.281427 
vt 0.895315 0.310798 
vt 0.892383 0.295032 
vt 0.891021 0.310588 
vt 0.895315 0.310798 
vt 0.89427 0.281427 
vt 0.892383 0.295032 
vt 0.891021 0.310588 
vt 0.841817 0.0229651 
vt 0.822205 0.0284743 
vt 0.816748 0.0195091 
vt 0.83979 0.0306147 
vt 0.826174 0.0727239 
vt 0.822205 0.0284743 
vt 0.829015 0.0648929 
vt 0.841817 0.0229651 
vt 0.822205 0.0284743 
vt 0.83979 0.0306147 
vt 0.816748 0.0195091 
vt 0.826174 0.0727239 
vt 0.822205 0.0284743 
vt 0.829015 0.0648929 
vt 0.809588 0.269679 
vt 0.805063 0.253966 
vt 0.810641 0.262888 
vt 0.801867 0.256148 
vt 0.801867 0.256148 
vt 0.809588 0.269679 
vt 0.805063 0.253966 
vt 0.810641 0.262888 
vt 0.888377 0.397965 
vt 0.882805 0.398185 
vt 0.885615 0.392595 
vt 0.882792 0.392815 
vt 0.88444 0.375917 
vt 0.882705 0.373346 
vt 0.888377 0.397965 
vt 0.885615 0.392595 
vt 0.882805 0.398185 
vt 0.882792 0.392815 
vt 0.88444 0.375917 
vt 0.882705 0.373346 
vt 0.906665 0.30235 
vt 0.905692 0.294787 
vt 0.906665 0.293312 
vt 0.906665 0.30235 
vt 0.906665 0.293312 
vt 0.905692 0.294787 
vt 0.785301 0.456651 
vt 0.785408 0.428163 
vt 0.789182 0.434523 
vt 0.791654 0.453411 
vt 0.882705 0.373346 
vt 0.8855 0.36736 
vt 0.88444 0.375917 
vt 0.884603 0.367357 
vt 0.785408 0.428163 
vt 0.785301 0.456651 
vt 0.789182 0.434523 
vt 0.791654 0.453411 
vt 0.88444 0.375917 
vt 0.8855 0.36736 
vt 0.882705 0.373346 
vt 0.884603 0.367357 
vt 0.861633 0.321044 
vt 0.865457 0.319316 
vt 0.867055 0.322062 
vt 0.861633 0.321044 
vt 0.867055 0.322062 
vt 0.865457 0.319316 
vt 0.788748 0.428075 
vt 0.785408 0.428163 
vt 0.78535 0.425155 
vt 0.789182 0.434523 
vt 0.788748 0.428075 
vt 0.785408 0.428163 
vt 0.789182 0.434523 
vt 0.78535 0.425155 
vt 0.906527 0.118647 
vt 0.905816 0.12323 
vt 0.903006 0.116879 
vt 0.907521 0.124052 
vt 0.905816 0.12323 
vt 0.906527 0.118647 
vt 0.903006 0.116879 
vt 0.907521 0.124052 
vt 0.832786 0.465249 
vt 0.832786 0.431943 
vt 0.835561 0.4603 
vt 0.832786 0.465249 
vt 0.835561 0.4603 
vt 0.832786 0.431943 
vt 0.925762 0.479567 
vt 0.914118 0.45615 
vt 0.925762 0.456155 
vt 0.925762 0.479567 
vt 0.925762 0.456155 
vt 0.914118 0.45615 
vt 0.890452 0.433962 
vt 0.888403 0.413695 
vt 0.892425 0.412437 
vt 0.890452 0.433962 
vt 0.892425 0.412437 
vt 0.888403 0.413695 
vt 0.988023 0.475954 
vt 0.972329 0.476825 
vt 0.975716 0.449738 
vt 0.988023 0.475954 
vt 0.975716 0.449738 
vt 0.972329 0.476825 
vt 0.891403 0.0375892 
vt 0.88316 0.0277328 
vt 0.894395 0.0320748 
vt 0.884422 0.0194725 
vt 0.862211 0.0680224 
vt 0.866619 0.084617 
vt 0.863692 0.0899472 
vt 0.858048 0.0701177 
vt 0.864186 0.35696 
vt 0.860363 0.365203 
vt 0.858931 0.360087 
vt 0.867055 0.367528 
vt 0.864186 0.35696 
vt 0.858931 0.360087 
vt 0.860363 0.365203 
vt 0.867055 0.367528 
vt 0.857538 0.347413 
vt 0.861633 0.321044 
vt 0.864662 0.32707 
vt 0.863347 0.346406 
vt 0.858931 0.360087 
vt 0.864186 0.35696 
vt 0.857538 0.347413 
vt 0.857538 0.347413 
vt 0.864662 0.32707 
vt 0.861633 0.321044 
vt 0.863347 0.346406 
vt 0.858931 0.360087 
vt 0.864186 0.35696 
vt 0.857538 0.347413 
vt 0.906583 0.293312 
vt 0.905692 0.284831 
vt 0.906583 0.281427 
vt 0.905692 0.29315 
vt 0.905692 0.284831 
vt 0.906583 0.293312 
vt 0.906583 0.281427 
vt 0.905692 0.29315 
vt 0.941696 0.129095 
vt 0.935999 0.138844 
vt 0.93302 0.136816 
vt 0.942056 0.133437 
vt 0.941696 0.129095 
vt 0.935999 0.138844 
vt 0.942056 0.133437 
vt 0.93302 0.136816 
vt 0.927401 0.116481 
vt 0.927311 0.126993 
vt 0.920548 0.121896 
vt 0.930622 0.124298 
vt 0.933324 0.122324 
vt 0.932962 0.112353 
vt 0.927401 0.116481 
vt 0.927311 0.126993 
vt 0.930622 0.124298 
vt 0.920548 0.121896 
vt 0.933324 0.122324 
vt 0.932962 0.112353 
vt 0.972329 0.476825 
vt 0.965326 0.471258 
vt 0.975716 0.449738 
vt 0.972329 0.476825 
vt 0.975716 0.449738 
vt 0.965326 0.471258 
vt 0.788626 0.422917 
vt 0.78535 0.425155 
vt 0.785301 0.422715 
vt 0.788748 0.428075 
vt 0.788626 0.422917 
vt 0.78535 0.425155 
vt 0.788748 0.428075 
vt 0.785301 0.422715 
vt 0.801867 0.256148 
vt 0.803645 0.250074 
vt 0.805063 0.253966 
vt 0.801867 0.256148 
vt 0.805063 0.253966 
vt 0.803645 0.250074 
vt 0.948041 0.140603 
vt 0.942056 0.133437 
vt 0.941696 0.129095 
vt 0.950268 0.139336 
vt 0.948041 0.140603 
vt 0.941696 0.129095 
vt 0.942056 0.133437 
vt 0.950268 0.139336 
vt 0.91941 0.165462 
vt 0.942006 0.169943 
vt 0.933404 0.18819 
vt 0.91941 0.165462 
vt 0.933404 0.18819 
vt 0.942006 0.169943 
vt 0.776519 0.430158 
vt 0.774611 0.422715 
vt 0.778946 0.422769 
vt 0.773378 0.42622 
vt 0.776519 0.430158 
vt 0.771826 0.430544 
vt 0.776108 0.439098 
vt 0.772127 0.453707 
vt 0.771826 0.430544 
vt 0.778946 0.450056 
vt 0.776519 0.430158 
vt 0.774611 0.422715 
vt 0.773378 0.42622 
vt 0.778946 0.422769 
vt 0.771826 0.430544 
vt 0.776519 0.430158 
vt 0.776108 0.439098 
vt 0.772127 0.453707 
vt 0.771826 0.430544 
vt 0.778946 0.450056 
vt 0.841817 0.0229651 
vt 0.842204 0.0680566 
vt 0.83979 0.0306147 
vt 0.846001 0.0774068 
vt 0.826174 0.0727239 
vt 0.842204 0.0680566 
vt 0.829015 0.0648929 
vt 0.846001 0.0774068 
vt 0.841817 0.0229651 
vt 0.842204 0.0680566 
vt 0.83979 0.0306147 
vt 0.842204 0.0680566 
vt 0.826174 0.0727239 
vt 0.829015 0.0648929 
vt 0.894747 0.397825 
vt 0.894747 0.434088 
vt 0.892425 0.412437 
vt 0.890452 0.433962 
vt 0.894747 0.434088 
vt 0.894747 0.397825 
vt 0.892425 0.412437 
vt 0.890452 0.433962 
vt 0.937051 0.122497 
vt 0.940605 0.112694 
vt 0.942054 0.129147 
vt 0.95076 0.12631 
vt 0.937051 0.122497 
vt 0.942054 0.129147 
vt 0.940605 0.112694 
vt 0.95076 0.12631 
vt 0.987902 0.251766 
vt 0.985454 0.269586 
vt 0.971626 0.244885 
vt 0.988207 0.212316 
vt 0.987902 0.251766 
vt 0.971626 0.244885 
vt 0.985454 0.269586 
vt 0.988207 0.212316 
vt 0.838781 0.0795541 
vt 0.825811 0.0918949 
vt 0.821752 0.0846194 
vt 0.838061 0.0883192 
vt 0.830382 0.135677 
vt 0.825811 0.0918949 
vt 0.832275 0.126977 
vt 0.838781 0.0795541 
vt 0.825811 0.0918949 
vt 0.838061 0.0883192 
vt 0.821752 0.0846194 
vt 0.830382 0.135677 
vt 0.825811 0.0918949 
vt 0.832275 0.126977 
vt 0.949044 0.432753 
vt 0.960683 0.456152 
vt 0.949044 0.456154 
vt 0.949044 0.432753 
vt 0.949044 0.456154 
vt 0.960683 0.456152 
vt 0.942006 0.169943 
vt 0.945462 0.207776 
vt 0.933404 0.18819 
vt 0.942006 0.169943 
vt 0.933404 0.18819 
vt 0.945462 0.207776 
vt 0.921361 0.378201 
vt 0.923655 0.385075 
vt 0.922625 0.384958 
vt 0.921848 0.375422 
vt 0.923655 0.385075 
vt 0.921354 0.389629 
vt 0.922945 0.391917 
vt 0.923739 0.405589 
vt 0.921413 0.405455 
vt 0.921354 0.389629 
vt 0.915208 0.307031 
vt 0.918208 0.25862 
vt 0.916188 0.307023 
vt 0.917228 0.258628 
vt 0.915062 0.365242 
vt 0.915208 0.307031 
vt 0.916043 0.365234 
vt 0.921354 0.25862 
vt 0.919334 0.307023 
vt 0.918353 0.307031 
vt 0.920373 0.258628 
vt 0.918208 0.365242 
vt 0.918353 0.307031 
vt 0.919189 0.365234 
vt 0.921361 0.378201 
vt 0.923655 0.385075 
vt 0.921848 0.375422 
vt 0.922625 0.384958 
vt 0.923655 0.385075 
vt 0.921354 0.389629 
vt 0.922945 0.391917 
vt 0.921354 0.389629 
vt 0.921413 0.405455 
vt 0.923739 0.405589 
vt 0.916188 0.307023 
vt 0.918208 0.25862 
vt 0.915208 0.307031 
vt 0.917228 0.258628 
vt 0.915062 0.365242 
vt 0.915208 0.307031 
vt 0.916043 0.365234 
vt 0.919334 0.307023 
vt 0.921354 0.25862 
vt 0.918353 0.307031 
vt 0.920373 0.258628 
vt 0.918208 0.365242 
vt 0.918353 0.307031 
vt 0.919189 0.365234 
vt 0.888377 0.43663 
vt 0.881227 0.41955 
vt 0.886739 0.419548 
vt 0.883274 0.440902 
vt 0.888377 0.43663 
vt 0.881227 0.41955 
vt 0.883274 0.440902 
vt 0.886739 0.419548 
vt 0.938068 0.104499 
vt 0.935795 0.118558 
vt 0.932962 0.112353 
vt 0.933324 0.122324 
vt 0.935795 0.118558 
vt 0.938068 0.104499 
vt 0.932962 0.112353 
vt 0.933324 0.122324 
vt 0.902845 0.437663 
vt 0.901529 0.42733 
vt 0.902845 0.423234 
vt 0.902845 0.437663 
vt 0.902845 0.423234 
vt 0.901529 0.42733 
vt 0.895203 0.448768 
vt 0.895203 0.434088 
vt 0.893936 0.438186 
vt 0.940605 0.112694 
vt 0.935795 0.118558 
vt 0.938068 0.104499 
vt 0.937051 0.122497 
vt 0.935795 0.118558 
vt 0.940605 0.112694 
vt 0.938068 0.104499 
vt 0.937051 0.122497 
vt 0.895203 0.448768 
vt 0.893936 0.438186 
vt 0.895203 0.434088 
vt 0.861633 0.321044 
vt 0.866936 0.281427 
vt 0.865457 0.319316 
vt 0.861633 0.321044 
vt 0.865457 0.319316 
vt 0.866936 0.281427 
vt 0.78371 0.213598 
vt 0.780189 0.220959 
vt 0.780075 0.213193 
vt 0.778158 0.217377 
vt 0.78371 0.213598 
vt 0.780075 0.213193 
vt 0.780189 0.220959 
vt 0.778158 0.217377 
vt 0.909984 0.135163 
vt 0.908606 0.1382 
vt 0.908498 0.133471 
vt 0.911686 0.141758 
vt 0.908606 0.1382 
vt 0.909984 0.135163 
vt 0.908498 0.133471 
vt 0.911686 0.141758 
vt 0.836043 0.428324 
vt 0.834691 0.420068 
vt 0.836043 0.418196 
vt 0.836043 0.428324 
vt 0.836043 0.418196 
vt 0.834691 0.420068 
vt 0.908498 0.133471 
vt 0.905781 0.137939 
vt 0.907129 0.133369 
vt 0.908606 0.1382 
vt 0.902271 0.137543 
vt 0.905427 0.133209 
vt 0.907129 0.133369 
vt 0.905781 0.137939 
vt 0.908498 0.133471 
vt 0.907129 0.133369 
vt 0.908606 0.1382 
vt 0.905427 0.133209 
vt 0.902271 0.137543 
vt 0.907129 0.133369 
vt 0.91004 0.131253 
vt 0.91177 0.133662 
vt 0.909984 0.135163 
vt 0.911686 0.141758 
vt 0.911353 0.123235 
vt 0.91004 0.131253 
vt 0.914413 0.117105 
vt 0.91004 0.131253 
vt 0.909984 0.135163 
vt 0.91177 0.133662 
vt 0.911686 0.141758 
vt 0.911353 0.123235 
vt 0.914413 0.117105 
vt 0.91004 0.131253 
vt 0.88316 0.0277328 
vt 0.872874 0.0195109 
vt 0.884422 0.0194725 
vt 0.873907 0.0269336 
vt 0.858048 0.0701177 
vt 0.858216 0.0476753 
vt 0.862211 0.0680224 
vt 0.861937 0.0498489 
vt 0.863362 0.440471 
vt 0.859389 0.447117 
vt 0.85847 0.443099 
vt 0.86535 0.448871 
vt 0.863362 0.440471 
vt 0.859389 0.447117 
vt 0.86535 0.448871 
vt 0.85847 0.443099 
vt 0.783235 0.422715 
vt 0.785301 0.443183 
vt 0.781283 0.444723 
vt 0.783235 0.422715 
vt 0.781283 0.444723 
vt 0.785301 0.443183 
vt 0.882805 0.398185 
vt 0.880116 0.392595 
vt 0.882792 0.392815 
vt 0.877379 0.397965 
vt 0.88114 0.375917 
vt 0.882705 0.373346 
vt 0.882805 0.398185 
vt 0.880116 0.392595 
vt 0.877379 0.397965 
vt 0.882792 0.392815 
vt 0.88114 0.375917 
vt 0.882705 0.373346 
vt 0.90006 0.120288 
vt 0.898052 0.117632 
vt 0.900583 0.116254 
vt 0.896985 0.125944 
vt 0.898922 0.110934 
vt 0.901008 0.113004 
vt 0.935483 0.147078 
vt 0.942159 0.139743 
vt 0.942015 0.1442 
vt 0.932803 0.143852 
vt 0.898052 0.117632 
vt 0.90006 0.120288 
vt 0.900583 0.116254 
vt 0.896985 0.125944 
vt 0.898922 0.110934 
vt 0.901008 0.113004 
vt 0.942159 0.139743 
vt 0.935483 0.147078 
vt 0.942015 0.1442 
vt 0.932803 0.143852 
vt 0.781216 0.242652 
vt 0.792458 0.242996 
vt 0.788889 0.25126 
vt 0.782866 0.232237 
vt 0.792458 0.242996 
vt 0.781216 0.242652 
vt 0.788889 0.25126 
vt 0.782866 0.232237 
vt 0.857538 0.432804 
vt 0.860189 0.41025 
vt 0.863468 0.415574 
vt 0.862763 0.431843 
vt 0.863362 0.440471 
vt 0.857538 0.432804 
vt 0.85847 0.443099 
vt 0.857538 0.432804 
vt 0.863468 0.415574 
vt 0.860189 0.41025 
vt 0.862763 0.431843 
vt 0.857538 0.432804 
vt 0.863362 0.440471 
vt 0.85847 0.443099 
vt 0.906486 0.444878 
vt 0.906486 0.453607 
vt 0.905232 0.451746 
vt 0.906486 0.444878 
vt 0.905232 0.451746 
vt 0.906486 0.453607 
vt 0.903028 0.43468 
vt 0.903028 0.395601 
vt 0.906415 0.42894 
vt 0.903028 0.43468 
vt 0.906415 0.42894 
vt 0.903028 0.395601 
vt 0.816015 0.0847497 
vt 0.819895 0.135228 
vt 0.815985 0.127765 
vt 0.812871 0.0927016 
vt 0.799065 0.138535 
vt 0.815985 0.127765 
vt 0.801196 0.129749 
vt 0.812871 0.0927016 
vt 0.815985 0.127765 
vt 0.816015 0.0847497 
vt 0.819895 0.135228 
vt 0.815985 0.127765 
vt 0.799065 0.138535 
vt 0.801196 0.129749 
vt 0.902582 0.437663 
vt 0.902582 0.449283 
vt 0.901529 0.446051 
vt 0.902582 0.437663 
vt 0.901529 0.446051 
vt 0.902582 0.449283 
vt 0.933033 0.426332 
vt 0.933531 0.317466 
vt 0.960956 0.371204 
vt 0.963546 0.457986 
vt 0.96346 0.444584 
vt 0.975716 0.449738 
vt 0.933033 0.426332 
vt 0.960956 0.371204 
vt 0.933531 0.317466 
vt 0.963546 0.457986 
vt 0.975716 0.449738 
vt 0.96346 0.444584 
vt 0.96346 0.444584 
vt 0.966573 0.430191 
vt 0.975716 0.449738 
vt 0.96346 0.444584 
vt 0.975716 0.449738 
vt 0.966573 0.430191 
vt 0.988597 0.273179 
vt 0.982593 0.316216 
vt 0.974892 0.296559 
vt 0.988597 0.273179 
vt 0.974892 0.296559 
vt 0.982593 0.316216 
vt 0.813661 0.0290472 
vt 0.794816 0.0359139 
vt 0.790516 0.0273114 
vt 0.810386 0.0368603 
vt 0.794564 0.0799708 
vt 0.794816 0.0359139 
vt 0.79723 0.0719407 
vt 0.813661 0.0290472 
vt 0.794816 0.0359139 
vt 0.810386 0.0368603 
vt 0.790516 0.0273114 
vt 0.794564 0.0799708 
vt 0.794816 0.0359139 
vt 0.79723 0.0719407 
vt 0.947492 0.148832 
vt 0.942015 0.1442 
vt 0.942159 0.139743 
vt 0.950003 0.146365 
vt 0.947492 0.148832 
vt 0.942159 0.139743 
vt 0.942015 0.1442 
vt 0.950003 0.146365 
vt 0.901008 0.113004 
vt 0.898922 0.110934 
vt 0.901231 0.109798 
vt 0.899379 0.104304 
vt 0.901008 0.113004 
vt 0.901231 0.109798 
vt 0.898922 0.110934 
vt 0.899379 0.104304 
vt 0.977062 0.272461 
vt 0.968794 0.273264 
vt 0.971626 0.244885 
vt 0.977062 0.272461 
vt 0.971626 0.244885 
vt 0.968794 0.273264 
vt 0.778946 0.456736 
vt 0.778946 0.423182 
vt 0.781283 0.444723 
vt 0.783235 0.422715 
vt 0.778946 0.423182 
vt 0.778946 0.456736 
vt 0.781283 0.444723 
vt 0.783235 0.422715 
vt 0.891021 0.310588 
vt 0.892386 0.331187 
vt 0.888403 0.329606 
vt 0.827417 0.389251 
vt 0.827417 0.456284 
vt 0.826202 0.456254 
vt 0.826202 0.389221 
vt 0.867055 0.367558 
vt 0.867055 0.434591 
vt 0.865839 0.434561 
vt 0.865839 0.367528 
vt 0.891021 0.310588 
vt 0.888403 0.329606 
vt 0.892386 0.331187 
vt 0.826202 0.389221 
vt 0.826202 0.456254 
vt 0.827417 0.389251 
vt 0.827417 0.456284 
vt 0.867055 0.367558 
vt 0.865839 0.434561 
vt 0.867055 0.434591 
vt 0.865839 0.367528 
vt 0.890055 0.11286 
vt 0.885667 0.114539 
vt 0.886822 0.109861 
vt 0.895851 0.106548 
vt 0.885667 0.114539 
vt 0.890055 0.11286 
vt 0.886822 0.109861 
vt 0.895851 0.106548 
vt 0.968794 0.273264 
vt 0.959679 0.26796 
vt 0.971626 0.244885 
vt 0.968794 0.273264 
vt 0.971626 0.244885 
vt 0.959679 0.26796 
vt 0.892386 0.331187 
vt 0.895315 0.310798 
vt 0.891021 0.310588 
vt 0.894272 0.346104 
vt 0.895315 0.310798 
vt 0.892386 0.331187 
vt 0.891021 0.310588 
vt 0.894272 0.346104 
vt 0.76725 0.449054 
vt 0.769761 0.455244 
vt 0.765181 0.456777 
vt 0.770822 0.451497 
vt 0.769761 0.455244 
vt 0.76725 0.449054 
vt 0.765181 0.456777 
vt 0.770822 0.451497 
vt 0.905232 0.444878 
vt 0.905232 0.43468 
vt 0.906517 0.436424 
vt 0.905232 0.444878 
vt 0.906517 0.436424 
vt 0.905232 0.43468 
vt 0.982593 0.316216 
vt 0.963085 0.3167 
vt 0.974892 0.296559 
vt 0.982593 0.316216 
vt 0.974892 0.296559 
vt 0.963085 0.3167 
vt 0.914118 0.45615 
vt 0.925762 0.432753 
vt 0.925762 0.456155 
vt 0.914118 0.45615 
vt 0.925762 0.456155 
vt 0.925762 0.432753 
vt 0.801414 0.264515 
vt 0.797064 0.265311 
vt 0.799948 0.258715 
vt 0.797725 0.268133 
vt 0.801414 0.264515 
vt 0.798537 0.271604 
vt 0.804266 0.269298 
vt 0.808782 0.288726 
vt 0.798537 0.271604 
vt 0.812522 0.274584 
vt 0.801414 0.264515 
vt 0.797064 0.265311 
vt 0.797725 0.268133 
vt 0.799948 0.258715 
vt 0.798537 0.271604 
vt 0.801414 0.264515 
vt 0.804266 0.269298 
vt 0.808782 0.288726 
vt 0.798537 0.271604 
vt 0.812522 0.274584 
vt 0.930484 0.268722 
vt 0.929117 0.234656 
vt 0.944087 0.239419 
vt 0.9312 0.21901 
vt 0.930484 0.268722 
vt 0.944087 0.239419 
vt 0.929117 0.234656 
vt 0.9312 0.21901 
vt 0.924129 0.358563 
vt 0.925874 0.354322 
vt 0.925482 0.361076 
vt 0.924815 0.354047 
vt 0.924119 0.374389 
vt 0.924129 0.358563 
vt 0.925874 0.374838 
vt 0.925482 0.361076 
vt 0.925874 0.354322 
vt 0.924129 0.358563 
vt 0.924815 0.354047 
vt 0.924119 0.374389 
vt 0.924129 0.358563 
vt 0.925874 0.374838 
vt 0.813661 0.0290472 
vt 0.821634 0.0830786 
vt 0.81609 0.0740397 
vt 0.810386 0.0368603 
vt 0.794564 0.0799708 
vt 0.81609 0.0740397 
vt 0.79723 0.0719407 
vt 0.810386 0.0368603 
vt 0.81609 0.0740397 
vt 0.813661 0.0290472 
vt 0.821634 0.0830786 
vt 0.81609 0.0740397 
vt 0.794564 0.0799708 
vt 0.79723 0.0719407 
vt 0.873907 0.0269336 
vt 0.866207 0.0349727 
vt 0.863747 0.0300161 
vt 0.872874 0.0195109 
vt 0.861937 0.0498489 
vt 0.863747 0.0300161 
vt 0.866207 0.0349727 
vt 0.858216 0.0476753 
vt 0.815256 0.45983 
vt 0.817897 0.465123 
vt 0.813648 0.465305 
vt 0.817795 0.459745 
vt 0.817897 0.465123 
vt 0.815256 0.45983 
vt 0.813648 0.465305 
vt 0.817795 0.459745 
vt 0.887361 0.367357 
vt 0.882742 0.365284 
vt 0.885454 0.36097 
vt 0.883331 0.360031 
vt 0.882742 0.365284 
vt 0.887361 0.367357 
vt 0.885454 0.36097 
vt 0.883331 0.360031 
vt 0.895351 0.11107 
vt 0.897602 0.114604 
vt 0.894996 0.114426 
vt 0.898374 0.107628 
vt 0.894996 0.114426 
vt 0.897602 0.114604 
vt 0.895351 0.11107 
vt 0.898374 0.107628 
vt 0.861633 0.321044 
vt 0.867055 0.322062 
vt 0.864662 0.32707 
vt 0.861633 0.321044 
vt 0.864662 0.32707 
vt 0.867055 0.322062 
vt 0.883802 0.114019 
vt 0.886822 0.109861 
vt 0.885667 0.114539 
vt 0.882974 0.108707 
vt 0.883802 0.114019 
vt 0.886822 0.109861 
vt 0.882974 0.108707 
vt 0.885667 0.114539 
vt 0.901863 0.36865 
vt 0.89591 0.378825 
vt 0.895523 0.37318 
vt 0.903028 0.380526 
vt 0.901863 0.36865 
vt 0.89591 0.378825 
vt 0.903028 0.380526 
vt 0.895523 0.37318 
vt 0.93226 0.136622 
vt 0.928388 0.136057 
vt 0.931463 0.127622 
vt 0.933357 0.127877 
vt 0.923624 0.135295 
vt 0.929133 0.127278 
vt 0.931463 0.127622 
vt 0.93226 0.136622 
vt 0.931463 0.127622 
vt 0.928388 0.136057 
vt 0.933357 0.127877 
vt 0.929133 0.127278 
vt 0.923624 0.135295 
vt 0.931463 0.127622 
vt 0.933531 0.317466 
vt 0.988887 0.31606 
vt 0.960956 0.371204 
vt 0.933531 0.317466 
vt 0.960956 0.371204 
vt 0.988887 0.31606 
vt 0.887467 0.443692 
vt 0.88554 0.448297 
vt 0.886379 0.440902 
vt 0.887467 0.454132 
vt 0.887467 0.443692 
vt 0.88554 0.448297 
vt 0.887467 0.454132 
vt 0.886379 0.440902 
vt 0.901863 0.36865 
vt 0.895315 0.358229 
vt 0.901794 0.356056 
vt 0.895523 0.37318 
vt 0.901863 0.36865 
vt 0.901794 0.356056 
vt 0.895315 0.358229 
vt 0.895523 0.37318 
vt 0.957699 0.119846 
vt 0.958748 0.10752 
vt 0.961798 0.113362 
vt 0.951463 0.107687 
vt 0.964275 0.118013 
vt 0.962764 0.129527 
vt 0.825128 0.128538 
vt 0.820074 0.125695 
vt 0.823642 0.1158 
vt 0.819362 0.119501 
vt 0.958748 0.10752 
vt 0.957699 0.119846 
vt 0.961798 0.113362 
vt 0.951463 0.107687 
vt 0.964275 0.118013 
vt 0.962764 0.129527 
vt 0.820074 0.125695 
vt 0.825128 0.128538 
vt 0.823642 0.1158 
vt 0.819362 0.119501 
vt 0.960683 0.456152 
vt 0.949044 0.479558 
vt 0.949044 0.456154 
vt 0.960683 0.456152 
vt 0.949044 0.456154 
vt 0.949044 0.479558 
vt 0.823642 0.1158 
vt 0.818405 0.103567 
vt 0.821634 0.0830786 
vt 0.819362 0.119501 
vt 0.818405 0.103567 
vt 0.823642 0.1158 
vt 0.821634 0.0830786 
vt 0.819362 0.119501 
vt 0.834569 0.41072 
vt 0.827417 0.393493 
vt 0.83252 0.389221 
vt 0.829053 0.410589 
vt 0.834569 0.41072 
vt 0.827417 0.393493 
vt 0.829053 0.410589 
vt 0.83252 0.389221 
vt 0.965565 0.125676 
vt 0.962764 0.129527 
vt 0.964275 0.118013 
vt 0.965391 0.145491 
vt 0.965565 0.125676 
vt 0.964275 0.118013 
vt 0.962764 0.129527 
vt 0.965391 0.145491 
vt 0.880002 0.36736 
vt 0.882705 0.373346 
vt 0.880753 0.367357 
vt 0.88114 0.375917 
vt 0.880002 0.36736 
vt 0.882705 0.373346 
vt 0.88114 0.375917 
vt 0.880753 0.367357 
vt 0.883331 0.360031 
vt 0.883487 0.342827 
vt 0.885691 0.34097 
vt 0.880463 0.358704 
vt 0.882742 0.365284 
vt 0.880463 0.358704 
vt 0.877379 0.362824 
vt 0.883331 0.360031 
vt 0.883487 0.342827 
vt 0.880463 0.358704 
vt 0.885691 0.34097 
vt 0.880463 0.358704 
vt 0.882742 0.365284 
vt 0.877379 0.362824 
vt 0.887023 0.125703 
vt 0.886978 0.130112 
vt 0.885725 0.124323 
vt 0.889658 0.133026 
vt 0.886978 0.130112 
vt 0.887023 0.125703 
vt 0.885725 0.124323 
vt 0.889658 0.133026 
vt 0.800506 0.453585 
vt 0.798629 0.437917 
vt 0.802666 0.436746 
vt 0.817795 0.459745 
vt 0.816037 0.442983 
vt 0.817897 0.440129 
vt 0.815256 0.45983 
vt 0.800506 0.453585 
vt 0.802666 0.436746 
vt 0.798629 0.437917 
vt 0.817795 0.459745 
vt 0.816037 0.442983 
vt 0.815256 0.45983 
vt 0.817897 0.440129 
vt 0.969231 0.10546 
vt 0.955713 0.0639911 
vt 0.973569 0.0814708 
vt 0.940236 0.0252639 
vt 0.953179 0.0250745 
vt 0.955713 0.0639911 
vt 0.860189 0.41025 
vt 0.86535 0.411032 
vt 0.863468 0.415574 
vt 0.860189 0.41025 
vt 0.863468 0.415574 
vt 0.86535 0.411032 
vt 0.884102 0.13057 
vt 0.885725 0.124323 
vt 0.886978 0.130112 
vt 0.884328 0.124572 
vt 0.880506 0.131022 
vt 0.882567 0.124803 
vt 0.884328 0.124572 
vt 0.884102 0.13057 
vt 0.885725 0.124323 
vt 0.884328 0.124572 
vt 0.886978 0.130112 
vt 0.882567 0.124803 
vt 0.880506 0.131022 
vt 0.884328 0.124572 
vt 0.973569 0.0814708 
vt 0.955713 0.0639911 
vt 0.980252 0.029657 
vt 0.953179 0.0250745 
vt 0.980252 0.029657 
vt 0.955713 0.0639911 
vt 0.925874 0.354322 
vt 0.924216 0.347145 
vt 0.925019 0.344462 
vt 0.924815 0.354047 
vt 0.924216 0.347145 
vt 0.925874 0.354322 
vt 0.925019 0.344462 
vt 0.924815 0.354047 
vt 0.992281 0.113651 
vt 0.972705 0.132384 
vt 0.978667 0.11043 
vt 0.969127 0.119395 
vt 0.95756 0.148234 
vt 0.964802 0.145405 
vt 0.964221 0.148815 
vt 0.955264 0.144572 
vt 0.992281 0.113651 
vt 0.978667 0.11043 
vt 0.972705 0.132384 
vt 0.969127 0.119395 
vt 0.964802 0.145405 
vt 0.95756 0.148234 
vt 0.964221 0.148815 
vt 0.955264 0.144572 
vt 0.897201 0.423234 
vt 0.899352 0.442483 
vt 0.895315 0.441471 
vt 0.897201 0.423234 
vt 0.895315 0.441471 
vt 0.899352 0.442483 
vt 0.802666 0.436746 
vt 0.804834 0.453755 
vt 0.800506 0.453585 
vt 0.804834 0.422715 
vt 0.804834 0.453755 
vt 0.802666 0.436746 
vt 0.800506 0.453585 
vt 0.804834 0.422715 
vt 0.819449 0.424667 
vt 0.824252 0.432873 
vt 0.81877 0.431903 
vt 0.825022 0.42861 
vt 0.819449 0.424667 
vt 0.824252 0.432873 
vt 0.825022 0.42861 
vt 0.81877 0.431903 
vt 0.869379 0.370966 
vt 0.873041 0.37732 
vt 0.867055 0.379306 
vt 0.874151 0.373353 
vt 0.869379 0.370966 
vt 0.873041 0.37732 
vt 0.874151 0.373353 
vt 0.867055 0.379306 
vt 0.876952 0.383095 
vt 0.874328 0.38941 
vt 0.875434 0.379306 
vt 0.876952 0.397436 
vt 0.76725 0.449054 
vt 0.771826 0.442249 
vt 0.770822 0.451497 
vt 0.767847 0.441359 
vt 0.766928 0.427099 
vt 0.771826 0.442249 
vt 0.768846 0.422715 
vt 0.874328 0.38941 
vt 0.876952 0.383095 
vt 0.875434 0.379306 
vt 0.876952 0.397436 
vt 0.76725 0.449054 
vt 0.770822 0.451497 
vt 0.771826 0.442249 
vt 0.767847 0.441359 
vt 0.771826 0.442249 
vt 0.766928 0.427099 
vt 0.768846 0.422715 
vt 0.901529 0.42347 
vt 0.899352 0.442483 
vt 0.897201 0.423234 
vt 0.901529 0.451138 
vt 0.899352 0.442483 
vt 0.901529 0.42347 
vt 0.897201 0.423234 
vt 0.901529 0.451138 
vt 0.965565 0.125676 
vt 0.972705 0.132384 
vt 0.965391 0.145491 
vt 0.969127 0.119395 
vt 0.972705 0.132384 
vt 0.965565 0.125676 
vt 0.965391 0.145491 
vt 0.969127 0.119395 
vt 0.825803 0.417012 
vt 0.819449 0.424667 
vt 0.819983 0.414843 
vt 0.825022 0.42861 
vt 0.825803 0.417012 
vt 0.819449 0.424667 
vt 0.825022 0.42861 
vt 0.819983 0.414843 
vt 0.890868 0.124556 
vt 0.890055 0.11286 
vt 0.895851 0.106548 
vt 0.887622 0.121608 
vt 0.890055 0.11286 
vt 0.890868 0.124556 
vt 0.895851 0.106548 
vt 0.887622 0.121608 
vt 0.889658 0.133026 
vt 0.887023 0.125703 
vt 0.890868 0.124556 
vt 0.887622 0.121608 
vt 0.887023 0.125703 
vt 0.889658 0.133026 
vt 0.890868 0.124556 
vt 0.887622 0.121608 
vt 0.937304 0.317339 
vt 0.943283 0.274257 
vt 0.951005 0.293937 
vt 0.937304 0.317339 
vt 0.951005 0.293937 
vt 0.943283 0.274257 
vt 0.885691 0.34097 
vt 0.883529 0.333997 
vt 0.884672 0.334313 
vt 0.883487 0.342827 
vt 0.885691 0.34097 
vt 0.883529 0.333997 
vt 0.883487 0.342827 
vt 0.884672 0.334313 
vt 0.876898 0.398185 
vt 0.879067 0.420657 
vt 0.87503 0.419352 
vt 0.876898 0.398185 
vt 0.87503 0.419352 
vt 0.879067 0.420657 
vt 0.821497 0.24144 
vt 0.826457 0.219588 
vt 0.825302 0.241238 
vt 0.827087 0.195616 
vt 0.83043 0.199196 
vt 0.836937 0.181591 
vt 0.843552 0.161528 
vt 0.845542 0.167911 
vt 0.855646 0.159074 
vt 0.866477 0.148178 
vt 0.866574 0.155663 
vt 0.877578 0.157956 
vt 0.877425 0.150513 
vt 0.890798 0.163682 
vt 0.888661 0.169833 
vt 0.899029 0.186566 
vt 0.90209 0.18218 
vt 0.905978 0.20944 
vt 0.909522 0.206815 
vt 0.909212 0.23677 
vt 0.912994 0.236568 
vt 0.821497 0.24144 
vt 0.825302 0.241238 
vt 0.826457 0.219588 
vt 0.827087 0.195616 
vt 0.83043 0.199196 
vt 0.836937 0.181591 
vt 0.843552 0.161528 
vt 0.845542 0.167911 
vt 0.855646 0.159074 
vt 0.866477 0.148178 
vt 0.866574 0.155663 
vt 0.877578 0.157956 
vt 0.877425 0.150513 
vt 0.890798 0.163682 
vt 0.888661 0.169833 
vt 0.899029 0.186566 
vt 0.90209 0.18218 
vt 0.905978 0.20944 
vt 0.909522 0.206815 
vt 0.909212 0.23677 
vt 0.912994 0.236568 
vt 0.969522 0.149982 
vt 0.964221 0.148815 
vt 0.964802 0.145405 
vt 0.972396 0.147075 
vt 0.969522 0.149982 
vt 0.964802 0.145405 
vt 0.964221 0.148815 
vt 0.972396 0.147075 
vt 0.827417 0.42767 
vt 0.834569 0.41072 
vt 0.83252 0.431943 
vt 0.829053 0.410589 
vt 0.83252 0.431943 
vt 0.834569 0.41072 
vt 0.827417 0.42767 
vt 0.829053 0.410589 
vt 0.895315 0.358229 
vt 0.896908 0.323839 
vt 0.902639 0.331701 
vt 0.901794 0.356056 
vt 0.895315 0.358229 
vt 0.902639 0.331701 
vt 0.896908 0.323839 
vt 0.901794 0.356056 
vt 0.895315 0.358229 
vt 0.902605 0.331661 
vt 0.901794 0.356056 
vt 0.896908 0.323839 
vt 0.881227 0.398237 
vt 0.879067 0.420657 
vt 0.876898 0.398185 
vt 0.881227 0.434231 
vt 0.895315 0.358229 
vt 0.902605 0.331661 
vt 0.896908 0.323839 
vt 0.901794 0.356056 
vt 0.879067 0.420657 
vt 0.881227 0.398237 
vt 0.876898 0.398185 
vt 0.881227 0.434231 
vt 0.943283 0.274257 
vt 0.96281 0.273773 
vt 0.951005 0.293937 
vt 0.943283 0.274257 
vt 0.951005 0.293937 
vt 0.96281 0.273773 
vt 0.791654 0.431446 
vt 0.797807 0.432342 
vt 0.7981 0.44324 
vt 0.791975 0.426629 
vt 0.797807 0.432342 
vt 0.791654 0.431446 
vt 0.7981 0.44324 
vt 0.791975 0.426629 
vt 0.938412 0.214803 
vt 0.945771 0.213369 
vt 0.944087 0.239419 
vt 0.938412 0.214803 
vt 0.944087 0.239419 
vt 0.945771 0.213369 
vt 0.965326 0.471258 
vt 0.963546 0.457986 
vt 0.975716 0.449738 
vt 0.965326 0.471258 
vt 0.975716 0.449738 
vt 0.963546 0.457986 
vt 0.945771 0.213369 
vt 0.953983 0.217883 
vt 0.944087 0.239419 
vt 0.945771 0.213369 
vt 0.944087 0.239419 
vt 0.953983 0.217883 
vt 0.937405 0.45615 
vt 0.925762 0.479567 
vt 0.925762 0.456155 
vt 0.925762 0.432753 
vt 0.925762 0.456155 
vt 0.937405 0.45615 
vt 0.925762 0.456155 
vt 0.925762 0.479567 
vt 0.925762 0.432753 
vt 0.925762 0.456155 
vt 0.985454 0.269586 
vt 0.977062 0.272461 
vt 0.971626 0.244885 
vt 0.985454 0.269586 
vt 0.971626 0.244885 
vt 0.977062 0.272461 
vt 0.959101 0.217217 
vt 0.968157 0.212814 
vt 0.971626 0.244885 
vt 0.959101 0.217217 
vt 0.971626 0.244885 
vt 0.968157 0.212814 
vt 0.791654 0.453272 
vt 0.7981 0.44324 
vt 0.798629 0.451262 
vt 0.791654 0.431446 
vt 0.7981 0.44324 
vt 0.791654 0.453272 
vt 0.798629 0.451262 
vt 0.791654 0.431446 
vt 0.870107 0.362399 
vt 0.874151 0.373353 
vt 0.869379 0.370966 
vt 0.87531 0.363135 
vt 0.869279 0.3462 
vt 0.87531 0.363135 
vt 0.872168 0.340702 
vt 0.874151 0.373353 
vt 0.870107 0.362399 
vt 0.869379 0.370966 
vt 0.87531 0.363135 
vt 0.87531 0.363135 
vt 0.869279 0.3462 
vt 0.872168 0.340702 
vt 0.791975 0.426629 
vt 0.798292 0.424033 
vt 0.797807 0.432342 
vt 0.792232 0.422715 
vt 0.798292 0.424033 
vt 0.791975 0.426629 
vt 0.797807 0.432342 
vt 0.792232 0.422715 
vt 0.792458 0.242996 
vt 0.794449 0.26477 
vt 0.788889 0.25126 
vt 0.799408 0.259885 
vt 0.792458 0.242996 
vt 0.794449 0.26477 
vt 0.799408 0.259885 
vt 0.788889 0.25126 
vt 0.845775 0.0995495 
vt 0.842247 0.115353 
vt 0.841216 0.111233 
vt 0.843688 0.100206 
vt 0.845775 0.0995495 
vt 0.841216 0.111233 
vt 0.842247 0.115353 
vt 0.843688 0.100206 
vt 0.815402 0.4344 
vt 0.817046 0.422715 
vt 0.817885 0.425982 
vt 0.816734 0.434161 
vt 0.817897 0.440129 
vt 0.816037 0.442983 
vt 0.816734 0.434161 
vt 0.817885 0.425982 
vt 0.815402 0.4344 
vt 0.816734 0.434161 
vt 0.817046 0.422715 
vt 0.817897 0.440129 
vt 0.816734 0.434161 
vt 0.816037 0.442983 
vt 0.895315 0.401576 
vt 0.902526 0.384795 
vt 0.900839 0.401635 
vt 0.897424 0.380526 
vt 0.895315 0.401576 
vt 0.902526 0.384795 
vt 0.897424 0.380526 
vt 0.900839 0.401635 
vt 0.978999 0.151967 
vt 0.972292 0.149814 
vt 0.974977 0.146891 
vt 0.979654 0.148396 
vt 0.972292 0.149814 
vt 0.978999 0.151967 
vt 0.974977 0.146891 
vt 0.979654 0.148396 
vt 0.825803 0.441588 
vt 0.822938 0.439233 
vt 0.825241 0.437803 
vt 0.822134 0.445615 
vt 0.822938 0.439233 
vt 0.825803 0.441588 
vt 0.825241 0.437803 
vt 0.822134 0.445615 
vt 0.888377 0.402456 
vt 0.886739 0.419548 
vt 0.881227 0.41955 
vt 0.883274 0.398185 
vt 0.888377 0.402456 
vt 0.881227 0.41955 
vt 0.886739 0.419548 
vt 0.883274 0.398185 
vt 0.987486 0.43108 
vt 0.989715 0.445248 
vt 0.975716 0.449738 
vt 0.987486 0.43108 
vt 0.975716 0.449738 
vt 0.989715 0.445248 
vt 0.955587 0.262582 
vt 0.947855 0.268292 
vt 0.944087 0.239419 
vt 0.955587 0.262582 
vt 0.944087 0.239419 
vt 0.947855 0.268292 
vt 0.883529 0.333997 
vt 0.887361 0.323844 
vt 0.887355 0.327206 
vt 0.884672 0.334313 
vt 0.887355 0.327206 
vt 0.883529 0.333997 
vt 0.884672 0.334313 
vt 0.887361 0.323844 
vt 0.905232 0.437875 
vt 0.903028 0.443139 
vt 0.903989 0.43468 
vt 0.905232 0.449817 
vt 0.905232 0.437875 
vt 0.903028 0.443139 
vt 0.905232 0.449817 
vt 0.903989 0.43468 
vt 0.948754 0.0969339 
vt 0.937487 0.089493 
vt 0.955713 0.0639911 
vt 0.958167 0.0997628 
vt 0.948754 0.0969339 
vt 0.955713 0.0639911 
vt 0.768846 0.422715 
vt 0.766928 0.427099 
vt 0.765181 0.423207 
vt 0.768846 0.422715 
vt 0.765181 0.423207 
vt 0.766928 0.427099 
vt 0.968157 0.212814 
vt 0.988207 0.212316 
vt 0.971626 0.244885 
vt 0.968157 0.212814 
vt 0.971626 0.244885 
vt 0.988207 0.212316 
vt 0.888403 0.397825 
vt 0.892545 0.346104 
vt 0.8938 0.397825 
vt 0.888403 0.397825 
vt 0.8938 0.397825 
vt 0.892545 0.346104 
vt 0.832786 0.460411 
vt 0.829368 0.438368 
vt 0.832786 0.431943 
vt 0.827417 0.457349 
vt 0.832786 0.460411 
vt 0.829368 0.438368 
vt 0.827417 0.457349 
vt 0.832786 0.431943 
vt 0.892545 0.346104 
vt 0.893763 0.39775 
vt 0.888403 0.397825 
vt 0.892545 0.346104 
vt 0.888403 0.397825 
vt 0.893763 0.39775 
vt 0.937611 0.0661155 
vt 0.955713 0.0639911 
vt 0.937487 0.089493 
vt 0.939341 0.0476941 
vt 0.940236 0.0252639 
vt 0.955713 0.0639911 
vt 0.917741 0.123103 
vt 0.91453 0.131846 
vt 0.913919 0.128138 
vt 0.916165 0.122043 
vt 0.917741 0.123103 
vt 0.913919 0.128138 
vt 0.91453 0.131846 
vt 0.916165 0.122043 
vt 0.937405 0.456152 
vt 0.949044 0.432753 
vt 0.949044 0.456154 
vt 0.949044 0.479558 
vt 0.949044 0.456154 
vt 0.937405 0.456152 
vt 0.949044 0.456154 
vt 0.949044 0.432753 
vt 0.949044 0.479558 
vt 0.949044 0.456154 
vt 0.825241 0.437803 
vt 0.822134 0.432873 
vt 0.824803 0.434746 
vt 0.822938 0.439233 
vt 0.926135 0.317087 
vt 0.926135 0.344462 
vt 0.924119 0.340626 
vt 0.825241 0.437803 
vt 0.822134 0.432873 
vt 0.822938 0.439233 
vt 0.824803 0.434746 
vt 0.926135 0.317087 
vt 0.924119 0.340626 
vt 0.926135 0.344462 
vt 0.889329 0.214911 
vt 0.894305 0.241672 
vt 0.891355 0.239383 
vt 0.889329 0.214911 
vt 0.891355 0.239383 
vt 0.894305 0.241672 
vt 0.959827 0.311739 
vt 0.937304 0.317339 
vt 0.951005 0.293937 
vt 0.959827 0.311739 
vt 0.951005 0.293937 
vt 0.937304 0.317339 
vt 0.845775 0.0995495 
vt 0.839284 0.0860945 
vt 0.839479 0.0793464 
vt 0.843688 0.100206 
vt 0.839284 0.0860945 
vt 0.845775 0.0995495 
vt 0.839479 0.0793464 
vt 0.843688 0.100206 
vt 0.947855 0.268292 
vt 0.930484 0.268722 
vt 0.944087 0.239419 
vt 0.947855 0.268292 
vt 0.944087 0.239419 
vt 0.930484 0.268722 
vt 0.988371 0.42496 
vt 0.933033 0.426332 
vt 0.960956 0.371204 
vt 0.988371 0.42496 
vt 0.960956 0.371204 
vt 0.933033 0.426332 
vt 0.872237 0.424814 
vt 0.869046 0.429146 
vt 0.871233 0.422003 
vt 0.867055 0.423201 
vt 0.873497 0.428279 
vt 0.872237 0.424814 
vt 0.869623 0.436602 
vt 0.874904 0.45447 
vt 0.867055 0.452858 
vt 0.873497 0.428279 
vt 0.866993 0.437714 
vt 0.866993 0.445948 
vt 0.865839 0.446354 
vt 0.865839 0.434591 
vt 0.871233 0.422003 
vt 0.867055 0.423201 
vt 0.869046 0.429146 
vt 0.872237 0.424814 
vt 0.873497 0.428279 
vt 0.872237 0.424814 
vt 0.869623 0.436602 
vt 0.874904 0.45447 
vt 0.873497 0.428279 
vt 0.867055 0.452858 
vt 0.866993 0.437714 
vt 0.865839 0.446354 
vt 0.866993 0.445948 
vt 0.865839 0.434591 
vt 0.96281 0.273773 
vt 0.959827 0.311739 
vt 0.951005 0.293937 
vt 0.96281 0.273773 
vt 0.951005 0.293937 
vt 0.959827 0.311739 
vt 0.989715 0.445248 
vt 0.988023 0.475954 
vt 0.975716 0.449738 
vt 0.989715 0.445248 
vt 0.975716 0.449738 
vt 0.988023 0.475954 
vt 0.825803 0.417012 
vt 0.819582 0.395429 
vt 0.824305 0.389302 
vt 0.819983 0.414843 
vt 0.825803 0.417012 
vt 0.819582 0.395429 
vt 0.819983 0.414843 
vt 0.824305 0.389302 
vt 0.978999 0.151967 
vt 0.987908 0.14878 
vt 0.990813 0.15252 
vt 0.979654 0.148396 
vt 0.987908 0.14878 
vt 0.978999 0.151967 
vt 0.990813 0.15252 
vt 0.979654 0.148396 
vt 0.874328 0.383573 
vt 0.872591 0.40049 
vt 0.867055 0.400452 
vt 0.869226 0.379306 
vt 0.8938 0.36779 
vt 0.8938 0.346104 
vt 0.894861 0.356947 
vt 0.874328 0.383573 
vt 0.867055 0.400452 
vt 0.872591 0.40049 
vt 0.869226 0.379306 
vt 0.8938 0.36779 
vt 0.894861 0.356947 
vt 0.8938 0.346104 
vt 0.870919 0.138753 
vt 0.886695 0.147808 
vt 0.886303 0.149396 
vt 0.899817 0.16634 
vt 0.871062 0.137011 
vt 0.900421 0.165034 
vt 0.910339 0.190067 
vt 0.909554 0.190924 
vt 0.859056 0.139178 
vt 0.858863 0.137454 
vt 0.835177 0.159806 
vt 0.834616 0.158429 
vt 0.819777 0.201062 
vt 0.818941 0.200421 
vt 0.81694 0.252052 
vt 0.816053 0.252322 
vt 0.836272 0.278995 
vt 0.859061 0.269952 
vt 0.859489 0.272234 
vt 0.836272 0.281427 
vt 0.870919 0.138753 
vt 0.886695 0.147808 
vt 0.871062 0.137011 
vt 0.886303 0.149396 
vt 0.859056 0.139178 
vt 0.899817 0.16634 
vt 0.858863 0.137454 
vt 0.900421 0.165034 
vt 0.910339 0.190067 
vt 0.909554 0.190924 
vt 0.835177 0.159806 
vt 0.834616 0.158429 
vt 0.819777 0.201062 
vt 0.818941 0.200421 
vt 0.81694 0.252052 
vt 0.816053 0.252322 
vt 0.859061 0.269952 
vt 0.836272 0.278995 
vt 0.859489 0.272234 
vt 0.836272 0.281427 
vt 0.835752 0.396675 
vt 0.835752 0.418196 
vt 0.834691 0.407435 
vt 0.835752 0.396675 
vt 0.834691 0.407435 
vt 0.835752 0.418196 
vt 0.9312 0.21901 
vt 0.938412 0.214803 
vt 0.944087 0.239419 
vt 0.9312 0.21901 
vt 0.944087 0.239419 
vt 0.938412 0.214803 
vt 0.894861 0.36779 
vt 0.894861 0.389417 
vt 0.8938 0.378603 
vt 0.894861 0.36779 
vt 0.8938 0.378603 
vt 0.894861 0.389417 
vt 0.759861 0.430201 
vt 0.764291 0.422715 
vt 0.764706 0.42623 
vt 0.759069 0.42279 
vt 0.759861 0.430201 
vt 0.764706 0.42623 
vt 0.764291 0.422715 
vt 0.759069 0.42279 
vt 0.81877 0.450741 
vt 0.81877 0.432873 
vt 0.822077 0.442872 
vt 0.82063 0.455532 
vt 0.82063 0.455532 
vt 0.822077 0.442872 
vt 0.81877 0.450741 
vt 0.81877 0.432873 
vt 0.765181 0.430552 
vt 0.759861 0.430201 
vt 0.764706 0.42623 
vt 0.759588 0.439151 
vt 0.765181 0.453717 
vt 0.757649 0.450107 
vt 0.765181 0.430552 
vt 0.759861 0.430201 
vt 0.765181 0.430552 
vt 0.764706 0.42623 
vt 0.759588 0.439151 
vt 0.765181 0.453717 
vt 0.765181 0.430552 
vt 0.757649 0.450107 
vt 0.958167 0.0997628 
vt 0.955713 0.0639911 
vt 0.969231 0.10546 
vt 0.917741 0.123103 
vt 0.915909 0.110155 
vt 0.917379 0.106089 
vt 0.916165 0.122043 
vt 0.915909 0.110155 
vt 0.917741 0.123103 
vt 0.917379 0.106089 
vt 0.916165 0.122043 
vt 0.945462 0.207776 
vt 0.925924 0.208261 
vt 0.933404 0.18819 
vt 0.945462 0.207776 
vt 0.933404 0.18819 
vt 0.925924 0.208261 
vt 0.925924 0.208261 
vt 0.91941 0.165462 
vt 0.933404 0.18819 
vt 0.925924 0.208261 
vt 0.933404 0.18819 
vt 0.91941 0.165462 
vt 0.877244 0.361943 
vt 0.877244 0.372378 
vt 0.87531 0.367781 
vt 0.87616 0.375182 
vt 0.87531 0.367781 
vt 0.87616 0.375182 
vt 0.877244 0.372378 
vt 0.877244 0.361943 
vt 0.96609 0.278778 
vt 0.988597 0.273179 
vt 0.974892 0.296559 
vt 0.96609 0.278778 
vt 0.974892 0.296559 
vt 0.988597 0.273179 
vt 0.896908 0.323839 
vt 0.903028 0.324283 
vt 0.902639 0.331701 
vt 0.872168 0.340702 
vt 0.869279 0.3462 
vt 0.867055 0.341753 
vt 0.872168 0.340702 
vt 0.867055 0.341753 
vt 0.869279 0.3462 
vt 0.896908 0.323839 
vt 0.902639 0.331701 
vt 0.903028 0.324283 
vt 0.963085 0.3167 
vt 0.96609 0.278778 
vt 0.974892 0.296559 
vt 0.963085 0.3167 
vt 0.974892 0.296559 
vt 0.96609 0.278778 
vt 0.988887 0.31606 
vt 0.988371 0.42496 
vt 0.960956 0.371204 
vt 0.988887 0.31606 
vt 0.960956 0.371204 
vt 0.988371 0.42496 
vt 0.896908 0.323839 
vt 0.902605 0.331661 
vt 0.902988 0.324233 
vt 0.896908 0.323839 
vt 0.902988 0.324233 
vt 0.902605 0.331661 
vt 0.882488 0.440901 
vt 0.883418 0.449336 
vt 0.881227 0.444069 
vt 0.881227 0.456024 
vt 0.883418 0.449336 
vt 0.882488 0.440901 
vt 0.881227 0.444069 
vt 0.881227 0.456024 
vt 0.959679 0.26796 
vt 0.957245 0.249918 
vt 0.971626 0.244885 
vt 0.959679 0.26796 
vt 0.971626 0.244885 
vt 0.957245 0.249918 
vt 0.957245 0.249918 
vt 0.957711 0.233608 
vt 0.971626 0.244885 
vt 0.957245 0.249918 
vt 0.971626 0.244885 
vt 0.957711 0.233608 
vt 0.857538 0.388982 
vt 0.859748 0.367528 
vt 0.86485 0.3718 
vt 0.863085 0.38886 
vt 0.863085 0.38886 
vt 0.86485 0.3718 
vt 0.857538 0.388982 
vt 0.859748 0.367528 
vt 0.809306 0.422715 
vt 0.809306 0.464569 
vt 0.804834 0.462168 
vt 0.809306 0.422715 
vt 0.804834 0.462168 
vt 0.809306 0.464569 
vt 0.885187 0.440902 
vt 0.88554 0.451285 
vt 0.883418 0.444246 
vt 0.883418 0.455244 
vt 0.88554 0.451285 
vt 0.885187 0.440902 
vt 0.883418 0.444246 
vt 0.883418 0.455244 
vt 0.957711 0.233608 
vt 0.959101 0.217217 
vt 0.971626 0.244885 
vt 0.957711 0.233608 
vt 0.971626 0.244885 
vt 0.959101 0.217217 
vt 0.953983 0.217883 
vt 0.957139 0.233484 
vt 0.944087 0.239419 
vt 0.953983 0.217883 
vt 0.944087 0.239419 
vt 0.957139 0.233484 
vt 0.824305 0.389302 
vt 0.819582 0.395429 
vt 0.81877 0.389221 
vt 0.824305 0.389302 
vt 0.81877 0.389221 
vt 0.819582 0.395429 
vt 0.957139 0.233484 
vt 0.957106 0.247998 
vt 0.944087 0.239419 
vt 0.957139 0.233484 
vt 0.944087 0.239419 
vt 0.957106 0.247998 
vt 0.957106 0.247998 
vt 0.955587 0.262582 
vt 0.944087 0.239419 
vt 0.957106 0.247998 
vt 0.944087 0.239419 
vt 0.955587 0.262582 
vt 0.980915 0.426565 
vt 0.987486 0.43108 
vt 0.975716 0.449738 
vt 0.980915 0.426565 
vt 0.975716 0.449738 
vt 0.987486 0.43108 
vt 0.966573 0.430191 
vt 0.974125 0.425313 
vt 0.975716 0.449738 
vt 0.966573 0.430191 
vt 0.975716 0.449738 
vt 0.974125 0.425313 
vt 0.974125 0.425313 
vt 0.980915 0.426565 
vt 0.975716 0.449738 
vt 0.974125 0.425313 
vt 0.975716 0.449738 
vt 0.980915 0.426565 
vt 0.876863 0.434231 
vt 0.876863 0.455365 
vt 0.87503 0.449656 
vt 0.876863 0.434231 
vt 0.87503 0.449656 
vt 0.876863 0.455365 
vt 0.86485 0.405977 
vt 0.857538 0.388982 
vt 0.863085 0.38886 
vt 0.859748 0.41025 
vt 0.86485 0.405977 
vt 0.857538 0.388982 
vt 0.859748 0.41025 
vt 0.863085 0.38886 
vt 0.8921 0.434088 
vt 0.8921 0.455214 
vt 0.890252 0.449534 
vt 0.8921 0.434088 
vt 0.890252 0.449534 
vt 0.8921 0.455214 
vt 0.878667 0.455444 
vt 0.878667 0.434231 
vt 0.880472 0.439988 
vt 0.878667 0.455444 
vt 0.880472 0.439988 
vt 0.878667 0.434231 
vt 0.890252 0.455303 
vt 0.888403 0.43981 
vt 0.890252 0.434088 
vt 0.890252 0.455303 
vt 0.890252 0.434088 
vt 0.888403 0.43981 
vt 0.874328 0.41773 
vt 0.867055 0.400452 
vt 0.872591 0.40049 
vt 0.869226 0.422003 
vt 0.874328 0.41773 
vt 0.867055 0.400452 
vt 0.869226 0.422003 
vt 0.872591 0.40049 
vt 0.854915 0.407973 
vt 0.843339 0.44162 
vt 0.849265 0.405578 
vt 0.851808 0.365633 
vt 0.847144 0.450178 
vt 0.836272 0.475379 
vt 0.857538 0.364166 
vt 0.847285 0.325956 
vt 0.85261 0.321541 
vt 0.836272 0.289018 
vt 0.840567 0.281427 
vt 0.903028 0.359733 
vt 0.906441 0.323839 
vt 0.90526 0.348888 
vt 0.906441 0.395601 
vt 0.904229 0.359733 
vt 0.90526 0.37057 
vt 0.924119 0.375422 
vt 0.921354 0.346252 
vt 0.923159 0.354999 
vt 0.924119 0.317087 
vt 0.92233 0.346252 
vt 0.923159 0.337505 
vt 0.92412 0.317087 
vt 0.921354 0.287899 
vt 0.92317 0.296585 
vt 0.92412 0.25862 
vt 0.922333 0.287794 
vt 0.923166 0.279005 
vt 0.843339 0.44162 
vt 0.854915 0.407973 
vt 0.849265 0.405578 
vt 0.851808 0.365633 
vt 0.847144 0.450178 
vt 0.836272 0.475379 
vt 0.857538 0.364166 
vt 0.847285 0.325956 
vt 0.85261 0.321541 
vt 0.836272 0.289018 
vt 0.840567 0.281427 
vt 0.906441 0.323839 
vt 0.903028 0.359733 
vt 0.90526 0.348888 
vt 0.906441 0.395601 
vt 0.904229 0.359733 
vt 0.90526 0.37057 
vt 0.921354 0.346252 
vt 0.923159 0.354999 
vt 0.92233 0.346252 
vt 0.923159 0.337505 
vt 0.924119 0.375422 
vt 0.924119 0.317087 
vt 0.921354 0.287899 
vt 0.92317 0.296585 
vt 0.922333 0.287794 
vt 0.923166 0.279005 
vt 0.92412 0.317087 
vt 0.92412 0.25862 
vt 0.875256 0.33065 
vt 0.867055 0.3291 
vt 0.877379 0.333725 
vt 0.869558 0.328098 
vt 0.895315 0.401576 
vt 0.902526 0.418961 
vt 0.897424 0.423234 
vt 0.900839 0.401635 
vt 0.867055 0.3291 
vt 0.875256 0.33065 
vt 0.877379 0.333725 
vt 0.869558 0.328098 
vt 0.895315 0.401576 
vt 0.902526 0.418961 
vt 0.900839 0.401635 
vt 0.897424 0.423234 
vt 0.893936 0.455318 
vt 0.8921 0.439848 
vt 0.893936 0.434088 
vt 0.893936 0.455318 
vt 0.893936 0.434088 
vt 0.8921 0.439848 
vt 0.875256 0.33065 
vt 0.869558 0.328098 
vt 0.877379 0.281427 
vt 0.875256 0.33065 
vt 0.877379 0.281427 
vt 0.869558 0.328098 
vt 0.878667 0.455493 
vt 0.876863 0.44004 
vt 0.878667 0.434231 
vt 0.878667 0.455493 
vt 0.878667 0.434231 
vt 0.876863 0.44004 
vt 0.877176 0.361943 
vt 0.87531 0.346458 
vt 0.877176 0.340702 
vt 0.877176 0.361943 
vt 0.877176 0.340702 
vt 0.87531 0.346458 
vt 0.836283 0.205463 
vt 0.843422 0.186636 
vt 0.843879 0.187582 
vt 0.853508 0.17332 
vt 0.835709 0.204808 
vt 0.85321 0.172154 
vt 0.831566 0.226809 
vt 0.861915 0.168404 
vt 0.832216 0.227069 
vt 0.83165 0.251589 
vt 0.830995 0.251788 
vt 0.861855 0.167104 
vt 0.881082 0.172445 
vt 0.881321 0.171228 
vt 0.89662 0.19475 
vt 0.897136 0.193931 
vt 0.904413 0.229437 
vt 0.905068 0.229237 
vt 0.843422 0.186636 
vt 0.836283 0.205463 
vt 0.843879 0.187582 
vt 0.853508 0.17332 
vt 0.835709 0.204808 
vt 0.85321 0.172154 
vt 0.831566 0.226809 
vt 0.861915 0.168404 
vt 0.832216 0.227069 
vt 0.83165 0.251589 
vt 0.830995 0.251788 
vt 0.861855 0.167104 
vt 0.881082 0.172445 
vt 0.881321 0.171228 
vt 0.89662 0.19475 
vt 0.897136 0.193931 
vt 0.904413 0.229437 
vt 0.905068 0.229237 
vt 0.867055 0.3291 
vt 0.877379 0.333725 
vt 0.874357 0.340702 
vt 0.868302 0.33799 
vt 0.779226 0.0681147 
vt 0.771224 0.0712563 
vt 0.772978 0.0689031 
vt 0.777363 0.0671809 
vt 0.81877 0.392121 
vt 0.801767 0.42232 
vt 0.785377 0.391726 
vt 0.771224 0.0712563 
vt 0.779226 0.0681147 
vt 0.772978 0.0689031 
vt 0.777363 0.0671809 
vt 0.81877 0.392121 
vt 0.785377 0.391726 
vt 0.792648 0.38755 
vt 0.811318 0.387772 
vt 0.807197 0.381621 
vt 0.811318 0.387772 
vt 0.796775 0.381498 
vt 0.793368 0.379623 
vt 0.792648 0.38755 
vt 0.798619 0.373851 
vt 0.810655 0.379827 
vt 0.811318 0.387772 
vt 0.805457 0.373932 
vt 0.797735 0.362633 
vt 0.806456 0.362736 
vt 0.794327 0.353521 
vt 0.809985 0.353706 
vt 0.788435 0.347668 
vt 0.816057 0.347995 
vt 0.810609 0.337553 
vt 0.793861 0.337355 
vt 0.797023 0.325554 
vt 0.807528 0.325678 
vt 0.807528 0.325678 
vt 0.797023 0.325554 
vt 0.79937 0.301522 
vt 0.805449 0.301594 
vt 0.807528 0.325678 
vt 0.79937 0.301522 
vt 0.797023 0.325554 
vt 0.805449 0.301594 
vt 0.785233 0.42232 
vt 0.785377 0.391726 
vt 0.801767 0.42232 
vt 0.785233 0.42232 
vt 0.801767 0.42232 
vt 0.785377 0.391726 
vt 0.770099 0.422715 
vt 0.757649 0.392883 
vt 0.785377 0.391726 
vt 0.770099 0.422715 
vt 0.785377 0.391726 
vt 0.757649 0.392883 
vt 0.785233 0.42232 
vt 0.770099 0.422715 
vt 0.785377 0.391726 
vt 0.785233 0.42232 
vt 0.785377 0.391726 
vt 0.770099 0.422715 
vt 0.77779 0.379819 
vt 0.778401 0.387731 
vt 0.774787 0.381769 
vt 0.77779 0.379819 
vt 0.774787 0.381769 
vt 0.778401 0.387731 
vt 0.898036 0.318339 
vt 0.900799 0.318441 
vt 0.900841 0.323839 
vt 0.895315 0.323634 
vt 0.899293 0.301564 
vt 0.901019 0.301646 
vt 0.901131 0.29303 
vt 0.898369 0.292928 
vt 0.90117 0.281427 
vt 0.903557 0.29303 
vt 0.901131 0.29303 
vt 0.902407 0.301626 
vt 0.901019 0.301646 
vt 0.900799 0.318441 
vt 0.903224 0.318441 
vt 0.900841 0.323839 
vt 0.905692 0.323839 
vt 0.898036 0.318339 
vt 0.900841 0.323839 
vt 0.900799 0.318441 
vt 0.895315 0.323634 
vt 0.899293 0.301564 
vt 0.901019 0.301646 
vt 0.901131 0.29303 
vt 0.898369 0.292928 
vt 0.90117 0.281427 
vt 0.903557 0.29303 
vt 0.901131 0.29303 
vt 0.902407 0.301626 
vt 0.901019 0.301646 
vt 0.900799 0.318441 
vt 0.903224 0.318441 
vt 0.900841 0.323839 
vt 0.905692 0.323839 
vt 0.775115 0.341282 
vt 0.763145 0.348723 
vt 0.765866 0.341671 
vt 0.778419 0.348085 
vt 0.77475 0.352084 
vt 0.766102 0.352448 
vt 0.772725 0.358223 
vt 0.767902 0.358425 
vt 0.772148 0.365728 
vt 0.768362 0.365886 
vt 0.766163 0.382131 
vt 0.774787 0.381769 
vt 0.76347 0.380416 
vt 0.762939 0.388376 
vt 0.762939 0.388376 
vt 0.778401 0.387731 
vt 0.778401 0.387731 
vt 0.757649 0.392883 
vt 0.785377 0.391726 
vt 0.763145 0.348723 
vt 0.775115 0.341282 
vt 0.765866 0.341671 
vt 0.778419 0.348085 
vt 0.77475 0.352084 
vt 0.766102 0.352448 
vt 0.772725 0.358223 
vt 0.767902 0.358425 
vt 0.772148 0.365728 
vt 0.768362 0.365886 
vt 0.766163 0.382131 
vt 0.774787 0.381769 
vt 0.76347 0.380416 
vt 0.762939 0.388376 
vt 0.762939 0.388376 
vt 0.778401 0.387731 
vt 0.757649 0.392883 
vt 0.778401 0.387731 
vt 0.785377 0.391726 
vt 0.777363 0.0671809 
vt 0.772978 0.0689031 
vt 0.772965 0.0294095 
vt 0.777363 0.0671809 
vt 0.772965 0.0294095 
vt 0.772978 0.0689031 
vt 0.811264 0.459813 
vt 0.813435 0.45973 
vt 0.813648 0.465123 
vt 0.809306 0.465289 
vt 0.812119 0.442965 
vt 0.813576 0.442932 
vt 0.813648 0.434314 
vt 0.811477 0.434397 
vt 0.813487 0.422715 
vt 0.811264 0.459813 
vt 0.813648 0.465123 
vt 0.813435 0.45973 
vt 0.809306 0.465289 
vt 0.812119 0.442965 
vt 0.813576 0.442932 
vt 0.813648 0.434314 
vt 0.811477 0.434397 
vt 0.813487 0.422715 
vt 0.815544 0.172969 
vt 0.802297 0.177946 
vt 0.799184 0.147943 
vt 0.815544 0.172969 
vt 0.799184 0.147943 
vt 0.802297 0.177946 
vt 0.768065 0.312293 
vt 0.773872 0.312049 
vt 0.77222 0.317448 
vt 0.769544 0.310904 
vt 0.772728 0.310772 
vt 0.775861 0.279232 
vt 0.768817 0.317589 
vt 0.767549 0.333696 
vt 0.773356 0.333453 
vt 0.773872 0.312049 
vt 0.768065 0.312293 
vt 0.77222 0.317448 
vt 0.768817 0.317589 
vt 0.769544 0.310904 
vt 0.772728 0.310772 
vt 0.775861 0.279232 
vt 0.767549 0.333696 
vt 0.773356 0.333453 
vt 0.799184 0.147943 
vt 0.767401 0.160422 
vt 0.774348 0.15343 
vt 0.792112 0.146455 
vt 0.767401 0.160422 
vt 0.799184 0.147943 
vt 0.774348 0.15343 
vt 0.792112 0.146455 
vt 0.786933 0.183903 
vt 0.767401 0.160422 
vt 0.799184 0.147943 
vt 0.786933 0.183903 
vt 0.799184 0.147943 
vt 0.767401 0.160422 
vt 0.802297 0.177946 
vt 0.786933 0.183903 
vt 0.799184 0.147943 
vt 0.802297 0.177946 
vt 0.799184 0.147943 
vt 0.786933 0.183903 
vt 0.790434 0.232619 
vt 0.78873 0.236566 
vt 0.784325 0.228858 
vt 0.790434 0.232619 
vt 0.784325 0.228858 
vt 0.78873 0.236566 
vt 0.771224 0.0712563 
vt 0.77812 0.0751642 
vt 0.773434 0.077005 
vt 0.779226 0.0681147 
vt 0.781693 0.0934131 
vt 0.77369 0.0965546 
vt 0.78499 0.101782 
vt 0.772239 0.106787 
vt 0.788003 0.107607 
vt 0.768768 0.116594 
vt 0.771224 0.0712563 
vt 0.77812 0.0751642 
vt 0.779226 0.0681147 
vt 0.773434 0.077005 
vt 0.781693 0.0934131 
vt 0.77369 0.0965546 
vt 0.78499 0.101782 
vt 0.772239 0.106787 
vt 0.788003 0.107607 
vt 0.768768 0.116594 
vt 0.78873 0.236566 
vt 0.793173 0.23959 
vt 0.792088 0.242113 
vt 0.790434 0.232619 
vt 0.793173 0.23959 
vt 0.798634 0.252927 
vt 0.800338 0.24898 
vt 0.78873 0.236566 
vt 0.792088 0.242113 
vt 0.793173 0.23959 
vt 0.790434 0.232619 
vt 0.798634 0.252927 
vt 0.793173 0.23959 
vt 0.800338 0.24898 
vt 0.80062 0.256639 
vt 0.800338 0.24898 
vt 0.804029 0.248747 
vt 0.798634 0.252927 
vt 0.80062 0.256639 
vt 0.800338 0.24898 
vt 0.798634 0.252927 
vt 0.804029 0.248747 
vt 0.7774 0.12539 
vt 0.785899 0.114631 
vt 0.784046 0.12278 
vt 0.773977 0.11931 
vt 0.779042 0.133906 
vt 0.784255 0.131859 
vt 0.787662 0.141993 
vt 0.777748 0.145885 
vt 0.79068 0.138924 
vt 0.792112 0.146455 
vt 0.792112 0.146455 
vt 0.774348 0.15343 
vt 0.774232 0.145383 
vt 0.774348 0.15343 
vt 0.773977 0.11931 
vt 0.788003 0.107607 
vt 0.768768 0.116594 
vt 0.7774 0.12539 
vt 0.785899 0.114631 
vt 0.773977 0.11931 
vt 0.784046 0.12278 
vt 0.779042 0.133906 
vt 0.784255 0.131859 
vt 0.787662 0.141993 
vt 0.777748 0.145885 
vt 0.79068 0.138924 
vt 0.792112 0.146455 
vt 0.792112 0.146455 
vt 0.774348 0.15343 
vt 0.774232 0.145383 
vt 0.774348 0.15343 
vt 0.788003 0.107607 
vt 0.773977 0.11931 
vt 0.768768 0.116594 
vt 0.786933 0.183903 
vt 0.770514 0.190426 
vt 0.767401 0.160422 
vt 0.786933 0.183903 
vt 0.767401 0.160422 
vt 0.770514 0.190426 
vt 0.877497 0.241847 
vt 0.872345 0.205439 
vt 0.880741 0.250056 
vt 0.872804 0.216907 
vt 0.872345 0.205439 
vt 0.877497 0.241847 
vt 0.880741 0.250056 
vt 0.872804 0.216907 
vt 0.882902 0.323844 
vt 0.877379 0.323844 
vt 0.880129 0.318463 
vt 0.88289 0.318463 
vt 0.881206 0.301641 
vt 0.882864 0.301647 
vt 0.882851 0.293021 
vt 0.88009 0.293021 
vt 0.88283 0.281427 
vt 0.885602 0.292987 
vt 0.88283 0.281427 
vt 0.884513 0.30162 
vt 0.882864 0.301647 
vt 0.88289 0.318463 
vt 0.88564 0.318429 
vt 0.882902 0.323844 
vt 0.888403 0.323776 
vt 0.880129 0.318463 
vt 0.877379 0.323844 
vt 0.882902 0.323844 
vt 0.88289 0.318463 
vt 0.881206 0.301641 
vt 0.882864 0.301647 
vt 0.882851 0.293021 
vt 0.88009 0.293021 
vt 0.88283 0.281427 
vt 0.885602 0.292987 
vt 0.88283 0.281427 
vt 0.884513 0.30162 
vt 0.882864 0.301647 
vt 0.88289 0.318463 
vt 0.88564 0.318429 
vt 0.882902 0.323844 
vt 0.888403 0.323776 
vt 0.88763 0.220716 
vt 0.880741 0.250056 
vt 0.872345 0.205439 
vt 0.883305 0.197571 
vt 0.88763 0.220716 
vt 0.88763 0.220716 
vt 0.872345 0.205439 
vt 0.880741 0.250056 
vt 0.883305 0.197571 
vt 0.88763 0.220716 
vt 0.862697 0.25072 
vt 0.85731 0.235135 
vt 0.85864 0.229162 
vt 0.85977 0.248209 
vt 0.862697 0.25072 
vt 0.85731 0.235135 
vt 0.85977 0.248209 
vt 0.85864 0.229162 
vt 0.870145 0.219915 
vt 0.872804 0.216907 
vt 0.871686 0.224112 
vt 0.870145 0.219915 
vt 0.871686 0.224112 
vt 0.872804 0.216907 
vt 0.856845 0.247593 
vt 0.85731 0.235135 
vt 0.85977 0.248209 
vt 0.855302 0.239394 
vt 0.85977 0.248209 
vt 0.85731 0.235135 
vt 0.856845 0.247593 
vt 0.855302 0.239394 
vt 0.874306 0.238036 
vt 0.865681 0.233599 
vt 0.871686 0.224112 
vt 0.866685 0.238935 
vt 0.877497 0.241847 
vt 0.871686 0.224112 
vt 0.872804 0.216907 
vt 0.874306 0.238036 
vt 0.874306 0.238036 
vt 0.865681 0.233599 
vt 0.866685 0.238935 
vt 0.871686 0.224112 
vt 0.877497 0.241847 
vt 0.871686 0.224112 
vt 0.874306 0.238036 
vt 0.872804 0.216907 
vt 0.862697 0.25072 
vt 0.860774 0.23314 
vt 0.863074 0.245364 
vt 0.85864 0.229162 
vt 0.864475 0.24134 
vt 0.865681 0.233599 
vt 0.866685 0.238935 
vt 0.863194 0.234534 
vt 0.85864 0.229162 
vt 0.862697 0.25072 
vt 0.860774 0.23314 
vt 0.863074 0.245364 
vt 0.864475 0.24134 
vt 0.866685 0.238935 
vt 0.865681 0.233599 
vt 0.863194 0.234534 
vt 0.864475 0.24134 
vt 0.860774 0.23314 
vt 0.863194 0.234534 
vt 0.863074 0.245364 
vt 0.864475 0.24134 
vt 0.860774 0.23314 
vt 0.863074 0.245364 
vt 0.863194 0.234534 
vt 0.856845 0.247593 
vt 0.850638 0.244944 
vt 0.855302 0.239394 
vt 0.851541 0.249738 
vt 0.856845 0.247593 
vt 0.850638 0.244944 
vt 0.851541 0.249738 
vt 0.855302 0.239394 
vt 0.874492 0.243016 
vt 0.874306 0.238036 
vt 0.877497 0.241847 
vt 0.874492 0.243016 
vt 0.877497 0.241847 
vt 0.874306 0.238036 
vt 0.88763 0.220716 
vt 0.891701 0.242189 
vt 0.880741 0.250056 
vt 0.88763 0.220716 
vt 0.880741 0.250056 
vt 0.891701 0.242189 
vt 0.850224 0.252901 
vt 0.84864 0.247024 
vt 0.848681 0.244702 
vt 0.849484 0.251509 
vt 0.850224 0.252901 
vt 0.84864 0.247024 
vt 0.849484 0.251509 
vt 0.848681 0.244702 
vt 0.851541 0.249738 
vt 0.848681 0.244702 
vt 0.850638 0.244944 
vt 0.850224 0.252901 
vt 0.84864 0.247024 
vt 0.849484 0.251509 
vt 0.839428 0.258519 
vt 0.851541 0.249738 
vt 0.848681 0.244702 
vt 0.850224 0.252901 
vt 0.850638 0.244944 
vt 0.84864 0.247024 
vt 0.839428 0.258519 
vt 0.849484 0.251509 
vt 0.895328 0.260752 
vt 0.884368 0.26862 
vt 0.880741 0.250056 
vt 0.891701 0.242189 
vt 0.895328 0.260752 
vt 0.880741 0.250056 
vt 0.884368 0.26862 
vt 0.891701 0.242189 
vt 0.81901 0.359704 
vt 0.834569 0.359278 
vt 0.834329 0.388794 
vt 0.81877 0.389221 
vt 0.81901 0.359704 
vt 0.834329 0.388794 
vt 0.834569 0.359278 
vt 0.81877 0.389221 
vt 0.819007 0.322294 
vt 0.834569 0.359278 
vt 0.81901 0.359704 
vt 0.834565 0.321868 
vt 0.834329 0.279232 
vt 0.81877 0.279659 
vt 0.819007 0.322294 
vt 0.81901 0.359704 
vt 0.834569 0.359278 
vt 0.834565 0.321868 
vt 0.834329 0.279232 
vt 0.81877 0.279659 

usemtl Handle1Mtl

f 1021/1021/1021 1022/1022/1022 1023/1023/1023 
f 1022/1022/1022 1021/1021/1021 1024/1024/1024 
f 1025/1025/1025 1026/1026/1026 1027/1027/1027 
f 1026/1026/1026 1025/1025/1025 1028/1028/1028 
f 1029/1029/1029 1030/1030/1030 1031/1031/1031 
f 1030/1030/1030 1029/1029/1029 1032/1032/1032 
f 1033/1033/1033 1034/1034/1034 1035/1035/1035 
f 1036/1036/1036 1035/1035/1035 1034/1034/1034 
f 1037/1037/1037 1038/1038/1038 1039/1039/1039 
f 1038/1038/1038 1037/1037/1037 1040/1040/1040 
f 1041/1041/1041 1042/1042/1042 1043/1043/1043 
f 1041/1041/1041 1043/1043/1043 1044/1044/1044 
f 1045/1045/1045 1046/1046/1046 1047/1047/1047 
f 1046/1046/1046 1045/1045/1045 1048/1048/1048 
f 1049/1049/1049 1050/1050/1050 1051/1051/1051 
f 1049/1049/1049 1051/1051/1051 1052/1052/1052 
f 1053/1053/1053 1054/1054/1054 1055/1055/1055 
f 1056/1056/1056 1055/1055/1055 1054/1054/1054 
f 1057/1057/1057 1058/1058/1058 1059/1059/1059 
f 1058/1058/1058 1057/1057/1057 1060/1060/1060 
f 1061/1061/1061 1062/1062/1062 1063/1063/1063 
f 1062/1062/1062 1061/1061/1061 1064/1064/1064 
f 1065/1065/1065 1066/1066/1066 1067/1067/1067 
f 1065/1065/1065 1067/1067/1067 1068/1068/1068 
f 1069/1069/1069 1070/1070/1070 1071/1071/1071 
f 1070/1070/1070 1069/1069/1069 1072/1072/1072 
f 1073/1073/1073 1074/1074/1074 1075/1075/1075 
f 1075/1075/1075 1076/1076/1076 1073/1073/1073 
f 1077/1077/1077 1078/1078/1078 1079/1079/1079 
f 1079/1079/1079 1078/1078/1078 1080/1080/1080 
f 1081/1081/1081 1082/1082/1082 1083/1083/1083 
f 1083/1083/1083 1082/1082/1082 1084/1084/1084 
f 1085/1085/1085 1086/1086/1086 1087/1087/1087 
f 1086/1086/1086 1085/1085/1085 1088/1088/1088 
f 1089/1089/1089 1090/1090/1090 1091/1091/1091 
f 1090/1090/1090 1089/1089/1089 1092/1092/1092 
f 1093/1093/1093 1094/1094/1094 1095/1095/1095 
f 1095/1095/1095 1096/1096/1096 1093/1093/1093 
f 1097/1097/1097 1098/1098/1098 1099/1099/1099 
f 1098/1098/1098 1097/1097/1097 1100/1100/1100 
f 1101/1101/1101 1102/1102/1102 1103/1103/1103 
f 1103/1103/1103 1102/1102/1102 1104/1104/1104 
f 1105/1105/1105 1106/1106/1106 1107/1107/1107 
f 1107/1107/1107 1106/1106/1106 1108/1108/1108 
f 1109/1109/1109 1110/1110/1110 1111/1111/1111 
f 1110/1110/1110 1109/1109/1109 1112/1112/1112 
f 1113/1113/1113 1114/1114/1114 1115/1115/1115 
f 1114/1114/1114 1113/1113/1113 1116/1116/1116 
f 1117/1117/1117 1118/1118/1118 1119/1119/1119 
f 1120/1120/1120 1121/1121/1121 1122/1122/1122 
f 1123/1123/1123 1124/1124/1124 1125/1125/1125 
f 1125/1125/1125 1126/1126/1126 1123/1123/1123 
f 1127/1127/1127 1128/1128/1128 1129/1129/1129 
f 1128/1128/1128 1127/1127/1127 1130/1130/1130 
f 1131/1131/1131 1132/1132/1132 1133/1133/1133 
f 1133/1133/1133 1132/1132/1132 1134/1134/1134 
f 1135/1135/1135 1136/1136/1136 1137/1137/1137 
f 1137/1137/1137 1136/1136/1136 1138/1138/1138 
f 1139/1139/1139 1140/1140/1140 1141/1141/1141 
f 1140/1140/1140 1139/1139/1139 1142/1142/1142 
f 1143/1143/1143 1144/1144/1144 1145/1145/1145 
f 1144/1144/1144 1143/1143/1143 1146/1146/1146 
f 1147/1147/1147 1148/1148/1148 1149/1149/1149 
f 1147/1147/1147 1149/1149/1149 1150/1150/1150 
f 1151/1151/1151 1152/1152/1152 1153/1153/1153 
f 1152/1152/1152 1151/1151/1151 1154/1154/1154 
f 1155/1155/1155 1156/1156/1156 1157/1157/1157 
f 1155/1155/1155 1158/1158/1158 1156/1156/1156 
f 1159/1159/1159 1160/1160/1160 1161/1161/1161 
f 1161/1161/1161 1162/1162/1162 1159/1159/1159 
f 1163/1163/1163 1164/1164/1164 1165/1165/1165 
f 1165/1165/1165 1164/1164/1164 1166/1166/1166 
f 1167/1167/1167 1168/1168/1168 1165/1165/1165 
f 1168/1168/1168 1167/1167/1167 1169/1169/1169 
f 1170/1170/1170 1168/1168/1168 1169/1169/1169 
f 1168/1168/1168 1170/1170/1170 1171/1171/1171 
f 1172/1172/1172 1173/1173/1173 1174/1174/1174 
f 1174/1174/1174 1175/1175/1175 1172/1172/1172 
f 1176/1176/1176 1174/1174/1174 1177/1177/1177 
f 1176/1176/1176 1177/1177/1177 1178/1178/1178 
f 1177/1177/1177 1179/1179/1179 1178/1178/1178 
f 1179/1179/1179 1177/1177/1177 1180/1180/1180 
f 1181/1181/1181 1182/1182/1182 1183/1183/1183 
f 1182/1182/1182 1184/1184/1184 1183/1183/1183 
f 1185/1185/1185 1186/1186/1186 1187/1187/1187 
f 1188/1188/1188 1187/1187/1187 1186/1186/1186 
f 1189/1189/1189 1190/1190/1190 1191/1191/1191 
f 1190/1190/1190 1192/1192/1192 1191/1191/1191 
f 1193/1193/1193 1194/1194/1194 1195/1195/1195 
f 1193/1193/1193 1195/1195/1195 1196/1196/1196 
f 1197/1197/1197 1198/1198/1198 1199/1199/1199 
f 1198/1198/1198 1197/1197/1197 1200/1200/1200 
f 1201/1201/1201 1199/1199/1199 1202/1202/1202 
f 1201/1201/1201 1202/1202/1202 1203/1203/1203 
f 1204/1204/1204 1205/1205/1205 1206/1206/1206 
f 1205/1205/1205 1204/1204/1204 1207/1207/1207 
f 1207/1207/1207 1208/1208/1208 1209/1209/1209 
f 1209/1209/1209 1208/1208/1208 1210/1210/1210 
f 1211/1211/1211 1212/1212/1212 1213/1213/1213 
f 1212/1212/1212 1211/1211/1211 1214/1214/1214 
f 1215/1215/1215 1216/1216/1216 1217/1217/1217 
f 1217/1217/1217 1216/1216/1216 1218/1218/1218 
f 1219/1219/1219 1220/1220/1220 1221/1221/1221 
f 1221/1221/1221 1220/1220/1220 1222/1222/1222 
f 1223/1223/1223 1221/1221/1221 1222/1222/1222 
f 1223/1223/1223 1222/1222/1222 1224/1224/1224 
f 1225/1225/1225 1226/1226/1226 1227/1227/1227 
f 1226/1226/1226 1228/1228/1228 1227/1227/1227 
f 1226/1226/1226 1229/1229/1229 1228/1228/1228 
f 1230/1230/1230 1228/1228/1228 1229/1229/1229 
f 1231/1231/1231 1232/1232/1232 1233/1233/1233 
f 1234/1234/1234 1235/1235/1235 1236/1236/1236 
f 1237/1237/1237 1238/1238/1238 1239/1239/1239 
f 1237/1237/1237 1239/1239/1239 1240/1240/1240 
f 1241/1241/1241 1242/1242/1242 1243/1243/1243 
f 1242/1242/1242 1241/1241/1241 1244/1244/1244 
f 1245/1245/1245 1246/1246/1246 1247/1247/1247 
f 1247/1247/1247 1246/1246/1246 1248/1248/1248 
f 1249/1249/1249 1250/1250/1250 1251/1251/1251 
f 1251/1251/1251 1250/1250/1250 1252/1252/1252 
f 1253/1253/1253 1254/1254/1254 1255/1255/1255 
f 1256/1256/1256 1257/1257/1257 1258/1258/1258 
f 1259/1259/1259 1260/1260/1260 1261/1261/1261 
f 1262/1262/1262 1260/1260/1260 1259/1259/1259 
f 1263/1263/1263 1264/1264/1264 1265/1265/1265 
f 1263/1263/1263 1266/1266/1266 1264/1264/1264 
f 1267/1267/1267 1268/1268/1268 1269/1269/1269 
f 1268/1268/1268 1267/1267/1267 1270/1270/1270 
f 1271/1271/1271 1272/1272/1272 1273/1273/1273 
f 1272/1272/1272 1271/1271/1271 1274/1274/1274 
f 1275/1275/1275 1276/1276/1276 1277/1277/1277 
f 1278/1278/1278 1279/1279/1279 1280/1280/1280 
f 1281/1281/1281 1282/1282/1282 1283/1283/1283 
f 1284/1284/1284 1285/1285/1285 1286/1286/1286 
f 1287/1287/1287 1288/1288/1288 1289/1289/1289 
f 1290/1290/1290 1291/1291/1291 1292/1292/1292 
f 1293/1293/1293 1294/1294/1294 1295/1295/1295 
f 1296/1296/1296 1297/1297/1297 1298/1298/1298 
f 1299/1299/1299 1300/1300/1300 1301/1301/1301 
f 1301/1301/1301 1300/1300/1300 1302/1302/1302 
f 1303/1303/1303 1304/1304/1304 1305/1305/1305 
f 1305/1305/1305 1306/1306/1306 1303/1303/1303 
f 1307/1307/1307 1308/1308/1308 1309/1309/1309 
f 1307/1307/1307 1310/1310/1310 1308/1308/1308 
f 1311/1311/1311 1312/1312/1312 1313/1313/1313 
f 1313/1313/1313 1314/1314/1314 1311/1311/1311 
f 1315/1315/1315 1316/1316/1316 1317/1317/1317 
f 1315/1315/1315 1317/1317/1317 1318/1318/1318 
f 1319/1319/1319 1318/1318/1318 1320/1320/1320 
f 1318/1318/1318 1319/1319/1319 1321/1321/1321 
f 1322/1322/1322 1323/1323/1323 1324/1324/1324 
f 1323/1323/1323 1322/1322/1322 1325/1325/1325 
f 1325/1325/1325 1326/1326/1326 1327/1327/1327 
f 1325/1325/1325 1328/1328/1328 1326/1326/1326 
f 1329/1329/1329 1330/1330/1330 1331/1331/1331 
f 1330/1330/1330 1329/1329/1329 1332/1332/1332 
f 1333/1333/1333 1334/1334/1334 1335/1335/1335 
f 1334/1334/1334 1333/1333/1333 1336/1336/1336 
f 1337/1337/1337 1338/1338/1338 1339/1339/1339 
f 1338/1338/1338 1337/1337/1337 1340/1340/1340 
f 1341/1341/1341 1342/1342/1342 1343/1343/1343 
f 1342/1342/1342 1341/1341/1341 1344/1344/1344 
f 1345/1345/1345 1346/1346/1346 1347/1347/1347 
f 1346/1346/1346 1345/1345/1345 1348/1348/1348 
f 1345/1345/1345 1349/1349/1349 1348/1348/1348 
f 1349/1349/1349 1345/1345/1345 1350/1350/1350 
f 1351/1351/1351 1352/1352/1352 1353/1353/1353 
f 1352/1352/1352 1351/1351/1351 1354/1354/1354 
f 1355/1355/1355 1351/1351/1351 1353/1353/1353 
f 1355/1355/1355 1356/1356/1356 1351/1351/1351 
f 1357/1357/1357 1358/1358/1358 1359/1359/1359 
f 1360/1360/1360 1361/1361/1361 1362/1362/1362 
f 1363/1363/1363 1364/1364/1364 1365/1365/1365 
f 1363/1363/1363 1366/1366/1366 1364/1364/1364 
f 1367/1367/1367 1368/1368/1368 1369/1369/1369 
f 1367/1367/1367 1370/1370/1370 1368/1368/1368 
f 1371/1371/1371 1372/1372/1372 1373/1373/1373 
f 1374/1374/1374 1375/1375/1375 1376/1376/1376 
f 1377/1377/1377 1378/1378/1378 1379/1379/1379 
f 1379/1379/1379 1380/1380/1380 1377/1377/1377 
f 1381/1381/1381 1382/1382/1382 1383/1383/1383 
f 1384/1384/1384 1382/1382/1382 1381/1381/1381 
f 1385/1385/1385 1386/1386/1386 1387/1387/1387 
f 1388/1388/1388 1389/1389/1389 1390/1390/1390 
f 1391/1391/1391 1392/1392/1392 1393/1393/1393 
f 1392/1392/1392 1391/1391/1391 1394/1394/1394 
f 1394/1394/1394 1395/1395/1395 1396/1396/1396 
f 1397/1397/1397 1396/1396/1396 1395/1395/1395 
f 1398/1398/1398 1399/1399/1399 1397/1397/1397 
f 1397/1397/1397 1400/1400/1400 1398/1398/1398 
f 1401/1401/1401 1402/1402/1402 1403/1403/1403 
f 1402/1402/1402 1401/1401/1401 1404/1404/1404 
f 1405/1405/1405 1406/1406/1406 1403/1403/1403 
f 1405/1405/1405 1407/1407/1407 1406/1406/1406 
f 1408/1408/1408 1407/1407/1407 1409/1409/1409 
f 1407/1407/1407 1408/1408/1408 1410/1410/1410 
f 1411/1411/1411 1412/1412/1412 1413/1413/1413 
f 1411/1411/1411 1414/1414/1414 1412/1412/1412 
f 1415/1415/1415 1416/1416/1416 1414/1414/1414 
f 1416/1416/1416 1415/1415/1415 1417/1417/1417 
f 1418/1418/1418 1419/1419/1419 1420/1420/1420 
f 1420/1420/1420 1419/1419/1419 1421/1421/1421 
f 1422/1422/1422 1423/1423/1423 1418/1418/1418 
f 1423/1423/1423 1422/1422/1422 1424/1424/1424 
f 1425/1425/1425 1426/1426/1426 1427/1427/1427 
f 1426/1426/1426 1428/1428/1428 1427/1427/1427 
f 1429/1429/1429 1430/1430/1430 1431/1431/1431 
f 1429/1429/1429 1431/1431/1431 1432/1432/1432 
f 1433/1433/1433 1434/1434/1434 1435/1435/1435 
f 1434/1434/1434 1436/1436/1436 1435/1435/1435 
f 1437/1437/1437 1438/1438/1438 1439/1439/1439 
f 1440/1440/1440 1439/1439/1439 1438/1438/1438 
f 1441/1441/1441 1442/1442/1442 1443/1443/1443 
f 1444/1444/1444 1441/1441/1441 1443/1443/1443 
f 1445/1445/1445 1446/1446/1446 1447/1447/1447 
f 1448/1448/1448 1446/1446/1446 1445/1445/1445 
f 1449/1449/1449 1450/1450/1450 1451/1451/1451 
f 1450/1450/1450 1449/1449/1449 1452/1452/1452 
f 1453/1453/1453 1451/1451/1451 1454/1454/1454 
f 1453/1453/1453 1454/1454/1454 1455/1455/1455 
f 1456/1456/1456 1457/1457/1457 1458/1458/1458 
f 1457/1457/1457 1456/1456/1456 1459/1459/1459 
f 1459/1459/1459 1460/1460/1460 1461/1461/1461 
f 1461/1461/1461 1460/1460/1460 1462/1462/1462 
f 1463/1463/1463 1464/1464/1464 1465/1465/1465 
f 1466/1466/1466 1467/1467/1467 1468/1468/1468 
f 1469/1469/1469 1470/1470/1470 1471/1471/1471 
f 1472/1472/1472 1473/1473/1473 1474/1474/1474 
f 1475/1475/1475 1476/1476/1476 1477/1477/1477 
f 1476/1476/1476 1475/1475/1475 1478/1478/1478 
f 1479/1479/1479 1480/1480/1480 1477/1477/1477 
f 1480/1480/1480 1479/1479/1479 1481/1481/1481 
f 1481/1481/1481 1482/1482/1482 1483/1483/1483 
f 1481/1481/1481 1483/1483/1483 1484/1484/1484 
f 1485/1485/1485 1486/1486/1486 1487/1487/1487 
f 1486/1486/1486 1485/1485/1485 1488/1488/1488 
f 1487/1487/1487 1489/1489/1489 1490/1490/1490 
f 1489/1489/1489 1487/1487/1487 1491/1491/1491 
f 1492/1492/1492 1493/1493/1493 1494/1494/1494 
f 1494/1494/1494 1495/1495/1495 1492/1492/1492 
f 1496/1496/1496 1497/1497/1497 1493/1493/1493 
f 1493/1493/1493 1498/1498/1498 1496/1496/1496 
f 1499/1499/1499 1500/1500/1500 1501/1501/1501 
f 1500/1500/1500 1499/1499/1499 1502/1502/1502 
f 1503/1503/1503 1502/1502/1502 1504/1504/1504 
f 1505/1505/1505 1503/1503/1503 1504/1504/1504 
f 1506/1506/1506 1507/1507/1507 1505/1505/1505 
f 1508/1508/1508 1505/1505/1505 1507/1507/1507 
f 1509/1509/1509 1510/1510/1510 1511/1511/1511 
f 1511/1511/1511 1510/1510/1510 1512/1512/1512 
f 1513/1513/1513 1509/1509/1509 1514/1514/1514 
f 1515/1515/1515 1509/1509/1509 1513/1513/1513 
f 1516/1516/1516 1517/1517/1517 1518/1518/1518 
f 1518/1518/1518 1517/1517/1517 1519/1519/1519 
f 1520/1520/1520 1516/1516/1516 1521/1521/1521 
f 1522/1522/1522 1516/1516/1516 1520/1520/1520 
f 1523/1523/1523 1524/1524/1524 1525/1525/1525 
f 1524/1524/1524 1523/1523/1523 1526/1526/1526 
f 1527/1527/1527 1528/1528/1528 1529/1529/1529 
f 1528/1528/1528 1527/1527/1527 1530/1530/1530 
f 1531/1531/1531 1532/1532/1532 1533/1533/1533 
f 1533/1533/1533 1532/1532/1532 1534/1534/1534 
f 1535/1535/1535 1536/1536/1536 1537/1537/1537 
f 1537/1537/1537 1538/1538/1538 1535/1535/1535 
f 1539/1539/1539 1540/1540/1540 1541/1541/1541 
f 1542/1542/1542 1543/1543/1543 1544/1544/1544 
f 1545/1545/1545 1546/1546/1546 1547/1547/1547 
f 1548/1548/1548 1549/1549/1549 1550/1550/1550 
f 1549/1549/1549 1548/1548/1548 1551/1551/1551 
f 1552/1552/1552 1553/1553/1553 1554/1554/1554 
f 1553/1553/1553 1552/1552/1552 1555/1555/1555 
f 1556/1556/1556 1557/1557/1557 1558/1558/1558 
f 1559/1559/1559 1560/1560/1560 1561/1561/1561 
f 1562/1562/1562 1563/1563/1563 1564/1564/1564 
f 1565/1565/1565 1566/1566/1566 1567/1567/1567 
f 1567/1567/1567 1566/1566/1566 1568/1568/1568 
f 1569/1569/1569 1570/1570/1570 1571/1571/1571 
f 1570/1570/1570 1572/1572/1572 1571/1571/1571 
f 1573/1573/1573 1574/1574/1574 1575/1575/1575 
f 1574/1574/1574 1573/1573/1573 1576/1576/1576 
f 1577/1577/1577 1578/1578/1578 1579/1579/1579 
f 1578/1578/1578 1577/1577/1577 1580/1580/1580 
f 1581/1581/1581 1582/1582/1582 1583/1583/1583 
f 1584/1584/1584 1585/1585/1585 1586/1586/1586 
f 1587/1587/1587 1588/1588/1588 1589/1589/1589 
f 1588/1588/1588 1587/1587/1587 1590/1590/1590 
f 1588/1588/1588 1591/1591/1591 1592/1592/1592 
f 1592/1592/1592 1593/1593/1593 1588/1588/1588 
f 1594/1594/1594 1595/1595/1595 1596/1596/1596 
f 1595/1595/1595 1594/1594/1594 1597/1597/1597 
f 1594/1594/1594 1598/1598/1598 1599/1599/1599 
f 1598/1598/1598 1594/1594/1594 1600/1600/1600 
f 1601/1601/1601 1602/1602/1602 1603/1603/1603 
f 1602/1602/1602 1604/1604/1604 1603/1603/1603 
f 1605/1605/1605 1602/1602/1602 1606/1606/1606 
f 1602/1602/1602 1605/1605/1605 1607/1607/1607 
f 1608/1608/1608 1609/1609/1609 1610/1610/1610 
f 1611/1611/1611 1610/1610/1610 1609/1609/1609 
f 1612/1612/1612 1610/1610/1610 1613/1613/1613 
f 1610/1610/1610 1612/1612/1612 1614/1614/1614 
f 1615/1615/1615 1616/1616/1616 1617/1617/1617 
f 1616/1616/1616 1615/1615/1615 1618/1618/1618 
f 1619/1619/1619 1620/1620/1620 1621/1621/1621 
f 1621/1621/1621 1620/1620/1620 1622/1622/1622 
f 1623/1623/1623 1624/1624/1624 1625/1625/1625 
f 1623/1623/1623 1626/1626/1626 1624/1624/1624 
f 1627/1627/1627 1628/1628/1628 1629/1629/1629 
f 1627/1627/1627 1630/1630/1630 1628/1628/1628 
f 1631/1631/1631 1632/1632/1632 1633/1633/1633 
f 1634/1634/1634 1635/1635/1635 1636/1636/1636 
f 1637/1637/1637 1638/1638/1638 1639/1639/1639 
f 1638/1638/1638 1637/1637/1637 1640/1640/1640 
f 1641/1641/1641 1639/1639/1639 1638/1638/1638 
f 1639/1639/1639 1641/1641/1641 1642/1642/1642 
f 1643/1643/1643 1644/1644/1644 1645/1645/1645 
f 1644/1644/1644 1643/1643/1643 1646/1646/1646 
f 1646/1646/1646 1647/1647/1647 1644/1644/1644 
f 1647/1647/1647 1646/1646/1646 1648/1648/1648 
f 1649/1649/1649 1650/1650/1650 1651/1651/1651 
f 1650/1650/1650 1649/1649/1649 1652/1652/1652 
f 1653/1653/1653 1651/1651/1651 1650/1650/1650 
f 1651/1651/1651 1653/1653/1653 1654/1654/1654 
f 1655/1655/1655 1656/1656/1656 1657/1657/1657 
f 1656/1656/1656 1655/1655/1655 1658/1658/1658 
f 1659/1659/1659 1660/1660/1660 1661/1661/1661 
f 1660/1660/1660 1659/1659/1659 1662/1662/1662 
f 1661/1661/1661 1663/1663/1663 1659/1659/1659 
f 1663/1663/1663 1661/1661/1661 1664/1664/1664 
f 1665/1665/1665 1666/1666/1666 1667/1667/1667 
f 1666/1666/1666 1665/1665/1665 1668/1668/1668 
f 1669/1669/1669 1670/1670/1670 1671/1671/1671 
f 1670/1670/1670 1669/1669/1669 1672/1672/1672 
f 1673/1673/1673 1674/1674/1674 1675/1675/1675 
f 1674/1674/1674 1673/1673/1673 1676/1676/1676 
f 1677/1677/1677 1678/1678/1678 1679/1679/1679 
f 1677/1677/1677 1679/1679/1679 1680/1680/1680 
f 1681/1681/1681 1682/1682/1682 1680/1680/1680 
f 1682/1682/1682 1681/1681/1681 1683/1683/1683 
f 1684/1684/1684 1685/1685/1685 1686/1686/1686 
f 1685/1685/1685 1684/1684/1684 1687/1687/1687 
f 1688/1688/1688 1689/1689/1689 1687/1687/1687 
f 1689/1689/1689 1688/1688/1688 1690/1690/1690 
f 1691/1691/1691 1692/1692/1692 1693/1693/1693 
f 1694/1694/1694 1695/1695/1695 1696/1696/1696 
f 1697/1697/1697 1698/1698/1698 1699/1699/1699 
f 1700/1700/1700 1701/1701/1701 1702/1702/1702 
f 1703/1703/1703 1704/1704/1704 1705/1705/1705 
f 1703/1703/1703 1705/1705/1705 1706/1706/1706 
f 1707/1707/1707 1708/1708/1708 1704/1704/1704 
f 1708/1708/1708 1707/1707/1707 1709/1709/1709 
f 1710/1710/1710 1711/1711/1711 1712/1712/1712 
f 1713/1713/1713 1712/1712/1712 1711/1711/1711 
f 1714/1714/1714 1715/1715/1715 1713/1713/1713 
f 1715/1715/1715 1714/1714/1714 1716/1716/1716 
f 1717/1717/1717 1718/1718/1718 1719/1719/1719 
f 1720/1720/1720 1721/1721/1721 1722/1722/1722 
f 1723/1723/1723 1724/1724/1724 1725/1725/1725 
f 1726/1726/1726 1727/1727/1727 1728/1728/1728 
f 1729/1729/1729 1730/1730/1730 1731/1731/1731 
f 1732/1732/1732 1733/1733/1733 1734/1734/1734 
f 1735/1735/1735 1736/1736/1736 1737/1737/1737 
f 1738/1738/1738 1739/1739/1739 1740/1740/1740 
f 1741/1741/1741 1742/1742/1742 1743/1743/1743 
f 1744/1744/1744 1745/1745/1745 1746/1746/1746 
f 1747/1747/1747 1748/1748/1748 1749/1749/1749 
f 1748/1748/1748 1747/1747/1747 1750/1750/1750 
f 1751/1751/1751 1749/1749/1749 1752/1752/1752 
f 1751/1751/1751 1752/1752/1752 1753/1753/1753 
f 1754/1754/1754 1755/1755/1755 1756/1756/1756 
f 1755/1755/1755 1754/1754/1754 1757/1757/1757 
f 1757/1757/1757 1758/1758/1758 1759/1759/1759 
f 1759/1759/1759 1758/1758/1758 1760/1760/1760 
f 1761/1761/1761 1762/1762/1762 1763/1763/1763 
f 1763/1763/1763 1764/1764/1764 1761/1761/1761 
f 1765/1765/1765 1766/1766/1766 1767/1767/1767 
f 1768/1768/1768 1766/1766/1766 1765/1765/1765 
f 1769/1769/1769 1770/1770/1770 1771/1771/1771 
f 1770/1770/1770 1772/1772/1772 1771/1771/1771 
f 1773/1773/1773 1774/1774/1774 1775/1775/1775 
f 1774/1774/1774 1776/1776/1776 1775/1775/1775 
f 1777/1777/1777 1778/1778/1778 1779/1779/1779 
f 1780/1780/1780 1781/1781/1781 1782/1782/1782 
f 1783/1783/1783 1784/1784/1784 1785/1785/1785 
f 1784/1784/1784 1786/1786/1786 1785/1785/1785 
f 1787/1787/1787 1788/1788/1788 1789/1789/1789 
f 1787/1787/1787 1789/1789/1789 1790/1790/1790 
f 1791/1791/1791 1792/1792/1792 1793/1793/1793 
f 1794/1794/1794 1795/1795/1795 1796/1796/1796 
f 1794/1794/1794 1796/1796/1796 1797/1797/1797 
f 1798/1798/1798 1799/1799/1799 1800/1800/1800 
f 1798/1798/1798 1800/1800/1800 1801/1801/1801 
f 1802/1802/1802 1803/1803/1803 1804/1804/1804 
f 1805/1805/1805 1806/1806/1806 1807/1807/1807 
f 1808/1808/1808 1807/1807/1807 1806/1806/1806 
f 1809/1809/1809 1810/1810/1810 1811/1811/1811 
f 1810/1810/1810 1809/1809/1809 1812/1812/1812 
f 1813/1813/1813 1814/1814/1814 1815/1815/1815 
f 1815/1815/1815 1816/1816/1816 1813/1813/1813 
f 1817/1817/1817 1818/1818/1818 1819/1819/1819 
f 1820/1820/1820 1819/1819/1819 1818/1818/1818 
f 1821/1821/1821 1822/1822/1822 1823/1823/1823 
f 1824/1824/1824 1825/1825/1825 1826/1826/1826 
f 1827/1827/1827 1828/1828/1828 1829/1829/1829 
f 1830/1830/1830 1828/1828/1828 1827/1827/1827 
f 1831/1831/1831 1832/1832/1832 1833/1833/1833 
f 1832/1832/1832 1831/1831/1831 1834/1834/1834 
f 1835/1835/1835 1836/1836/1836 1837/1837/1837 
f 1836/1836/1836 1835/1835/1835 1838/1838/1838 
f 1839/1839/1839 1840/1840/1840 1841/1841/1841 
f 1840/1840/1840 1839/1839/1839 1842/1842/1842 
f 1843/1843/1843 1844/1844/1844 1845/1845/1845 
f 1846/1846/1846 1847/1847/1847 1848/1848/1848 
f 1849/1849/1849 1850/1850/1850 1851/1851/1851 
f 1852/1852/1852 1853/1853/1853 1854/1854/1854 
f 1855/1855/1855 1856/1856/1856 1857/1857/1857 
f 1858/1858/1858 1859/1859/1859 1860/1860/1860 
f 1861/1861/1861 1862/1862/1862 1863/1863/1863 
f 1862/1862/1862 1861/1861/1861 1864/1864/1864 
f 1864/1864/1864 1865/1865/1865 1866/1866/1866 
f 1867/1867/1867 1866/1866/1866 1865/1865/1865 
f 1868/1868/1868 1869/1869/1869 1867/1867/1867 
f 1867/1867/1867 1870/1870/1870 1868/1868/1868 
f 1871/1871/1871 1872/1872/1872 1873/1873/1873 
f 1872/1872/1872 1871/1871/1871 1874/1874/1874 
f 1875/1875/1875 1876/1876/1876 1873/1873/1873 
f 1875/1875/1875 1877/1877/1877 1876/1876/1876 
f 1878/1878/1878 1877/1877/1877 1879/1879/1879 
f 1877/1877/1877 1878/1878/1878 1880/1880/1880 
f 1881/1881/1881 1882/1882/1882 1883/1883/1883 
f 1882/1882/1882 1884/1884/1884 1883/1883/1883 
f 1885/1885/1885 1886/1886/1886 1887/1887/1887 
f 1887/1887/1887 1886/1886/1886 1888/1888/1888 
f 1889/1889/1889 1890/1890/1890 1891/1891/1891 
f 1890/1890/1890 1889/1889/1889 1892/1892/1892 
f 1893/1893/1893 1894/1894/1894 1891/1891/1891 
f 1893/1893/1893 1891/1891/1891 1895/1895/1895 
f 1896/1896/1896 1897/1897/1897 1898/1898/1898 
f 1897/1897/1897 1899/1899/1899 1898/1898/1898 
f 1900/1900/1900 1896/1896/1896 1901/1901/1901 
f 1902/1902/1902 1896/1896/1896 1900/1900/1900 
f 1903/1903/1903 1904/1904/1904 1905/1905/1905 
f 1903/1903/1903 1905/1905/1905 1906/1906/1906 
f 1907/1907/1907 1908/1908/1908 1904/1904/1904 
f 1908/1908/1908 1907/1907/1907 1909/1909/1909 
f 1910/1910/1910 1911/1911/1911 1912/1912/1912 
f 1913/1913/1913 1912/1912/1912 1911/1911/1911 
f 1914/1914/1914 1915/1915/1915 1913/1913/1913 
f 1915/1915/1915 1914/1914/1914 1916/1916/1916 
f 1917/1917/1917 1918/1918/1918 1919/1919/1919 
f 1917/1917/1917 1919/1919/1919 1920/1920/1920 
f 1921/1921/1921 1922/1922/1922 1923/1923/1923 
f 1922/1922/1922 1921/1921/1921 1924/1924/1924 
f 1925/1925/1925 1926/1926/1926 1927/1927/1927 
f 1926/1926/1926 1925/1925/1925 1928/1928/1928 
f 1929/1929/1929 1930/1930/1930 1931/1931/1931 
f 1930/1930/1930 1929/1929/1929 1932/1932/1932 
f 1933/1933/1933 1934/1934/1934 1935/1935/1935 
f 1935/1935/1935 1934/1934/1934 1936/1936/1936 
f 1937/1937/1937 1938/1938/1938 1939/1939/1939 
f 1937/1937/1937 1939/1939/1939 1940/1940/1940 
f 1941/1941/1941 1942/1942/1942 1943/1943/1943 
f 1942/1942/1942 1941/1941/1941 1944/1944/1944 
f 1945/1945/1945 1946/1946/1946 1947/1947/1947 
f 1948/1948/1948 1947/1947/1947 1946/1946/1946 
f 1949/1949/1949 1950/1950/1950 1951/1951/1951 
f 1952/1952/1952 1953/1953/1953 1954/1954/1954 
f 1955/1955/1955 1956/1956/1956 1957/1957/1957 
f 1956/1956/1956 1955/1955/1955 1958/1958/1958 
f 1959/1959/1959 1960/1960/1960 1961/1961/1961 
f 1960/1960/1960 1959/1959/1959 1962/1962/1962 
f 1963/1963/1963 1964/1964/1964 1965/1965/1965 
f 1964/1964/1964 1963/1963/1963 1966/1966/1966 
f 1967/1967/1967 1968/1968/1968 1969/1969/1969 
f 1968/1968/1968 1967/1967/1967 1970/1970/1970 
f 1971/1971/1971 1972/1972/1972 1973/1973/1973 
f 1971/1971/1971 1973/1973/1973 1974/1974/1974 
f 1972/1972/1972 1975/1975/1975 1976/1976/1976 
f 1977/1977/1977 1972/1972/1972 1976/1976/1976 
f 1978/1978/1978 1979/1979/1979 1980/1980/1980 
f 1979/1979/1979 1978/1978/1978 1981/1981/1981 
f 1980/1980/1980 1982/1982/1982 1983/1983/1983 
f 1982/1982/1982 1980/1980/1980 1984/1984/1984 
f 1985/1985/1985 1986/1986/1986 1987/1987/1987 
f 1988/1988/1988 1989/1989/1989 1990/1990/1990 
f 1991/1991/1991 1992/1992/1992 1993/1993/1993 
f 1992/1992/1992 1991/1991/1991 1994/1994/1994 
f 1995/1995/1995 1996/1996/1996 1997/1997/1997 
f 1996/1996/1996 1995/1995/1995 1998/1998/1998 
f 1999/1999/1999 2000/2000/2000 2001/2001/2001 
f 2000/2000/2000 1999/1999/1999 2002/2002/2002 
f 2003/2003/2003 2004/2004/2004 2005/2005/2005 
f 2005/2005/2005 2006/2006/2006 2003/2003/2003 
f 2007/2007/2007 2008/2008/2008 2009/2009/2009 
f 2008/2008/2008 2007/2007/2007 2010/2010/2010 
f 2011/2011/2011 2007/2007/2007 2009/2009/2009 
f 2007/2007/2007 2011/2011/2011 2012/2012/2012 
f 2013/2013/2013 2014/2014/2014 2015/2015/2015 
f 2015/2015/2015 2014/2014/2014 2016/2016/2016 
f 2017/2017/2017 2018/2018/2018 2019/2019/2019 
f 2018/2018/2018 2017/2017/2017 2020/2020/2020 
f 2018/2018/2018 2021/2021/2021 2019/2019/2019 
f 2018/2018/2018 2022/2022/2022 2021/2021/2021 
f 2023/2023/2023 2024/2024/2024 2025/2025/2025 
f 2025/2025/2025 2026/2026/2026 2023/2023/2023 
f 2027/2027/2027 2028/2028/2028 2029/2029/2029 
f 2030/2030/2030 2031/2031/2031 2032/2032/2032 
f 2033/2033/2033 2034/2034/2034 2035/2035/2035 
f 2034/2034/2034 2033/2033/2033 2036/2036/2036 
f 2037/2037/2037 2038/2038/2038 2039/2039/2039 
f 2038/2038/2038 2037/2037/2037 2040/2040/2040 
f 2041/2041/2041 2042/2042/2042 2043/2043/2043 
f 2042/2042/2042 2041/2041/2041 2044/2044/2044 
f 2045/2045/2045 2046/2046/2046 2047/2047/2047 
f 2046/2046/2046 2045/2045/2045 2048/2048/2048 
f 2049/2049/2049 2050/2050/2050 2051/2051/2051 
f 2049/2049/2049 2052/2052/2052 2050/2050/2050 
f 2053/2053/2053 2054/2054/2054 2055/2055/2055 
f 2055/2055/2055 2056/2056/2056 2053/2053/2053 
f 2057/2057/2057 2058/2058/2058 2059/2059/2059 
f 2058/2058/2058 2057/2057/2057 2060/2060/2060 
f 2061/2061/2061 2062/2062/2062 2063/2063/2063 
f 2062/2062/2062 2061/2061/2061 2064/2064/2064 
f 2065/2065/2065 2066/2066/2066 2067/2067/2067 
f 2066/2066/2066 2065/2065/2065 2068/2068/2068 
f 2069/2069/2069 2070/2070/2070 2065/2065/2065 
f 2070/2070/2070 2069/2069/2069 2071/2071/2071 
f 2072/2072/2072 2073/2073/2073 2074/2074/2074 
f 2073/2073/2073 2072/2072/2072 2075/2075/2075 
f 2076/2076/2076 2077/2077/2077 2072/2072/2072 
f 2077/2077/2077 2076/2076/2076 2078/2078/2078 
f 2079/2079/2079 2080/2080/2080 2081/2081/2081 
f 2080/2080/2080 2079/2079/2079 2082/2082/2082 
f 2083/2083/2083 2084/2084/2084 2085/2085/2085 
f 2084/2084/2084 2083/2083/2083 2086/2086/2086 
f 2087/2087/2087 2088/2088/2088 2089/2089/2089 
f 2090/2090/2090 2091/2091/2091 2092/2092/2092 
f 2091/2091/2091 2090/2090/2090 2093/2093/2093 
f 2094/2094/2094 2095/2095/2095 2096/2096/2096 
f 2097/2097/2097 2098/2098/2098 2099/2099/2099 
f 2098/2098/2098 2097/2097/2097 2100/2100/2100 
f 2101/2101/2101 2102/2102/2102 2103/2103/2103 
f 2104/2104/2104 2105/2105/2105 2106/2106/2106 
f 2107/2107/2107 2108/2108/2108 2109/2109/2109 
f 2110/2110/2110 2111/2111/2111 2112/2112/2112 
f 2113/2113/2113 2114/2114/2114 2115/2115/2115 
f 2114/2114/2114 2113/2113/2113 2116/2116/2116 
f 2113/2113/2113 2117/2117/2117 2118/2118/2118 
f 2119/2119/2119 2113/2113/2113 2118/2118/2118 
f 2120/2120/2120 2121/2121/2121 2122/2122/2122 
f 2121/2121/2121 2120/2120/2120 2123/2123/2123 
f 2120/2120/2120 2124/2124/2124 2125/2125/2125 
f 2124/2124/2124 2120/2120/2120 2126/2126/2126 
f 2127/2127/2127 2128/2128/2128 2129/2129/2129 
f 2130/2130/2130 2131/2131/2131 2132/2132/2132 
f 2133/2133/2133 2134/2134/2134 2135/2135/2135 
f 2134/2134/2134 2133/2133/2133 2136/2136/2136 
f 2137/2137/2137 2138/2138/2138 2139/2139/2139 
f 2138/2138/2138 2137/2137/2137 2140/2140/2140 
f 2141/2141/2141 2142/2142/2142 2143/2143/2143 
f 2142/2142/2142 2144/2144/2144 2143/2143/2143 
f 2145/2145/2145 2146/2146/2146 2147/2147/2147 
f 2146/2146/2146 2145/2145/2145 2148/2148/2148 
f 2149/2149/2149 2150/2150/2150 2151/2151/2151 
f 2151/2151/2151 2150/2150/2150 2152/2152/2152 
f 2153/2153/2153 2154/2154/2154 2155/2155/2155 
f 2154/2154/2154 2153/2153/2153 2156/2156/2156 
f 2157/2157/2157 2158/2158/2158 2159/2159/2159 
f 2160/2160/2160 2161/2161/2161 2162/2162/2162 
f 2163/2163/2163 2164/2164/2164 2165/2165/2165 
f 2166/2166/2166 2164/2164/2164 2163/2163/2163 
f 2167/2167/2167 2168/2168/2168 2169/2169/2169 
f 2167/2167/2167 2170/2170/2170 2168/2168/2168 
f 2171/2171/2171 2172/2172/2172 2173/2173/2173 
f 2172/2172/2172 2171/2171/2171 2174/2174/2174 
f 2175/2175/2175 2176/2176/2176 2177/2177/2177 
f 2176/2176/2176 2175/2175/2175 2178/2178/2178 
f 2179/2179/2179 2180/2180/2180 2181/2181/2181 
f 2180/2180/2180 2179/2179/2179 2182/2182/2182 
f 2183/2183/2183 2184/2184/2184 2185/2185/2185 
f 2184/2184/2184 2183/2183/2183 2186/2186/2186 
f 2187/2187/2187 2188/2188/2188 2189/2189/2189 
f 2188/2188/2188 2187/2187/2187 2190/2190/2190 
f 2191/2191/2191 2192/2192/2192 2193/2193/2193 
f 2192/2192/2192 2191/2191/2191 2194/2194/2194 
f 2195/2195/2195 2196/2196/2196 2194/2194/2194 
f 2196/2196/2196 2195/2195/2195 2197/2197/2197 
f 2198/2198/2198 2199/2199/2199 2200/2200/2200 
f 2199/2199/2199 2198/2198/2198 2201/2201/2201 
f 2202/2202/2202 2203/2203/2203 2204/2204/2204 
f 2202/2202/2202 2204/2204/2204 2205/2205/2205 
f 2206/2206/2206 2207/2207/2207 2205/2205/2205 
f 2207/2207/2207 2206/2206/2206 2208/2208/2208 
f 2209/2209/2209 2210/2210/2210 2211/2211/2211 
f 2210/2210/2210 2209/2209/2209 2212/2212/2212 
f 2213/2213/2213 2214/2214/2214 2215/2215/2215 
f 2216/2216/2216 2214/2214/2214 2213/2213/2213 
f 2217/2217/2217 2218/2218/2218 2219/2219/2219 
f 2218/2218/2218 2217/2217/2217 2220/2220/2220 
f 2221/2221/2221 2222/2222/2222 2223/2223/2223 
f 2222/2222/2222 2221/2221/2221 2224/2224/2224 
f 2225/2225/2225 2226/2226/2226 2227/2227/2227 
f 2226/2226/2226 2225/2225/2225 2228/2228/2228 
f 2229/2229/2229 2230/2230/2230 2231/2231/2231 
f 2230/2230/2230 2229/2229/2229 2232/2232/2232 
f 2233/2233/2233 2234/2234/2234 2235/2235/2235 
f 2234/2234/2234 2233/2233/2233 2236/2236/2236 
f 2237/2237/2237 2238/2238/2238 2239/2239/2239 
f 2238/2238/2238 2237/2237/2237 2240/2240/2240 
f 2241/2241/2241 2242/2242/2242 2243/2243/2243 
f 2243/2243/2243 2242/2242/2242 2244/2244/2244 
f 2245/2245/2245 2246/2246/2246 2247/2247/2247 
f 2247/2247/2247 2248/2248/2248 2245/2245/2245 
f 2249/2249/2249 2250/2250/2250 2251/2251/2251 
f 2252/2252/2252 2253/2253/2253 2254/2254/2254 
f 2255/2255/2255 2256/2256/2256 2257/2257/2257 
f 2256/2256/2256 2255/2255/2255 2258/2258/2258 
f 2259/2259/2259 2260/2260/2260 2261/2261/2261 
f 2260/2260/2260 2259/2259/2259 2262/2262/2262 
f 2263/2263/2263 2264/2264/2264 2265/2265/2265 
f 2266/2266/2266 2267/2267/2267 2268/2268/2268 
f 2269/2269/2269 2270/2270/2270 2271/2271/2271 
f 2269/2269/2269 2272/2272/2272 2270/2270/2270 
f 2272/2272/2272 2273/2273/2273 2270/2270/2270 
f 2272/2272/2272 2274/2274/2274 2273/2273/2273 
f 2272/2272/2272 2275/2275/2275 2274/2274/2274 
f 2275/2275/2275 2276/2276/2276 2274/2274/2274 
f 2275/2275/2275 2277/2277/2277 2276/2276/2276 
f 2277/2277/2277 2275/2275/2275 2278/2278/2278 
f 2278/2278/2278 2279/2279/2279 2277/2277/2277 
f 2278/2278/2278 2280/2280/2280 2279/2279/2279 
f 2280/2280/2280 2278/2278/2278 2281/2281/2281 
f 2281/2281/2281 2282/2282/2282 2280/2280/2280 
f 2283/2283/2283 2280/2280/2280 2282/2282/2282 
f 2282/2282/2282 2284/2284/2284 2283/2283/2283 
f 2284/2284/2284 2282/2282/2282 2285/2285/2285 
f 2285/2285/2285 2286/2286/2286 2284/2284/2284 
f 2286/2286/2286 2285/2285/2285 2287/2287/2287 
f 2287/2287/2287 2288/2288/2288 2286/2286/2286 
f 2288/2288/2288 2287/2287/2287 2289/2289/2289 
f 2290/2290/2290 2291/2291/2291 2292/2292/2292 
f 2290/2290/2290 2292/2292/2292 2293/2293/2293 
f 2293/2293/2293 2292/2292/2292 2294/2294/2294 
f 2293/2293/2293 2294/2294/2294 2295/2295/2295 
f 2293/2293/2293 2295/2295/2295 2296/2296/2296 
f 2296/2296/2296 2295/2295/2295 2297/2297/2297 
f 2296/2296/2296 2297/2297/2297 2298/2298/2298 
f 2298/2298/2298 2299/2299/2299 2296/2296/2296 
f 2299/2299/2299 2298/2298/2298 2300/2300/2300 
f 2299/2299/2299 2300/2300/2300 2301/2301/2301 
f 2301/2301/2301 2302/2302/2302 2299/2299/2299 
f 2301/2301/2301 2303/2303/2303 2302/2302/2302 
f 2301/2301/2301 2304/2304/2304 2303/2303/2303 
f 2305/2305/2305 2303/2303/2303 2304/2304/2304 
f 2303/2303/2303 2305/2305/2305 2306/2306/2306 
f 2307/2307/2307 2306/2306/2306 2305/2305/2305 
f 2306/2306/2306 2307/2307/2307 2308/2308/2308 
f 2309/2309/2309 2308/2308/2308 2307/2307/2307 
f 2308/2308/2308 2309/2309/2309 2310/2310/2310 
f 2311/2311/2311 2312/2312/2312 2313/2313/2313 
f 2313/2313/2313 2314/2314/2314 2311/2311/2311 
f 2315/2315/2315 2316/2316/2316 2317/2317/2317 
f 2318/2318/2318 2316/2316/2316 2315/2315/2315 
f 2319/2319/2319 2320/2320/2320 2321/2321/2321 
f 2320/2320/2320 2319/2319/2319 2322/2322/2322 
f 2323/2323/2323 2324/2324/2324 2325/2325/2325 
f 2325/2325/2325 2324/2324/2324 2326/2326/2326 
f 2327/2327/2327 2328/2328/2328 2329/2329/2329 
f 2327/2327/2327 2329/2329/2329 2330/2330/2330 
f 2331/2331/2331 2332/2332/2332 2333/2333/2333 
f 2332/2332/2332 2331/2331/2331 2334/2334/2334 
f 2335/2335/2335 2336/2336/2336 2337/2337/2337 
f 2336/2336/2336 2335/2335/2335 2338/2338/2338 
f 2339/2339/2339 2340/2340/2340 2341/2341/2341 
f 2339/2339/2339 2342/2342/2342 2340/2340/2340 
f 2343/2343/2343 2344/2344/2344 2345/2345/2345 
f 2344/2344/2344 2343/2343/2343 2346/2346/2346 
f 2347/2347/2347 2348/2348/2348 2349/2349/2349 
f 2350/2350/2350 2348/2348/2348 2347/2347/2347 
f 2351/2351/2351 2352/2352/2352 2353/2353/2353 
f 2354/2354/2354 2355/2355/2355 2356/2356/2356 
f 2357/2357/2357 2358/2358/2358 2359/2359/2359 
f 2358/2358/2358 2357/2357/2357 2360/2360/2360 
f 2361/2361/2361 2362/2362/2362 2363/2363/2363 
f 2362/2362/2362 2361/2361/2361 2364/2364/2364 
f 2365/2365/2365 2366/2366/2366 2367/2367/2367 
f 2368/2368/2368 2369/2369/2369 2370/2370/2370 
f 2371/2371/2371 2372/2372/2372 2373/2373/2373 
f 2374/2374/2374 2375/2375/2375 2376/2376/2376 
f 2377/2377/2377 2378/2378/2378 2379/2379/2379 
f 2380/2380/2380 2381/2381/2381 2382/2382/2382 
f 2383/2383/2383 2384/2384/2384 2385/2385/2385 
f 2386/2386/2386 2383/2383/2383 2387/2387/2387 
f 2388/2388/2388 2389/2389/2389 2390/2390/2390 
f 2391/2391/2391 2392/2392/2392 2388/2388/2388 
f 2393/2393/2393 2394/2394/2394 2395/2395/2395 
f 2396/2396/2396 2397/2397/2397 2398/2398/2398 
f 2399/2399/2399 2400/2400/2400 2401/2401/2401 
f 2402/2402/2402 2403/2403/2403 2404/2404/2404 
f 2405/2405/2405 2406/2406/2406 2407/2407/2407 
f 2406/2406/2406 2405/2405/2405 2408/2408/2408 
f 2409/2409/2409 2410/2410/2410 2411/2411/2411 
f 2410/2410/2410 2409/2409/2409 2412/2412/2412 
f 2413/2413/2413 2414/2414/2414 2415/2415/2415 
f 2414/2414/2414 2413/2413/2413 2416/2416/2416 
f 2417/2417/2417 2418/2418/2418 2413/2413/2413 
f 2418/2418/2418 2417/2417/2417 2419/2419/2419 
f 2420/2420/2420 2421/2421/2421 2422/2422/2422 
f 2421/2421/2421 2420/2420/2420 2423/2423/2423 
f 2424/2424/2424 2425/2425/2425 2421/2421/2421 
f 2425/2425/2425 2424/2424/2424 2426/2426/2426 
f 2427/2427/2427 2428/2428/2428 2429/2429/2429 
f 2428/2428/2428 2427/2427/2427 2430/2430/2430 
f 2431/2431/2431 2432/2432/2432 2433/2433/2433 
f 2432/2432/2432 2431/2431/2431 2434/2434/2434 
f 2435/2435/2435 2436/2436/2436 2437/2437/2437 
f 2436/2436/2436 2435/2435/2435 2438/2438/2438 
f 2439/2439/2439 2440/2440/2440 2441/2441/2441 
f 2440/2440/2440 2439/2439/2439 2442/2442/2442 
f 2443/2443/2443 2444/2444/2444 2445/2445/2445 
f 2443/2443/2443 2445/2445/2445 2446/2446/2446 
f 2447/2447/2447 2448/2448/2448 2449/2449/2449 
f 2448/2448/2448 2447/2447/2447 2450/2450/2450 
f 2451/2451/2451 2452/2452/2452 2453/2453/2453 
f 2451/2451/2451 2453/2453/2453 2454/2454/2454 
f 2451/2451/2451 2455/2455/2455 2456/2456/2456 
f 2455/2455/2455 2451/2451/2451 2457/2457/2457 
f 2458/2458/2458 2459/2459/2459 2460/2460/2460 
f 2461/2461/2461 2459/2459/2459 2458/2458/2458 
f 2459/2459/2459 2462/2462/2462 2463/2463/2463 
f 2462/2462/2462 2459/2459/2459 2464/2464/2464 
f 2465/2465/2465 2466/2466/2466 2467/2467/2467 
f 2466/2466/2466 2465/2465/2465 2468/2468/2468 
f 2469/2469/2469 2470/2470/2470 2471/2471/2471 
f 2470/2470/2470 2469/2469/2469 2472/2472/2472 
f 2473/2473/2473 2474/2474/2474 2475/2475/2475 
f 2473/2473/2473 2475/2475/2475 2476/2476/2476 
f 2477/2477/2477 2478/2478/2478 2479/2479/2479 
f 2479/2479/2479 2478/2478/2478 2480/2480/2480 
f 2481/2481/2481 2482/2482/2482 2483/2483/2483 
f 2482/2482/2482 2481/2481/2481 2484/2484/2484 
f 2485/2485/2485 2486/2486/2486 2487/2487/2487 
f 2486/2486/2486 2485/2485/2485 2488/2488/2488 
f 2489/2489/2489 2490/2490/2490 2491/2491/2491 
f 2491/2491/2491 2492/2492/2492 2489/2489/2489 
f 2493/2493/2493 2494/2494/2494 2495/2495/2495 
f 2494/2494/2494 2493/2493/2493 2496/2496/2496 
f 2497/2497/2497 2498/2498/2498 2499/2499/2499 
f 2500/2500/2500 2501/2501/2501 2502/2502/2502 
f 2503/2503/2503 2504/2504/2504 2505/2505/2505 
f 2506/2506/2506 2507/2507/2507 2508/2508/2508 
f 2509/2509/2509 2510/2510/2510 2511/2511/2511 
f 2509/2509/2509 2511/2511/2511 2512/2512/2512 
f 2513/2513/2513 2514/2514/2514 2515/2515/2515 
f 2516/2516/2516 2514/2514/2514 2513/2513/2513 
f 2517/2517/2517 2518/2518/2518 2519/2519/2519 
f 2518/2518/2518 2517/2517/2517 2520/2520/2520 
f 2521/2521/2521 2522/2522/2522 2523/2523/2523 
f 2522/2522/2522 2521/2521/2521 2524/2524/2524 
f 2525/2525/2525 2526/2526/2526 2527/2527/2527 
f 2528/2528/2528 2529/2529/2529 2530/2530/2530 
f 2531/2531/2531 2532/2532/2532 2533/2533/2533 
f 2534/2534/2534 2535/2535/2535 2536/2536/2536 
f 2537/2537/2537 2538/2538/2538 2539/2539/2539 
f 2540/2540/2540 2541/2541/2541 2542/2542/2542 
f 2543/2543/2543 2544/2544/2544 2545/2545/2545 
f 2546/2546/2546 2547/2547/2547 2548/2548/2548 
f 2549/2549/2549 2550/2550/2550 2551/2551/2551 
f 2550/2550/2550 2549/2549/2549 2552/2552/2552 
f 2553/2553/2553 2554/2554/2554 2555/2555/2555 
f 2554/2554/2554 2553/2553/2553 2556/2556/2556 
f 2557/2557/2557 2558/2558/2558 2559/2559/2559 
f 2560/2560/2560 2561/2561/2561 2562/2562/2562 
f 2563/2563/2563 2564/2564/2564 2565/2565/2565 
f 2566/2566/2566 2564/2564/2564 2563/2563/2563 
f 2566/2566/2566 2567/2567/2567 2568/2568/2568 
f 2569/2569/2569 2570/2570/2570 2571/2571/2571 
f 2569/2569/2569 2571/2571/2571 2572/2572/2572 
f 2573/2573/2573 2574/2574/2574 2575/2575/2575 
f 2574/2574/2574 2573/2573/2573 2576/2576/2576 
f 2577/2577/2577 2578/2578/2578 2579/2579/2579 
f 2580/2580/2580 2577/2577/2577 2581/2581/2581 
f 2582/2582/2582 2583/2583/2583 2584/2584/2584 
f 2585/2585/2585 2586/2586/2586 2582/2582/2582 
f 2587/2587/2587 2588/2588/2588 2589/2589/2589 
f 2588/2588/2588 2587/2587/2587 2590/2590/2590 
f 2591/2591/2591 2592/2592/2592 2593/2593/2593 
f 2594/2594/2594 2595/2595/2595 2596/2596/2596 
f 2595/2595/2595 2594/2594/2594 2597/2597/2597 
f 2598/2598/2598 2599/2599/2599 2600/2600/2600 
f 2601/2601/2601 2602/2602/2602 2603/2603/2603 
f 2604/2604/2604 2605/2605/2605 2606/2606/2606 
f 2607/2607/2607 2608/2608/2608 2609/2609/2609 
f 2610/2610/2610 2611/2611/2611 2612/2612/2612 
f 2613/2613/2613 2614/2614/2614 2615/2615/2615 
f 2614/2614/2614 2613/2613/2613 2616/2616/2616 
f 2617/2617/2617 2618/2618/2618 2619/2619/2619 
f 2618/2618/2618 2617/2617/2617 2620/2620/2620 
f 2621/2621/2621 2622/2622/2622 2623/2623/2623 
f 2624/2624/2624 2625/2625/2625 2626/2626/2626 
f 2627/2627/2627 2628/2628/2628 2629/2629/2629 
f 2630/2630/2630 2631/2631/2631 2632/2632/2632 
f 2633/2633/2633 2634/2634/2634 2635/2635/2635 
f 2635/2635/2635 2634/2634/2634 2636/2636/2636 
f 2637/2637/2637 2634/2634/2634 2638/2638/2638 
f 2634/2634/2634 2637/2637/2637 2639/2639/2639 
f 2639/2639/2639 2640/2640/2640 2641/2641/2641 
f 2640/2640/2640 2639/2639/2639 2642/2642/2642 
f 2643/2643/2643 2644/2644/2644 2645/2645/2645 
f 2645/2645/2645 2646/2646/2646 2643/2643/2643 
f 2647/2647/2647 2648/2648/2648 2649/2649/2649 
f 2647/2647/2647 2649/2649/2649 2650/2650/2650 
f 2649/2649/2649 2651/2651/2651 2652/2652/2652 
f 2651/2651/2651 2649/2649/2649 2653/2653/2653 
f 2653/2653/2653 2654/2654/2654 2655/2655/2655 
f 2654/2654/2654 2653/2653/2653 2656/2656/2656 
f 2657/2657/2657 2658/2658/2658 2659/2659/2659 
f 2660/2660/2660 2658/2658/2658 2657/2657/2657 
f 2661/2661/2661 2662/2662/2662 2663/2663/2663 
f 2664/2664/2664 2665/2665/2665 2666/2666/2666 
f 2667/2667/2667 2668/2668/2668 2669/2669/2669 
f 2670/2670/2670 2671/2671/2671 2672/2672/2672 
f 2673/2673/2673 2674/2674/2674 2675/2675/2675 
f 2674/2674/2674 2673/2673/2673 2676/2676/2676 
f 2677/2677/2677 2678/2678/2678 2679/2679/2679 
f 2678/2678/2678 2677/2677/2677 2680/2680/2680 
f 2681/2681/2681 2682/2682/2682 2683/2683/2683 
f 2682/2682/2682 2681/2681/2681 2684/2684/2684 
f 2685/2685/2685 2686/2686/2686 2687/2687/2687 
f 2686/2686/2686 2685/2685/2685 2688/2688/2688 
f 2689/2689/2689 2690/2690/2690 2691/2691/2691 
f 2691/2691/2691 2692/2692/2692 2689/2689/2689 
f 2693/2693/2693 2694/2694/2694 2695/2695/2695 
f 2696/2696/2696 2697/2697/2697 2698/2698/2698 
f 2697/2697/2697 2696/2696/2696 2699/2699/2699 
f 2700/2700/2700 2701/2701/2701 2702/2702/2702 
f 2703/2703/2703 2704/2704/2704 2705/2705/2705 
f 2706/2706/2706 2705/2705/2705 2704/2704/2704 
f 2704/2704/2704 2703/2703/2703 2707/2707/2707 
f 2704/2704/2704 2708/2708/2708 2706/2706/2706 
f 2709/2709/2709 2706/2706/2706 2708/2708/2708 
f 2706/2706/2706 2709/2709/2709 2710/2710/2710 
f 2711/2711/2711 2707/2707/2707 2703/2703/2703 
f 2707/2707/2707 2711/2711/2711 2712/2712/2712 
f 2713/2713/2713 2712/2712/2712 2711/2711/2711 
f 2712/2712/2712 2713/2713/2713 2714/2714/2714 
f 2715/2715/2715 2714/2714/2714 2713/2713/2713 
f 2714/2714/2714 2715/2715/2715 2716/2716/2716 
f 2717/2717/2717 2716/2716/2716 2715/2715/2715 
f 2716/2716/2716 2717/2717/2717 2718/2718/2718 
f 2719/2719/2719 2720/2720/2720 2721/2721/2721 
f 2721/2721/2721 2722/2722/2722 2719/2719/2719 
f 2723/2723/2723 2724/2724/2724 2725/2725/2725 
f 2724/2724/2724 2723/2723/2723 2726/2726/2726 
f 2725/2725/2725 2727/2727/2727 2723/2723/2723 
f 2728/2728/2728 2724/2724/2724 2726/2726/2726 
f 2727/2727/2727 2725/2725/2725 2729/2729/2729 
f 2724/2724/2724 2728/2728/2728 2730/2730/2730 
f 2728/2728/2728 2731/2731/2731 2730/2730/2730 
f 2731/2731/2731 2728/2728/2728 2732/2732/2732 
f 2729/2729/2729 2733/2733/2733 2727/2727/2727 
f 2733/2733/2733 2729/2729/2729 2734/2734/2734 
f 2734/2734/2734 2735/2735/2735 2733/2733/2733 
f 2735/2735/2735 2734/2734/2734 2736/2736/2736 
f 2736/2736/2736 2737/2737/2737 2735/2735/2735 
f 2737/2737/2737 2736/2736/2736 2738/2738/2738 
f 2739/2739/2739 2740/2740/2740 2741/2741/2741 
f 2742/2742/2742 2741/2741/2741 2740/2740/2740 
f 2743/2743/2743 2744/2744/2744 2745/2745/2745 
f 2746/2746/2746 2747/2747/2747 2748/2748/2748 
f 2749/2749/2749 2750/2750/2750 2751/2751/2751 
f 2752/2752/2752 2753/2753/2753 2754/2754/2754 
f 2755/2755/2755 2756/2756/2756 2757/2757/2757 
f 2758/2758/2758 2759/2759/2759 2760/2760/2760 
f 2761/2761/2761 2762/2762/2762 2763/2763/2763 
f 2762/2762/2762 2761/2761/2761 2764/2764/2764 
f 2765/2765/2765 2766/2766/2766 2767/2767/2767 
f 2767/2767/2767 2768/2768/2768 2765/2765/2765 
f 2769/2769/2769 2770/2770/2770 2771/2771/2771 
f 2769/2769/2769 2771/2771/2771 2772/2772/2772 
f 2773/2773/2773 2774/2774/2774 2775/2775/2775 
f 2776/2776/2776 2775/2775/2775 2774/2774/2774 
f 2777/2777/2777 2778/2778/2778 2779/2779/2779 
f 2778/2778/2778 2777/2777/2777 2780/2780/2780 
f 2780/2780/2780 2781/2781/2781 2782/2782/2782 
f 2781/2781/2781 2780/2780/2780 2783/2783/2783 
f 2784/2784/2784 2785/2785/2785 2786/2786/2786 
f 2785/2785/2785 2784/2784/2784 2787/2787/2787 
f 2787/2787/2787 2788/2788/2788 2789/2789/2789 
f 2788/2788/2788 2787/2787/2787 2790/2790/2790 
f 2791/2791/2791 2792/2792/2792 2793/2793/2793 
f 2794/2794/2794 2795/2795/2795 2796/2796/2796 
f 2795/2795/2795 2794/2794/2794 2797/2797/2797 
f 2798/2798/2798 2799/2799/2799 2800/2800/2800 
f 2799/2799/2799 2798/2798/2798 2801/2801/2801 
f 2802/2802/2802 2803/2803/2803 2804/2804/2804 
f 2805/2805/2805 2806/2806/2806 2807/2807/2807 
f 2808/2808/2808 2809/2809/2809 2810/2810/2810 
f 2811/2811/2811 2812/2812/2812 2813/2813/2813 
f 2814/2814/2814 2815/2815/2815 2816/2816/2816 
f 2815/2815/2815 2817/2817/2817 2816/2816/2816 
f 2818/2818/2818 2819/2819/2819 2820/2820/2820 
f 2820/2820/2820 2821/2821/2821 2818/2818/2818 
f 2822/2822/2822 2823/2823/2823 2824/2824/2824 
f 2825/2825/2825 2826/2826/2826 2827/2827/2827 
f 2828/2828/2828 2829/2829/2829 2830/2830/2830 
f 2831/2831/2831 2832/2832/2832 2833/2833/2833 
f 2834/2834/2834 2835/2835/2835 2836/2836/2836 
f 2837/2837/2837 2838/2838/2838 2839/2839/2839 
f 2840/2840/2840 2841/2841/2841 2842/2842/2842 
f 2843/2843/2843 2844/2844/2844 2845/2845/2845 
f 2846/2846/2846 2847/2847/2847 2848/2848/2848 
f 2849/2849/2849 2850/2850/2850 2851/2851/2851 
f 2852/2852/2852 2853/2853/2853 2854/2854/2854 
f 2855/2855/2855 2856/2856/2856 2857/2857/2857 
f 2858/2858/2858 2859/2859/2859 2860/2860/2860 
f 2861/2861/2861 2860/2860/2860 2859/2859/2859 
f 2862/2862/2862 2863/2863/2863 2864/2864/2864 
f 2864/2864/2864 2865/2865/2865 2862/2862/2862 
f 2866/2866/2866 2867/2867/2867 2868/2868/2868 
f 2869/2869/2869 2870/2870/2870 2871/2871/2871 
f 2872/2872/2872 2873/2873/2873 2874/2874/2874 
f 2875/2875/2875 2876/2876/2876 2877/2877/2877 
f 2878/2878/2878 2879/2879/2879 2880/2880/2880 
f 2878/2878/2878 2880/2880/2880 2881/2881/2881 
f 2882/2882/2882 2883/2883/2883 2884/2884/2884 
f 2885/2885/2885 2884/2884/2884 2883/2883/2883 
f 2886/2886/2886 2887/2887/2887 2888/2888/2888 
f 2889/2889/2889 2890/2890/2890 2891/2891/2891 
f 2892/2892/2892 2893/2893/2893 2894/2894/2894 
f 2894/2894/2894 2893/2893/2893 2895/2895/2895 
f 2896/2896/2896 2897/2897/2897 2898/2898/2898 
f 2898/2898/2898 2899/2899/2899 2896/2896/2896 
f 2900/2900/2900 2901/2901/2901 2902/2902/2902 
f 2903/2903/2903 2904/2904/2904 2905/2905/2905 
f 2906/2906/2906 2907/2907/2907 2908/2908/2908 
f 2909/2909/2909 2910/2910/2910 2911/2911/2911 
f 2912/2912/2912 2913/2913/2913 2914/2914/2914 
f 2915/2915/2915 2916/2916/2916 2917/2917/2917 
f 2918/2918/2918 2919/2919/2919 2920/2920/2920 
f 2921/2921/2921 2922/2922/2922 2923/2923/2923 
f 2924/2924/2924 2925/2925/2925 2926/2926/2926 
f 2927/2927/2927 2928/2928/2928 2929/2929/2929 
f 2930/2930/2930 2931/2931/2931 2932/2932/2932 
f 2933/2933/2933 2934/2934/2934 2935/2935/2935 
f 2936/2936/2936 2937/2937/2937 2938/2938/2938 
f 2939/2939/2939 2940/2940/2940 2941/2941/2941 
f 2942/2942/2942 2943/2943/2943 2944/2944/2944 
f 2945/2945/2945 2946/2946/2946 2947/2947/2947 
f 2948/2948/2948 2949/2949/2949 2950/2950/2950 
f 2951/2951/2951 2952/2952/2952 2953/2953/2953 
f 2954/2954/2954 2955/2955/2955 2956/2956/2956 
f 2955/2955/2955 2954/2954/2954 2957/2957/2957 
f 2958/2958/2958 2959/2959/2959 2960/2960/2960 
f 2959/2959/2959 2958/2958/2958 2961/2961/2961 
f 2962/2962/2962 2963/2963/2963 2964/2964/2964 
f 2965/2965/2965 2966/2966/2966 2967/2967/2967 
f 2968/2968/2968 2969/2969/2969 2970/2970/2970 
f 2971/2971/2971 2972/2972/2972 2973/2973/2973 
f 2974/2974/2974 2975/2975/2975 2976/2976/2976 
f 2977/2977/2977 2978/2978/2978 2979/2979/2979 
f 2980/2980/2980 2981/2981/2981 2982/2982/2982 
f 2981/2981/2981 2980/2980/2980 2983/2983/2983 
f 2984/2984/2984 2985/2985/2985 2986/2986/2986 
f 2985/2985/2985 2984/2984/2984 2987/2987/2987 
f 2988/2988/2988 2989/2989/2989 2990/2990/2990 
f 2991/2991/2991 2988/2988/2988 2990/2990/2990 
f 2989/2989/2989 2988/2988/2988 2992/2992/2992 
f 2989/2989/2989 2992/2992/2992 2993/2993/2993 
f 2988/2988/2988 2991/2991/2991 2994/2994/2994 
f 2995/2995/2995 2994/2994/2994 2991/2991/2991 
f 2994/2994/2994 2995/2995/2995 2996/2996/2996 
f 2995/2995/2995 2997/2997/2997 2996/2996/2996 
f 2998/2998/2998 2996/2996/2996 2997/2997/2997 
f 2999/2999/2999 3000/3000/3000 3001/3001/3001 
f 3002/3002/3002 3001/3001/3001 3000/3000/3000 
f 3001/3001/3001 3003/3003/3003 2999/2999/2999 
f 3001/3001/3001 3002/3002/3002 3004/3004/3004 
f 3004/3004/3004 2999/2999/2999 3003/3003/3003 
f 3002/3002/3002 2999/2999/2999 3004/3004/3004 
f 3005/3005/3005 3006/3006/3006 3007/3007/3007 
f 3007/3007/3007 3008/3008/3008 3005/3005/3005 
f 3009/3009/3009 3007/3007/3007 3006/3006/3006 
f 3008/3008/3008 3007/3007/3007 3010/3010/3010 
f 3006/3006/3006 3010/3010/3010 3009/3009/3009 
f 3006/3006/3006 3008/3008/3008 3010/3010/3010 
f 3011/3011/3011 3012/3012/3012 3013/3013/3013 
f 3013/3013/3013 3014/3014/3014 3011/3011/3011 
f 3015/3015/3015 3013/3013/3013 3012/3012/3012 
f 3014/3014/3014 3013/3013/3013 3016/3016/3016 
f 3012/3012/3012 3016/3016/3016 3015/3015/3015 
f 3012/3012/3012 3014/3014/3014 3016/3016/3016 
f 3017/3017/3017 3018/3018/3018 3019/3019/3019 
f 3020/3020/3020 3019/3019/3019 3018/3018/3018 
f 3018/3018/3018 3017/3017/3017 3021/3021/3021 
f 3017/3017/3017 3022/3022/3022 3021/3021/3021 
f 3018/3018/3018 3023/3023/3023 3020/3020/3020 
f 3024/3024/3024 3020/3020/3020 3023/3023/3023 
f 3023/3023/3023 3025/3025/3025 3024/3024/3024 
f 3025/3025/3025 3026/3026/3026 3024/3024/3024 
f 3025/3025/3025 3027/3027/3027 3026/3026/3026 
f 3028/3028/3028 3029/3029/3029 3030/3030/3030 
f 3030/3030/3030 3031/3031/3031 3028/3028/3028 
f 3030/3030/3030 3029/3029/3029 3032/3032/3032 
f 3031/3031/3031 3030/3030/3030 3033/3033/3033 
f 3029/3029/3029 3033/3033/3033 3032/3032/3032 
f 3029/3029/3029 3031/3031/3031 3033/3033/3033 
f 3034/3034/3034 3035/3035/3035 3036/3036/3036 
f 3036/3036/3036 3037/3037/3037 3034/3034/3034 
f 3035/3035/3035 3034/3034/3034 3038/3038/3038 
f 3039/3039/3039 3034/3034/3034 3037/3037/3037 
f 3039/3039/3039 3035/3035/3035 3038/3038/3038 
f 3035/3035/3035 3039/3039/3039 3037/3037/3037 
f 3040/3040/3040 3041/3041/3041 3042/3042/3042 
f 3043/3043/3043 3040/3040/3040 3042/3042/3042 
f 3040/3040/3040 3044/3044/3044 3041/3041/3041 
f 3045/3045/3045 3040/3040/3040 3043/3043/3043 
f 3045/3045/3045 3041/3041/3041 3044/3044/3044 
f 3041/3041/3041 3045/3045/3045 3043/3043/3043 
f 3046/3046/3046 3047/3047/3047 3048/3048/3048 
f 3047/3047/3047 3046/3046/3046 3049/3049/3049 
f 3050/3050/3050 3051/3051/3051 3052/3052/3052 
f 3051/3051/3051 3050/3050/3050 3053/3053/3053 
f 3054/3054/3054 3055/3055/3055 3056/3056/3056 
f 3055/3055/3055 3054/3054/3054 3057/3057/3057 
f 3058/3058/3058 3059/3059/3059 3060/3060/3060 
f 3059/3059/3059 3058/3058/3058 3061/3061/3061 
f 3062/3062/3062 3063/3063/3063 3064/3064/3064 
f 3065/3065/3065 3066/3066/3066 3067/3067/3067 
f 3068/3068/3068 3069/3069/3069 3070/3070/3070 
f 3071/3071/3071 3072/3072/3072 3073/3073/3073 
f 3074/3074/3074 3075/3075/3075 3076/3076/3076 
f 3077/3077/3077 3078/3078/3078 3079/3079/3079 
f 3080/3080/3080 3081/3081/3081 3082/3082/3082 
f 3083/3083/3083 3084/3084/3084 3085/3085/3085 
f 3086/3086/3086 3087/3087/3087 3088/3088/3088 
f 3089/3089/3089 3088/3088/3088 3087/3087/3087 
f 3087/3087/3087 3086/3086/3086 3090/3090/3090 
f 3089/3089/3089 3087/3087/3087 3091/3091/3091 
f 3086/3086/3086 3092/3092/3092 3090/3090/3090 
f 3093/3093/3093 3089/3089/3089 3091/3091/3091 
f 3092/3092/3092 3086/3086/3086 3094/3094/3094 
f 3095/3095/3095 3092/3092/3092 3094/3094/3094 
f 3092/3092/3092 3095/3095/3095 3096/3096/3096 
f 3091/3091/3091 3097/3097/3097 3093/3093/3093 
f 3098/3098/3098 3093/3093/3093 3097/3097/3097 
f 3097/3097/3097 3099/3099/3099 3098/3098/3098 
f 3099/3099/3099 3100/3100/3100 3098/3098/3098 
f 3100/3100/3100 3099/3099/3099 3101/3101/3101 
f 3101/3101/3101 3102/3102/3102 3100/3100/3100 
f 3102/3102/3102 3101/3101/3101 3103/3103/3103 
f 3104/3104/3104 3105/3105/3105 3106/3106/3106 
f 3107/3107/3107 3104/3104/3104 3106/3106/3106 
f 3105/3105/3105 3104/3104/3104 3108/3108/3108 
f 3104/3104/3104 3107/3107/3107 3109/3109/3109 
f 3108/3108/3108 3110/3110/3110 3105/3105/3105 
f 3111/3111/3111 3109/3109/3109 3107/3107/3107 
f 3110/3110/3110 3112/3112/3112 3105/3105/3105 
f 3110/3110/3110 3113/3113/3113 3112/3112/3112 
f 3113/3113/3113 3110/3110/3110 3114/3114/3114 
f 3109/3109/3109 3111/3111/3111 3115/3115/3115 
f 3116/3116/3116 3115/3115/3115 3111/3111/3111 
f 3117/3117/3117 3115/3115/3115 3116/3116/3116 
f 3116/3116/3116 3118/3118/3118 3117/3117/3117 
f 3119/3119/3119 3117/3117/3117 3118/3118/3118 
f 3120/3120/3120 3119/3119/3119 3118/3118/3118 
f 3121/3121/3121 3119/3119/3119 3120/3120/3120 
f 3122/3122/3122 3123/3123/3123 3124/3124/3124 
f 3122/3122/3122 3124/3124/3124 3125/3125/3125 
f 3126/3126/3126 3127/3127/3127 3128/3128/3128 
f 3126/3126/3126 3128/3128/3128 3129/3129/3129 
f 3130/3130/3130 3131/3131/3131 3132/3132/3132 
f 3133/3133/3133 3134/3134/3134 3135/3135/3135 
f 3135/3135/3135 3134/3134/3134 3136/3136/3136 
f 3137/3137/3137 3138/3138/3138 3139/3139/3139 
f 3137/3137/3137 3139/3139/3139 3140/3140/3140 
f 3139/3139/3139 3141/3141/3141 3142/3142/3142 
f 3141/3141/3141 3139/3139/3139 3143/3143/3143 
f 3144/3144/3144 3143/3143/3143 3145/3145/3145 
f 3141/3141/3141 3143/3143/3143 3146/3146/3146 
f 3147/3147/3147 3148/3148/3148 3141/3141/3141 
f 3141/3141/3141 3146/3146/3146 3149/3149/3149 
f 3150/3150/3150 3149/3149/3149 3146/3146/3146 
f 3150/3150/3150 3151/3151/3151 3149/3149/3149 
f 3152/3152/3152 3151/3151/3151 3150/3150/3150 
f 3152/3152/3152 3153/3153/3153 3151/3151/3151 
f 3154/3154/3154 3153/3153/3153 3152/3152/3152 
f 3154/3154/3154 3155/3155/3155 3153/3153/3153 
f 3154/3154/3154 3156/3156/3156 3155/3155/3155 
f 3156/3156/3156 3154/3154/3154 3157/3157/3157 
f 3156/3156/3156 3157/3157/3157 3158/3158/3158 
f 3156/3156/3156 3158/3158/3158 3159/3159/3159 
f 3160/3160/3160 3161/3161/3161 3162/3162/3162 
f 3160/3160/3160 3162/3162/3162 3163/3163/3163 
f 3164/3164/3164 3165/3165/3165 3166/3166/3166 
f 3165/3165/3165 3164/3164/3164 3167/3167/3167 
f 3168/3168/3168 3169/3169/3169 3170/3170/3170 
f 3171/3171/3171 3172/3172/3172 3173/3173/3173 
f 3174/3174/3174 3175/3175/3175 3176/3176/3176 
f 3177/3177/3177 3178/3178/3178 3179/3179/3179 
f 3180/3180/3180 3181/3181/3181 3182/3182/3182 
f 3183/3183/3183 3184/3184/3184 3185/3185/3185 
f 3186/3186/3186 3187/3187/3187 3188/3188/3188 
f 3189/3189/3189 3190/3190/3190 3191/3191/3191 
f 3192/3192/3192 3193/3193/3193 3194/3194/3194 
f 3194/3194/3194 3195/3195/3195 3192/3192/3192 
f 3193/3193/3193 3192/3192/3192 3196/3196/3196 
f 3197/3197/3197 3193/3193/3193 3196/3196/3196 
f 3196/3196/3196 3198/3198/3198 3197/3197/3197 
f 3198/3198/3198 3196/3196/3196 3199/3199/3199 
f 3198/3198/3198 3199/3199/3199 3200/3200/3200 
f 3201/3201/3201 3202/3202/3202 3200/3200/3200 
f 3201/3201/3201 3203/3203/3203 3202/3202/3202 
f 3202/3202/3202 3203/3203/3203 3204/3204/3204 
f 3203/3203/3203 3205/3205/3205 3204/3204/3204 
f 3205/3205/3205 3203/3203/3203 3206/3206/3206 
f 3206/3206/3206 3207/3207/3207 3205/3205/3205 
f 3207/3207/3207 3206/3206/3206 3208/3208/3208 
f 3209/3209/3209 3210/3210/3210 3211/3211/3211 
f 3210/3210/3210 3209/3209/3209 3212/3212/3212 
f 3211/3211/3211 3213/3213/3213 3209/3209/3209 
f 3213/3213/3213 3211/3211/3211 3214/3214/3214 
f 3215/3215/3215 3213/3213/3213 3214/3214/3214 
f 3213/3213/3213 3215/3215/3215 3216/3216/3216 
f 3215/3215/3215 3217/3217/3217 3216/3216/3216 
f 3218/3218/3218 3217/3217/3217 3219/3219/3219 
f 3219/3219/3219 3220/3220/3220 3218/3218/3218 
f 3220/3220/3220 3219/3219/3219 3221/3221/3221 
f 3222/3222/3222 3220/3220/3220 3221/3221/3221 
f 3220/3220/3220 3222/3222/3222 3223/3223/3223 
f 3224/3224/3224 3223/3223/3223 3222/3222/3222 
f 3223/3223/3223 3224/3224/3224 3225/3225/3225 
f 3226/3226/3226 3227/3227/3227 3228/3228/3228 
f 3227/3227/3227 3226/3226/3226 3229/3229/3229 
f 3227/3227/3227 3229/3229/3229 3230/3230/3230 
f 3227/3227/3227 3230/3230/3230 3231/3231/3231 
f 3231/3231/3231 3230/3230/3230 3232/3232/3232 
f 3231/3231/3231 3232/3232/3232 3233/3233/3233 
f 3233/3233/3233 3232/3232/3232 3234/3234/3234 
f 3233/3233/3233 3234/3234/3234 3235/3235/3235 
f 3234/3234/3234 3236/3236/3236 3235/3235/3235 
f 3236/3236/3236 3234/3234/3234 3237/3237/3237 
f 3238/3238/3238 3236/3236/3236 3239/3239/3239 
f 3237/3237/3237 3240/3240/3240 3236/3236/3236 
f 3240/3240/3240 3237/3237/3237 3241/3241/3241 
f 3242/3242/3242 3243/3243/3243 3240/3240/3240 
f 3243/3243/3243 3242/3242/3242 3244/3244/3244 
f 3245/3245/3245 3246/3246/3246 3247/3247/3247 
f 3246/3246/3246 3245/3245/3245 3248/3248/3248 
f 3248/3248/3248 3245/3245/3245 3249/3249/3249 
f 3249/3249/3249 3245/3245/3245 3250/3250/3250 
f 3249/3249/3249 3250/3250/3250 3251/3251/3251 
f 3251/3251/3251 3250/3250/3250 3252/3252/3252 
f 3252/3252/3252 3253/3253/3253 3251/3251/3251 
f 3253/3253/3253 3252/3252/3252 3254/3254/3254 
f 3255/3255/3255 3253/3253/3253 3254/3254/3254 
f 3253/3253/3253 3255/3255/3255 3256/3256/3256 
f 3257/3257/3257 3258/3258/3258 3255/3255/3255 
f 3259/3259/3259 3256/3256/3256 3255/3255/3255 
f 3256/3256/3256 3259/3259/3259 3260/3260/3260 
f 3261/3261/3261 3262/3262/3262 3259/3259/3259 
f 3262/3262/3262 3261/3261/3261 3263/3263/3263 
f 3264/3264/3264 3265/3265/3265 3266/3266/3266 
f 3267/3267/3267 3268/3268/3268 3269/3269/3269 
f 3270/3270/3270 3271/3271/3271 3272/3272/3272 
f 3272/3272/3272 3273/3273/3273 3270/3270/3270 
f 3271/3271/3271 3270/3270/3270 3274/3274/3274 
f 3275/3275/3275 3271/3271/3271 3274/3274/3274 
f 3274/3274/3274 3276/3276/3276 3275/3275/3275 
f 3276/3276/3276 3274/3274/3274 3277/3277/3277 
f 3276/3276/3276 3277/3277/3277 3278/3278/3278 
f 3279/3279/3279 3280/3280/3280 3281/3281/3281 
f 3280/3280/3280 3279/3279/3279 3282/3282/3282 
f 3281/3281/3281 3283/3283/3283 3279/3279/3279 
f 3283/3283/3283 3281/3281/3281 3284/3284/3284 
f 3285/3285/3285 3283/3283/3283 3284/3284/3284 
f 3283/3283/3283 3285/3285/3285 3286/3286/3286 
f 3285/3285/3285 3287/3287/3287 3286/3286/3286 
f 3288/3288/3288 3289/3289/3289 3290/3290/3290 
f 3291/3291/3291 3292/3292/3292 3293/3293/3293 
f 3294/3294/3294 3295/3295/3295 3296/3296/3296 
f 3295/3295/3295 3294/3294/3294 3297/3297/3297 
f 3295/3295/3295 3297/3297/3297 3298/3298/3298 
f 3298/3298/3298 3297/3297/3297 3299/3299/3299 
f 3294/3294/3294 3296/3296/3296 3300/3300/3300 
f 3296/3296/3296 3301/3301/3301 3300/3300/3300 
f 3301/3301/3301 3296/3296/3296 3302/3302/3302 
f 3302/3302/3302 3228/3228/3228 3301/3301/3301 
f 3228/3228/3228 3302/3302/3302 3226/3226/3226 
f 3303/3303/3303 3304/3304/3304 3305/3305/3305 
f 3305/3305/3305 3304/3304/3304 3306/3306/3306 
f 3304/3304/3304 3303/3303/3303 3307/3307/3307 
f 3307/3307/3307 3303/3303/3303 3308/3308/3308 
f 3308/3308/3308 3309/3309/3309 3307/3307/3307 
f 3310/3310/3310 3305/3305/3305 3306/3306/3306 
f 3305/3305/3305 3310/3310/3310 3311/3311/3311 
f 3247/3247/3247 3311/3311/3311 3310/3310/3310 
f 3311/3311/3311 3247/3247/3247 3246/3246/3246 
f 3312/3312/3312 3313/3313/3313 3314/3314/3314 
f 3312/3312/3312 3314/3314/3314 3315/3315/3315 
f 3316/3316/3316 3317/3317/3317 3318/3318/3318 
f 3318/3318/3318 3317/3317/3317 3319/3319/3319 
f 3320/3320/3320 3321/3321/3321 3322/3322/3322 
f 3323/3323/3323 3324/3324/3324 3325/3325/3325 
f 3326/3326/3326 3327/3327/3327 3328/3328/3328 
f 3329/3329/3329 3330/3330/3330 3331/3331/3331 
f 3332/3332/3332 3333/3333/3333 3334/3334/3334 
f 3335/3335/3335 3336/3336/3336 3337/3337/3337 
f 3338/3338/3338 3339/3339/3339 3340/3340/3340 
f 3338/3338/3338 3341/3341/3341 3339/3339/3339 
f 3342/3342/3342 3340/3340/3340 3339/3339/3339 
f 3340/3340/3340 3342/3342/3342 3343/3343/3343 
f 3344/3344/3344 3343/3343/3343 3342/3342/3342 
f 3343/3343/3343 3344/3344/3344 3345/3345/3345 
f 3346/3346/3346 3345/3345/3345 3344/3344/3344 
f 3346/3346/3346 3347/3347/3347 3345/3345/3345 
f 3348/3348/3348 3349/3349/3349 3350/3350/3350 
f 3348/3348/3348 3351/3351/3351 3349/3349/3349 
f 3351/3351/3351 3352/3352/3352 3349/3349/3349 
f 3351/3351/3351 3353/3353/3353 3352/3352/3352 
f 3353/3353/3353 3354/3354/3354 3352/3352/3352 
f 3355/3355/3355 3354/3354/3354 3353/3353/3353 
f 3355/3355/3355 3356/3356/3356 3354/3354/3354 
f 3357/3357/3357 3356/3356/3356 3355/3355/3355 
f 3358/3358/3358 3359/3359/3359 3360/3360/3360 
f 3359/3359/3359 3358/3358/3358 3361/3361/3361 
f 3362/3362/3362 3363/3363/3363 3360/3360/3360 
f 3363/3363/3363 3362/3362/3362 3364/3364/3364 
f 3365/3365/3365 3366/3366/3366 3367/3367/3367 
f 3365/3365/3365 3367/3367/3367 3368/3368/3368 
f 3369/3369/3369 3370/3370/3370 3366/3366/3366 
f 3370/3370/3370 3369/3369/3369 3371/3371/3371 
f 3372/3372/3372 3373/3373/3373 3374/3374/3374 
f 3373/3373/3373 3372/3372/3372 3375/3375/3375 
f 3376/3376/3376 3377/3377/3377 3378/3378/3378 
f 3377/3377/3377 3376/3376/3376 3379/3379/3379 
f 3380/3380/3380 3381/3381/3381 3382/3382/3382 
f 3381/3381/3381 3380/3380/3380 3383/3383/3383 
f 3382/3382/3382 3384/3384/3384 3380/3380/3380 
f 3384/3384/3384 3382/3382/3382 3385/3385/3385 
f 3386/3386/3386 3384/3384/3384 3385/3385/3385 
f 3384/3384/3384 3386/3386/3386 3387/3387/3387 
f 3388/3388/3388 3389/3389/3389 3386/3386/3386 
f 3390/3390/3390 3387/3387/3387 3386/3386/3386 
f 3390/3390/3390 3391/3391/3391 3387/3387/3387 
f 3392/3392/3392 3387/3387/3387 3393/3393/3393 
f 3394/3394/3394 3395/3395/3395 3381/3381/3381 
f 3395/3395/3395 3394/3394/3394 3396/3396/3396 
f 3397/3397/3397 3398/3398/3398 3399/3399/3399 
f 3398/3398/3398 3397/3397/3397 3400/3400/3400 
f 3401/3401/3401 3400/3400/3400 3397/3397/3397 
f 3400/3400/3400 3401/3401/3401 3402/3402/3402 
f 3401/3401/3401 3403/3403/3403 3402/3402/3402 
f 3401/3401/3401 3404/3404/3404 3403/3403/3403 
f 3405/3405/3405 3403/3403/3403 3406/3406/3406 
f 3404/3404/3404 3407/3407/3407 3403/3403/3403 
f 3408/3408/3408 3407/3407/3407 3404/3404/3404 
f 3409/3409/3409 3410/3410/3410 3404/3404/3404 
f 3411/3411/3411 3412/3412/3412 3398/3398/3398 
f 3412/3412/3412 3411/3411/3411 3413/3413/3413 
f 3414/3414/3414 3415/3415/3415 3416/3416/3416 
f 3417/3417/3417 3418/3418/3418 3419/3419/3419 
f 3420/3420/3420 3421/3421/3421 3422/3422/3422 
f 3421/3421/3421 3420/3420/3420 3423/3423/3423 
f 3424/3424/3424 3425/3425/3425 3426/3426/3426 
f 3425/3425/3425 3424/3424/3424 3427/3427/3427 
f 3428/3428/3428 3429/3429/3429 3430/3430/3430 
f 3428/3428/3428 3430/3430/3430 3431/3431/3431 
f 3432/3432/3432 3431/3431/3431 3430/3430/3430 
f 3431/3431/3431 3432/3432/3432 3433/3433/3433 
f 3432/3432/3432 3434/3434/3434 3433/3433/3433 
f 3434/3434/3434 3432/3432/3432 3435/3435/3435 
f 3434/3434/3434 3435/3435/3435 3436/3436/3436 
f 3437/3437/3437 3434/3434/3434 3438/3438/3438 
f 3439/3439/3439 3434/3434/3434 3437/3437/3437 
f 3434/3434/3434 3439/3439/3439 3440/3440/3440 
f 3439/3439/3439 3441/3441/3441 3440/3440/3440 
f 3441/3441/3441 3439/3439/3439 3442/3442/3442 
f 3442/3442/3442 3443/3443/3443 3441/3441/3441 
f 3443/3443/3443 3442/3442/3442 3444/3444/3444 
f 3445/3445/3445 3446/3446/3446 3447/3447/3447 
f 3445/3445/3445 3447/3447/3447 3448/3448/3448 
f 3449/3449/3449 3445/3445/3445 3448/3448/3448 
f 3449/3449/3449 3448/3448/3448 3450/3450/3450 
f 3451/3451/3451 3449/3449/3449 3450/3450/3450 
f 3449/3449/3449 3451/3451/3451 3452/3452/3452 
f 3451/3451/3451 3453/3453/3453 3452/3452/3452 
f 3454/3454/3454 3455/3455/3455 3451/3451/3451 
f 3451/3451/3451 3456/3456/3456 3454/3454/3454 
f 3451/3451/3451 3457/3457/3457 3456/3456/3456 
f 3458/3458/3458 3456/3456/3456 3457/3457/3457 
f 3456/3456/3456 3458/3458/3458 3459/3459/3459 
f 3460/3460/3460 3459/3459/3459 3458/3458/3458 
f 3459/3459/3459 3460/3460/3460 3461/3461/3461 
f 3462/3462/3462 3463/3463/3463 3464/3464/3464 
f 3465/3465/3465 3466/3466/3466 3464/3464/3464 
f 3467/3467/3467 3468/3468/3468 3469/3469/3469 
f 3470/3470/3470 3468/3468/3468 3471/3471/3471 
f 3472/3472/3472 3473/3473/3473 3474/3474/3474 
f 3473/3473/3473 3472/3472/3472 3475/3475/3475 
f 3476/3476/3476 3477/3477/3477 3478/3478/3478 
f 3477/3477/3477 3476/3476/3476 3479/3479/3479 
f 3480/3480/3480 3481/3481/3481 3482/3482/3482 
f 3483/3483/3483 3484/3484/3484 3485/3485/3485 
f 3486/3486/3486 3487/3487/3487 3488/3488/3488 
f 3487/3487/3487 3486/3486/3486 3489/3489/3489 
f 3490/3490/3490 3491/3491/3491 3492/3492/3492 
f 3492/3492/3492 3491/3491/3491 3493/3493/3493 
f 3494/3494/3494 3495/3495/3495 3496/3496/3496 
f 3495/3495/3495 3494/3494/3494 3497/3497/3497 
f 3498/3498/3498 3499/3499/3499 3500/3500/3500 
f 3499/3499/3499 3498/3498/3498 3501/3501/3501 
f 3502/3502/3502 3503/3503/3503 3504/3504/3504 
f 3503/3503/3503 3502/3502/3502 3505/3505/3505 
f 3506/3506/3506 3507/3507/3507 3508/3508/3508 
f 3507/3507/3507 3506/3506/3506 3509/3509/3509 
f 3510/3510/3510 3511/3511/3511 3512/3512/3512 
f 3510/3510/3510 3513/3513/3513 3511/3511/3511 
f 3514/3514/3514 3515/3515/3515 3516/3516/3516 
f 3515/3515/3515 3514/3514/3514 3517/3517/3517 
f 3518/3518/3518 3519/3519/3519 3520/3520/3520 
f 3520/3520/3520 3519/3519/3519 3521/3521/3521 
f 3522/3522/3522 3523/3523/3523 3524/3524/3524 
f 3522/3522/3522 3524/3524/3524 3525/3525/3525 
f 3526/3526/3526 3527/3527/3527 3528/3528/3528 
f 3527/3527/3527 3526/3526/3526 3529/3529/3529 
f 3530/3530/3530 3531/3531/3531 3532/3532/3532 
f 3531/3531/3531 3530/3530/3530 3533/3533/3533 
f 3534/3534/3534 3535/3535/3535 3536/3536/3536 
f 3535/3535/3535 3534/3534/3534 3537/3537/3537 
f 3538/3538/3538 3539/3539/3539 3540/3540/3540 
f 3539/3539/3539 3538/3538/3538 3541/3541/3541 
f 3542/3542/3542 3543/3543/3543 3544/3544/3544 
f 3545/3545/3545 3546/3546/3546 3547/3547/3547 
f 3548/3548/3548 3549/3549/3549 3550/3550/3550 
f 3551/3551/3551 3552/3552/3552 3553/3553/3553 
f 3554/3554/3554 3555/3555/3555 3556/3556/3556 
f 3555/3555/3555 3554/3554/3554 3557/3557/3557 
f 3558/3558/3558 3559/3559/3559 3560/3560/3560 
f 3559/3559/3559 3558/3558/3558 3561/3561/3561 
f 3562/3562/3562 3563/3563/3563 3564/3564/3564 
f 3563/3563/3563 3562/3562/3562 3565/3565/3565 
f 3566/3566/3566 3567/3567/3567 3568/3568/3568 
f 3569/3569/3569 3570/3570/3570 3571/3571/3571 
f 3570/3570/3570 3569/3569/3569 3572/3572/3572 
f 3573/3573/3573 3574/3574/3574 3575/3575/3575 
f 3576/3576/3576 3577/3577/3577 3578/3578/3578 
f 3576/3576/3576 3578/3578/3578 3579/3579/3579 
f 3580/3580/3580 3581/3581/3581 3582/3582/3582 
f 3581/3581/3581 3580/3580/3580 3583/3583/3583 
f 3584/3584/3584 3585/3585/3585 3586/3586/3586 
f 3584/3584/3584 3586/3586/3586 3587/3587/3587 
f 3588/3588/3588 3589/3589/3589 3590/3590/3590 
f 3589/3589/3589 3588/3588/3588 3591/3591/3591 
f 3592/3592/3592 3593/3593/3593 3594/3594/3594 
f 3593/3593/3593 3592/3592/3592 3595/3595/3595 
f 3592/3592/3592 3596/3596/3596 3595/3595/3595 
f 3596/3596/3596 3592/3592/3592 3597/3597/3597 
f 3598/3598/3598 3599/3599/3599 3600/3600/3600 
f 3598/3598/3598 3600/3600/3600 3601/3601/3601 
f 3602/3602/3602 3598/3598/3598 3601/3601/3601 
f 3598/3598/3598 3602/3602/3602 3603/3603/3603 

g Handle3

v -320.776 0.0555795 111.905 
v -321.071 0.0453008 111.813 
v -320.761 0.0753897 111.838 
v -320.504 0.0277133 111.928 
v -320.504 0.0535561 111.875 
v -320.504 0.0386672 111.95 
v -320.78 0.0669066 111.926 
v -321.08 0.056013 111.833 
v -321.051 0.0773097 111.746 
v -321.412 0.00803089 111.675 
v -321.403 0 111.653 
v -321.377 0.0225554 111.59 
v -321.597 0.0862852 111.567 
v -321.573 0.144955 111.521 
v -319.938 0.0453008 111.813 
v -320.232 0.0555795 111.905 
v -320.248 0.0753897 111.838 
v -320.504 0.0277133 111.928 
v -320.504 0.0535561 111.875 
v -320.504 0.0386672 111.95 
v -320.229 0.0669066 111.926 
v -319.929 0.056013 111.833 
v -319.958 0.0773097 111.746 
v -319.597 0.00803089 111.675 
v -319.606 0 111.653 
v -319.632 0.0225554 111.59 
v -319.412 0.0862852 111.567 
v -319.436 0.144955 111.521 
v -320.903 4.05079 109.111 
v -320.909 4.05128 108.855 
v -320.995 4.05413 109.1 
v -320.808 4.04724 108.84 
v -321.086 4.05889 109.302 
v -321.106 4.05666 109.098 
v -321.18 4.08064 109.297 
v -321.021 4.05324 108.846 
v -320.574 4.03741 108.623 
v -320.504 4.04482 108.655 
v -320.504 4.0363 108.65 
v -320.57 4.02251 108.615 
v -320.663 4.00096 108.577 
v -320.859 4.04316 108.631 
v -320.688 4.00931 108.58 
v -320.747 3.98151 108.555 
v -320.766 3.99457 108.548 
v -320.912 3.95217 108.524 
v -321.053 4.0477 108.651 
v -320.952 3.96647 108.518 
v -321.22 3.90779 108.515 
v -320.949 4.00186 108.55 
v -321.229 3.91707 108.507 
v -321.385 3.85541 108.515 
v -321.232 3.95268 108.512 
v -321.255 4.00852 108.55 
v -321.128 4.06439 108.841 
v -321.396 3.86519 108.507 
v -321.276 4.05915 108.676 
v -321.406 3.9351 108.518 
v -321.503 3.80029 108.559 
v -321.436 3.99732 108.555 
v -321.412 4.03542 108.616 
v -321.504 3.92517 108.55 
v -321.514 3.81663 108.55 
v -321.563 3.80221 108.628 
v -321.55 3.78229 108.63 
v -321.561 3.91881 108.625 
v -321.536 3.95756 108.629 
v -321.602 3.78203 108.746 
v -321.592 3.76245 108.742 
v -321.587 3.88325 108.753 
v -321.634 3.72884 108.871 
v -321.557 3.96701 108.808 
v -321.497 4.00283 108.633 
v -321.625 3.83409 108.901 
v -321.644 3.74211 108.881 
v -321.65 3.6614 109.005 
v -321.44 4.06278 108.797 
v -321.66 3.67365 109.009 
v -321.652 3.7934 109.055 
v -321.65 3.61455 109.146 
v -321.638 3.60518 109.142 
v -321.643 3.56341 109.283 
v -321.576 3.94626 108.978 
v -321.523 4.01371 108.839 
v -321.555 3.99239 109.01 
v -321.58 3.94178 109.095 
v -321.516 4.01732 109.054 
v -321.467 4.0538 109.032 
v -321.515 4.01474 109.209 
v -321.638 3.77789 109.183 
v -321.595 3.90329 109.251 
v -321.531 3.99722 109.31 
v -321.432 4.07237 109.215 
v -321.595 3.85929 109.396 
v -321.635 3.73062 109.334 
v -321.635 3.67766 109.452 
v -321.649 3.57473 109.288 
v -321.647 3.52411 109.397 
v -321.636 3.5154 109.394 
v -321.651 3.43671 109.512 
v -321.648 3.48979 109.547 
v -321.552 3.62538 109.625 
v -321.549 3.41092 109.676 
v -321.634 3.36312 109.612 
v -321.66 3.44123 109.52 
v -321.634 3.35231 109.6 
v -319.733 4.05915 108.676 
v -319.668 4.07207 108.804 
v -319.569 4.06278 108.797 
v -319.542 4.0538 109.032 
v -319.881 4.06439 108.841 
v -319.956 4.0477 108.651 
v -319.988 4.05324 108.846 
v -319.902 4.05666 109.098 
v -319.494 4.01474 109.209 
v -319.493 4.01732 109.054 
v -319.429 3.94178 109.095 
v -319.783 4.07643 109.091 
v -319.829 4.08064 109.297 
v -319.923 4.05889 109.302 
v -319.628 4.07893 109.065 
v -319.655 4.07531 109.247 
v -319.955 4.06272 109.48 
v -319.577 4.07237 109.215 
v -319.888 4.05712 109.475 
v -319.917 4.05796 109.593 
v -319.796 4.06991 109.464 
v -319.828 4.06904 109.584 
v -319.835 3.99096 109.678 
v -319.729 4.07625 109.48 
v -319.748 4.06258 109.601 
v -319.755 3.98688 109.686 
v -319.651 3.99772 109.666 
v -319.648 4.06035 109.56 
v -319.537 3.98516 109.625 
v -319.63 4.07285 109.421 
v -319.543 4.03004 109.527 
v -319.53 4.03257 109.401 
v -319.473 3.91943 109.555 
v -319.514 3.69508 109.689 
v -319.457 3.62538 109.625 
v -319.472 3.96063 109.446 
v -319.419 3.82273 109.522 
v -319.374 3.67766 109.452 
v -319.478 3.99722 109.31 
v -319.414 3.85929 109.396 
v -319.414 3.90329 109.251 
v -319.374 3.73062 109.334 
v -319.371 3.77789 109.183 
v -319.357 3.7934 109.055 
v -319.359 3.61455 109.146 
v -319.349 3.67365 109.009 
v -319.36 3.57473 109.288 
v -319.362 3.52411 109.397 
v -319.359 3.6614 109.005 
v -319.366 3.56341 109.283 
v -319.371 3.60518 109.142 
v -321.654 3.63218 108.879 
v -321.65 3.6614 109.005 
v -321.634 3.72884 108.871 
v -321.597 3.66713 108.748 
v -321.64 3.61376 108.873 
v -321.612 3.68666 108.749 
v -321.592 3.76245 108.742 
v -321.555 3.68505 108.634 
v -321.57 3.70447 108.631 
v -321.55 3.78229 108.63 
v -321.512 3.7283 108.549 
v -321.498 3.71 108.559 
v -321.503 3.80029 108.559 
v -321.391 3.76623 108.51 
v -321.383 3.74847 108.523 
v -321.385 3.85541 108.515 
v -321.234 3.80863 108.517 
v -321.24 3.82775 108.503 
v -321.22 3.90779 108.515 
v -320.937 3.88412 108.5 
v -320.934 3.8636 108.512 
v -320.912 3.95217 108.524 
v -320.687 3.9201 108.531 
v -320.692 3.94211 108.524 
v -320.747 3.98151 108.555 
v -320.504 3.97877 108.58 
v -320.663 4.00096 108.577 
v -320.504 4.00506 108.579 
v -320.57 4.02251 108.615 
v -320.504 4.0363 108.65 
v -319.359 3.6614 109.005 
v -319.355 3.63218 108.879 
v -319.375 3.72884 108.871 
v -319.369 3.61376 108.873 
v -319.412 3.66713 108.748 
v -319.397 3.68666 108.749 
v -319.417 3.76245 108.742 
v -319.454 3.68505 108.634 
v -319.439 3.70447 108.631 
v -319.459 3.78229 108.63 
v -319.497 3.7283 108.549 
v -319.511 3.71 108.559 
v -319.506 3.80029 108.559 
v -319.617 3.76623 108.51 
v -319.626 3.74847 108.523 
v -319.624 3.85541 108.515 
v -319.775 3.80863 108.517 
v -319.769 3.82775 108.503 
v -319.789 3.90779 108.515 
v -320.072 3.88412 108.5 
v -320.075 3.8636 108.512 
v -320.097 3.95217 108.524 
v -320.322 3.9201 108.531 
v -320.317 3.94211 108.524 
v -320.262 3.98151 108.555 
v -320.504 3.97877 108.58 
v -320.346 4.00096 108.577 
v -320.504 4.00506 108.579 
v -320.438 4.02251 108.615 
v -320.504 4.0363 108.65 
v -320.532 4.01071 108.556 
v -320.493 3.98183 108.545 
v -320.532 3.98113 108.549 
v -320.554 4.00809 108.57 
v -320.554 3.97851 108.563 
v -320.531 4.02639 108.573 
v -320.531 3.96105 108.556 
v -320.492 4.02709 108.569 
v -320.492 3.96175 108.552 
v -320.469 3.98006 108.555 
v -320.493 4.01141 108.553 
v -320.469 4.00963 108.562 
v -321.341 4.07207 108.804 
v -321.381 4.07893 109.065 
v -321.354 4.07531 109.247 
v -321.226 4.07643 109.091 
v -320.879 4.03172 109.315 
v -320.903 4.05079 109.111 
v -320.892 4.04773 109.322 
v -320.728 4.04826 109.457 
v -320.888 4.03512 109.113 
v -320.722 4.03225 109.443 
v -320.796 4.03284 108.85 
v -320.504 4.05012 109.498 
v -320.808 4.04724 108.84 
v -320.504 4.03154 108.672 
v -320.504 4.04482 108.655 
v -320.504 4.03415 109.483 
v -320.287 4.03225 109.443 
v -320.28 4.04826 109.457 
v -320.13 4.03172 109.315 
v -320.117 4.04773 109.322 
v -320.106 4.05079 109.111 
v -320.121 4.03512 109.113 
v -320.213 4.03284 108.85 
v -320.201 4.04724 108.84 
v -320.504 4.03154 108.672 
v -320.504 4.04482 108.655 
v -320.649 3.68802 108.542 
v -320.614 3.64198 108.533 
v -320.646 3.68751 108.549 
v -320.657 3.78347 108.552 
v -320.622 3.90515 108.565 
v -320.628 3.90876 108.562 
v -320.523 4.01041 108.588 
v -320.521 4.00768 108.584 
v -320.517 4.00121 108.579 
v -320.651 3.78261 108.556 
v -320.612 3.89956 108.572 
v -320.514 3.99437 108.574 
v -320.643 3.68952 108.546 
v -320.604 3.89425 108.58 
v -320.511 3.98988 108.573 
v -320.6 3.89195 108.586 
v -320.642 3.78107 108.567 
v -320.635 3.77955 108.578 
v -320.633 3.77875 108.585 
v -320.622 3.6907 108.573 
v -320.625 3.69125 108.566 
v -320.598 3.65854 108.561 
v -320.634 3.69061 108.556 
v -320.602 3.65797 108.553 
v -320.579 3.67278 108.554 
v -320.608 3.65291 108.542 
v -320.614 3.6468 108.53 
v -320.58 3.67217 108.545 
v -320.579 3.66791 108.53 
v -320.618 3.6413 108.526 
v -320.577 3.66284 108.516 
v -320.573 3.65909 108.517 
v -320.574 3.66343 108.532 
v -320.574 3.65838 108.509 
v -320.543 3.72117 108.517 
v -320.543 3.72216 108.508 
v -320.528 3.80773 108.525 
v -320.528 3.80568 108.534 
v -320.531 3.90114 108.552 
v -320.534 3.80683 108.532 
v -320.549 3.72317 108.515 
v -320.555 3.72336 108.531 
v -320.539 3.8042 108.547 
v -320.559 3.72312 108.547 
v -320.559 3.72209 108.556 
v -320.543 3.80133 108.562 
v -320.542 3.79926 108.571 
v -320.523 3.89261 108.591 
v -320.527 3.89423 108.585 
v -320.505 3.9907 108.585 
v -320.53 3.89703 108.572 
v -320.509 3.9914 108.587 
v -321.624 3.16286 109.636 
v -321.629 3.34251 109.593 
v -321.628 3.34024 109.588 
v -321.638 3.432 109.514 
v -321.623 3.16193 109.63 
v -321.636 3.42843 109.511 
v -321.646 2.94276 109.65 
v -321.619 3.50918 109.393 
v -321.646 2.94244 109.644 
v -321.622 3.51331 109.396 
v -321.718 2.59169 109.672 
v -321.631 3.56313 109.283 
v -321.717 2.59198 109.677 
v -321.628 3.55878 109.282 
v -321.836 2.17728 109.718 
v -321.624 3.6081 109.145 
v -321.835 2.17765 109.723 
v -321.954 1.82158 109.77 
v -321.952 1.8221 109.775 
v -321.622 3.60379 109.143 
v -321.638 3.65912 109.01 
v -321.635 3.65497 109.008 
v -319.38 3.34251 109.593 
v -319.385 3.16286 109.636 
v -319.381 3.34024 109.588 
v -319.371 3.432 109.514 
v -319.386 3.16193 109.63 
v -319.373 3.42843 109.511 
v -319.363 2.94276 109.65 
v -319.39 3.50918 109.393 
v -319.363 2.94244 109.644 
v -319.387 3.51331 109.396 
v -319.291 2.59169 109.672 
v -319.378 3.56313 109.283 
v -319.292 2.59198 109.677 
v -319.381 3.55878 109.282 
v -319.173 2.17728 109.718 
v -319.385 3.6081 109.145 
v -319.174 2.17765 109.723 
v -319.055 1.82158 109.77 
v -319.056 1.8221 109.775 
v -319.387 3.60379 109.143 
v -319.371 3.65912 109.01 
v -319.374 3.65497 109.008 
v -321.684 3.14345 109.6 
v -321.648 2.94675 109.661 
v -321.629 3.16712 109.648 
v -321.703 2.93903 109.63 
v -321.72 2.59846 109.69 
v -321.671 3.26273 109.534 
v -321.634 3.35231 109.6 
v -321.681 3.13715 109.576 
v -321.704 2.93697 109.605 
v -321.663 3.25132 109.515 
v -321.776 2.58786 109.631 
v -321.675 3.34054 109.468 
v -321.651 3.43671 109.512 
v -321.663 3.32481 109.454 
v -321.663 3.41785 109.352 
v -321.651 3.39966 109.341 
v -321.636 3.5154 109.394 
v -321.653 3.4535 109.245 
v -321.666 3.47228 109.254 
v -321.643 3.56341 109.283 
v -321.656 3.52662 109.126 
v -321.643 3.50745 109.118 
v -321.638 3.60518 109.142 
v -321.669 3.56979 108.993 
v -321.655 3.55119 108.985 
v -319.38 3.16712 109.648 
v -319.361 2.94675 109.661 
v -319.325 3.14345 109.6 
v -319.306 2.93903 109.63 
v -319.289 2.59846 109.69 
v -319.338 3.26273 109.534 
v -319.375 3.35231 109.6 
v -319.328 3.13715 109.576 
v -319.305 2.93697 109.605 
v -319.346 3.25132 109.515 
v -319.233 2.58786 109.631 
v -319.334 3.34054 109.468 
v -319.357 3.43671 109.512 
v -319.346 3.32481 109.454 
v -319.346 3.41785 109.352 
v -319.358 3.39966 109.341 
v -319.373 3.5154 109.394 
v -319.356 3.4535 109.245 
v -319.343 3.47228 109.254 
v -319.366 3.56341 109.283 
v -319.353 3.52662 109.126 
v -319.366 3.50745 109.118 
v -319.371 3.60518 109.142 
v -319.34 3.56979 108.993 
v -319.354 3.55119 108.985 
v -320.466 3.86984 108.536 
v -320.512 3.99629 108.587 
v -320.508 3.99907 108.585 
v -320.556 3.994 109.746 
v -320.504 3.7614 109.888 
v -320.504 3.99433 109.745 
v -320.568 3.75333 109.869 
v -320.504 3.54114 109.943 
v -320.723 4.00461 109.739 
v -320.441 3.75333 109.869 
v -320.555 4.06145 109.648 
v -320.453 3.994 109.746 
v -320.504 4.05685 109.642 
v -320.454 4.06145 109.648 
v -320.286 4.00461 109.739 
v -320.504 4.05276 109.602 
v -320.573 4.05773 109.609 
v -320.436 4.05773 109.609 
v -320.769 4.05918 109.626 
v -320.86 4.004 109.728 
v -320.857 3.71761 109.793 
v -320.913 4.00113 109.725 
v -320.922 4.06246 109.622 
v -321.007 4.05904 109.623 
v -320.99 4.05991 109.493 
v -320.795 4.05801 109.571 
v -321.054 4.06272 109.48 
v -320.504 4.05012 109.498 
v -320.728 4.04826 109.457 
v -320.28 4.04826 109.457 
v -320.788 4.05676 109.546 
v -320.892 4.04773 109.322 
v -320.973 4.05483 109.325 
v -320.469 3.27636 108.538 
v -320.438 3.13312 108.512 
v -320.443 3.13276 108.51 
v -320.53 3.89168 108.579 
v -320.543 3.81417 108.583 
v -320.535 3.81402 108.58 
v -320.538 3.74154 108.582 
v -320.537 3.8934 108.577 
v -320.498 3.99209 108.584 
v -320.502 3.99451 108.583 
v -320.543 3.8142 108.577 
v -320.549 3.89648 108.576 
v -320.51 3.99867 108.583 
v -320.518 4.00278 108.583 
v -320.558 3.8145 108.577 
v -320.562 3.89954 108.577 
v -320.522 4.00487 108.585 
v -320.569 3.90116 108.579 
v -320.573 3.81479 108.577 
v -320.582 3.81494 108.58 
v -320.577 3.73806 108.578 
v -320.569 3.73904 108.575 
v -320.567 3.66573 108.568 
v -320.553 3.74053 108.575 
v -320.559 3.66707 108.566 
v -320.555 3.59771 108.551 
v -320.538 3.74194 108.576 
v -320.544 3.66879 108.568 
v -320.547 3.59896 108.551 
v -320.541 3.5373 108.532 
v -320.529 3.74253 108.58 
v -320.529 3.67036 108.57 
v -320.522 3.6708 108.574 
v -320.53 3.66944 108.576 
v -320.514 3.60136 108.565 
v -320.521 3.60133 108.56 
v -320.506 3.53841 108.558 
v -320.534 3.60026 108.555 
v -320.511 3.53883 108.551 
v -320.501 3.4768 108.554 
v -320.522 3.53857 108.542 
v -320.534 3.5381 108.534 
v -320.527 3.47767 108.518 
v -320.504 3.47721 108.546 
v -320.506 3.39692 108.545 
v -320.521 3.47777 108.523 
v -320.529 3.39875 108.519 
v -320.512 3.47754 108.534 
v -320.514 3.39748 108.534 
v -320.543 3.26561 108.544 
v -320.522 3.39814 108.524 
v -320.55 3.26802 108.539 
v -320.555 3.26944 108.538 
v -319.375 3.35231 109.6 
v -319.378 3.17011 109.658 
v -319.38 3.16712 109.648 
v -319.444 3.17711 109.676 
v -319.454 2.95217 109.783 
v -319.406 2.94432 109.695 
v -319.375 3.36312 109.612 
v -319.349 3.44123 109.52 
v -319.357 3.43671 109.512 
v -319.46 3.41092 109.676 
v -319.373 3.5154 109.394 
v -319.361 3.48979 109.547 
v -319.49 3.20026 109.759 
v -319.547 3.43611 109.762 
v -319.614 3.21974 109.8 
v -319.648 3.44851 109.782 
v -319.723 3.21868 109.82 
v -319.609 3.68552 109.747 
v -319.758 3.44293 109.769 
v -319.799 3.21647 109.801 
v -319.683 3.6885 109.755 
v -319.833 3.44687 109.753 
v -319.893 3.46322 109.845 
v -319.787 3.68564 109.749 
v -319.863 3.68504 109.733 
v -319.921 3.69975 109.799 
v -319.928 3.99892 109.698 
v -319.997 3.99765 109.719 
v -320.067 3.71375 109.816 
v -320.096 4.00113 109.725 
v -320.152 3.71761 109.793 
v -320.002 4.05904 109.623 
v -320.149 4.004 109.728 
v -320.087 4.06246 109.622 
v -320.24 4.05918 109.626 
v -320.214 4.05801 109.571 
v -320.019 4.05991 109.493 
v -320.221 4.05676 109.546 
v -320.117 4.04773 109.322 
v -320.036 4.05483 109.325 
v -320.106 4.05079 109.111 
v -320.014 4.05413 109.1 
v -320.1 4.05128 108.855 
v -320.201 4.04724 108.84 
v -320.435 4.03741 108.623 
v -320.504 4.04482 108.655 
v -320.504 4.0363 108.65 
v -320.438 4.02251 108.615 
v -320.346 4.00096 108.577 
v -320.15 4.04316 108.631 
v -320.321 4.00931 108.58 
v -320.262 3.98151 108.555 
v -320.243 3.99457 108.548 
v -320.097 3.95217 108.524 
v -320.057 3.96647 108.518 
v -319.789 3.90779 108.515 
v -320.06 4.00186 108.55 
v -319.779 3.91707 108.507 
v -319.624 3.85541 108.515 
v -319.777 3.95268 108.512 
v -319.754 4.00852 108.55 
v -319.613 3.86519 108.507 
v -319.603 3.9351 108.518 
v -319.506 3.80029 108.559 
v -319.495 3.81663 108.55 
v -319.505 3.92517 108.55 
v -319.446 3.80221 108.628 
v -319.459 3.78229 108.63 
v -319.448 3.91881 108.625 
v -319.407 3.78203 108.746 
v -319.417 3.76245 108.742 
v -319.375 3.72884 108.871 
v -319.422 3.88325 108.753 
v -319.365 3.74211 108.881 
v -319.384 3.83409 108.901 
v -319.473 3.95756 108.629 
v -319.452 3.96701 108.808 
v -319.572 3.99732 108.555 
v -319.433 3.94626 108.978 
v -319.597 4.03542 108.616 
v -319.512 4.00283 108.633 
v -319.486 4.01371 108.839 
v -319.454 3.99239 109.01 
v -320.554 4.00809 108.57 
v -320.552 3.97487 108.582 
v -320.552 4.00445 108.59 
v -320.554 3.97851 108.563 
v -320.529 3.95742 108.575 
v -320.531 3.96105 108.556 
v -320.531 4.02639 108.573 
v -320.529 4.02275 108.592 
v -320.492 4.02709 108.569 
v -320.49 4.02345 108.588 
v -320.467 4.006 108.581 
v -320.469 4.00963 108.562 
v -320.467 3.97642 108.574 
v -320.469 3.98006 108.555 
v -320.49 3.95812 108.572 
v -320.492 3.96175 108.552 
v -320.529 3.95742 108.575 
v -320.531 3.96105 108.556 
v -321.891 2.17456 109.7 
v -321.951 1.8254 109.784 
v -321.836 2.18628 109.739 
v -322.009 1.83104 109.773 
v -322.016 1.82855 109.749 
v -321.895 2.17245 109.677 
v -321.773 2.58936 109.655 
v -319.118 2.17456 109.7 
v -319.058 1.8254 109.784 
v -319 1.83104 109.773 
v -318.993 1.82855 109.749 
v -319.173 2.18628 109.739 
v -319.113 2.17245 109.677 
v -319.236 2.58936 109.655 
v -321.4 3.68552 109.747 
v -321.36 3.44851 109.782 
v -321.326 3.6885 109.755 
v -321.251 3.44293 109.769 
v -321.358 3.99772 109.666 
v -321.462 3.43611 109.762 
v -321.222 3.68564 109.749 
v -321.286 3.21868 109.82 
v -321.254 3.98688 109.686 
v -321.472 3.98516 109.625 
v -321.173 3.99096 109.678 
v -321.261 4.06258 109.601 
v -321.361 4.06035 109.56 
v -321.495 3.69508 109.689 
v -321.466 4.03004 109.527 
v -321.536 3.91943 109.555 
v -321.59 3.82273 109.522 
v -321.537 3.96063 109.446 
v -321.479 4.03257 109.401 
v -321.379 4.07285 109.421 
v -321.28 4.07625 109.48 
v -321.181 4.06904 109.584 
v -321.213 4.06991 109.464 
v -321.121 4.05712 109.475 
v -321.092 4.05796 109.593 
v -321.081 3.99892 109.698 
v -321.146 3.68504 109.733 
v -321.176 3.44687 109.753 
v -321.21 3.21647 109.801 
v -321.116 3.46322 109.845 
v -321.088 3.69975 109.799 
v -321.011 3.99765 109.719 
v -320.942 3.71375 109.816 
v -320.999 3.48235 109.877 
v -320.877 3.50033 109.837 
v -320.999 3.28032 109.925 
v -320.895 3.26202 109.865 
v -321.137 3.23248 109.903 
v -321.027 2.97053 109.975 
v -321.051 0.0773097 111.746 
v -320.762 0.0711633 111.842 
v -320.761 0.0753897 111.838 
v -320.504 0.0493478 111.879 
v -320.504 0.0535561 111.875 
v -321.052 0.0729467 111.749 
v -321.377 0.0225554 111.59 
v -321.379 0.0178599 111.592 
v -321.575 0.14018 111.521 
v -321.573 0.144955 111.521 
v -321.789 0.26569 111.307 
v -321.787 0.270045 111.307 
v -321.907 0.311897 110.984 
v -321.903 0.315685 110.984 
v -322.044 0.493608 110.827 
v -322.039 0.496953 110.827 
v -322.166 0.650063 110.707 
v -322.162 0.654109 110.708 
v -322.202 0.749696 110.601 
v -322.201 0.754034 110.603 
v -322.231 0.883184 110.422 
v -322.23 0.879288 110.419 
v -322.264 1.00829 110.307 
v -322.265 1.01207 110.311 
v -322.141 1.22366 110.011 
v -322.14 1.21986 110.007 
v -322.061 1.37888 109.895 
v -322.061 1.3817 109.9 
v -322.029 1.49955 109.832 
v -322.03 1.4982 109.827 
v -321.996 1.63284 109.812 
v -321.994 1.63327 109.817 
v -321.952 1.8221 109.775 
v -321.954 1.82158 109.77 
v -319.958 0.0773097 111.746 
v -320.247 0.0711633 111.842 
v -319.957 0.0729467 111.749 
v -320.248 0.0753897 111.838 
v -320.504 0.0493478 111.879 
v -320.504 0.0535561 111.875 
v -319.632 0.0225554 111.59 
v -319.63 0.0178599 111.592 
v -319.434 0.14018 111.521 
v -319.436 0.144955 111.521 
v -319.22 0.26569 111.307 
v -319.222 0.270045 111.307 
v -319.102 0.311897 110.984 
v -319.106 0.315685 110.984 
v -318.965 0.493608 110.827 
v -318.97 0.496953 110.827 
v -318.843 0.650063 110.707 
v -318.846 0.654109 110.708 
v -318.807 0.749696 110.601 
v -318.808 0.754034 110.603 
v -318.778 0.883184 110.422 
v -318.779 0.879288 110.419 
v -318.745 1.00829 110.307 
v -318.744 1.01207 110.311 
v -318.868 1.22366 110.011 
v -318.869 1.21986 110.007 
v -318.948 1.37888 109.895 
v -318.948 1.3817 109.9 
v -318.98 1.49955 109.832 
v -318.979 1.4982 109.827 
v -319.013 1.63284 109.812 
v -319.015 1.63327 109.817 
v -319.056 1.8221 109.775 
v -319.055 1.82158 109.77 
v -319.074 1.3733 110.113 
v -319.165 1.46207 110.131 
v -319.149 1.29764 110.223 
v -318.943 1.20027 110.209 
v -319.101 1.50139 110.057 
v -319.21 1.62632 110.08 
v -318.791 0.989568 110.399 
v -318.813 0.880133 110.551 
v -318.761 0.89892 110.43 
v -318.903 1.22986 110.075 
v -318.993 1.37964 109.949 
v -318.742 1.02194 110.342 
v -318.763 0.886715 110.413 
v -318.731 1.02024 110.326 
v -318.868 1.24213 110.039 
v -318.86 1.23122 110.02 
v -318.953 1.39445 109.928 
v -318.94 1.3895 109.909 
v -319.03 1.48624 109.877 
v -318.987 1.50445 109.862 
v -318.982 1.50398 109.848 
v -319.127 1.65424 110.012 
v -319.263 1.81332 110.005 
v -319.057 1.62191 109.859 
v -319.157 1.83141 109.929 
v -319.272 2.18023 109.842 
v -319.102 1.82033 109.82 
v -319.014 1.63678 109.844 
v -319.015 1.63665 109.83 
v -319.057 1.82716 109.802 
v -319.058 1.8254 109.784 
v -319.173 2.18265 109.75 
v -319.173 2.18628 109.739 
v -319.23 2.1783 109.764 
v -319.382 2.60154 109.803 
v -319.29 2.59618 109.704 
v -319.289 2.59846 109.69 
v -319.34 2.59538 109.721 
v -319.363 2.94588 109.674 
v -319.361 2.94675 109.661 
v -321.18 2.96999 109.939 
v -321.23 2.95629 109.825 
v -321.075 2.62664 110.041 
v -321.232 2.62786 109.97 
v -321.327 2.95738 109.835 
v -320.957 2.61708 109.978 
v -320.915 2.96455 109.921 
v -320.719 2.98033 110.012 
v -321.122 2.21711 110.145 
v -320.73 2.62995 110.083 
v -320.71 3.27892 109.952 
v -320.704 3.51331 109.892 
v -320.585 2.98569 110.053 
v -320.577 3.28866 110.001 
v -320.605 2.64093 110.137 
v -320.691 3.73164 109.836 
v -320.576 3.53823 109.943 
v -320.504 3.29029 110.007 
v -320.504 2.98654 110.06 
v -320.504 2.64584 110.154 
v -320.432 3.28866 110.001 
v -320.424 2.98569 110.053 
v -320.432 3.53823 109.943 
v -320.504 2.22746 110.344 
v -320.404 2.64093 110.137 
v -320.625 2.21266 110.307 
v -320.384 2.21266 110.307 
v -320.76 2.20375 110.254 
v -320.504 1.80889 110.562 
v -320.637 1.79432 110.522 
v -321.009 2.1987 110.123 
v -320.812 1.78073 110.452 
v -320.504 1.45038 110.742 
v -320.372 1.79432 110.522 
v -320.663 1.44126 110.691 
v -320.346 1.44126 110.691 
v -321.062 1.77665 110.298 
v -320.504 1.11106 110.947 
v -320.859 1.43735 110.615 
v -320.657 1.10284 110.895 
v -321.177 1.7998 110.287 
v -321.102 1.41019 110.472 
v -321.243 1.46809 110.498 
v -321.299 2.2006 110.061 
v -321.394 1.77863 110.163 
v -320.869 1.07549 110.816 
v -321.459 1.76582 110.03 
v -320.67 0.76439 111.196 
v -321.36 2.1815 109.952 
v -321.287 2.60577 109.861 
v -321.392 2.60719 109.859 
v -321.49 2.17467 109.888 
v -321.422 2.95812 109.82 
v -321.5 2.60824 109.849 
v -321.395 3.21974 109.8 
v -321.519 3.20026 109.759 
v -321.555 2.95217 109.783 
v -321.627 2.60154 109.803 
v -321.565 3.17711 109.676 
v -321.603 2.94432 109.695 
v -321.631 3.17011 109.658 
v -321.629 3.16712 109.648 
v -321.646 2.94588 109.674 
v -321.648 2.94675 109.661 
v -321.72 2.59846 109.69 
v -321.669 2.59538 109.721 
v -321.719 2.59618 109.704 
v -321.836 2.18628 109.739 
v -321.779 2.1783 109.764 
v -321.836 2.18265 109.75 
v -321.951 1.8254 109.784 
v -321.906 1.82033 109.82 
v -321.952 1.82716 109.802 
v -321.994 1.63665 109.83 
v -321.995 1.63678 109.844 
v -322.027 1.50398 109.848 
v -321.737 2.18023 109.842 
v -322.022 1.50445 109.862 
v -322.069 1.3895 109.909 
v -321.952 1.62191 109.859 
v -321.852 1.83141 109.929 
v -321.627 2.17658 109.909 
v -321.746 1.81332 110.005 
v -321.614 1.7771 109.951 
v -321.882 1.65424 110.012 
v -321.979 1.48624 109.877 
v -321.799 1.62632 110.08 
v -321.907 1.50139 110.057 
v -322.056 1.39445 109.928 
v -322.148 1.23122 110.02 
v -322.016 1.37964 109.949 
v -322.141 1.24213 110.039 
v -322.278 1.02024 110.326 
v -322.267 1.02194 110.342 
v -322.246 0.886715 110.413 
v -322.106 1.22986 110.075 
v -321.935 1.3733 110.113 
v -321.844 1.46207 110.131 
v -321.621 3.7221 108.882 
v -321.624 3.72633 108.882 
v -321.578 3.76066 108.751 
v -321.581 3.76508 108.751 
v -321.538 3.78054 108.639 
v -321.541 3.78488 108.638 
v -321.5 3.80115 108.57 
v -321.497 3.7971 108.572 
v -321.39 3.85424 108.529 
v -321.388 3.8503 108.532 
v -321.228 3.91023 108.529 
v -321.227 3.90587 108.532 
v -320.922 3.95053 108.536 
v -320.921 3.94567 108.538 
v -320.744 3.97441 108.565 
v -320.743 3.96947 108.567 
v -320.566 4.01377 108.624 
v -320.564 4.00849 108.623 
v -320.504 4.02056 108.659 
v -320.504 4.01571 108.658 
v -319.388 3.7221 108.882 
v -319.385 3.72633 108.882 
v -319.431 3.76066 108.751 
v -319.428 3.76508 108.751 
v -319.471 3.78054 108.639 
v -319.468 3.78488 108.638 
v -319.509 3.80115 108.57 
v -319.512 3.7971 108.572 
v -319.618 3.85424 108.529 
v -319.62 3.8503 108.532 
v -319.78 3.91023 108.529 
v -319.781 3.90587 108.532 
v -320.087 3.95053 108.536 
v -320.088 3.94567 108.538 
v -320.265 3.97441 108.565 
v -320.266 3.96947 108.567 
v -320.443 4.01377 108.624 
v -320.445 4.00849 108.623 
v -320.504 4.02056 108.659 
v -320.504 4.01571 108.658 
v -321.048 0.12377 111.729 
v -320.686 0.412145 111.546 
v -320.943 0.397948 111.441 
v -320.756 0.113756 111.825 
v -321.056 0.100113 111.755 
v -320.504 0.411714 111.573 
v -320.762 0.099234 111.847 
v -321.055 0.0863262 111.753 
v -320.763 0.0794164 111.846 
v -320.504 0.0921642 111.859 
v -320.504 0.0785455 111.881 
v -320.504 0.0628623 111.885 
v -320.246 0.0794164 111.846 
v -320.247 0.099234 111.847 
v -319.953 0.0863262 111.753 
v -320.253 0.113756 111.825 
v -319.953 0.100113 111.755 
v -319.63 0.0464209 111.601 
v -319.625 0.0282302 111.6 
v -319.961 0.12377 111.729 
v -319.433 0.159794 111.52 
v -320.322 0.412145 111.546 
v -319.438 0.168394 111.533 
v -319.214 0.297634 111.308 
v -319.206 0.28368 111.302 
v -319.641 0.0752116 111.568 
v -319.097 0.328829 111.009 
v -319.451 0.222597 111.483 
v -320.066 0.397948 111.441 
v -319.789 0.397162 111.195 
v -320.339 0.76439 111.196 
v -320.114 0.74139 111.103 
v -319.586 0.564616 111.143 
v -320.504 0.784634 111.233 
v -320.352 1.10284 110.895 
v -320.14 1.07549 110.816 
v -320.15 1.43735 110.615 
v -320.197 1.78073 110.452 
v -319.907 1.41019 110.472 
v -320.249 2.20375 110.254 
v -319.947 1.77665 110.298 
v -320 2.1987 110.123 
v -320.279 2.62995 110.083 
v -320.052 2.61708 109.978 
v -320.29 2.98033 110.012 
v -320.093 2.96455 109.921 
v -320.299 3.27892 109.952 
v -320.114 3.26202 109.865 
v -319.982 2.97053 109.975 
v -320.305 3.51331 109.892 
v -320.132 3.50033 109.837 
v -320.317 3.73164 109.836 
v -320.01 3.48235 109.877 
v -320.009 3.28032 109.925 
v -319.872 3.23248 109.903 
v -319.829 2.96999 109.939 
v -319.934 2.62664 110.041 
v -319.776 2.62786 109.97 
v -319.887 2.21711 110.145 
v -319.832 1.7998 110.287 
v -319.71 2.2006 110.061 
v -319.766 1.46809 110.498 
v -319.615 1.77863 110.163 
v -319.55 1.76582 110.03 
v -319.649 2.1815 109.952 
v -319.779 2.95629 109.825 
v -319.722 2.60577 109.861 
v -319.617 2.60719 109.859 
v -319.682 2.95738 109.835 
v -319.519 2.17467 109.888 
v -319.586 2.95812 109.82 
v -319.509 2.60824 109.849 
v -319.382 2.17658 109.909 
v -319.395 1.7771 109.951 
v -319.343 1.53295 110.054 
v -319.494 1.47111 110.169 
v -319.535 1.48613 110.34 
v -319.302 1.35161 110.091 
v -319.46 1.2188 110.222 
v -319.482 1.24098 110.482 
v -319.704 1.15447 110.731 
v -319.398 0.976913 110.425 
v -319.891 1.06255 110.65 
v -319.411 0.998187 110.673 
v -319.657 0.859623 110.93 
v -319.835 0.741828 110.884 
v -319.377 0.710809 110.878 
v -319.305 0.708956 110.651 
v -319.235 0.371354 111.215 
v -319.129 0.40599 110.953 
v -319.102 0.345715 110.996 
v -318.968 0.506411 110.856 
v -318.971 0.519654 110.843 
v -318.837 0.662445 110.73 
v -318.981 0.596294 110.806 
v -318.844 0.677732 110.724 
v -318.792 0.76678 110.591 
v -319.146 0.919256 110.467 
v -318.867 0.774499 110.686 
v -318.795 0.77595 110.613 
v -319.068 1.10581 110.349 
v -319.265 1.13248 110.276 
v -321.576 0.159794 111.52 
v -321.803 0.28368 111.302 
v -321.816 0.228517 111.364 
v -321.599 0.110444 111.587 
v -321.384 0.0282302 111.6 
v -321.922 0.288016 111.104 
v -321.912 0.328829 111.009 
v -321.936 0.266128 111.102 
v -321.824 0.20757 111.362 
v -322.063 0.425149 110.942 
v -321.61 0.0884596 111.588 
v -321.412 0.00803089 111.675 
v -322.042 0.441468 110.94 
v -322.041 0.506411 110.856 
v -322.19 0.593252 110.817 
v -322.206 0.574096 110.814 
v -322.172 0.662445 110.73 
v -322.263 0.636524 110.692 
v -322.255 0.657758 110.702 
v -322.217 0.76678 110.591 
v -322.296 0.792614 110.453 
v -322.295 0.773584 110.44 
v -322.246 0.886715 110.413 
v -322.3 0.988727 110.201 
v -322.295 0.971056 110.186 
v -322.278 1.02024 110.326 
v -322.182 1.21554 109.935 
v -322.148 1.23122 110.02 
v -322.185 1.23174 109.953 
v -322.112 1.37866 109.837 
v -322.069 1.3895 109.909 
v -322.112 1.39054 109.859 
v -322.082 1.51066 109.811 
v -322.086 1.50505 109.788 
v -322.027 1.50398 109.848 
v -322.057 1.63978 109.78 
v -322.051 1.64166 109.804 
v -321.994 1.63665 109.83 
v -322.009 1.83104 109.773 
v -322.016 1.82855 109.749 
v -321.951 1.8254 109.784 
v -319.206 0.28368 111.302 
v -319.433 0.159794 111.52 
v -319.193 0.228517 111.364 
v -319.41 0.110444 111.587 
v -319.625 0.0282302 111.6 
v -319.087 0.288016 111.104 
v -319.097 0.328829 111.009 
v -319.073 0.266128 111.102 
v -319.185 0.20757 111.362 
v -318.946 0.425149 110.942 
v -319.399 0.0884596 111.588 
v -319.597 0.00803089 111.675 
v -318.967 0.441468 110.94 
v -318.968 0.506411 110.856 
v -318.819 0.593252 110.817 
v -318.803 0.574096 110.814 
v -318.837 0.662445 110.73 
v -318.746 0.636524 110.692 
v -318.753 0.657758 110.702 
v -318.792 0.76678 110.591 
v -318.713 0.792614 110.453 
v -318.714 0.773584 110.44 
v -318.763 0.886715 110.413 
v -318.709 0.988727 110.201 
v -318.714 0.971056 110.186 
v -318.731 1.02024 110.326 
v -318.827 1.21554 109.935 
v -318.86 1.23122 110.02 
v -318.824 1.23174 109.953 
v -318.897 1.37866 109.837 
v -318.94 1.3895 109.909 
v -318.897 1.39054 109.859 
v -318.927 1.51066 109.811 
v -318.923 1.50505 109.788 
v -318.982 1.50398 109.848 
v -318.951 1.63978 109.78 
v -318.958 1.64166 109.804 
v -319.015 1.63665 109.83 
v -319 1.83104 109.773 
v -318.993 1.82855 109.749 
v -319.058 1.8254 109.784 
v -321.801 0.207173 111.348 
v -321.787 0.270045 111.307 
v -321.917 0.258409 111.086 
v -321.903 0.315685 110.984 
v -321.936 0.266128 111.102 
v -321.824 0.20757 111.362 
v -322.063 0.425149 110.942 
v -321.61 0.0884596 111.588 
v -322.052 0.418503 110.923 
v -322.206 0.574096 110.814 
v -322.039 0.496953 110.827 
v -322.19 0.569563 110.797 
v -322.263 0.636524 110.692 
v -322.162 0.654109 110.708 
v -322.239 0.637878 110.684 
v -322.201 0.754034 110.603 
v -322.27 0.781181 110.442 
v -322.295 0.773584 110.44 
v -322.231 0.883184 110.422 
v -322.272 0.977129 110.196 
v -322.265 1.01207 110.311 
v -322.295 0.971056 110.186 
v -322.141 1.22366 110.011 
v -322.161 1.21471 109.947 
v -322.182 1.21554 109.935 
v -322.061 1.3817 109.9 
v -322.112 1.37866 109.837 
v -322.09 1.37469 109.846 
v -322.029 1.49955 109.832 
v -322.086 1.50505 109.788 
v -322.062 1.50015 109.791 
v -321.994 1.63327 109.817 
v -322.034 1.63418 109.78 
v -322.057 1.63978 109.78 
v -321.993 1.82208 109.749 
v -321.952 1.8221 109.775 
v -322.016 1.82855 109.749 
v -319.208 0.207173 111.348 
v -319.222 0.270045 111.307 
v -319.092 0.258409 111.086 
v -319.106 0.315685 110.984 
v -319.073 0.266128 111.102 
v -319.185 0.20757 111.362 
v -318.946 0.425149 110.942 
v -319.399 0.0884596 111.588 
v -318.957 0.418503 110.923 
v -318.97 0.496953 110.827 
v -318.803 0.574096 110.814 
v -318.819 0.569563 110.797 
v -318.846 0.654109 110.708 
v -318.746 0.636524 110.692 
v -318.77 0.637878 110.684 
v -318.808 0.754034 110.603 
v -318.739 0.781181 110.442 
v -318.714 0.773584 110.44 
v -318.778 0.883184 110.422 
v -318.737 0.977129 110.196 
v -318.744 1.01207 110.311 
v -318.714 0.971056 110.186 
v -318.868 1.22366 110.011 
v -318.848 1.21471 109.947 
v -318.827 1.21554 109.935 
v -318.948 1.3817 109.9 
v -318.897 1.37866 109.837 
v -318.919 1.37469 109.846 
v -318.98 1.49955 109.832 
v -318.923 1.50505 109.788 
v -318.947 1.50015 109.791 
v -319.015 1.63327 109.817 
v -318.975 1.63418 109.78 
v -318.951 1.63978 109.78 
v -319.016 1.82208 109.749 
v -319.056 1.8221 109.775 
v -318.993 1.82855 109.749 
v -320.397 3.60635 108.511 
v -320.404 3.6027 108.503 
v -320.401 3.61043 108.502 
v -320.406 3.59599 108.51 
v -320.386 3.59735 108.522 
v -320.411 3.58103 108.519 
v -320.375 3.58797 108.533 
v -320.415 3.5654 108.526 
v -320.367 3.58208 108.536 
v -320.418 3.55552 108.528 
v -320.348 3.67502 108.547 
v -320.358 3.676 108.544 
v -320.359 3.80678 108.562 
v -320.371 3.67816 108.533 
v -320.368 3.80528 108.559 
v -320.417 3.93724 108.582 
v -320.383 3.68041 108.521 
v -320.38 3.80371 108.55 
v -320.422 3.93381 108.578 
v -320.528 3.98513 108.591 
v -320.528 3.98713 108.586 
v -320.429 3.9299 108.568 
v -320.528 3.99293 108.579 
v -320.435 3.92662 108.557 
v -320.529 3.99926 108.573 
v -320.529 4.00384 108.57 
v -320.392 3.80245 108.54 
v -320.437 3.92616 108.55 
v -320.529 4.00177 108.575 
v -320.397 3.80243 108.532 
v -320.432 3.92954 108.554 
v -320.528 3.99592 108.582 
v -320.389 3.8039 108.535 
v -320.388 3.68182 108.513 
v -320.426 3.93337 108.564 
v -320.528 3.98965 108.588 
v -320.419 3.9367 108.575 
v -320.528 3.98513 108.591 
v -320.417 3.93724 108.582 
v -320.359 3.80678 108.562 
v -320.376 3.80543 108.544 
v -320.364 3.80671 108.554 
v -320.348 3.67502 108.547 
v -320.379 3.68083 108.516 
v -320.366 3.67866 108.527 
v -320.353 3.67642 108.539 
v -320.371 3.58622 108.527 
v -320.367 3.58208 108.536 
v -320.418 3.55552 108.528 
v -320.416 3.56232 108.52 
v -320.411 3.57733 108.512 
v -320.382 3.59524 108.516 
v -320.407 3.59287 108.504 
v -320.393 3.60457 108.505 
v -321.713 2.16975 109.823 
v -321.603 2.59395 109.781 
v -321.622 2.16965 109.878 
v -321.744 1.80251 109.973 
v -321.613 1.76726 109.919 
v -321.743 2.16105 109.714 
v -321.828 1.81917 109.911 
v -321.872 1.80101 109.768 
v -321.858 1.64309 109.995 
v -321.796 1.61483 110.048 
v -321.631 2.58211 109.67 
v -321.565 2.93554 109.646 
v -321.664 1.52271 110.023 
v -321.641 2.94173 109.646 
v -321.618 3.16192 109.633 
v -321.623 3.16193 109.63 
v -321.628 3.34024 109.588 
v -321.646 2.94244 109.644 
v -321.713 2.59054 109.673 
v -321.718 2.59169 109.672 
v -321.831 2.17576 109.719 
v -321.836 2.17728 109.718 
v -321.949 1.82019 109.77 
v -321.954 1.82158 109.77 
v -321.996 1.63284 109.812 
v -321.991 1.6317 109.812 
v -321.917 1.60549 109.807 
v -322.025 1.49734 109.828 
v -322.03 1.4982 109.827 
v -321.948 1.46078 109.826 
v -322.056 1.37833 109.897 
v -322.061 1.37888 109.895 
v -321.883 1.49001 110.041 
v -321.988 1.34083 109.909 
v -322.136 1.22014 110.01 
v -322.14 1.21986 110.007 
v -322.264 1.00829 110.307 
v -321.843 1.44764 110.099 
v -321.914 1.35557 110.097 
v -322.087 1.18842 110.046 
v -322.259 1.01003 110.309 
v -322.225 0.881259 110.42 
v -322.23 0.879288 110.419 
v -322.216 0.982251 110.393 
v -322.202 0.749696 110.601 
v -322.051 1.1776 110.193 
v -322.178 0.86015 110.532 
v -322.197 0.750428 110.6 
v -322.166 0.650063 110.707 
v -321.858 1.2789 110.195 
v -321.94 1.08542 110.326 
v -322.135 0.754583 110.661 
v -322.161 0.649453 110.704 
v -322.044 0.493608 110.827 
v -321.708 1.33787 110.06 
v -321.75 1.11461 110.252 
v -321.867 0.900351 110.444 
v -322.028 0.578357 110.781 
v -322.041 0.492232 110.823 
v -321.904 0.310414 110.98 
v -321.907 0.311897 110.984 
v -321.868 0.383268 110.932 
v -321.685 0.684617 110.632 
v -321.783 0.265628 111.304 
v -321.789 0.26569 111.307 
v -321.575 0.14018 111.521 
v -321.758 0.34912 111.2 
v -321.61 0.692012 110.864 
v -321.588 0.954857 110.406 
v -321.573 0.982347 110.66 
v -321.422 0.543404 111.118 
v -321.524 1.2016 110.201 
v -321.501 1.22604 110.469 
v -321.353 0.83958 110.903 
v -321.305 1.13491 110.703 
v -321.49 1.45994 110.151 
v -321.448 1.47202 110.325 
v -321.242 1.45019 110.47 
v -321.437 1.75412 110.009 
v -321.372 1.76576 110.144 
v -321.277 2.1915 110.04 
v -321.339 2.17323 109.928 
v -321.211 2.62061 109.947 
v -321.172 1.78565 110.259 
v -321.12 2.20742 110.115 
v -321.076 2.61985 110.009 
v -320.957 2.60916 109.946 
v -321.007 2.18759 110.093 
v -321.057 1.76303 110.27 
v -321.101 1.39424 110.443 
v -320.799 1.76798 110.428 
v -321.116 1.04381 110.621 
v -320.846 1.42413 110.591 
v -320.856 1.05955 110.794 
v -321.174 0.720638 110.857 
v -320.882 0.722274 111.084 
v -321.218 0.374174 111.172 
v -321.558 0.200306 111.462 
v -321.572 0.14018 111.517 
v -321.379 0.0178599 111.592 
v -321.365 0.0516049 111.547 
v -321.377 0.0167513 111.588 
v -321.05 0.0711938 111.745 
v -321.052 0.0729467 111.749 
v -321.04 0.100713 111.712 
v -320.931 0.376777 111.423 
v -320.662 0.744407 111.175 
v -320.681 0.39124 111.525 
v -320.753 0.0904418 111.806 
v -320.761 0.0692235 111.837 
v -320.762 0.0711633 111.842 
v -320.504 0.068662 111.84 
v -320.504 0.0474147 111.874 
v -320.504 0.0493478 111.879 
v -320.247 0.0711633 111.842 
v -320.248 0.0692235 111.837 
v -319.957 0.0729467 111.749 
v -320.504 0.391276 111.551 
v -320.256 0.0904418 111.806 
v -319.959 0.0711938 111.745 
v -319.63 0.0178599 111.592 
v -320.328 0.39124 111.525 
v -319.969 0.100713 111.712 
v -319.632 0.0167513 111.588 
v -319.437 0.14018 111.517 
v -319.434 0.14018 111.521 
v -319.644 0.0516049 111.547 
v -319.226 0.265628 111.304 
v -319.22 0.26569 111.307 
v -319.451 0.200306 111.462 
v -319.102 0.311897 110.984 
v -319.791 0.374174 111.172 
v -320.077 0.376777 111.423 
v -320.347 0.744407 111.175 
v -320.127 0.722274 111.084 
v -320.504 0.764738 111.212 
v -320.648 1.08577 110.872 
v -320.653 1.42754 110.667 
v -320.504 1.09392 110.923 
v -320.361 1.08577 110.872 
v -320.153 1.05955 110.794 
v -320.355 1.42754 110.667 
v -320.504 1.43656 110.717 
v -320.627 1.78129 110.497 
v -320.163 1.42413 110.591 
v -320.748 2.19188 110.23 
v -320.718 2.62156 110.056 
v -320.916 2.95892 109.888 
v -320.615 2.20067 110.281 
v -320.708 2.97442 109.985 
v -320.504 1.79584 110.537 
v -320.896 3.25623 109.833 
v -320.597 2.63191 110.11 
v -320.504 2.21507 110.318 
v -320.382 1.78129 110.497 
v -320.394 2.20067 110.281 
v -320.504 2.63621 110.126 
v -320.578 2.97941 110.024 
v -320.698 3.27305 109.925 
v -320.429 3.13475 108.513 
v -320.42 3.13663 108.514 
v -320.42 3.13778 108.51 
v -320.416 3.13817 108.513 
v -320.429 3.13613 108.509 
v -320.438 3.13312 108.512 
v -320.438 3.13428 108.509 
v -320.443 3.13276 108.51 
v -322.248 0.89892 110.43 
v -322.217 0.76678 110.591 
v -322.218 0.989568 110.399 
v -322.066 1.20027 110.209 
v -321.86 1.29764 110.223 
v -322.196 0.880133 110.551 
v -321.941 1.10581 110.349 
v -322.214 0.77595 110.613 
v -322.142 0.774499 110.686 
v -322.165 0.677732 110.724 
v -322.172 0.662445 110.73 
v -322.038 0.519654 110.843 
v -322.041 0.506411 110.856 
v -322.028 0.596294 110.806 
v -321.863 0.919256 110.467 
v -321.744 1.13248 110.276 
v -321.907 0.345715 110.996 
v -321.912 0.328829 111.009 
v -321.88 0.40599 110.953 
v -321.704 0.708956 110.651 
v -321.611 0.976913 110.425 
v -321.795 0.297634 111.308 
v -321.803 0.28368 111.302 
v -321.576 0.159794 111.52 
v -321.773 0.371354 111.215 
v -321.571 0.168394 111.533 
v -321.632 0.710809 110.878 
v -321.558 0.222597 111.483 
v -321.379 0.0464209 111.601 
v -321.384 0.0282302 111.6 
v -321.368 0.0752116 111.568 
v -321.423 0.564616 111.143 
v -321.22 0.397162 111.195 
v -321.174 0.741828 110.884 
v -320.895 0.74139 111.103 
v -321.352 0.859623 110.93 
v -321.118 1.06255 110.65 
v -321.305 1.15447 110.731 
v -321.598 0.998187 110.673 
v -321.527 1.24098 110.482 
v -321.548 1.2188 110.222 
v -321.474 1.48613 110.34 
v -321.515 1.47111 110.169 
v -321.707 1.35161 110.091 
v -321.666 1.53295 110.054 
v -319.166 1.44764 110.099 
v -319.095 1.35557 110.097 
v -319.151 1.2789 110.195 
v -319.126 1.49001 110.041 
v -319.259 1.11461 110.252 
v -319.068 1.08542 110.326 
v -319.142 0.900351 110.444 
v -318.874 0.754583 110.661 
v -318.981 0.578357 110.781 
v -318.847 0.649453 110.704 
v -319.213 1.61483 110.048 
v -319.151 1.64309 109.995 
v -319.265 1.80251 109.973 
v -318.968 0.492232 110.823 
v -318.965 0.493608 110.827 
v -319.396 1.76726 109.919 
v -319.387 2.16965 109.878 
v -319.522 2.16912 109.858 
v -319.345 1.52271 110.023 
v -319.572 1.75412 110.009 
v -319.67 2.17323 109.928 
v -319.301 1.33787 110.06 
v -319.519 1.45994 110.151 
v -319.485 1.2016 110.201 
v -319.421 0.954857 110.406 
v -319.561 1.47202 110.325 
v -319.324 0.684617 110.632 
v -319.508 1.22604 110.469 
v -319.436 0.982347 110.66 
v -319.141 0.383268 110.932 
v -319.399 0.692012 110.864 
v -319.105 0.310414 110.98 
v -319.251 0.34912 111.2 
v -319.587 0.543404 111.118 
v -319.835 0.720638 110.857 
v -319.656 0.83958 110.903 
v -319.893 1.04381 110.621 
v -319.704 1.13491 110.703 
v -319.908 1.39424 110.443 
v -319.767 1.45019 110.47 
v -319.952 1.76303 110.27 
v -320.21 1.76798 110.428 
v -319.637 1.76576 110.144 
v -319.837 1.78565 110.259 
v -319.731 2.1915 110.04 
v -319.798 2.62061 109.947 
v -319.889 2.20742 110.115 
v -320.002 2.18759 110.093 
v -320.261 2.19188 110.23 
v -320.052 2.60916 109.946 
v -320.291 2.62156 110.056 
v -320.412 2.63191 110.11 
v -320.301 2.97442 109.985 
v -320.092 2.95892 109.888 
v -319.933 2.61985 110.009 
v -319.979 2.96557 109.943 
v -320.113 3.25623 109.833 
v -320.311 3.27305 109.925 
v -319.849 2.96382 109.914 
v -319.796 2.95104 109.793 
v -319.813 3.20972 109.768 
v -319.891 3.22565 109.877 
v -319.911 3.4556 109.82 
v -320.006 3.27464 109.894 
v -320.008 3.47581 109.847 
v -319.937 3.69162 109.773 
v -319.875 3.67906 109.702 
v -319.936 3.98198 109.671 
v -320.132 3.4942 109.805 
v -320.315 3.50627 109.865 
v -320.152 3.7105 109.763 
v -320.066 3.70639 109.786 
v -320.006 3.97945 109.694 
v -320.004 4.02933 109.614 
v -320.096 3.98265 109.699 
v -320.15 3.98499 109.702 
v -320.289 3.9844 109.714 
v -320.087 4.03232 109.614 
v -320.24 4.02888 109.619 
v -320.453 4.0307 109.641 
v -320.435 4.0278 109.611 
v -320.213 4.02803 109.572 
v -320.017 4.02993 109.493 
v -320.22 4.02681 109.548 
v -320.279 4.01835 109.459 
v -320.115 4.01776 109.323 
v -320.035 4.02486 109.326 
v -320.105 4.02083 109.11 
v -319.954 4.0325 109.479 
v -319.92 4.02896 109.303 
v -320.013 4.02415 109.1 
v -319.828 4.05051 109.295 
v -319.9 4.02672 109.098 
v -319.621 3.67977 109.719 
v -319.651 3.44513 109.752 
v -319.685 3.68346 109.725 
v -319.755 3.43904 109.739 
v -319.66 3.97931 109.641 
v -319.563 3.43235 109.736 
v -319.784 3.68176 109.719 
v -319.721 3.21518 109.79 
v -319.756 3.96973 109.659 
v -319.749 4.0336 109.589 
v -319.836 3.97378 109.65 
v -319.845 3.44004 109.719 
v -320.555 3.26944 108.538 
v -320.55 3.26802 108.539 
v -320.552 3.26829 108.542 
v -320.543 3.26561 108.544 
v -320.545 3.26593 108.547 
v -320.536 3.26325 108.549 
v -320.538 3.26352 108.552 
v -320.533 3.26209 108.553 
v -319.406 2.59395 109.781 
v -319.296 2.16975 109.823 
v -319.266 2.16105 109.714 
v -319.137 1.80101 109.768 
v -319.178 2.17576 109.719 
v -319.06 1.82019 109.77 
v -319.173 2.17728 109.718 
v -319.055 1.82158 109.77 
v -319.013 1.63284 109.812 
v -319.018 1.6317 109.812 
v -319.181 1.81917 109.911 
v -319.092 1.60549 109.807 
v -318.984 1.49734 109.828 
v -318.979 1.4982 109.827 
v -319.061 1.46078 109.826 
v -318.953 1.37833 109.897 
v -318.948 1.37888 109.895 
v -318.873 1.22014 110.01 
v -318.869 1.21986 110.007 
v -318.745 1.00829 110.307 
v -319.021 1.34083 109.909 
v -318.75 1.01003 110.309 
v -318.784 0.881259 110.42 
v -318.779 0.879288 110.419 
v -318.807 0.749696 110.601 
v -318.922 1.18842 110.046 
v -318.793 0.982251 110.393 
v -318.812 0.750428 110.6 
v -318.843 0.650063 110.707 
v -318.831 0.86015 110.532 
v -318.958 1.1776 110.193 
v -321.003 3.27464 109.894 
v -321.03 2.96557 109.943 
v -321.117 3.22565 109.877 
v -321.16 2.96382 109.914 
v -321.196 3.20972 109.768 
v -321.213 2.95104 109.793 
v -321.287 3.21518 109.79 
v -321.254 3.43904 109.739 
v -321.358 3.44513 109.752 
v -321.39 3.21625 109.771 
v -321.327 2.95507 109.805 
v -321.269 2.59937 109.832 
v -321.416 2.95481 109.791 
v -321.389 2.60349 109.829 
v -321.497 3.1962 109.735 
v -321.446 3.43235 109.736 
v -321.528 3.40671 109.654 
v -321.53 2.94654 109.76 
v -321.494 2.60384 109.82 
v -321.487 2.16912 109.858 
v -321.545 3.17368 109.65 
v -321.623 3.34187 109.591 
v -321.632 3.4312 109.513 
v -321.636 3.42843 109.511 
v -321.616 3.51247 109.395 
v -321.619 3.50918 109.393 
v -321.624 3.56242 109.283 
v -321.628 3.55878 109.282 
v -321.618 3.60756 109.145 
v -321.622 3.60379 109.143 
v -321.632 3.65867 109.01 
v -321.635 3.65497 109.008 
v -321.617 3.72584 108.884 
v -321.621 3.7221 108.882 
v -321.575 3.76463 108.753 
v -321.578 3.76066 108.751 
v -321.536 3.78466 108.641 
v -321.538 3.78054 108.639 
v -321.496 3.80125 108.575 
v -321.497 3.7971 108.572 
v -321.388 3.8503 108.532 
v -321.39 3.85435 108.536 
v -321.227 3.90587 108.532 
v -321.228 3.90984 108.536 
v -320.922 3.94912 108.542 
v -320.921 3.94567 108.538 
v -320.744 3.97195 108.571 
v -320.743 3.96947 108.567 
v -320.566 4.00858 108.628 
v -320.564 4.00849 108.623 
v -320.504 4.01571 108.658 
v -320.504 4.01497 108.662 
v -320.877 3.4942 109.805 
v -320.694 3.50627 109.865 
v -320.571 3.28231 109.972 
v -320.857 3.7105 109.763 
v -320.504 2.98016 110.031 
v -320.431 2.97941 110.024 
v -320.57 3.53052 109.914 
v -320.504 3.28416 109.978 
v -320.438 3.28231 109.972 
v -320.684 3.72243 109.809 
v -320.504 3.53332 109.915 
v -320.439 3.53052 109.914 
v -320.561 3.74261 109.841 
v -320.448 3.74261 109.841 
v -320.325 3.72243 109.809 
v -320.504 3.74973 109.861 
v -320.456 3.97298 109.723 
v -320.553 3.97298 109.723 
v -320.504 3.97297 109.722 
v -320.72 3.9844 109.714 
v -320.556 4.0307 109.641 
v -320.504 4.02593 109.635 
v -320.858 3.98499 109.702 
v -320.912 3.98265 109.699 
v -320.769 4.02888 109.619 
v -320.504 4.02287 109.604 
v -320.922 4.03232 109.614 
v -321.005 4.02933 109.614 
v -320.574 4.0278 109.611 
v -320.796 4.02803 109.572 
v -319.619 3.21625 109.771 
v -319.682 2.95507 109.805 
v -319.512 3.1962 109.735 
v -319.593 2.95481 109.791 
v -319.48 3.40671 109.654 
v -319.62 2.60349 109.829 
v -319.74 2.59937 109.832 
v -319.515 2.60384 109.82 
v -319.479 2.94654 109.76 
v -319.464 3.17368 109.65 
v -319.444 2.93554 109.646 
v -319.391 3.16192 109.633 
v -319.377 2.58211 109.67 
v -319.368 2.94173 109.646 
v -319.386 3.16193 109.63 
v -319.363 2.94244 109.644 
v -319.381 3.34024 109.588 
v -319.296 2.59054 109.673 
v -319.291 2.59169 109.672 
v -319.386 3.34187 109.591 
v -319.377 3.4312 109.513 
v -319.373 3.42843 109.511 
v -319.393 3.51247 109.395 
v -319.39 3.50918 109.393 
v -319.385 3.56242 109.283 
v -319.381 3.55878 109.282 
v -319.391 3.60756 109.145 
v -319.387 3.60379 109.143 
v -319.377 3.65867 109.01 
v -319.374 3.65497 109.008 
v -319.391 3.72584 108.884 
v -319.388 3.7221 108.882 
v -319.434 3.76463 108.753 
v -319.431 3.76066 108.751 
v -319.473 3.78466 108.641 
v -319.471 3.78054 108.639 
v -319.513 3.80125 108.575 
v -319.512 3.7971 108.572 
v -319.62 3.8503 108.532 
v -319.619 3.85435 108.536 
v -319.781 3.90587 108.532 
v -319.781 3.90984 108.536 
v -320.087 3.94912 108.542 
v -320.088 3.94567 108.538 
v -320.265 3.97195 108.571 
v -320.266 3.96947 108.567 
v -320.443 4.00858 108.628 
v -320.445 4.00849 108.623 
v -320.504 4.01571 108.658 
v -320.504 4.01497 108.662 
v -321.26 4.0336 109.589 
v -321.215 4.0399 109.463 
v -321.182 4.03903 109.574 
v -321.173 3.97378 109.65 
v -321.462 4.00734 109.398 
v -321.422 4.04326 109.215 
v -321.371 4.04334 109.419 
v -321.353 4.04525 109.247 
v -321.495 3.9918 109.208 
v -321.181 4.05051 109.295 
v -321.121 4.02693 109.473 
v -321.091 4.02765 109.584 
v -321.054 4.0325 109.479 
v -321.073 3.98198 109.671 
v -321.134 3.67906 109.702 
v -321.225 3.68176 109.719 
v -321.164 3.44004 109.719 
v -321.098 3.4556 109.82 
v -321.072 3.69162 109.773 
v -321.003 3.97945 109.694 
v -321.001 3.47581 109.847 
v -320.943 3.70639 109.786 
v -320.512 3.99629 108.587 
v -320.466 3.86984 108.536 
v -320.469 3.86779 108.542 
v -320.52 3.99204 108.587 
v -320.508 3.99907 108.585 
v -320.512 3.99734 108.584 
v -320.477 3.86395 108.551 
v -320.528 3.98803 108.587 
v -320.441 3.73587 108.512 
v -320.473 3.86771 108.539 
v -320.52 3.9933 108.583 
v -320.445 3.73419 108.52 
v -320.449 3.734 108.516 
v -320.481 3.86386 108.547 
v -320.528 3.98909 108.584 
v -320.416 3.63658 108.504 
v -320.46 3.7307 108.526 
v -320.489 3.86002 108.556 
v -320.532 3.98633 108.585 
v -320.492 3.85796 108.562 
v -320.47 3.72744 108.536 
v -320.474 3.72575 108.544 
v -320.425 3.63321 108.506 
v -320.439 3.62763 108.515 
v -320.452 3.62217 108.524 
v -320.458 3.61953 108.532 
v -320.416 3.56232 108.52 
v -320.418 3.55552 108.528 
v -320.411 3.57733 108.512 
v -320.407 3.59287 108.504 
v -320.404 3.6027 108.503 
v -320.422 3.63396 108.512 
v -320.406 3.59599 108.51 
v -320.455 3.73092 108.531 
v -320.435 3.62851 108.521 
v -320.411 3.58103 108.519 
v -320.486 3.86009 108.559 
v -320.532 3.98633 108.585 
v -320.492 3.85796 108.562 
v -320.466 3.72762 108.541 
v -320.474 3.72575 108.544 
v -320.449 3.62291 108.53 
v -320.415 3.5654 108.526 
v -320.458 3.61953 108.532 
v -320.418 3.55552 108.528 
v -321.324 3.68346 109.725 
v -321.388 3.67977 109.719 
v -321.349 3.97931 109.641 
v -321.476 3.68911 109.666 
v -321.451 3.96762 109.605 
v -321.253 3.96973 109.659 
v -321.51 3.90829 109.543 
v -321.354 4.03176 109.55 
v -321.449 4.0048 109.52 
v -321.28 4.04615 109.479 
v -321.512 3.94391 109.441 
v -319.363 2.94276 109.65 
v -319.35 3.13921 109.585 
v -319.328 2.93417 109.61 
v -319.385 3.16286 109.636 
v -319.292 2.59198 109.677 
v -319.328 3.13715 109.576 
v -319.346 3.25132 109.515 
v -319.305 2.93697 109.605 
v -319.367 3.25947 109.526 
v -319.38 3.34251 109.593 
v -319.346 3.32481 109.454 
v -319.256 2.5824 109.635 
v -319.233 2.58786 109.631 
v -319.174 2.17765 109.723 
v -319.364 3.33701 109.465 
v -319.371 3.432 109.514 
v -319.376 3.4138 109.351 
v -319.358 3.39966 109.341 
v -319.387 3.51331 109.396 
v -319.137 2.16556 109.679 
v -319.056 1.8221 109.775 
v -319.113 2.17245 109.677 
v -319.016 1.82208 109.749 
v -318.993 1.82855 109.749 
v -319.373 3.46891 109.252 
v -319.378 3.56313 109.283 
v -319.356 3.4535 109.245 
v -319.383 3.52402 109.124 
v -321.624 3.16286 109.636 
v -321.646 2.94276 109.65 
v -321.659 3.13921 109.585 
v -321.681 2.93417 109.61 
v -321.717 2.59198 109.677 
v -321.642 3.25947 109.526 
v -321.629 3.34251 109.593 
v -321.681 3.13715 109.576 
v -321.663 3.25132 109.515 
v -321.704 2.93697 109.605 
v -321.663 3.32481 109.454 
v -321.645 3.33701 109.465 
v -321.638 3.432 109.514 
v -321.752 2.5824 109.635 
v -321.776 2.58786 109.631 
v -321.835 2.17765 109.723 
v -321.633 3.4138 109.351 
v -321.622 3.51331 109.396 
v -321.651 3.39966 109.341 
v -321.872 2.16556 109.679 
v -321.952 1.8221 109.775 
v -321.895 2.17245 109.677 
v -321.993 1.82208 109.749 
v -322.016 1.82855 109.749 
v -321.636 3.46891 109.252 
v -321.653 3.4535 109.245 
v -321.631 3.56313 109.283 
v -321.626 3.52402 109.124 
v -320.51 3.39748 108.548 
v -320.533 3.26209 108.553 
v -320.503 3.39686 108.552 
v -320.536 3.26325 108.549 
v -320.538 3.26352 108.552 
v -320.518 3.39815 108.538 
v -320.545 3.26593 108.547 
v -320.552 3.26829 108.542 
v -320.508 3.47668 108.55 
v -320.526 3.3987 108.527 
v -320.555 3.26944 108.538 
v -320.529 3.39875 108.519 
v -320.517 3.47691 108.538 
v -320.525 3.47725 108.526 
v -320.527 3.47767 108.518 
v -320.541 3.5373 108.532 
v -320.537 3.53685 108.538 
v -320.555 3.59771 108.551 
v -320.514 3.53757 108.555 
v -320.526 3.53708 108.547 
v -320.522 3.60007 108.565 
v -320.536 3.59875 108.561 
v -320.549 3.5977 108.556 
v -320.559 3.66616 108.572 
v -320.567 3.66573 108.568 
v -320.545 3.6677 108.574 
v -320.569 3.73864 108.581 
v -320.577 3.73806 108.578 
v -320.553 3.74005 108.582 
v -320.573 3.81477 108.583 
v -320.582 3.81494 108.58 
v -320.569 3.90116 108.579 
v -320.558 3.81447 108.584 
v -320.549 3.89635 108.582 
v -320.562 3.89944 108.582 
v -320.522 4.00487 108.585 
v -320.518 4.00245 108.587 
v -320.51 3.99827 108.587 
v -320.502 3.99417 108.586 
v -320.537 3.89329 108.582 
v -320.438 3.13312 108.512 
v -320.469 3.27636 108.538 
v -320.467 3.27538 108.544 
v -320.471 3.35905 108.551 
v -320.46 3.27447 108.554 
v -320.429 3.13475 108.513 
v -320.471 3.35944 108.543 
v -320.452 3.2738 108.563 
v -320.468 3.42507 108.55 
v -320.467 3.425 108.543 
v -320.42 3.13663 108.514 
v -320.465 3.49826 108.545 
v -320.468 3.3585 108.563 
v -320.465 3.42496 108.562 
v -320.464 3.49799 108.552 
v -320.462 3.5853 108.553 
v -320.459 3.49723 108.563 
v -320.461 3.42479 108.574 
v -320.452 3.4964 108.573 
v -320.44 3.58211 108.575 
v -320.447 3.49581 108.578 
v -320.464 3.35799 108.575 
v -320.457 3.42456 108.579 
v -320.459 3.35779 108.58 
v -320.446 3.27391 108.566 
v -320.416 3.13817 108.513 
v -320.459 3.35817 108.573 
v -320.448 3.27487 108.56 
v -320.42 3.13778 108.51 
v -320.429 3.13613 108.509 
v -320.457 3.4245 108.572 
v -320.462 3.35872 108.561 
v -320.456 3.27575 108.551 
v -320.438 3.13428 108.509 
v -320.463 3.27645 108.541 
v -320.443 3.13276 108.51 
v -320.469 3.27636 108.538 
v -320.466 3.35924 108.549 
v -320.471 3.35944 108.543 
v -320.46 3.42461 108.56 
v -320.463 3.42478 108.549 
v -320.467 3.425 108.543 
v -320.448 3.49609 108.571 
v -320.454 3.49686 108.56 
v -320.46 3.49767 108.549 
v -320.465 3.49826 108.545 
v -320.434 3.58135 108.577 
v -320.437 3.582 108.571 
v -320.446 3.58326 108.563 
v -320.456 3.58455 108.556 
v -320.462 3.5853 108.553 
v -320.421 3.67842 108.576 
v -320.426 3.67896 108.572 
v -320.438 3.67988 108.568 
v -320.449 3.68079 108.564 
v -320.456 3.68125 108.564 
v -320.453 3.78069 108.572 
v -320.447 3.78125 108.57 
v -320.471 3.88236 108.577 
v -320.435 3.78213 108.571 
v -320.465 3.88455 108.575 
v -320.537 3.99076 108.585 
v -320.533 3.99418 108.583 
v -320.455 3.88843 108.574 
v -320.527 4.0003 108.583 
v -320.52 4.00638 108.583 
v -320.423 3.78298 108.572 
v -320.446 3.89228 108.575 
v -320.516 4.0096 108.585 
v -320.417 3.78336 108.575 
v -320.44 3.8943 108.577 
v -320.52 4.00618 108.587 
v -320.446 3.89211 108.579 
v -320.424 3.7828 108.577 
v -320.455 3.88822 108.579 
v -320.526 4.00005 108.587 
v -320.533 3.99396 108.587 
v -320.428 3.67888 108.576 
v -320.436 3.78192 108.576 
v -320.44 3.67979 108.573 
v -320.465 3.88437 108.579 
v -320.471 3.88236 108.577 
v -320.537 3.99076 108.585 
v -320.447 3.78107 108.574 
v -320.453 3.78069 108.572 
v -320.451 3.68072 108.568 
v -320.456 3.68125 108.564 
v -320.459 3.58467 108.559 
v -320.45 3.5834 108.567 
v -320.73 4.01835 109.459 
v -320.894 4.01776 109.323 
v -320.879 4.03172 109.315 
v -320.904 4.02083 109.11 
v -320.722 4.03225 109.443 
v -320.888 4.03512 109.113 
v -320.504 4.02016 109.499 
v -320.796 4.03284 108.85 
v -320.504 4.03415 109.483 
v -320.809 4.01724 108.84 
v -320.504 4.01497 108.662 
v -320.504 4.03154 108.672 
v -320.287 4.03225 109.443 
v -320.279 4.01835 109.459 
v -320.13 4.03172 109.315 
v -320.115 4.01776 109.323 
v -320.105 4.02083 109.11 
v -320.121 4.03512 109.113 
v -320.213 4.03284 108.85 
v -320.2 4.01724 108.84 
v -320.504 4.01497 108.662 
v -320.504 4.03154 108.672 
v -320.532 3.89976 108.559 
v -320.527 3.99398 108.587 
v -320.532 3.99469 108.585 
v -320.518 3.99269 108.587 
v -320.527 3.994 108.584 
v -320.527 3.89951 108.558 
v -320.518 3.99271 108.583 
v -320.524 3.89673 108.571 
v -320.509 3.99141 108.584 
v -320.522 3.89399 108.584 
v -320.505 3.9907 108.585 
v -320.523 3.89261 108.591 
v -320.542 3.79926 108.571 
v -320.537 3.8002 108.564 
v -320.559 3.72209 108.556 
v -320.532 3.80284 108.549 
v -320.553 3.72113 108.549 
v -320.579 3.67278 108.554 
v -320.548 3.72097 108.533 
v -320.576 3.66842 108.547 
v -320.602 3.65316 108.556 
v -320.598 3.65854 108.561 
v -320.622 3.6907 108.573 
v -320.629 3.68925 108.569 
v -320.633 3.77875 108.585 
v -320.608 3.64716 108.545 
v -320.639 3.77961 108.581 
v -320.6 3.89195 108.586 
v -320.638 3.68821 108.56 
v -320.647 3.78115 108.57 
v -320.606 3.89553 108.584 
v -320.511 3.98988 108.573 
v -320.513 3.99265 108.577 
v -320.616 3.90108 108.577 
v -320.517 3.99915 108.582 
v -320.655 3.78267 108.559 
v -320.624 3.90642 108.569 
v -320.52 4.00595 108.587 
v -320.528 4.00268 108.599 
v -320.489 3.9738 108.588 
v -320.489 4.00338 108.595 
v -320.467 3.97642 108.574 
v -320.467 4.006 108.581 
v -320.49 3.95812 108.572 
v -320.49 4.02345 108.588 
v -320.529 3.95742 108.575 
v -320.529 4.02275 108.592 
v -320.552 4.00445 108.59 
v -320.528 3.9731 108.592 
v -320.552 3.97487 108.582 
v -320.628 3.90876 108.562 
v -320.52 4.00595 108.587 
v -320.523 4.01041 108.588 
v -320.099 4.02128 108.855 
v -320.2 4.01724 108.84 
v -320.443 4.00858 108.628 
v -320.504 4.01497 108.662 
v -319.987 4.02325 108.846 
v -320.149 4.01363 108.64 
v -320.265 3.97195 108.571 
v -320.076 3.97181 108.556 
v -320.087 3.94912 108.542 
v -319.955 4.01826 108.659 
v -319.88 4.03442 108.841 
v -319.781 4.04644 109.091 
v -319.778 3.94396 108.541 
v -319.781 3.90984 108.536 
v -319.759 3.97686 108.55 
v -319.609 3.92795 108.547 
v -319.619 3.85435 108.536 
v -319.733 4.02965 108.684 
v -319.582 3.97508 108.577 
v -319.525 3.91581 108.574 
v -319.513 3.80125 108.575 
v -319.604 4.00695 108.625 
v -319.476 3.90963 108.637 
v -319.473 3.78466 108.641 
v -319.496 3.94027 108.639 
v -319.53 3.97948 108.642 
v -319.451 3.87498 108.758 
v -319.434 3.76463 108.753 
v -319.478 3.95085 108.811 
v -319.58 4.03394 108.8 
v -319.507 3.99175 108.841 
v -319.413 3.82535 108.904 
v -319.391 3.72584 108.884 
v -319.67 4.04203 108.806 
v -319.554 4.02554 109.032 
v -319.63 4.04888 109.065 
v -319.656 4.04525 109.247 
v -319.587 4.04326 109.215 
v -319.513 3.99422 109.053 
v -319.514 3.9918 109.208 
v -319.477 3.97214 109.01 
v -319.455 3.92605 109.094 
v -319.46 3.93214 108.979 
v -319.387 3.78632 109.055 
v -319.377 3.65867 109.01 
v -319.391 3.60756 109.145 
v -319.4 3.77212 109.181 
v -319.441 3.88994 109.249 
v -319.403 3.72575 109.332 
v -319.385 3.56242 109.283 
v -319.404 3.67238 109.445 
v -319.393 3.51247 109.395 
v -319.442 3.84826 109.392 
v -319.501 3.97741 109.307 
v -319.547 4.00734 109.398 
v -319.497 3.94391 109.441 
v -319.447 3.81403 109.511 
v -319.638 4.04334 109.419 
v -319.56 4.0048 109.52 
v -319.499 3.90829 109.543 
v -319.481 3.61977 109.607 
v -319.39 3.48469 109.535 
v -319.377 3.4312 109.513 
v -319.533 3.68911 109.666 
v -319.558 3.96762 109.605 
v -319.655 4.03176 109.55 
v -319.729 4.04615 109.479 
v -319.794 4.0399 109.463 
v -319.827 4.03903 109.574 
v -319.888 4.02693 109.473 
v -319.918 4.02765 109.584 
v -320.992 4.02993 109.493 
v -320.789 4.02681 109.548 
v -320.504 4.02016 109.499 
v -320.73 4.01835 109.459 
v -320.894 4.01776 109.323 
v -320.974 4.02486 109.326 
v -320.904 4.02083 109.11 
v -321.089 4.02896 109.303 
v -320.996 4.02415 109.1 
v -320.91 4.02128 108.855 
v -320.809 4.01724 108.84 
v -321.109 4.02672 109.098 
v -320.566 4.00858 108.628 
v -320.504 4.01497 108.662 
v -321.022 4.02325 108.846 
v -320.86 4.01363 108.64 
v -320.744 3.97195 108.571 
v -321.228 4.04644 109.091 
v -321.129 4.03442 108.841 
v -321.054 4.01826 108.659 
v -320.933 3.97181 108.556 
v -320.922 3.94912 108.542 
v -321.379 4.04888 109.065 
v -321.339 4.04203 108.806 
v -321.455 4.02554 109.032 
v -321.231 3.94396 108.541 
v -321.228 3.90984 108.536 
v -321.25 3.97686 108.55 
v -321.4 3.92795 108.547 
v -321.39 3.85435 108.536 
v -321.275 4.02965 108.684 
v -321.484 3.91581 108.574 
v -321.496 3.80125 108.575 
v -321.427 3.97508 108.577 
v -321.405 4.00695 108.625 
v -321.429 4.03394 108.8 
v -321.533 3.90963 108.637 
v -321.536 3.78466 108.641 
v -321.513 3.94027 108.639 
v -321.479 3.97948 108.642 
v -321.558 3.87498 108.758 
v -321.575 3.76463 108.753 
v -321.502 3.99175 108.841 
v -321.531 3.95085 108.811 
v -321.596 3.82535 108.904 
v -321.617 3.72584 108.884 
v -321.549 3.93214 108.979 
v -321.622 3.78632 109.055 
v -321.632 3.65867 109.01 
v -321.618 3.60756 109.145 
v -321.531 3.97214 109.01 
v -321.554 3.92605 109.094 
v -321.496 3.99422 109.053 
v -321.608 3.77212 109.181 
v -321.568 3.88994 109.249 
v -321.606 3.72575 109.332 
v -321.624 3.56242 109.283 
v -321.508 3.97741 109.307 
v -321.567 3.84826 109.392 
v -321.605 3.67238 109.445 
v -321.616 3.51247 109.395 
v -321.562 3.81403 109.511 
v -321.528 3.61977 109.607 
v -321.619 3.48469 109.535 
v -321.632 3.4312 109.513 
v -321.643 3.50745 109.118 
v -321.624 3.6081 109.145 
v -321.638 3.56771 108.992 
v -321.655 3.55119 108.985 
v -321.638 3.65912 109.01 
v -321.64 3.61376 108.873 
v -321.625 3.62984 108.884 
v -321.624 3.72633 108.882 
v -321.583 3.68453 108.758 
v -321.597 3.66713 108.748 
v -321.581 3.76508 108.751 
v -321.543 3.70327 108.644 
v -321.555 3.68505 108.634 
v -321.541 3.78488 108.638 
v -321.493 3.72868 108.574 
v -321.498 3.71 108.559 
v -321.5 3.80115 108.57 
v -321.383 3.74847 108.523 
v -321.386 3.76683 108.54 
v -321.39 3.85424 108.529 
v -321.234 3.80863 108.517 
v -321.239 3.82629 108.533 
v -321.228 3.91023 108.529 
v -320.938 3.88017 108.53 
v -320.922 3.95053 108.536 
v -320.934 3.8636 108.512 
v -320.744 3.97441 108.565 
v -320.694 3.93187 108.553 
v -320.687 3.9201 108.531 
v -320.504 3.97877 108.58 
v -320.504 3.98263 108.6 
v -320.566 4.01377 108.624 
v -320.504 4.02056 108.659 
v -319.385 3.6081 109.145 
v -319.366 3.50745 109.118 
v -319.37 3.56771 108.992 
v -319.354 3.55119 108.985 
v -319.371 3.65912 109.01 
v -319.369 3.61376 108.873 
v -319.384 3.62984 108.884 
v -319.385 3.72633 108.882 
v -319.426 3.68453 108.758 
v -319.412 3.66713 108.748 
v -319.428 3.76508 108.751 
v -319.466 3.70327 108.644 
v -319.454 3.68505 108.634 
v -319.468 3.78488 108.638 
v -319.516 3.72868 108.574 
v -319.511 3.71 108.559 
v -319.509 3.80115 108.57 
v -319.626 3.74847 108.523 
v -319.623 3.76683 108.54 
v -319.618 3.85424 108.529 
v -319.775 3.80863 108.517 
v -319.77 3.82629 108.533 
v -319.78 3.91023 108.529 
v -320.071 3.88017 108.53 
v -320.087 3.95053 108.536 
v -320.075 3.8636 108.512 
v -320.265 3.97441 108.565 
v -320.315 3.93187 108.553 
v -320.322 3.9201 108.531 
v -320.504 3.97877 108.58 
v -320.504 3.98263 108.6 
v -320.443 4.01377 108.624 
v -320.504 4.02056 108.659 
v -321.075 0.0748407 111.817 
v -320.777 0.0851833 111.91 
v -320.763 0.0794164 111.846 
v -320.504 0.0628623 111.885 
v -320.504 0.0569948 111.934 
v -321.055 0.0863262 111.753 
v -320.78 0.0669066 111.926 
v -320.504 0.0386672 111.95 
v -321.08 0.056013 111.833 
v -321.403 0.0294609 111.664 
v -319.934 0.0748407 111.817 
v -320.246 0.0794164 111.846 
v -320.232 0.0851833 111.91 
v -320.504 0.0628623 111.885 
v -320.504 0.0569948 111.934 
v -319.953 0.0863262 111.753 
v -320.229 0.0669066 111.926 
v -320.504 0.0386672 111.95 
v -319.929 0.056013 111.833 
v -319.606 0.0294609 111.664 

vn -0.0472441 -0.992126 0.0866142 
vn 0.0551181 -0.992126 0.0787402 
vn 0.0393701 -0.937008 -0.346457 
vn 0 -1 0.0708661 
vn 0 -0.929134 -0.362205 
vn 0 -0.889764 0.448819 
vn -0.11811 -0.889764 0.448819 
vn -0.0866142 -0.905512 0.425197 
vn 0.19685 -0.929134 -0.307087 
vn -0.23622 -0.944882 0.212598 
vn -0.0866142 -0.984252 -0.141732 
vn 0.0551181 -0.874016 -0.488189 
vn -0.188976 -0.905512 -0.385827 
vn 0.173228 -0.692913 -0.700787 
vn -0.0551181 -0.992126 0.0787402 
vn 0.0472441 -0.992126 0.0866142 
vn -0.0393701 -0.937008 -0.346457 
vn 0 -1 0.0708661 
vn 0 -0.929134 -0.362205 
vn 0 -0.889764 0.448819 
vn 0.11811 -0.889764 0.448819 
vn 0.0866142 -0.905512 0.425197 
vn -0.19685 -0.929134 -0.307087 
vn 0.23622 -0.944882 0.212598 
vn 0.0866142 -0.984252 -0.141732 
vn -0.0551181 -0.874016 -0.488189 
vn 0.188976 -0.905512 -0.385827 
vn -0.173228 -0.692913 -0.700787 
vn 0.0472441 1 0 
vn 0.023622 1 -0.015748 
vn 0.0393701 1 -0.00787402 
vn 0 1 -0.0393701 
vn 0.110236 0.992126 -0.0314961 
vn 0.102362 0.992126 -0.00787402 
vn 0.0787402 1 0.00787402 
vn 0.0551181 1 -0.015748 
vn 0.141732 0.84252 -0.519685 
vn 0 0.818898 -0.574803 
vn 0 0.496063 -0.866142 
vn 0.244094 0.543307 -0.80315 
vn 0.181102 0.535433 -0.818898 
vn 0.015748 0.968504 -0.259843 
vn 0.11811 0.653543 -0.748031 
vn 0.228346 0.228346 -0.944882 
vn 0.125984 0.496063 -0.858268 
vn 0.173228 -0.133858 -0.976378 
vn 0.0314961 0.976378 -0.228346 
vn 0.0708661 0.15748 -0.984252 
vn 0.11811 -0.448819 -0.889764 
vn 0.00787402 0.787402 -0.614173 
vn 0.0629921 -0.173228 -0.984252 
vn 0.0787402 -0.559055 -0.826772 
vn -0.023622 0.370079 -0.929134 
vn -0.023622 0.771654 -0.637795 
vn 0.0708661 1 -0.0314961 
vn -0.102362 -0.23622 -0.968504 
vn -0.00787402 0.968504 -0.23622 
vn -0.188976 0.283465 -0.937008 
vn -0.377953 -0.606299 -0.700787 
vn -0.307087 0.692913 -0.653543 
vn -0.19685 0.929134 -0.322835 
vn -0.598425 0.291339 -0.748031 
vn -0.543307 -0.299213 -0.787402 
vn -0.866142 -0.228346 -0.440945 
vn -0.724409 -0.519685 -0.448819 
vn -0.889764 0.275591 -0.354331 
vn -0.76378 0.559055 -0.314961 
vn -0.944882 -0.125984 -0.307087 
vn -0.834646 -0.409449 -0.370079 
vn -0.944882 0.291339 -0.15748 
vn -0.84252 -0.401575 -0.362205 
vn -0.850394 0.519685 -0.0944882 
vn -0.590551 0.748031 -0.307087 
vn -0.944882 0.299213 -0.110236 
vn -0.96063 -0.110236 -0.251969 
vn -0.771654 -0.574803 -0.283465 
vn -0.330709 0.937008 -0.0866142 
vn -0.952756 -0.251969 -0.149606 
vn -0.968504 0.244094 0.015748 
vn -0.944882 -0.322835 -0.0787402 
vn -0.748031 -0.629921 -0.204724 
vn -0.787402 -0.582677 -0.19685 
vn -0.889764 0.464567 -0.0472441 
vn -0.685039 0.724409 -0.0629921 
vn -0.755906 0.661417 0 
vn -0.858268 0.511811 0.0314961 
vn -0.637795 0.771654 0.0314961 
vn -0.393701 0.92126 -0.00787402 
vn -0.669291 0.748031 0.0393701 
vn -0.976378 0.19685 0.0708661 
vn -0.897638 0.433071 0.0708661 
vn -0.755906 0.653543 0.0708661 
vn -0.330709 0.944882 0.023622 
vn -0.929134 0.354331 0.125984 
vn -0.984252 0.165354 0.0708661 
vn -0.96063 0.165354 0.212598 
vn -0.96063 -0.259843 -0.0787402 
vn -0.952756 -0.251969 -0.165354 
vn -0.732283 -0.582677 -0.354331 
vn -0.795276 -0.511811 -0.330709 
vn -0.92126 0.149606 0.370079 
vn -0.811024 0.165354 0.559055 
vn -0.700787 0.141732 0.700787 
vn -0.889764 -0.015748 0.456693 
vn -0.984252 -0.188976 -0.0314961 
vn -0.976378 -0.188976 -0.102362 
vn 0.00787402 0.968504 -0.23622 
vn 0.0551181 1 -0.0708661 
vn 0.338583 0.937008 -0.0866142 
vn 0.393701 0.92126 -0.00787402 
vn -0.0708661 1 -0.0314961 
vn -0.0314961 0.976378 -0.228346 
vn -0.0551181 1 -0.015748 
vn -0.102362 0.992126 -0.00787402 
vn 0.669291 0.740157 0.0393701 
vn 0.637795 0.771654 0.0314961 
vn 0.858268 0.511811 0.0314961 
vn -0.0708661 1 -0.015748 
vn -0.0787402 1 0.00787402 
vn -0.110236 0.992126 -0.0314961 
vn 0.0866142 1 -0.015748 
vn 0.0393701 1 0.00787402 
vn -0.0314961 1 0.015748 
vn 0.330709 0.944882 0.023622 
vn 0 1 0.0551181 
vn 0.0472441 0.96063 0.267717 
vn -0.0472441 1 0.023622 
vn -0.0393701 0.952756 0.291339 
vn 0 0.535433 0.84252 
vn 0.00787402 1 0.0472441 
vn 0.0393701 0.905512 0.417323 
vn 0.0314961 0.511811 0.858268 
vn 0.259843 0.582677 0.771654 
vn 0.212598 0.929134 0.299213 
vn 0.598425 0.543307 0.590551 
vn 0.220472 0.976378 0.0629921 
vn 0.559055 0.795276 0.228346 
vn 0.574803 0.811024 0.0944882 
vn 0.850394 0.377953 0.370079 
vn 0.669291 0.188976 0.716535 
vn 0.811024 0.165354 0.559055 
vn 0.826772 0.543307 0.149606 
vn 0.88189 0.275591 0.377953 
vn 0.96063 0.165354 0.212598 
vn 0.755906 0.653543 0.0708661 
vn 0.929134 0.354331 0.125984 
vn 0.897638 0.433071 0.0708661 
vn 0.984252 0.165354 0.0708661 
vn 0.976378 0.19685 0.0708661 
vn 0.968504 0.23622 0.015748 
vn 0.944882 -0.322835 -0.0787402 
vn 0.952756 -0.251969 -0.149606 
vn 0.96063 -0.259843 -0.0787402 
vn 0.952756 -0.251969 -0.165354 
vn 0.771654 -0.574803 -0.283465 
vn 0.787402 -0.582677 -0.19685 
vn 0.748031 -0.629921 -0.204724 
vn -0.952756 -0.141732 -0.267717 
vn -0.976378 0.19685 0.0551181 
vn -0.968504 0.19685 -0.165354 
vn -0.740157 -0.535433 -0.409449 
vn -0.771654 -0.488189 -0.417323 
vn -0.92126 -0.149606 -0.362205 
vn -0.937008 0.212598 -0.283465 
vn -0.645669 -0.598425 -0.472441 
vn -0.850394 -0.220472 -0.480315 
vn -0.874016 0.204724 -0.433071 
vn -0.559055 -0.23622 -0.795276 
vn -0.314961 -0.614173 -0.724409 
vn -0.582677 0.15748 -0.795276 
vn -0.110236 -0.23622 -0.968504 
vn 0.0551181 -0.559055 -0.826772 
vn -0.173228 0.11811 -0.976378 
vn 0.133858 -0.535433 -0.834646 
vn 0.0393701 -0.173228 -0.984252 
vn -0.0393701 0.204724 -0.976378 
vn 0.0629921 -0.102362 -0.992126 
vn 0.125984 -0.456693 -0.88189 
vn 0 0.330709 -0.944882 
vn 0.244094 -0.259843 -0.937008 
vn 0.149606 0.204724 -0.968504 
vn 0.0314961 0.645669 -0.76378 
vn 0 -0.141732 -0.992126 
vn 0 0.732283 -0.685039 
vn 0 0.551181 -0.834646 
vn 0 0.818898 -0.574803 
vn 0 0.913386 -0.401575 
vn 0.976378 0.19685 0.0551181 
vn 0.952756 -0.141732 -0.267717 
vn 0.968504 0.19685 -0.165354 
vn 0.771654 -0.488189 -0.417323 
vn 0.740157 -0.535433 -0.409449 
vn 0.92126 -0.149606 -0.362205 
vn 0.937008 0.212598 -0.283465 
vn 0.645669 -0.598425 -0.472441 
vn 0.850394 -0.220472 -0.480315 
vn 0.874016 0.204724 -0.433071 
vn 0.559055 -0.23622 -0.795276 
vn 0.314961 -0.614173 -0.724409 
vn 0.582677 0.15748 -0.795276 
vn 0.110236 -0.23622 -0.968504 
vn -0.0551181 -0.559055 -0.826772 
vn 0.173228 0.11811 -0.976378 
vn -0.133858 -0.535433 -0.834646 
vn -0.0393701 -0.173228 -0.984252 
vn 0.0393701 0.204724 -0.976378 
vn -0.0629921 -0.102362 -0.992126 
vn -0.125984 -0.456693 -0.88189 
vn 0 0.330709 -0.944882 
vn -0.244094 -0.259843 -0.937008 
vn -0.15748 0.204724 -0.968504 
vn -0.0314961 0.645669 -0.76378 
vn 0 -0.141732 -0.992126 
vn 0 0.732283 -0.685039 
vn 0 0.551181 -0.834646 
vn 0 0.818898 -0.574803 
vn 0 0.913386 -0.401575 
vn -0.307087 0.472441 -0.826772 
vn 0.125984 -0.0393701 -0.992126 
vn -0.307087 -0.0472441 -0.952756 
vn -0.850394 0.448819 -0.283465 
vn -0.850394 -0.283465 -0.440945 
vn -0.322835 0.92126 -0.212598 
vn -0.322835 -0.755906 -0.574803 
vn 0.23622 0.937008 -0.267717 
vn 0.23622 -0.740157 -0.629921 
vn 0.76378 -0.244094 -0.598425 
vn 0.125984 0.488189 -0.866142 
vn 0.755906 0.480315 -0.440945 
vn -0.0551181 1 -0.0708661 
vn -0.0866142 0.992126 -0.015748 
vn -0.0393701 1 0.00787402 
vn 0.0708661 1 -0.015748 
vn 0.889764 -0.0866142 -0.448819 
vn 0.716535 0.685039 0.102362 
vn 0.645669 0.692913 -0.322835 
vn 0.307087 0.669291 -0.677165 
vn 0.992126 -0.0393701 0.141732 
vn 0.417323 -0.0787402 -0.905512 
vn 0.771654 0.0472441 0.637795 
vn 0 0.669291 -0.740157 
vn 0.535433 0.732283 0.417323 
vn 0.511811 0.133858 0.850394 
vn 0.362205 0.724409 0.582677 
vn 0 -0.0629921 -1 
vn -0.425197 -0.0787402 -0.905512 
vn -0.307087 0.669291 -0.677165 
vn -0.889764 -0.0866142 -0.448819 
vn -0.645669 0.692913 -0.322835 
vn -0.716535 0.685039 0.102362 
vn -0.992126 -0.0393701 0.141732 
vn -0.771654 0.0472441 0.637795 
vn -0.535433 0.732283 0.417323 
vn -0.511811 0.133858 0.850394 
vn -0.362205 0.724409 0.582677 
vn -0.740157 -0.125984 -0.661417 
vn -0.15748 -0.937008 0.314961 
vn -0.795276 -0.385827 0.464567 
vn -0.716535 0.11811 -0.685039 
vn 0.307087 0.0314961 -0.952756 
vn -0.771654 0.511811 -0.385827 
vn -0.661417 0.724409 -0.19685 
vn 0.0393701 0.141732 -0.992126 
vn 0.149606 -0.0629921 -0.984252 
vn 0.598425 0.0314961 -0.795276 
vn 0.448819 -0.110236 -0.889764 
vn 0.220472 -0.23622 -0.944882 
vn 0.551181 0.354331 -0.755906 
vn 0.551181 -0.244094 -0.80315 
vn 0.740157 -0.669291 0 
vn 0.708661 -0.417323 0.566929 
vn 0.748031 0 -0.669291 
vn 0.858268 -0.023622 -0.511811 
vn 0.559055 -0.110236 0.818898 
vn 0.519685 -0.00787402 0.858268 
vn 0.787402 0.409449 -0.464567 
vn 0.354331 -0.015748 0.937008 
vn 0.685039 0.385827 -0.614173 
vn 0.0551181 0.944882 -0.314961 
vn 0 0.102362 0.992126 
vn 0.023622 0.866142 -0.496063 
vn -0.0472441 0.740157 -0.669291 
vn -0.771654 0.637795 -0.0708661 
vn -0.732283 0.637795 -0.251969 
vn -0.456693 -0.598425 -0.653543 
vn -0.669291 0.582677 -0.464567 
vn 0.700787 -0.716535 0.0708661 
vn 0.716535 -0.653543 0.251969 
vn 0.165354 -0.409449 -0.897638 
vn 0.944882 -0.314961 0.0787402 
vn 0.338583 -0.015748 -0.937008 
vn 0.251969 0.204724 -0.944882 
vn 0.992126 -0.0866142 -0.00787402 
vn -0.275591 0.291339 -0.913386 
vn -0.92126 0.173228 -0.354331 
vn -0.834646 0.314961 -0.456693 
vn -0.913386 0.314961 -0.267717 
vn -0.968504 0.173228 -0.165354 
vn -0.952756 0.299213 -0.0787402 
vn -0.244094 -0.0393701 0.968504 
vn -0.984252 0.173228 0.0314961 
vn -0.181102 -0.15748 0.968504 
vn 0.299213 -0.149606 0.944882 
vn -0.850394 0.110236 0.519685 
vn 0.708661 -0.0866142 0.700787 
vn -0.944882 0.0551181 0.330709 
vn -0.582677 0.0787402 0.811024 
vn -0.992126 0.00787402 -0.125984 
vn -0.944882 -0.204724 -0.251969 
vn -0.330709 -0.448819 -0.826772 
vn -0.889764 -0.330709 -0.314961 
vn -0.480315 -0.110236 -0.866142 
vn -0.228346 -0.724409 -0.645669 
vn -0.984252 0.149606 0.0314961 
vn -0.102362 -0.866142 -0.488189 
vn -0.606299 0.0393701 -0.795276 
vn -0.88189 -0.401575 -0.244094 
vn -0.669291 0.0944882 -0.740157 
vn -0.866142 -0.472441 -0.165354 
vn -0.96063 0.244094 0.11811 
vn -0.149606 -0.92126 -0.354331 
vn -0.708661 0.133858 -0.692913 
vn -0.850394 -0.496063 -0.149606 
vn -0.937008 0.307087 0.173228 
vn -0.771654 0.0944882 -0.629921 
vn -0.929134 0.299213 0.23622 
vn -0.0551181 -0.944882 -0.330709 
vn -0.834646 -0.503937 -0.228346 
vn -0.102362 -0.905512 -0.409449 
vn 0.944882 -0.204724 -0.251969 
vn 0.992126 0.00787402 -0.125984 
vn 0.330709 -0.448819 -0.826772 
vn 0.889764 -0.330709 -0.314961 
vn 0.480315 -0.110236 -0.866142 
vn 0.228346 -0.724409 -0.645669 
vn 0.984252 0.149606 0.0314961 
vn 0.102362 -0.866142 -0.488189 
vn 0.606299 0.0393701 -0.795276 
vn 0.88189 -0.401575 -0.244094 
vn 0.669291 0.0944882 -0.740157 
vn 0.866142 -0.472441 -0.165354 
vn 0.96063 0.244094 0.11811 
vn 0.149606 -0.92126 -0.354331 
vn 0.708661 0.133858 -0.692913 
vn 0.850394 -0.496063 -0.149606 
vn 0.937008 0.307087 0.173228 
vn 0.771654 0.0944882 -0.629921 
vn 0.92126 0.299213 0.23622 
vn 0.0551181 -0.944882 -0.330709 
vn 0.834646 -0.503937 -0.228346 
vn 0.0944882 -0.905512 -0.409449 
vn -0.937008 0.125984 0.330709 
vn -0.574803 0.149606 0.80315 
vn -0.755906 0.181102 0.622047 
vn -0.866142 0.173228 0.472441 
vn -0.551181 0.204724 0.811024 
vn -0.992126 0.0314961 0.0866142 
vn -0.92126 0.165354 0.362205 
vn -0.984252 0.0393701 -0.15748 
vn -0.992126 0.149606 0.00787402 
vn -0.944882 -0.15748 -0.283465 
vn -0.968504 0.244094 0.0944882 
vn -1 -0.0551181 -0.0551181 
vn -0.968504 0.19685 0.141732 
vn -0.889764 -0.322835 -0.322835 
vn -0.992126 -0.0944882 -0.102362 
vn -0.866142 -0.409449 -0.283465 
vn -0.968504 0.212598 0.0944882 
vn -0.850394 -0.456693 -0.244094 
vn -0.992126 -0.11811 -0.0787402 
vn -0.976378 0.212598 0.0866142 
vn -0.984252 -0.15748 -0.0551181 
vn -0.84252 -0.503937 -0.181102 
vn -0.976378 0.204724 0.0944882 
vn -0.976378 -0.19685 -0.0866142 
vn -0.818898 -0.519685 -0.23622 
vn 0.755906 0.181102 0.622047 
vn 0.574803 0.149606 0.80315 
vn 0.937008 0.125984 0.330709 
vn 0.866142 0.173228 0.472441 
vn 0.551181 0.204724 0.811024 
vn 0.992126 0.0314961 0.0866142 
vn 0.92126 0.165354 0.362205 
vn 0.984252 0.0393701 -0.15748 
vn 0.992126 0.149606 0.00787402 
vn 0.944882 -0.15748 -0.283465 
vn 0.968504 0.244094 0.0944882 
vn 1 -0.0551181 -0.0551181 
vn 0.968504 0.19685 0.141732 
vn 0.889764 -0.322835 -0.322835 
vn 0.992126 -0.0944882 -0.102362 
vn 0.866142 -0.409449 -0.283465 
vn 0.968504 0.212598 0.0944882 
vn 0.850394 -0.456693 -0.244094 
vn 0.992126 -0.11811 -0.0787402 
vn 0.976378 0.212598 0.0866142 
vn 0.984252 -0.15748 -0.0551181 
vn 0.84252 -0.503937 -0.181102 
vn 0.976378 0.204724 0.0944882 
vn 0.976378 -0.19685 -0.0866142 
vn 0.818898 -0.519685 -0.23622 
vn -0.740157 -0.338583 0.574803 
vn -0.661417 0.0393701 -0.748031 
vn -0.80315 -0.417323 0.425197 
vn -0.0708661 0.669291 0.740157 
vn 0 0.393701 0.92126 
vn 0 0.692913 0.724409 
vn -0.204724 0.362205 0.905512 
vn 0 0.259843 0.968504 
vn -0.0944882 0.645669 0.76378 
vn 0.204724 0.362205 0.905512 
vn 0.0393701 0.968504 0.244094 
vn 0.0708661 0.669291 0.740157 
vn 0 0.976378 0.212598 
vn -0.0393701 0.968504 0.244094 
vn 0.0944882 0.645669 0.76378 
vn 0 1 -0.0629921 
vn 0.0314961 1 -0.0629921 
vn -0.0314961 1 -0.0629921 
vn 0 0.976378 0.220472 
vn -0.0314961 0.622047 0.779528 
vn -0.0314961 0.23622 0.968504 
vn -0.023622 0.606299 0.795276 
vn -0.015748 0.968504 0.244094 
vn -0.0708661 0.952756 0.299213 
vn 0.0393701 1 -0.023622 
vn 0.015748 1 -0.0393701 
vn 0.0314961 1 0.015748 
vn 0 1 -0.0551181 
vn 0.0393701 1 -0.0708661 
vn -0.0393701 1 -0.0708661 
vn 0.0314961 1 -0.0551181 
vn 0.0629921 1 -0.0393701 
vn 0.0393701 1 -0.023622 
vn 0.716535 0.00787402 0.700787 
vn 0.346457 0.889764 -0.307087 
vn 0.606299 0.566929 0.559055 
vn 0.984252 -0.181102 -0.0393701 
vn 0.181102 0 0.984252 
vn 1 0.00787402 0.00787402 
vn 0.141732 -0.0393701 0.992126 
vn 0.165354 -0.00787402 -0.984252 
vn 0.952756 -0.299213 -0.0472441 
vn 0.165354 0.00787402 -0.984252 
vn 0.181102 0 -0.984252 
vn 0 0.0314961 -1 
vn 0 0.0629921 -1 
vn -0.165354 0.133858 -0.976378 
vn 0.00787402 0.00787402 -1 
vn -0.181102 0.0787402 -0.976378 
vn -0.913386 0.409449 -0.015748 
vn -0.96063 0.275591 -0.015748 
vn -0.181102 0.015748 -0.984252 
vn -1 0.0393701 -0.00787402 
vn -0.992126 -0.0944882 -0.0314961 
vn -0.133858 0.0629921 -0.992126 
vn -0.984252 -0.125984 -0.133858 
vn 0.0472441 0.0708661 -1 
vn -0.0393701 0.165354 -0.984252 
vn -0.937008 -0.0866142 -0.338583 
vn 0.228346 0.0708661 -0.968504 
vn 0.141732 0.15748 -0.976378 
vn 0.141732 0.259843 -0.952756 
vn -0.779528 -0.015748 -0.622047 
vn 0.992126 0.0866142 0.0708661 
vn 0.322835 0.149606 -0.937008 
vn 0.984252 0.0866142 0.165354 
vn 0.0472441 -0.11811 0.992126 
vn 0.937008 0.0629921 0.338583 
vn 0.496063 0.19685 -0.84252 
vn 0.818898 0.0393701 0.574803 
vn 0.330709 0.23622 -0.913386 
vn 0.716535 0.181102 -0.669291 
vn 0.677165 -0.00787402 0.732283 
vn 0.574803 0.23622 -0.779528 
vn 0.417323 0.283465 -0.866142 
vn -0.566929 0.015748 -0.818898 
vn 0.858268 0.0708661 -0.503937 
vn 0.850394 -0.102362 -0.519685 
vn 0.622047 0.11811 -0.771654 
vn -0.606299 0.015748 -0.795276 
vn 0.755906 0.0944882 -0.645669 
vn 0.740157 -0.110236 -0.661417 
vn 0.283465 -0.787402 -0.543307 
vn 0.606299 -0.110236 -0.787402 
vn 0.204724 -0.755906 -0.622047 
vn -0.740157 -0.401575 -0.543307 
vn 0.976378 -0.188976 -0.102362 
vn 0.84252 0.0787402 0.535433 
vn 1 0.023622 -0.0393701 
vn 0.669291 0.133858 0.732283 
vn 0.629921 0.173228 0.755906 
vn 0.661417 0.173228 0.732283 
vn 0.889764 -0.015748 0.456693 
vn 0.984252 -0.188976 -0.0314961 
vn 0.795276 -0.511811 -0.330709 
vn 0.700787 0.141732 0.700787 
vn 0.732283 -0.582677 -0.354331 
vn 0.92126 0.149606 0.370079 
vn 0.606299 0.133858 0.779528 
vn 0.480315 0.11811 0.874016 
vn 0.19685 0.110236 0.976378 
vn 0.0944882 0.110236 0.992126 
vn -0.0472441 0.11811 0.992126 
vn 0.338583 0.188976 0.92126 
vn -0.125984 0.11811 0.984252 
vn 0.393701 0.188976 0.897638 
vn 0.0393701 0.173228 0.984252 
vn 0.354331 0.181102 0.913386 
vn 0.566929 0.23622 0.787402 
vn -0.0866142 0.133858 0.984252 
vn 0.346457 0.188976 0.92126 
vn 0.448819 0.259843 0.850394 
vn 0.251969 0.598425 0.76378 
vn 0.23622 0.598425 0.771654 
vn -0.0393701 0.244094 0.968504 
vn 0.015748 0.606299 0.795276 
vn 0.0314961 0.23622 0.968504 
vn 0.0708661 0.952756 0.299213 
vn 0.0314961 0.622047 0.779528 
vn 0.00787402 0.968504 0.244094 
vn 0 0.976378 0.220472 
vn -0.015748 1 -0.0393701 
vn -0.0393701 1 -0.023622 
vn -0.0314961 1 -0.0551181 
vn -0.0629921 1 -0.0393701 
vn -0.0393701 1 -0.023622 
vn -0.0472441 1 0 
vn -0.0393701 1 -0.00787402 
vn -0.023622 1 -0.015748 
vn 0 1 -0.0393701 
vn -0.141732 0.84252 -0.519685 
vn 0 0.818898 -0.574803 
vn 0 0.496063 -0.866142 
vn -0.244094 0.543307 -0.80315 
vn -0.181102 0.535433 -0.818898 
vn -0.015748 0.968504 -0.259843 
vn -0.11811 0.653543 -0.748031 
vn -0.228346 0.228346 -0.944882 
vn -0.125984 0.496063 -0.858268 
vn -0.173228 -0.133858 -0.976378 
vn -0.0708661 0.15748 -0.984252 
vn -0.11811 -0.448819 -0.889764 
vn -0.00787402 0.787402 -0.614173 
vn -0.0629921 -0.173228 -0.984252 
vn -0.0787402 -0.559055 -0.826772 
vn 0.023622 0.370079 -0.929134 
vn 0.023622 0.771654 -0.637795 
vn 0.102362 -0.23622 -0.968504 
vn 0.188976 0.283465 -0.937008 
vn 0.377953 -0.606299 -0.700787 
vn 0.543307 -0.299213 -0.787402 
vn 0.598425 0.291339 -0.748031 
vn 0.866142 -0.228346 -0.440945 
vn 0.724409 -0.519685 -0.448819 
vn 0.889764 0.275591 -0.354331 
vn 0.944882 -0.125984 -0.307087 
vn 0.834646 -0.409449 -0.370079 
vn 0.84252 -0.401575 -0.362205 
vn 0.944882 0.291339 -0.15748 
vn 0.96063 -0.110236 -0.251969 
vn 0.944882 0.299213 -0.110236 
vn 0.76378 0.559055 -0.314961 
vn 0.850394 0.519685 -0.0944882 
vn 0.307087 0.692913 -0.653543 
vn 0.889764 0.464567 -0.0472441 
vn 0.19685 0.929134 -0.322835 
vn 0.590551 0.748031 -0.307087 
vn 0.685039 0.724409 -0.0629921 
vn 0.755906 0.661417 0 
vn -0.850394 0.448819 -0.283465 
vn -0.755906 -0.480315 0.440945 
vn -0.76378 0.244094 0.598425 
vn -0.850394 -0.283465 -0.440945 
vn -0.23622 -0.937008 0.267717 
vn -0.322835 -0.755906 -0.574803 
vn -0.322835 0.92126 -0.212598 
vn -0.23622 0.740157 0.629921 
vn 0.23622 0.937008 -0.267717 
vn 0.322835 0.755906 0.574803 
vn 0.850394 0.275591 0.440945 
vn 0.755906 0.480315 -0.440945 
vn 0.850394 -0.448819 0.283465 
vn 0.76378 -0.244094 -0.598425 
vn 0.322835 -0.92126 0.212598 
vn 0.23622 -0.740157 -0.629921 
vn -0.23622 -0.937008 0.267717 
vn -0.322835 -0.755906 -0.574803 
vn -0.779528 0.322835 0.535433 
vn -0.346457 0.267717 0.897638 
vn -0.503937 0.259843 0.818898 
vn -0.716535 0.314961 0.622047 
vn -0.929134 0.299213 0.204724 
vn -0.937008 0.322835 0.149606 
vn -0.834646 0.251969 0.488189 
vn 0.779528 0.322835 0.535433 
vn 0.346457 0.267717 0.897638 
vn 0.716535 0.314961 0.622047 
vn 0.929134 0.299213 0.204724 
vn 0.503937 0.259843 0.818898 
vn 0.937008 0.322835 0.149606 
vn 0.834646 0.251969 0.488189 
vn -0.338583 0.188976 0.92126 
vn -0.0944882 0.110236 0.992126 
vn -0.0393701 0.173228 0.984252 
vn 0.125984 0.11811 0.984252 
vn -0.259843 0.582677 0.771654 
vn -0.480315 0.11811 0.874016 
vn 0.0866142 0.133858 0.984252 
vn 0.0472441 0.11811 0.992126 
vn -0.0314961 0.511811 0.858268 
vn -0.598425 0.543307 0.590551 
vn 0 0.535433 0.84252 
vn -0.0393701 0.905512 0.417323 
vn -0.212598 0.929134 0.299213 
vn -0.669291 0.188976 0.716535 
vn -0.559055 0.795276 0.228346 
vn -0.850394 0.377953 0.370079 
vn -0.88189 0.275591 0.377953 
vn -0.826772 0.543307 0.149606 
vn -0.574803 0.811024 0.0944882 
vn -0.220472 0.976378 0.0629921 
vn -0.00787402 1 0.0472441 
vn 0.0393701 0.952756 0.291339 
vn 0.0472441 1 0.023622 
vn 0 1 0.0551181 
vn -0.0472441 0.96063 0.267717 
vn -0.251969 0.598425 0.76378 
vn -0.346457 0.188976 0.92126 
vn -0.354331 0.181102 0.913386 
vn -0.393701 0.188976 0.897638 
vn -0.566929 0.23622 0.787402 
vn -0.448819 0.259843 0.850394 
vn -0.228346 0.598425 0.771654 
vn 0.0393701 0.244094 0.968504 
vn 0.0393701 0.212598 0.976378 
vn -0.00787402 0.19685 0.984252 
vn 0.110236 0.181102 0.976378 
vn 0.023622 0.173228 0.984252 
vn -0.574803 0.212598 0.795276 
vn 0.110236 0.149606 0.984252 
vn -0.338583 0.574803 0.740157 
vn -0.228346 -0.244094 0.944882 
vn -0.149606 0.606299 0.779528 
vn 0 -0.291339 0.952756 
vn 0 0.614173 0.795276 
vn -0.330709 -0.267717 0.905512 
vn -0.307087 0.425197 0.850394 
vn -0.456693 -0.574803 0.685039 
vn -0.637795 -0.464567 0.614173 
vn -0.401575 0.291339 0.866142 
vn -0.84252 -0.362205 0.401575 
vn -0.700787 0.433071 0.566929 
vn -0.834646 -0.440945 0.330709 
vn -0.574803 0.535433 0.614173 
vn -0.850394 -0.291339 0.440945 
vn -0.377953 0.385827 0.84252 
vn -0.905512 -0.385827 0.19685 
vn -0.669291 0.267717 0.692913 
vn -0.80315 -0.551181 -0.228346 
vn -0.944882 0.0866142 0.314961 
vn -0.984252 -0.141732 0.0787402 
vn -0.511811 -0.677165 -0.527559 
vn -0.590551 -0.566929 -0.574803 
vn -0.984252 -0.0708661 -0.149606 
vn -0.937008 0.19685 -0.283465 
vn -0.480315 -0.480315 -0.732283 
vn -0.566929 -0.291339 -0.771654 
vn -0.952756 0.275591 -0.125984 
vn -0.96063 0.259843 0.0944882 
vn -0.661417 -0.0866142 -0.740157 
vn -0.771654 0.0787402 -0.629921 
vn -0.937008 0.267717 0.220472 
vn -0.929134 0.299213 0.23622 
vn -0.771654 0.0944882 -0.629921 
vn 0.338583 0.574803 0.740157 
vn 0.228346 -0.244094 0.944882 
vn 0.330709 -0.267717 0.905512 
vn 0.149606 0.614173 0.779528 
vn 0 -0.291339 0.952756 
vn 0 0.614173 0.795276 
vn 0.307087 0.425197 0.850394 
vn 0.456693 -0.574803 0.685039 
vn 0.637795 -0.464567 0.614173 
vn 0.401575 0.291339 0.866142 
vn 0.84252 -0.362205 0.401575 
vn 0.700787 0.433071 0.566929 
vn 0.834646 -0.440945 0.330709 
vn 0.582677 0.535433 0.614173 
vn 0.850394 -0.283465 0.440945 
vn 0.377953 0.385827 0.84252 
vn 0.905512 -0.385827 0.19685 
vn 0.669291 0.267717 0.692913 
vn 0.80315 -0.551181 -0.228346 
vn 0.944882 0.0866142 0.314961 
vn 0.984252 -0.141732 0.0787402 
vn 0.511811 -0.677165 -0.527559 
vn 0.590551 -0.566929 -0.574803 
vn 0.984252 -0.0708661 -0.149606 
vn 0.937008 0.19685 -0.283465 
vn 0.480315 -0.480315 -0.732283 
vn 0.566929 -0.291339 -0.771654 
vn 0.952756 0.275591 -0.125984 
vn 0.96063 0.259843 0.0944882 
vn 0.661417 -0.0866142 -0.740157 
vn 0.771654 0.0787402 -0.629921 
vn 0.937008 0.267717 0.220472 
vn 0.92126 0.299213 0.23622 
vn 0.771654 0.0944882 -0.629921 
vn 0.622047 0.551181 0.559055 
vn 0.125984 0.401575 0.905512 
vn -0.0393701 0.582677 0.811024 
vn 0.425197 0.716535 0.551181 
vn 0.740157 0.370079 0.559055 
vn 0.0866142 0.346457 0.937008 
vn 0.503937 0.645669 0.566929 
vn 0.543307 0.614173 0.574803 
vn 0.937008 0.149606 0.322835 
vn 0.401575 0.76378 0.503937 
vn 0.527559 0.614173 0.582677 
vn 0.700787 0.543307 0.456693 
vn 0.984252 -0.0708661 0.181102 
vn 0.874016 0.448819 0.19685 
vn 0.559055 0.716535 0.409449 
vn 0.771654 0.606299 0.173228 
vn 0.535433 0.622047 0.566929 
vn 0.80315 0.519685 0.283465 
vn 0.574803 0.409449 0.708661 
vn 0.637795 0.409449 0.653543 
vn 0.897638 0.354331 0.259843 
vn 0.724409 0.354331 0.590551 
vn 0.0866142 0.338583 0.937008 
vn 0.645669 0.267717 0.716535 
vn 0.716535 0.377953 0.590551 
vn 0.685039 0.322835 0.653543 
vn 0.606299 0.314961 0.732283 
vn 0.740157 0.267717 0.614173 
vn 0.976378 0.220472 0.0393701 
vn 0.787402 0.307087 0.535433 
vn 0.968504 0.259843 -0.0472441 
vn 0.748031 0.307087 0.590551 
vn 0.96063 0.291339 0.0393701 
vn 0.606299 0.283465 0.740157 
vn 0.661417 0.220472 0.716535 
vn 0.748031 0.244094 0.614173 
vn 0.96063 0.244094 0.110236 
vn 0.645669 0.212598 0.732283 
vn 0.787402 0.165354 0.598425 
vn 0.984252 0.141732 0.0629921 
vn -0.629921 0.188976 0.755906 
vn -0.488189 0.141732 0.858268 
vn 0.015748 0.212598 0.976378 
vn -0.685039 0.228346 0.692913 
vn -0.023622 0.0787402 1 
vn -0.00787402 0.244094 0.968504 
vn 0.015748 0.165354 0.984252 
vn -0.377953 0.19685 0.905512 
vn -0.110236 0.307087 0.944882 
vn -0.393701 0.283465 0.874016 
vn -0.377953 0.19685 0.905512 
vn -0.346457 0.228346 0.905512 
vn -0.228346 0.204724 0.952756 
vn -0.212598 0.204724 0.952756 
vn -0.283465 0.307087 0.905512 
vn -0.244094 0.291339 0.92126 
vn -0.23622 0.259843 0.937008 
vn 0 0.204724 0.976378 
vn 0 0.212598 0.976378 
vn 0 0.322835 0.944882 
vn 0.212598 0.204724 0.952756 
vn 0.220472 0.204724 0.952756 
vn 0.23622 0.259843 0.937008 
vn 0 0.433071 0.905512 
vn 0.283465 0.307087 0.905512 
vn -0.322835 0.409449 0.850394 
vn 0.322835 0.409449 0.850394 
vn -0.409449 0.393701 0.826772 
vn 0 0.456693 0.889764 
vn -0.330709 0.433071 0.84252 
vn -0.110236 0.354331 0.929134 
vn -0.417323 0.425197 0.80315 
vn 0 0.488189 0.874016 
vn 0.330709 0.433071 0.84252 
vn -0.322835 0.456693 0.826772 
vn 0.322835 0.456693 0.826772 
vn -0.165354 0.425197 0.889764 
vn 0 0.598425 0.80315 
vn -0.425197 0.433071 0.795276 
vn -0.314961 0.559055 0.76378 
vn -0.165354 0.440945 0.88189 
vn -0.0787402 0.480315 0.874016 
vn -0.0866142 0.543307 0.834646 
vn -0.692913 0.291339 0.661417 
vn -0.716535 0.401575 0.566929 
vn -0.425197 0.535433 0.732283 
vn -0.669291 0.362205 0.645669 
vn -0.275591 0.661417 0.700787 
vn -0.653543 0.259843 0.708661 
vn -0.566929 0.19685 0.80315 
vn -0.0866142 0.11811 0.992126 
vn -0.11811 0.173228 0.976378 
vn -0.220472 0.110236 0.968504 
vn -0.188976 0.133858 0.976378 
vn -0.19685 0.110236 0.976378 
vn -0.606299 0.133858 0.779528 
vn -0.629921 0.173228 0.755906 
vn -0.661417 0.220472 0.716535 
vn -0.669291 0.133858 0.732283 
vn -0.661417 0.173228 0.732283 
vn -0.84252 0.0787402 0.535433 
vn -1 0.023622 -0.0393701 
vn -0.787402 0.165354 0.598425 
vn -0.984252 0.141732 0.0629921 
vn -0.96063 0.23622 0.110236 
vn -0.645669 0.212598 0.732283 
vn -0.748031 0.244094 0.614173 
vn -0.96063 0.291339 0.0393701 
vn -0.606299 0.283465 0.740157 
vn -0.748031 0.307087 0.590551 
vn -0.968504 0.259843 -0.0472441 
vn -0.606299 0.314961 0.732283 
vn -0.787402 0.307087 0.535433 
vn -0.976378 0.220472 0.0393701 
vn -0.740157 0.267717 0.614173 
vn -0.897638 0.354331 0.259843 
vn -0.685039 0.322835 0.653543 
vn -0.637795 0.409449 0.653543 
vn -0.80315 0.519685 0.283465 
vn -0.645669 0.267717 0.716535 
vn -0.716535 0.377953 0.590551 
vn -0.141732 0.204724 0.968504 
vn -0.0866142 0.338583 0.937008 
vn -0.0314961 0.291339 0.952756 
vn -0.724409 0.354331 0.590551 
vn -0.574803 0.409449 0.708661 
vn -0.0866142 0.346457 0.937008 
vn -0.740157 0.370079 0.559055 
vn -0.535433 0.622047 0.566929 
vn -0.771654 0.606299 0.173228 
vn -0.527559 0.622047 0.582677 
vn -0.559055 0.716535 0.409449 
vn -0.874016 0.448819 0.19685 
vn -0.700787 0.543307 0.456693 
vn -0.984252 -0.0708661 0.181102 
vn -0.401575 0.76378 0.503937 
vn -0.622047 0.551181 0.559055 
vn -0.125984 0.401575 0.905512 
vn -0.0551181 -0.92126 -0.385827 
vn -0.787402 -0.488189 -0.370079 
vn 0 -0.976378 -0.228346 
vn -0.755906 -0.527559 -0.377953 
vn 0.0393701 -0.984252 -0.181102 
vn -0.677165 -0.590551 -0.440945 
vn -0.330709 -0.598425 -0.724409 
vn 0.15748 -0.952756 -0.267717 
vn 0.0629921 -0.519685 -0.850394 
vn 0.338583 -0.92126 -0.188976 
vn 0.125984 -0.488189 -0.866142 
vn 0.228346 -0.968504 -0.11811 
vn 0.133858 -0.377953 -0.913386 
vn 0.15748 -0.952756 -0.267717 
vn 0.244094 -0.11811 -0.96063 
vn 0.267717 -0.84252 -0.464567 
vn 0.377953 0.181102 -0.905512 
vn 0.417323 -0.614173 -0.669291 
vn 0 0.330709 -0.944882 
vn 0 -0.677165 -0.740157 
vn 0.0629921 -0.92126 -0.385827 
vn 0.787402 -0.488189 -0.370079 
vn 0 -0.976378 -0.228346 
vn 0.755906 -0.535433 -0.377953 
vn -0.0393701 -0.984252 -0.181102 
vn 0.677165 -0.590551 -0.440945 
vn 0.330709 -0.598425 -0.724409 
vn -0.15748 -0.952756 -0.267717 
vn -0.0629921 -0.519685 -0.850394 
vn -0.338583 -0.92126 -0.188976 
vn -0.125984 -0.488189 -0.866142 
vn -0.228346 -0.968504 -0.11811 
vn -0.133858 -0.377953 -0.913386 
vn -0.15748 -0.952756 -0.267717 
vn -0.244094 -0.11811 -0.96063 
vn -0.267717 -0.84252 -0.464567 
vn -0.377953 0.181102 -0.905512 
vn -0.417323 -0.614173 -0.669291 
vn 0 0.330709 -0.944882 
vn 0 -0.677165 -0.740157 
vn -0.307087 0.755906 0.574803 
vn -0.19685 0.692913 0.692913 
vn -0.362205 0.708661 0.606299 
vn -0.11811 0.771654 0.629921 
vn -0.354331 0.417323 0.834646 
vn 0 0.685039 0.732283 
vn -0.173228 0.464567 0.866142 
vn -0.362205 -0.0551181 0.929134 
vn -0.220472 -0.00787402 0.976378 
vn 0 0.779528 0.629921 
vn 0 0.480315 0.874016 
vn 0 0.0708661 1 
vn 0.220472 -0.00787402 0.976378 
vn 0.173228 0.464567 0.866142 
vn 0.362205 -0.0551181 0.929134 
vn 0.11811 0.771654 0.629921 
vn 0.354331 0.417323 0.834646 
vn 0.370079 0.259843 0.889764 
vn 0.464567 -0.15748 0.874016 
vn 0.307087 0.755906 0.574803 
vn 0.645669 -0.181102 0.740157 
vn 0.19685 0.692913 0.692913 
vn 0.314961 0.314961 0.897638 
vn 0.629921 0.456693 0.622047 
vn 0.826772 0.212598 0.519685 
vn 0.0944882 0.748031 0.661417 
vn 0.685039 0.527559 0.511811 
vn 0.00787402 0.724409 0.692913 
vn 0.362205 0.708661 0.606299 
vn 0.102362 0.708661 0.700787 
vn 0.275591 0.661417 0.700787 
vn 0.417323 0.637795 0.653543 
vn -0.023622 0.677165 0.740157 
vn 0 0.677165 0.732283 
vn 0.314961 0.559055 0.76378 
vn 0.425197 0.535433 0.732283 
vn 0.425197 0.433071 0.795276 
vn 0.417323 0.425197 0.80315 
vn 0.0787402 0.480315 0.874016 
vn 0.409449 0.393701 0.826772 
vn 0.165354 0.425197 0.889764 
vn 0.110236 0.354331 0.929134 
vn 0.393701 0.283465 0.874016 
vn 0.00787402 0.244094 0.968504 
vn 0.377953 0.19685 0.905512 
vn -0.015748 0.165354 0.984252 
vn 0.377953 0.19685 0.905512 
vn -0.023622 0.173228 0.984252 
vn -0.110236 0.149606 0.984252 
vn 0.346457 0.228346 0.905512 
vn 0.00787402 0.19685 0.984252 
vn 0.244094 0.291339 0.92126 
vn -0.0393701 0.212598 0.976378 
vn -0.110236 0.181102 0.976378 
vn 0.574803 0.212598 0.795276 
vn 0.629921 0.188976 0.755906 
vn -0.015748 0.212598 0.976378 
vn 0.685039 0.228346 0.692913 
vn 0.110236 0.307087 0.944882 
vn 0.165354 0.440945 0.88189 
vn 0.692913 0.291339 0.661417 
vn 0.0866142 0.543307 0.834646 
vn 0.716535 0.401575 0.566929 
vn 0.669291 0.362205 0.645669 
vn 0.653543 0.259843 0.708661 
vn 0.488189 0.141732 0.858268 
vn 0.566929 0.19685 0.80315 
vn 0.0866142 0.11811 0.992126 
vn 0.023622 0.0787402 1 
vn 0.11811 0.173228 0.976378 
vn 0.220472 0.110236 0.968504 
vn 0.188976 0.133858 0.976378 
vn 0.141732 0.204724 0.968504 
vn 0.0314961 0.291339 0.952756 
vn 0.0472441 0.314961 0.952756 
vn 0.76378 0.338583 0.543307 
vn 0.76378 0.440945 0.472441 
vn -0.0314961 0.401575 0.913386 
vn 0.669291 0.488189 0.566929 
vn 0.795276 0.456693 0.401575 
vn -0.00787402 0.574803 0.818898 
vn 0.622047 0.598425 0.503937 
vn 0.023622 0.535433 0.84252 
vn 0.755906 0.488189 0.433071 
vn -0.015748 0.590551 0.80315 
vn 0.023622 0.622047 0.779528 
vn 0.614173 0.614173 0.488189 
vn 0.488189 0.669291 0.559055 
vn 0.511811 0.708661 0.496063 
vn 0.440945 0.661417 0.606299 
vn 0.425197 0.645669 0.629921 
vn 0.0314961 0.629921 0.771654 
vn 0.141732 0.551181 0.826772 
vn 0.362205 0.488189 0.795276 
vn 0.0551181 0.574803 0.818898 
vn 0.574803 0.354331 0.732283 
vn 0.976378 -0.0629921 0.188976 
vn -0.133858 0.637795 0.755906 
vn 0.228346 0.598425 0.771654 
vn 0.84252 0.23622 0.472441 
vn -0.015748 0.653543 0.755906 
vn -0.102362 0.606299 0.787402 
vn 0.00787402 0.84252 0.543307 
vn -0.472441 0.76378 0.433071 
vn -0.535433 0.582677 0.606299 
vn -0.188976 0.629921 0.755906 
vn 0.0944882 0.968504 0.244094 
vn -0.566929 0.622047 0.543307 
vn 0.259843 0.826772 0.496063 
vn -0.677165 0.401575 0.614173 
vn -0.740157 0.322835 0.598425 
vn -0.425197 0.385827 0.818898 
vn -0.440945 0.314961 0.84252 
vn -0.322835 0.472441 0.818898 
vn 0 0.669291 0.748031 
vn 0.299213 0.748031 0.590551 
vn -0.251969 0.606299 0.755906 
vn -0.598425 0.330709 0.732283 
vn -0.133858 0.771654 0.622047 
vn -0.913386 0.165354 0.370079 
vn -0.692913 0.488189 0.527559 
vn -0.566929 0.653543 0.503937 
vn -0.929134 0.259843 0.259843 
vn -1 -0.0393701 0.0393701 
vn -0.84252 0.370079 0.393701 
vn -0.968504 0.251969 -0.00787402 
vn -0.976378 -0.00787402 -0.212598 
vn -0.874016 0.393701 0.291339 
vn -0.937008 0.181102 -0.291339 
vn -0.748031 0.606299 0.259843 
vn -0.905512 0.417323 0 
vn -0.96063 0.244094 -0.133858 
vn -0.614173 0.559055 0.559055 
vn -0.866142 0.433071 0.244094 
vn -0.84252 0.307087 0.440945 
vn -0.968504 0.220472 0.0708661 
vn -0.519685 0.346457 0.779528 
vn -0.952756 0.23622 0.19685 
vn -0.740157 0.259843 0.622047 
vn -0.370079 0.228346 0.897638 
vn -0.716535 0.314961 0.622047 
vn -0.929134 0.299213 0.204724 
vn -0.346457 0.267717 0.897638 
vn 0.472441 0.76378 0.433071 
vn -0.00787402 0.84252 0.543307 
vn 0.535433 0.582677 0.606299 
vn 0.188976 0.629921 0.755906 
vn -0.0944882 0.968504 0.244094 
vn 0.566929 0.622047 0.543307 
vn -0.259843 0.826772 0.496063 
vn 0.677165 0.401575 0.614173 
vn 0.740157 0.322835 0.598425 
vn 0.425197 0.385827 0.818898 
vn 0.440945 0.314961 0.84252 
vn 0.322835 0.472441 0.818898 
vn 0 0.669291 0.748031 
vn -0.299213 0.748031 0.590551 
vn 0.244094 0.606299 0.755906 
vn 0.598425 0.330709 0.732283 
vn 0.133858 0.771654 0.622047 
vn 0.913386 0.165354 0.370079 
vn 0.692913 0.488189 0.527559 
vn 0.566929 0.653543 0.503937 
vn 0.929134 0.259843 0.259843 
vn 1 -0.0393701 0.0393701 
vn 0.84252 0.370079 0.393701 
vn 0.968504 0.251969 -0.00787402 
vn 0.976378 -0.00787402 -0.212598 
vn 0.874016 0.393701 0.291339 
vn 0.937008 0.181102 -0.291339 
vn 0.748031 0.606299 0.259843 
vn 0.905512 0.417323 0 
vn 0.96063 0.244094 -0.133858 
vn 0.622047 0.559055 0.559055 
vn 0.866142 0.433071 0.244094 
vn 0.84252 0.307087 0.440945 
vn 0.968504 0.220472 0.0708661 
vn 0.519685 0.346457 0.779528 
vn 0.952756 0.23622 0.19685 
vn 0.740157 0.259843 0.622047 
vn 0.370079 0.228346 0.897638 
vn 0.716535 0.314961 0.622047 
vn 0.929134 0.299213 0.204724 
vn 0.346457 0.267717 0.897638 
vn 0.0866142 -0.905512 -0.425197 
vn 0.606299 -0.629921 -0.488189 
vn 0.0708661 -0.92126 -0.377953 
vn -0.11811 -0.811024 -0.574803 
vn -0.448819 -0.88189 -0.165354 
vn -0.275591 -0.944882 -0.15748 
vn -0.614173 -0.755906 -0.228346 
vn -0.346457 -0.929134 -0.102362 
vn -0.456693 -0.779528 -0.425197 
vn -0.464567 -0.834646 -0.291339 
vn -0.228346 -0.724409 -0.645669 
vn -0.307087 -0.818898 -0.488189 
vn -0.110236 -0.889764 -0.433071 
vn 0.228346 -0.700787 -0.677165 
vn 0.165354 -0.818898 -0.551181 
vn 0.716535 -0.511811 -0.464567 
vn 0.566929 -0.653543 -0.503937 
vn 0.228346 -0.80315 -0.543307 
vn 0.92126 -0.244094 -0.291339 
vn 0.677165 -0.629921 -0.377953 
vn 0.944882 -0.267717 -0.173228 
vn 0.354331 -0.740157 -0.566929 
vn 0.858268 -0.511811 -0.102362 
vn 0.606299 -0.645669 -0.456693 
vn 0.322835 -0.669291 -0.669291 
vn 0.795276 -0.496063 -0.346457 
vn 0.220472 -0.496063 -0.834646 
vn 0.543307 -0.527559 -0.645669 
vn 0.748031 -0.338583 -0.566929 
vn 0.110236 -0.244094 -0.96063 
vn 0.448819 -0.307087 -0.834646 
vn 0.653543 -0.251969 -0.716535 
vn 0.362205 -0.19685 -0.913386 
vn 0.015748 -0.11811 -0.992126 
vn 0.314961 -0.259843 -0.913386 
vn 0.629921 -0.314961 -0.708661 
vn -0.015748 -0.181102 -0.984252 
vn -0.0866142 -0.905512 -0.425197 
vn -0.606299 -0.629921 -0.488189 
vn -0.0708661 -0.92126 -0.377953 
vn 0.11811 -0.811024 -0.574803 
vn 0.448819 -0.88189 -0.165354 
vn 0.275591 -0.944882 -0.15748 
vn 0.614173 -0.755906 -0.228346 
vn 0.354331 -0.929134 -0.102362 
vn 0.456693 -0.779528 -0.425197 
vn 0.228346 -0.724409 -0.645669 
vn 0.472441 -0.834646 -0.291339 
vn 0.307087 -0.818898 -0.488189 
vn -0.228346 -0.700787 -0.677165 
vn 0.102362 -0.889764 -0.433071 
vn -0.165354 -0.818898 -0.551181 
vn -0.716535 -0.511811 -0.464567 
vn -0.566929 -0.653543 -0.503937 
vn -0.228346 -0.80315 -0.543307 
vn -0.92126 -0.244094 -0.291339 
vn -0.677165 -0.629921 -0.377953 
vn -0.944882 -0.267717 -0.173228 
vn -0.354331 -0.740157 -0.566929 
vn -0.858268 -0.511811 -0.102362 
vn -0.606299 -0.653543 -0.456693 
vn -0.322835 -0.677165 -0.669291 
vn -0.795276 -0.496063 -0.346457 
vn -0.220472 -0.496063 -0.834646 
vn -0.543307 -0.527559 -0.645669 
vn -0.748031 -0.338583 -0.566929 
vn -0.110236 -0.244094 -0.96063 
vn -0.448819 -0.307087 -0.834646 
vn -0.653543 -0.251969 -0.716535 
vn -0.362205 -0.19685 -0.913386 
vn -0.015748 -0.11811 -0.992126 
vn -0.314961 -0.259843 -0.913386 
vn -0.629921 -0.314961 -0.708661 
vn 0.015748 -0.181102 -0.984252 
vn 0.724409 -0.291339 -0.622047 
vn -0.0314961 -0.338583 0.937008 
vn 0.606299 -0.307087 0.732283 
vn -0.0472441 -0.480315 -0.874016 
vn 0.566929 -0.259843 -0.779528 
vn -0.0472441 -0.393701 -0.92126 
vn 0.401575 -0.141732 -0.905512 
vn 0.00787402 -0.19685 -0.976378 
vn -0.653543 0.566929 -0.503937 
vn 0.267717 0.92126 -0.275591 
vn -0.787402 0.11811 -0.598425 
vn 0.488189 0.0708661 -0.874016 
vn -0.779528 -0.110236 -0.622047 
vn 0.653543 0.0629921 -0.755906 
vn 0.472441 0.23622 -0.850394 
vn -0.527559 -0.267717 -0.811024 
vn 0.787402 0.0472441 -0.622047 
vn 0.637795 0.244094 -0.732283 
vn 0.488189 0.645669 -0.582677 
vn -0.149606 -0.15748 -0.976378 
vn 0.440945 0.874016 -0.220472 
vn 0.629921 0.653543 -0.425197 
vn 0.535433 0.84252 -0.0866142 
vn 0.740157 0.614173 -0.275591 
vn 0.622047 0.779528 0.0866142 
vn -0.0708661 -0.354331 0.929134 
vn 0.771654 0.251969 -0.590551 
vn 0.393701 -0.00787402 0.92126 
vn -0.527559 -0.795276 0.291339 
vn 0.708661 0.0314961 0.708661 
vn -0.574803 -0.598425 0.559055 
vn -0.511811 -0.850394 0.0866142 
vn -0.503937 -0.23622 0.826772 
vn 0.708661 -0.141732 0.692913 
vn -0.622047 -0.661417 0.409449 
vn -0.456693 -0.88189 -0.0866142 
vn -0.669291 -0.708661 0.220472 
vn -0.149606 -0.15748 -0.976378 
vn -0.527559 -0.267717 -0.811024 
vn -0.779528 -0.110236 -0.622047 
vn -0.637795 -0.259843 0.724409 
vn -0.76378 -0.275591 0.582677 
vn -0.787402 0.11811 -0.598425 
vn -0.519685 -0.0944882 0.850394 
vn -0.661417 -0.0629921 0.748031 
vn -0.787402 -0.0314961 0.622047 
vn -0.661417 0.385827 0.645669 
vn -0.653543 0.566929 -0.503937 
vn 0.267717 0.92126 -0.275591 
vn 0.11811 0.606299 0.787402 
vn 0.0629921 0.425197 0.905512 
vn -0.566929 0.275591 0.779528 
vn 0.0314961 0.322835 0.944882 
vn -0.472441 0.173228 0.866142 
vn 0.755906 -0.330709 -0.566929 
vn 0.732283 -0.23622 -0.637795 
vn 0.141732 -0.204724 -0.968504 
vn 0.0866142 -0.338583 -0.937008 
vn 0.0314961 -0.291339 -0.952756 
vn 0.559055 -0.275591 -0.779528 
vn 0.76378 -0.377953 -0.519685 
vn 0.519685 -0.299213 -0.80315 
vn 0.76378 -0.354331 -0.543307 
vn 0.0866142 -0.338583 -0.937008 
vn 0.590551 -0.204724 -0.779528 
vn 0.606299 -0.125984 -0.779528 
vn 0.0551181 -0.307087 -0.952756 
vn 0.141732 -0.0787402 -0.984252 
vn 0.346457 -0.0944882 -0.937008 
vn -0.480315 -0.110236 -0.866142 
vn -0.330709 -0.448819 -0.826772 
vn -0.606299 0.0393701 -0.795276 
vn 0.0551181 -0.102362 -0.992126 
vn -0.669291 0.0944882 -0.740157 
vn 0.00787402 -0.125984 -0.992126 
vn -0.708661 0.133858 -0.692913 
vn -0.0393701 -0.165354 -0.984252 
vn -0.771654 0.0944882 -0.629921 
vn -0.771654 0.0787402 -0.629921 
vn -0.0393701 -0.15748 -0.984252 
vn 0.551181 -0.251969 -0.795276 
vn -0.00787402 -0.307087 -0.952756 
vn -0.661417 -0.0866142 -0.740157 
vn 0.464567 -0.401575 -0.787402 
vn 0.0472441 -0.574803 -0.818898 
vn -0.566929 -0.291339 -0.771654 
vn 0.779528 -0.362205 -0.511811 
vn 0.448819 -0.637795 -0.629921 
vn 0.188976 -0.740157 -0.645669 
vn -0.480315 -0.480315 -0.732283 
vn -0.590551 -0.566929 -0.574803 
vn 0.133858 -0.401575 -0.905512 
vn 0.669291 -0.543307 -0.503937 
vn 0.346457 -0.795276 -0.496063 
vn 0.354331 -0.732283 -0.574803 
vn 0.629921 -0.511811 -0.590551 
vn -0.511811 -0.677165 -0.527559 
vn 0.598425 -0.606299 -0.527559 
vn -0.80315 -0.551181 -0.228346 
vn 0.417323 -0.740157 -0.535433 
vn 0.551181 -0.590551 -0.590551 
vn 0.370079 -0.653543 -0.661417 
vn -0.905512 -0.385827 0.19685 
vn -0.0472441 -0.590551 -0.811024 
vn -0.023622 -0.653543 -0.755906 
vn 0.228346 -0.598425 -0.76378 
vn -0.0629921 -0.677165 -0.732283 
vn -0.850394 -0.291339 0.440945 
vn -0.0393701 -0.401575 -0.913386 
vn -0.102362 -0.606299 -0.787402 
vn -0.133858 -0.637795 -0.755906 
vn 0.0629921 -0.574803 -0.818898 
vn -0.23622 -0.708661 -0.669291 
vn 0.0866142 -0.897638 -0.433071 
vn -0.834646 -0.440945 0.330709 
vn 0.440945 -0.661417 -0.606299 
vn 0.488189 -0.677165 -0.551181 
vn 0.023622 -0.92126 -0.385827 
vn -0.84252 -0.362205 0.401575 
vn -0.637795 -0.464567 0.614173 
vn 0.503937 -0.708661 -0.496063 
vn 0.614173 -0.614173 -0.488189 
vn 0.622047 -0.598425 -0.503937 
vn 0.755906 -0.496063 -0.425197 
vn -0.023622 -0.677165 -0.732283 
vn 0.669291 -0.480315 -0.566929 
vn 0.795276 -0.456693 -0.401575 
vn -0.015748 -0.598425 -0.80315 
vn -0.00787402 -0.574803 -0.818898 
vn 0.76378 -0.338583 -0.551181 
vn 0.76378 -0.440945 -0.472441 
vn 0.0866142 -0.543307 -0.834646 
vn 0.669291 -0.362205 -0.645669 
vn 0.724409 -0.401575 -0.566929 
vn 0.692913 -0.291339 -0.661417 
vn 0.653543 -0.259843 -0.708661 
vn 0.685039 -0.228346 -0.692913 
vn 0.165354 -0.433071 -0.88189 
vn 0.110236 -0.307087 -0.944882 
vn -0.015748 -0.212598 -0.976378 
vn 0.00787402 -0.244094 -0.968504 
vn 0.110236 -0.354331 -0.929134 
vn 0.165354 -0.425197 -0.889764 
vn 0.0787402 -0.472441 -0.874016 
vn 0.417323 -0.425197 -0.80315 
vn 0.023622 -0.535433 -0.84252 
vn 0.425197 -0.433071 -0.795276 
vn 0.425197 -0.535433 -0.732283 
vn 0.023622 -0.622047 -0.779528 
vn 0.417323 -0.637795 -0.653543 
vn 0.102362 -0.708661 -0.700787 
vn 0 -0.724409 -0.685039 
vn -0.244094 -0.850394 -0.464567 
vn -0.456693 -0.574803 0.685039 
vn 0.0866142 -0.748031 -0.661417 
vn -0.0551181 -0.952756 -0.307087 
vn 0.125984 -0.984252 -0.125984 
vn -0.330709 -0.267717 0.905512 
vn 0.307087 -0.755906 -0.574803 
vn 0.362205 -0.708661 -0.606299 
vn 0.283465 -0.661417 -0.700787 
vn 0.19685 -0.692913 -0.692913 
vn 0.11811 -0.76378 -0.629921 
vn -0.023622 -0.992126 -0.102362 
vn -0.228346 -0.244094 0.944882 
vn 0 -0.771654 -0.637795 
vn 0 -1 -0.0629921 
vn 0 -0.291339 0.952756 
vn 0.228346 -0.244094 0.944882 
vn 0.023622 -0.992126 -0.102362 
vn 0.330709 -0.267717 0.905512 
vn 0 -0.685039 -0.732283 
vn -0.11811 -0.76378 -0.629921 
vn -0.125984 -0.984252 -0.125984 
vn 0.456693 -0.574803 0.685039 
vn -0.19685 -0.692913 -0.692913 
vn -0.307087 -0.755906 -0.574803 
vn 0.0551181 -0.952756 -0.307087 
vn 0.244094 -0.850394 -0.464567 
vn 0.637795 -0.464567 0.614173 
vn -0.0866142 -0.748031 -0.661417 
vn -0.0314961 -0.92126 -0.385827 
vn 0.84252 -0.362205 0.401575 
vn 0 -0.724409 -0.685039 
vn 0.834646 -0.440945 0.330709 
vn -0.102362 -0.708661 -0.700787 
vn -0.362205 -0.708661 -0.606299 
vn -0.283465 -0.661417 -0.700787 
vn -0.417323 -0.637795 -0.653543 
vn 0 -0.677165 -0.732283 
vn 0.322835 -0.559055 -0.76378 
vn 0.330709 -0.456693 -0.826772 
vn 0 -0.598425 -0.80315 
vn -0.322835 -0.559055 -0.76378 
vn -0.425197 -0.535433 -0.732283 
vn -0.330709 -0.456693 -0.826772 
vn 0 -0.488189 -0.874016 
vn 0.338583 -0.433071 -0.834646 
vn -0.425197 -0.433071 -0.795276 
vn 0.409449 -0.393701 -0.826772 
vn 0.393701 -0.283465 -0.874016 
vn -0.015748 -0.165354 -0.984252 
vn 0.330709 -0.409449 -0.850394 
vn 0.377953 -0.19685 -0.905512 
vn 0 -0.456693 -0.889764 
vn -0.023622 -0.173228 -0.984252 
vn 0.291339 -0.307087 -0.905512 
vn 0 -0.433071 -0.905512 
vn -0.338583 -0.433071 -0.834646 
vn -0.330709 -0.409449 -0.850394 
vn 0 -0.330709 -0.944882 
vn 0.228346 -0.204724 -0.952756 
vn 0.377953 -0.19685 -0.905512 
vn 0.19685 0.913386 -0.362205 
vn 0.0787402 0.897638 -0.425197 
vn -0.598425 0.346457 0.724409 
vn -0.84252 0.488189 -0.228346 
vn -0.480315 0.393701 0.779528 
vn 0.346457 0.889764 -0.307087 
vn -0.370079 0.393701 0.84252 
vn 0.606299 0.566929 0.559055 
vn -0.937008 0.149606 0.322835 
vn -0.976378 -0.0629921 0.188976 
vn -0.503937 0.645669 0.566929 
vn -0.425197 0.716535 0.551181 
vn 0.0393701 0.582677 0.811024 
vn -0.543307 0.614173 0.574803 
vn 0.015748 0.653543 0.755906 
vn -0.84252 0.23622 0.472441 
vn -0.220472 0.598425 0.771654 
vn -0.574803 0.354331 0.732283 
vn -0.362205 0.488189 0.795276 
vn -0.141732 0.551181 0.826772 
vn -0.0314961 0.629921 0.771654 
vn -0.0551181 0.574803 0.818898 
vn 0.133858 0.637795 0.755906 
vn 0.102362 0.606299 0.787402 
vn -0.425197 0.645669 0.629921 
vn -0.685039 0.527559 0.511811 
vn -0.440945 0.661417 0.606299 
vn -0.488189 0.669291 0.559055 
vn -0.622047 0.598425 0.503937 
vn -0.629921 0.456693 0.622047 
vn -0.826772 0.212598 0.519685 
vn -0.645669 -0.181102 0.740157 
vn -0.511811 0.708661 0.496063 
vn -0.314961 0.314961 0.897638 
vn -0.614173 0.614173 0.488189 
vn -0.00787402 0.724409 0.692913 
vn -0.370079 0.251969 0.889764 
vn -0.464567 -0.15748 0.874016 
vn -0.0944882 0.748031 0.661417 
vn 0.023622 0.677165 0.740157 
vn -0.102362 0.708661 0.700787 
vn -0.023622 0.622047 0.779528 
vn -0.417323 0.637795 0.653543 
vn 0.015748 0.590551 0.80315 
vn -0.023622 0.535433 0.84252 
vn 0.00787402 0.574803 0.818898 
vn -0.755906 0.488189 0.433071 
vn -0.795276 0.456693 0.401575 
vn -0.669291 0.488189 0.566929 
vn -0.76378 0.440945 0.472441 
vn -0.76378 0.338583 0.543307 
vn 0.0314961 0.401575 0.913386 
vn -0.0472441 0.314961 0.952756 
vn -0.133858 -0.401575 -0.905512 
vn -0.669291 -0.543307 -0.503937 
vn 0.0472441 -0.590551 -0.811024 
vn -0.779528 -0.362205 -0.511811 
vn 0.102362 -0.606299 -0.787402 
vn 0.023622 -0.653543 -0.755906 
vn 0.133858 -0.637795 -0.755906 
vn -0.228346 -0.598425 -0.76378 
vn -0.0551181 -0.574803 -0.818898 
vn 0.0629921 -0.677165 -0.732283 
vn -0.0866142 -0.338583 -0.937008 
vn -0.76378 -0.354331 -0.543307 
vn -0.0866142 -0.338583 -0.937008 
vn 0.23622 -0.708661 -0.669291 
vn 0.850394 -0.283465 0.440945 
vn -0.0314961 -0.291339 -0.952756 
vn -0.141732 -0.204724 -0.968504 
vn -0.110236 -0.173228 -0.976378 
vn -0.0472441 -0.307087 -0.952756 
vn -0.669291 -0.362205 -0.645669 
vn -0.653543 -0.259843 -0.708661 
vn 0.0393701 -0.401575 -0.913386 
vn -0.76378 -0.338583 -0.551181 
vn -0.669291 -0.480315 -0.566929 
vn -0.622047 -0.598425 -0.503937 
vn -0.76378 -0.440945 -0.472441 
vn -0.488189 -0.677165 -0.551181 
vn -0.795276 -0.456693 -0.401575 
vn -0.755906 -0.496063 -0.425197 
vn -0.440945 -0.661417 -0.606299 
vn -0.614173 -0.614173 -0.488189 
vn -0.0866142 -0.897638 -0.433071 
vn -0.503937 -0.708661 -0.496063 
vn 0.023622 -0.677165 -0.732283 
vn -0.023622 -0.622047 -0.779528 
vn 0.015748 -0.598425 -0.80315 
vn -0.023622 -0.535433 -0.84252 
vn 0.00787402 -0.574803 -0.818898 
vn -0.0787402 -0.472441 -0.874016 
vn -0.0866142 -0.543307 -0.834646 
vn -0.165354 -0.425197 -0.889764 
vn -0.417323 -0.425197 -0.80315 
vn -0.724409 -0.401575 -0.566929 
vn -0.165354 -0.433071 -0.88189 
vn -0.692913 -0.291339 -0.661417 
vn -0.685039 -0.228346 -0.692913 
vn -0.110236 -0.307087 -0.944882 
vn -0.110236 -0.354331 -0.929134 
vn -0.409449 -0.393701 -0.826772 
vn -0.00787402 -0.244094 -0.968504 
vn -0.393701 -0.283465 -0.874016 
vn -0.291339 -0.307087 -0.905512 
vn -0.377953 -0.19685 -0.905512 
vn 0.015748 -0.165354 -0.984252 
vn 0.015748 -0.212598 -0.976378 
vn 0.110236 -0.149606 -0.984252 
vn 0.023622 -0.173228 -0.984252 
vn -0.377953 -0.19685 -0.905512 
vn -0.629921 -0.188976 -0.755906 
vn -0.488189 -0.149606 -0.858268 
vn -0.393701 -0.188976 -0.897638 
vn -0.566929 -0.204724 -0.795276 
vn -0.566929 -0.23622 -0.787402 
vn 0.110236 -0.181102 -0.976378 
vn 0.0393701 -0.212598 -0.976378 
vn -0.448819 -0.259843 -0.850394 
vn -0.338583 -0.181102 -0.92126 
vn -0.251969 -0.598425 -0.76378 
vn 0 -0.188976 -0.984252 
vn -0.346457 -0.228346 -0.905512 
vn -0.0314961 -0.23622 -0.968504 
vn 0.0393701 -0.244094 -0.968504 
vn -0.23622 -0.598425 -0.771654 
vn -0.0708661 -0.952756 -0.299213 
vn -0.015748 -0.606299 -0.795276 
vn -0.0314961 -0.629921 -0.779528 
vn -0.0944882 -0.645669 -0.76378 
vn -0.00787402 -0.968504 -0.244094 
vn 0 -0.976378 -0.220472 
vn 0.0393701 -0.968504 -0.244094 
vn 0.023622 -1 0.0629921 
vn 0.015748 -1 0.0393701 
vn 0.0314961 -1 0.023622 
vn 0.0314961 -1 0.0551181 
vn 0.0393701 -1 0.0708661 
vn 0.0629921 -1 0.0393701 
vn 0.0393701 -1 0.023622 
vn 0.0472441 -1 0 
vn 0.0314961 -1 -0.015748 
vn 0.110236 -0.992126 0.0314961 
vn 0.0393701 -1 0.00787402 
vn 0.0787402 -1 -0.00787402 
vn 0.102362 -0.992126 0.00787402 
vn -0.330709 -0.188976 -0.92126 
vn -0.0866142 -0.11811 -0.992126 
vn -0.0314961 -0.173228 -0.984252 
vn 0.125984 -0.11811 -0.984252 
vn -0.259843 -0.582677 -0.771654 
vn -0.480315 -0.11811 -0.874016 
vn 0.0944882 -0.133858 -0.984252 
vn 0.0472441 -0.11811 -0.992126 
vn -0.023622 -0.511811 -0.858268 
vn -0.0393701 -0.905512 -0.417323 
vn 0 -0.535433 -0.84252 
vn -0.354331 -0.181102 -0.913386 
vn -0.740157 -0.401575 -0.543307 
vn 0.204724 -0.755906 -0.622047 
vn -0.771654 -0.503937 0.385827 
vn 0.283465 -0.787402 -0.543307 
vn -0.685039 -0.559055 0.472441 
vn 0.401575 -0.787402 -0.472441 
vn -0.582677 -0.566929 0.582677 
vn 0.440945 -0.700787 0.566929 
vn -0.732283 -0.23622 -0.637795 
vn -0.755906 -0.330709 -0.566929 
vn -0.559055 -0.275591 -0.779528 
vn -0.519685 -0.299213 -0.80315 
vn -0.00787402 -0.125984 -0.992126 
vn 0.0393701 -0.165354 -0.984252 
vn 0.708661 0.133858 -0.692913 
vn 0.771654 0.0944882 -0.629921 
vn 0.771654 0.0787402 -0.629921 
vn 0.0393701 -0.15748 -0.984252 
vn -0.76378 -0.377953 -0.519685 
vn -0.551181 -0.251969 -0.795276 
vn 0.00787402 -0.307087 -0.952756 
vn 0.661417 -0.0866142 -0.740157 
vn -0.464567 -0.401575 -0.787402 
vn -0.0472441 -0.574803 -0.818898 
vn 0.566929 -0.291339 -0.771654 
vn -0.188976 -0.740157 -0.645669 
vn 0.480315 -0.480315 -0.732283 
vn 0.590551 -0.566929 -0.574803 
vn -0.448819 -0.637795 -0.629921 
vn -0.354331 -0.732283 -0.574803 
vn -0.629921 -0.511811 -0.590551 
vn 0.511811 -0.677165 -0.527559 
vn 0.80315 -0.551181 -0.228346 
vn -0.346457 -0.795276 -0.496063 
vn -0.598425 -0.606299 -0.527559 
vn -0.370079 -0.653543 -0.661417 
vn 0.905512 -0.385827 0.19685 
vn -0.551181 -0.590551 -0.590551 
vn -0.417323 -0.740157 -0.535433 
vn -0.110236 -0.181102 -0.976378 
vn -0.11811 -0.149606 -0.984252 
vn 0.566929 -0.204724 -0.795276 
vn 0.629921 -0.188976 -0.755906 
vn 0.393701 -0.188976 -0.897638 
vn 0.488189 -0.149606 -0.858268 
vn -0.0472441 -0.11811 -0.992126 
vn -0.125984 -0.11811 -0.984252 
vn 0.0866142 -0.11811 -0.992126 
vn 0.19685 -0.110236 -0.976378 
vn 0.023622 -0.0787402 -1 
vn 0.559055 -0.19685 -0.80315 
vn 0.220472 -0.110236 -0.968504 
vn 0.0866142 -0.11811 -0.992126 
vn 0.622047 -0.11811 -0.771654 
vn 0.480315 -0.11811 -0.874016 
vn 0.692913 -0.141732 -0.708661 
vn 0.685039 -0.15748 -0.708661 
vn 0.188976 -0.133858 -0.976378 
vn 0.110236 -0.173228 -0.976378 
vn 0.653543 -0.0944882 -0.755906 
vn 0.606299 -0.228346 -0.76378 
vn 0.685039 -0.551181 -0.472441 
vn -0.228346 -0.724409 -0.645669 
vn 0.708661 -0.622047 -0.330709 
vn -0.102362 -0.866142 -0.488189 
vn 0.724409 -0.637795 -0.251969 
vn -0.149606 -0.92126 -0.354331 
vn 0.748031 -0.622047 -0.244094 
vn -0.0551181 -0.944882 -0.330709 
vn 0.771654 -0.582677 -0.259843 
vn -0.102362 -0.905512 -0.409449 
vn 0.787402 -0.614173 -0.0787402 
vn -0.0551181 -0.92126 -0.385827 
vn 0.771654 -0.629921 0.110236 
vn 0 -0.976378 -0.228346 
vn 0.779528 -0.574803 0.251969 
vn 0.0393701 -0.984252 -0.181102 
vn 0.661417 -0.543307 0.519685 
vn 0.15748 -0.952756 -0.267717 
vn 0.338583 -0.92126 -0.188976 
vn 0.370079 -0.582677 0.724409 
vn 0.228346 -0.968504 -0.11811 
vn 0.141732 -0.661417 0.732283 
vn 0.0472441 -0.771654 0.637795 
vn 0.15748 -0.952756 -0.267717 
vn 0.0629921 -0.897638 0.425197 
vn 0.267717 -0.84252 -0.464567 
vn 0.125984 -0.984252 0.125984 
vn 0.417323 -0.614173 -0.669291 
vn 0 -0.677165 -0.740157 
vn 0 -1 -0.0393701 
vn 0 -0.188976 -0.984252 
vn 0.346457 -0.228346 -0.905512 
vn 0.212598 -0.204724 -0.952756 
vn 0.0314961 -0.23622 -0.968504 
vn 0 -0.212598 -0.976378 
vn -0.228346 -0.204724 -0.952756 
vn 0.244094 -0.259843 -0.937008 
vn 0 -0.204724 -0.976378 
vn -0.212598 -0.204724 -0.952756 
vn 0.244094 -0.291339 -0.92126 
vn 0 -0.259843 -0.968504 
vn -0.244094 -0.259843 -0.937008 
vn 0.212598 -0.362205 -0.905512 
vn -0.212598 -0.362205 -0.905512 
vn -0.244094 -0.291339 -0.92126 
vn 0 -0.393701 -0.92126 
vn -0.0708661 -0.669291 -0.740157 
vn 0.0708661 -0.669291 -0.740157 
vn 0 -0.685039 -0.724409 
vn 0.0944882 -0.645669 -0.76378 
vn -0.0393701 -0.968504 -0.244094 
vn 0 -0.976378 -0.212598 
vn 0.0314961 -0.629921 -0.779528 
vn 0.015748 -0.606299 -0.795276 
vn 0 -0.976378 -0.220472 
vn 0 -1 0.0708661 
vn 0.00787402 -0.968504 -0.244094 
vn 0.0708661 -0.952756 -0.299213 
vn -0.023622 -1 0.0629921 
vn -0.015748 -1 0.0393701 
vn -0.19685 -0.110236 -0.976378 
vn -0.023622 -0.0787402 -1 
vn -0.622047 -0.11811 -0.771654 
vn -0.220472 -0.110236 -0.968504 
vn -0.692913 -0.141732 -0.708661 
vn -0.0866142 -0.11811 -0.992126 
vn -0.559055 -0.19685 -0.80315 
vn -0.188976 -0.133858 -0.976378 
vn -0.685039 -0.15748 -0.708661 
vn -0.653543 -0.0944882 -0.755906 
vn -0.606299 -0.125984 -0.779528 
vn -0.338583 -0.0944882 -0.937008 
vn -0.590551 -0.204724 -0.779528 
vn -0.141732 -0.0787402 -0.984252 
vn 0.480315 -0.110236 -0.866142 
vn 0.606299 0.0393701 -0.795276 
vn 0.330709 -0.448819 -0.826772 
vn -0.0551181 -0.102362 -0.992126 
vn 0.669291 0.0944882 -0.740157 
vn -0.606299 -0.228346 -0.76378 
vn -0.685039 -0.551181 -0.472441 
vn 0.228346 -0.724409 -0.645669 
vn -0.708661 -0.622047 -0.330709 
vn 0.102362 -0.866142 -0.488189 
vn -0.724409 -0.637795 -0.251969 
vn 0.149606 -0.92126 -0.354331 
vn -0.748031 -0.622047 -0.244094 
vn 0.0551181 -0.944882 -0.330709 
vn -0.771654 -0.582677 -0.259843 
vn 0.0944882 -0.905512 -0.409449 
vn -0.787402 -0.614173 -0.0787402 
vn 0.0629921 -0.92126 -0.385827 
vn -0.771654 -0.629921 0.110236 
vn 0 -0.976378 -0.228346 
vn -0.779528 -0.574803 0.251969 
vn -0.0393701 -0.984252 -0.181102 
vn -0.661417 -0.543307 0.519685 
vn -0.15748 -0.952756 -0.267717 
vn -0.338583 -0.92126 -0.188976 
vn -0.370079 -0.582677 0.724409 
vn -0.228346 -0.968504 -0.11811 
vn -0.141732 -0.661417 0.732283 
vn -0.0472441 -0.771654 0.637795 
vn -0.15748 -0.952756 -0.267717 
vn -0.0629921 -0.897638 0.425197 
vn -0.267717 -0.84252 -0.464567 
vn -0.125984 -0.984252 0.125984 
vn -0.417323 -0.614173 -0.669291 
vn 0 -0.677165 -0.740157 
vn 0 -1 -0.0393701 
vn 0.0393701 -0.905512 -0.417323 
vn -0.0551181 -1 -0.023622 
vn -0.0472441 -0.952756 -0.291339 
vn 0 -0.535433 -0.84252 
vn 0.582677 -0.811024 -0.0944882 
vn 0.338583 -0.944882 -0.023622 
vn 0.220472 -0.976378 -0.0629921 
vn 0.0393701 -1 -0.00787402 
vn 0.669291 -0.740157 -0.0393701 
vn -0.0787402 -1 -0.00787402 
vn 0 -1 -0.0551181 
vn 0.0472441 -0.96063 -0.275591 
vn -0.0314961 -1 -0.015748 
vn 0.251969 -0.598425 -0.76378 
vn 0.338583 -0.181102 -0.92126 
vn -0.0944882 -0.133858 -0.984252 
vn 0.354331 -0.181102 -0.913386 
vn 0.566929 -0.23622 -0.787402 
vn 0.448819 -0.259843 -0.850394 
vn 0.23622 -0.598425 -0.771654 
vn -0.0393701 -0.212598 -0.976378 
vn -0.0393701 -0.244094 -0.968504 
vn -0.661417 0.0393701 -0.748031 
vn -0.740157 -0.338583 0.574803 
vn -0.748031 -0.00787402 -0.661417 
vn -0.496063 0.0866142 -0.866142 
vn -0.80315 -0.417323 0.425197 
vn 0.338583 -0.212598 0.913386 
vn -0.606299 0.0393701 -0.795276 
vn -0.322835 0.110236 -0.937008 
vn -0.708661 -0.244094 0.669291 
vn 0.456693 -0.125984 0.88189 
vn 0.496063 -0.102362 0.866142 
vn -0.779528 -0.0866142 -0.622047 
vn 0.503937 -0.00787402 0.858268 
vn 0.606299 -0.0472441 0.795276 
vn 0.614173 0 0.787402 
vn -0.748031 -0.275591 0.598425 
vn 0.653543 0.015748 0.755906 
vn 0.724409 0.023622 0.692913 
vn 0.874016 0.330709 -0.346457 
vn 0.76378 0.267717 -0.582677 
vn 0.779528 0.0393701 0.629921 
vn 0.748031 0.188976 -0.629921 
vn 0.425197 0.0787402 0.905512 
vn 0.566929 0.133858 0.811024 
vn 0.692913 0.19685 0.692913 
vn 0.795276 0.346457 -0.496063 
vn 0.11811 0.606299 0.787402 
vn 0.267717 0.92126 -0.275591 
vn 0.0629921 0.425197 0.905512 
vn 0.0314961 0.322835 0.944882 
vn -0.0314961 -0.338583 0.937008 
vn -0.708661 -0.181102 -0.685039 
vn -0.0472441 -0.480315 -0.874016 
vn -0.653543 -0.023622 -0.755906 
vn -0.559055 -0.133858 -0.818898 
vn -0.0472441 -0.393701 -0.92126 
vn -0.440945 0.0708661 -0.889764 
vn 0.874016 0.330709 -0.346457 
vn 0.76378 0.267717 -0.582677 
vn -0.503937 0.023622 -0.866142 
vn 0.748031 0.188976 -0.629921 
vn -0.385827 -0.0551181 -0.92126 
vn 0.00787402 -0.19685 -0.976378 
vn 0.795276 0.346457 -0.496063 
vn 0.267717 0.92126 -0.275591 
vn 0.0314961 -0.173228 -0.984252 
vn 0.330709 -0.188976 -0.92126 
vn 0.259843 -0.582677 -0.771654 
vn 0.669291 -0.188976 -0.716535 
vn 0.598425 -0.543307 -0.590551 
vn 0.023622 -0.511811 -0.858268 
vn 0.850394 -0.377953 -0.370079 
vn 0.212598 -0.929134 -0.299213 
vn 0.559055 -0.795276 -0.228346 
vn 0.00787402 -1 -0.0472441 
vn 0.826772 -0.543307 -0.149606 
vn -0.787402 -0.165354 -0.590551 
vn -0.685039 -0.23622 -0.685039 
vn -0.535433 -0.165354 -0.826772 
vn -0.905512 -0.133858 -0.401575 
vn -0.771654 -0.23622 -0.598425 
vn -0.354331 -0.307087 -0.88189 
vn -0.535433 -0.472441 -0.700787 
vn -0.204724 -0.125984 -0.968504 
vn -0.834646 -0.291339 -0.464567 
vn -0.984252 -0.0629921 -0.173228 
vn -0.653543 -0.566929 -0.496063 
vn -0.488189 -0.19685 -0.850394 
vn -0.125984 -0.11811 -0.984252 
vn -0.732283 -0.307087 -0.614173 
vn -0.905512 -0.322835 -0.275591 
vn -1 -0.0787402 -0.023622 
vn -0.905512 -0.370079 -0.19685 
vn -0.692913 -0.629921 -0.362205 
vn -1 -0.0787402 -0.023622 
vn -0.409449 -0.259843 -0.874016 
vn -0.629921 -0.314961 -0.708661 
vn -0.0393701 -0.165354 -0.984252 
vn -0.314961 -0.259843 -0.913386 
vn 0.015748 -0.181102 -0.984252 
vn -0.913386 -0.362205 -0.165354 
vn -1 -0.0551181 -0.015748 
vn -0.708661 -0.637795 -0.299213 
vn -0.929134 -0.338583 -0.141732 
vn 0.905512 -0.133858 -0.401575 
vn 0.787402 -0.165354 -0.590551 
vn 0.685039 -0.23622 -0.685039 
vn 0.535433 -0.165354 -0.826772 
vn 0.771654 -0.23622 -0.598425 
vn 0.834646 -0.291339 -0.464567 
vn 0.984252 -0.0629921 -0.173228 
vn 0.354331 -0.307087 -0.88189 
vn 0.535433 -0.472441 -0.700787 
vn 0.204724 -0.125984 -0.968504 
vn 0.653543 -0.566929 -0.496063 
vn 0.905512 -0.322835 -0.275591 
vn 1 -0.0787402 -0.023622 
vn 0.488189 -0.19685 -0.850394 
vn 0.11811 -0.11811 -0.984252 
vn 0.732283 -0.307087 -0.614173 
vn 0.905512 -0.370079 -0.19685 
vn 1 -0.0787402 -0.023622 
vn 0.692913 -0.629921 -0.362205 
vn 0.409449 -0.259843 -0.874016 
vn 0.629921 -0.314961 -0.708661 
vn 0.0393701 -0.165354 -0.984252 
vn 0.314961 -0.259843 -0.913386 
vn -0.015748 -0.181102 -0.984252 
vn 0.913386 -0.362205 -0.165354 
vn 0.708661 -0.637795 -0.299213 
vn 1 -0.0551181 -0.015748 
vn 0.929134 -0.338583 -0.141732 
vn -0.598425 0.0629921 0.80315 
vn 0.440945 -0.700787 0.566929 
vn 0.700787 -0.0944882 0.708661 
vn 0.401575 -0.787402 -0.472441 
vn -0.582677 -0.566929 0.582677 
vn -0.740157 0.0944882 0.661417 
vn -0.685039 -0.559055 0.472441 
vn -0.771654 -0.503937 0.385827 
vn -0.614173 -0.0708661 0.787402 
vn -0.850394 0.11811 0.511811 
vn -0.740157 -0.401575 -0.543307 
vn -0.606299 0.015748 -0.795276 
vn -0.755906 -0.0944882 0.645669 
vn -0.866142 -0.11811 0.480315 
vn -0.566929 0.015748 -0.818898 
vn -0.779528 -0.015748 -0.622047 
vn -0.708661 -0.291339 0.637795 
vn -0.937008 -0.0866142 -0.338583 
vn -0.425197 -0.165354 0.889764 
vn -0.582677 -0.23622 0.779528 
vn -0.149606 -0.173228 0.976378 
vn -0.330709 -0.23622 0.913386 
vn -0.488189 -0.291339 0.818898 
vn -0.322835 -0.204724 0.92126 
vn -0.984252 -0.125984 -0.133858 
vn -0.141732 -0.165354 0.976378 
vn -0.23622 -0.0944882 0.968504 
vn -0.992126 -0.0944882 -0.0314961 
vn -0.0472441 -0.0708661 1 
vn -0.204724 0 0.976378 
vn -1 0.0393701 -0.00787402 
vn -0.96063 0.275591 -0.015748 
vn -0.00787402 0 1 
vn 0 -0.015748 1 
vn -0.19685 0.0393701 0.976378 
vn -0.913386 0.409449 -0.015748 
vn -0.188976 0.0314961 0.984252 
vn 0 -0.0472441 1 
vn 0.173228 -0.102362 0.976378 
vn 0.181102 -0.0551181 0.984252 
vn 0.346457 0.889764 -0.307087 
vn 0.716535 0.00787402 0.700787 
vn 0.834646 0.19685 -0.511811 
vn 0.984252 0.015748 -0.188976 
vn 0.708661 0.244094 -0.661417 
vn 0.19685 0.913386 -0.362205 
vn 0.385827 -0.0314961 0.92126 
vn 0.559055 0.291339 -0.771654 
vn 0.992126 -0.0472441 -0.141732 
vn 0.314961 -0.023622 0.952756 
vn 0.0787402 0.897638 -0.425197 
vn 0.496063 -0.0629921 0.866142 
vn 0.929134 0.0472441 -0.370079 
vn 0.944882 -0.0629921 -0.330709 
vn 0.944882 -0.0314961 -0.338583 
vn 0.755906 -0.102362 0.645669 
vn 0.858268 -0.0629921 -0.511811 
vn 0.858268 -0.0708661 -0.503937 
vn 0.740157 -0.0866142 -0.669291 
vn 0.480315 -0.0472441 -0.874016 
vn -0.519685 0.0708661 -0.850394 
vn 0.834646 0.0787402 -0.543307 
vn -0.307087 0.00787402 -0.952756 
vn -0.314961 0.0393701 -0.952756 
vn -0.653543 0.0629921 -0.755906 
vn -0.84252 0.488189 -0.228346 
vn -0.984252 -0.0629921 0.188976 
vn -0.818898 -0.275591 0.503937 
vn -0.598425 0.346457 0.724409 
vn -0.480315 0.393701 0.779528 
vn -0.984252 0.0787402 0.15748 
vn -0.929134 -0.0472441 0.370079 
vn -0.716535 -0.244094 0.653543 
vn -0.370079 0.393701 0.84252 
vn -0.582677 -0.188976 0.787402 
vn 0.606299 0.566929 0.559055 
vn 0.716535 0.00787402 0.700787 
vn -0.850394 -0.023622 0.527559 
vn 0.385827 -0.0314961 0.92126 
vn -0.944882 0.0629921 0.330709 
vn -0.866142 0.0393701 0.496063 
vn 0.314961 -0.023622 0.952756 
vn -0.929134 0.110236 0.354331 
vn -0.858268 0.0629921 0.511811 
vn -0.748031 0.00787402 0.661417 
vn 0.496063 -0.0629921 0.866142 
vn -0.76378 0.110236 -0.637795 
vn -0.76378 0.0866142 0.637795 
vn -0.645669 0.023622 0.76378 
vn -0.496063 -0.0314961 0.866142 
vn 0.755906 -0.102362 0.645669 
vn -0.937008 0.0708661 -0.346457 
vn -0.527559 0.0314961 0.850394 
vn -0.370079 -0.00787402 0.929134 
vn -0.19685 -0.0551181 0.976378 
vn 0.929134 -0.0787402 0.362205 
vn 0.984252 0.0551181 0.141732 
vn 0.0393701 -0.0393701 1 
vn 0.937008 0.346457 0.0393701 
vn -0.141732 -0.0314961 0.992126 
vn 0.149606 0.00787402 0.992126 
vn 0.858268 0.519685 0.015748 
vn 0.173228 0.0314961 0.984252 
vn -0.00787402 -0.0472441 1 
vn 0.0314961 -0.0551181 1 
vn -0.133858 -0.15748 0.976378 
vn -0.322835 -0.0314961 0.944882 
vn -0.188976 -0.11811 0.976378 
vn -0.834646 -0.551181 0.023622 
vn -0.992126 -0.0866142 -0.11811 
vn -0.92126 -0.385827 -0.00787402 
vn -0.204724 -0.0708661 -0.976378 
vn -0.181102 -0.0393701 -0.984252 
vn -0.0629921 -0.00787402 -1 
vn 0 0.0393701 -1 
vn -0.0393701 0.0472441 -1 
vn 0.11811 0.141732 -0.984252 
vn 0.173228 -0.00787402 -0.984252 
vn 0.133858 0.0314961 -0.992126 
vn 0.362205 0.00787402 -0.929134 
vn 0.165354 0.110236 -0.976378 
vn 0.937008 0.346457 0.0393701 
vn 0.858268 0.519685 0.015748 
vn 0.314961 0.0551181 -0.944882 
vn 0.984252 0.0551181 0.141732 
vn 0.535433 0.023622 -0.84252 
vn 0.929134 -0.0787402 0.362205 
vn 0.779528 0 -0.622047 
vn 0.645669 -0.023622 -0.76378 
vn 0.275591 -0.76378 -0.582677 
vn 0.566929 -0.771654 -0.283465 
vn 0.889764 -0.0866142 -0.448819 
vn 0.661417 -0.740157 0.0944882 
vn 0.417323 -0.0787402 -0.905512 
vn 0.992126 -0.0393701 0.141732 
vn 0 -0.76378 -0.645669 
vn 0.771654 0.0472441 0.637795 
vn 0 -0.0629921 -1 
vn 0.551181 -0.677165 0.480315 
vn 0.417323 -0.582677 0.700787 
vn 0.511811 0.133858 0.850394 
vn -0.425197 -0.0787402 -0.905512 
vn -0.275591 -0.76378 -0.582677 
vn -0.889764 -0.0866142 -0.448819 
vn -0.566929 -0.771654 -0.283465 
vn -0.661417 -0.740157 0.0944882 
vn -0.992126 -0.0393701 0.141732 
vn -0.771654 0.0472441 0.637795 
vn -0.551181 -0.677165 0.480315 
vn -0.417323 -0.582677 0.700787 
vn -0.511811 0.133858 0.850394 
vn -0.992126 0.00787402 0.133858 
vn -0.874016 -0.0787402 0.488189 
vn -0.795276 0.212598 -0.574803 
vn -0.748031 -0.00787402 0.661417 
vn 0.629921 0.188976 -0.755906 
vn 0.88189 0.110236 -0.456693 
vn 0.755906 0.0393701 -0.653543 
vn 0.944882 -0.0314961 -0.322835 
vn 0.84252 -0.0944882 -0.535433 
vn 0.976378 -0.15748 -0.165354 
vn 0.708661 -0.0866142 0.700787 
vn 0.299213 -0.149606 0.944882 
vn -0.181102 -0.15748 0.968504 
vn 0.92126 -0.228346 0.322835 
vn -0.244094 -0.0393701 0.968504 
vn 0.976378 -0.165354 0.165354 
vn 0.850394 -0.314961 0.425197 
vn 0 0.102362 0.992126 
vn 0.913386 -0.314961 0.259843 
vn 0.716535 -0.582677 0.385827 
vn 0.0472441 -0.80315 0.590551 
vn 0.354331 -0.015748 0.937008 
vn 0.519685 -0.00787402 0.858268 
vn -0.566929 -0.385827 0.724409 
vn 0.559055 -0.110236 0.818898 
vn -0.0472441 -0.874016 0.480315 
vn -0.622047 -0.015748 0.787402 
vn 0.708661 -0.417323 0.566929 
vn -0.685039 -0.393701 0.614173 
vn -0.748031 0 0.661417 
vn -0.291339 0.0866142 0.952756 
vn 0.740157 -0.669291 0 
vn 0.0314961 0.023622 1 
vn -0.448819 0.125984 0.88189 
vn -0.149606 0.0866142 0.984252 
vn -0.858268 0.015748 0.511811 
vn -0.606299 0.188976 0.771654 
vn -0.338583 0.188976 0.92126 
vn -0.125984 0.0393701 0.992126 
vn 0.307087 -0.472441 0.826772 
vn 0.314961 0.0472441 0.952756 
vn 0.850394 -0.448819 0.283465 
vn 0.850394 0.275591 0.440945 
vn 0.322835 -0.92126 0.212598 
vn 0.322835 0.755906 0.574803 
vn -0.23622 -0.937008 0.267717 
vn -0.23622 0.740157 0.629921 
vn -0.76378 0.244094 0.598425 
vn -0.125984 -0.488189 0.866142 
vn -0.755906 -0.480315 0.440945 
vn -0.771654 0.511811 -0.385827 
vn -0.338583 0.188976 0.92126 
vn -0.661417 0.724409 -0.19685 
vn 0.023622 -1 0.015748 
vn 0.00787402 -1 0.0393701 
vn 0 -0.992126 0.110236 
vn -0.00787402 -1 0.0472441 
vn 0.0551181 -1 0.015748 
vn 0.015748 -0.968504 0.259843 
vn 0 -0.850394 0.527559 
vn 0.023622 -0.716535 0.700787 
vn 0.0393701 -0.472441 0.88189 
vn 0.0314961 -0.976378 0.228346 
vn 0.0708661 -1 0.0314961 
vn 0.0708661 -1 0.015748 
vn -0.0314961 -0.275591 0.96063 
vn -0.023622 -0.141732 0.992126 
vn -0.0393701 -0.700787 0.716535 
vn -0.19685 -0.244094 0.952756 
vn -0.220472 -0.0944882 0.968504 
vn -0.00787402 -0.976378 0.228346 
vn -0.314961 -0.677165 0.661417 
vn -0.598425 -0.291339 0.748031 
vn -0.685039 -0.0472441 0.724409 
vn -0.19685 -0.929134 0.322835 
vn -0.889764 -0.275591 0.354331 
vn -0.92126 -0.0629921 0.385827 
vn -0.76378 -0.566929 0.314961 
vn -0.590551 -0.748031 0.307087 
vn -0.944882 -0.291339 0.15748 
vn -0.96063 -0.149606 0.228346 
vn -0.850394 -0.519685 0.0944882 
vn -0.338583 -0.937008 0.0944882 
vn -0.685039 -0.724409 0.0629921 
vn -0.944882 -0.299213 0.110236 
vn -0.976378 -0.181102 0.141732 
vn -0.0472441 -1 0.0708661 
vn -0.401575 -0.92126 0.00787402 
vn -0.0866142 -0.992126 0.015748 
vn -0.0393701 -1 -0.00787402 
vn -0.338583 -0.944882 -0.023622 
vn -0.637795 -0.771654 -0.0314961 
vn -0.669291 -0.740157 -0.0393701 
vn -0.755906 -0.661417 0 
vn -0.858268 -0.519685 -0.0314961 
vn -0.889764 -0.464567 0.0472441 
vn -0.968504 -0.23622 -0.023622 
vn -0.992126 -0.0944882 -0.023622 
vn -1 -0.0629921 -0.0629921 
vn -0.976378 -0.204724 -0.0708661 
vn -0.897638 -0.433071 -0.0708661 
vn -0.984252 -0.173228 -0.0708661 
vn -1 -0.0708661 -0.0472441 
vn -0.96063 -0.165354 -0.220472 
vn -0.992126 -0.0866142 -0.0314961 
vn -0.929134 -0.354331 -0.125984 
vn -0.748031 -0.661417 -0.0708661 
vn -0.582677 -0.811024 -0.0944882 
vn -0.826772 -0.543307 -0.149606 
vn -0.88189 -0.275591 -0.385827 
vn -0.220472 -0.976378 -0.0629921 
vn -0.559055 -0.795276 -0.228346 
vn -0.850394 -0.377953 -0.370079 
vn -0.811024 -0.165354 -0.559055 
vn -0.92126 -0.165354 -0.362205 
vn -0.984252 -0.11811 -0.149606 
vn -0.669291 -0.188976 -0.716535 
vn -0.598425 -0.543307 -0.590551 
vn -0.212598 -0.929134 -0.299213 
vn -0.00787402 -1 -0.0472441 
vn 0.0551181 -1 -0.023622 
vn 0.0472441 -0.952756 -0.291339 
vn 0 -1 -0.0551181 
vn -0.0472441 -0.96063 -0.275591 
vn -0.0314961 -1 0.023622 
vn -0.0314961 -1 0.0551181 
vn 0 -1 0.0551181 
vn -0.0393701 -1 0.0708661 
vn -0.0629921 -1 0.0393701 
vn -0.0393701 -1 0.023622 
vn -0.0472441 -1 0 
vn -0.110236 -0.992126 0.0314961 
vn -0.0393701 -1 0.00787402 
vn -0.023622 -1 0.015748 
vn -0.00787402 -1 0.0393701 
vn -0.102362 -0.992126 0.00787402 
vn 0 -0.992126 0.110236 
vn 0.00787402 -1 0.0472441 
vn -0.0551181 -1 0.015748 
vn -0.015748 -0.968504 0.259843 
vn 0 -0.850394 0.527559 
vn -0.0708661 -1 0.015748 
vn -0.0708661 -1 0.0314961 
vn -0.0314961 -0.976378 0.228346 
vn -0.023622 -0.716535 0.700787 
vn -0.0393701 -0.472441 0.88189 
vn 0.0866142 -0.992126 0.015748 
vn 0.0472441 -1 0.0708661 
vn 0.401575 -0.913386 0.00787402 
vn 0.0314961 -0.275591 0.96063 
vn 0.023622 -0.141732 0.992126 
vn 0.0393701 -0.700787 0.716535 
vn 0.19685 -0.244094 0.952756 
vn 0.220472 -0.0944882 0.968504 
vn 0.00787402 -0.976378 0.228346 
vn 0.598425 -0.291339 0.748031 
vn 0.685039 -0.0472441 0.724409 
vn 0.314961 -0.677165 0.661417 
vn 0.19685 -0.929134 0.322835 
vn 0.338583 -0.937008 0.0944882 
vn 0.889764 -0.275591 0.354331 
vn 0.92126 -0.0629921 0.385827 
vn 0.76378 -0.559055 0.314961 
vn 0.590551 -0.748031 0.307087 
vn 0.944882 -0.291339 0.15748 
vn 0.96063 -0.149606 0.228346 
vn 0.685039 -0.724409 0.0629921 
vn 0.850394 -0.519685 0.0944882 
vn 0.944882 -0.299213 0.110236 
vn 0.976378 -0.181102 0.141732 
vn 0.889764 -0.464567 0.0472441 
vn 0.968504 -0.23622 -0.023622 
vn 0.992126 -0.0944882 -0.023622 
vn 1 -0.0629921 -0.0629921 
vn 0.755906 -0.661417 0 
vn 0.858268 -0.519685 -0.0314961 
vn 0.637795 -0.771654 -0.0314961 
vn 0.976378 -0.204724 -0.0708661 
vn 0.897638 -0.433071 -0.0708661 
vn 0.984252 -0.173228 -0.0708661 
vn 1 -0.0708661 -0.0472441 
vn 0.748031 -0.661417 -0.0708661 
vn 0.929134 -0.354331 -0.125984 
vn 0.96063 -0.165354 -0.220472 
vn 0.992126 -0.0866142 -0.0314961 
vn 0.88189 -0.275591 -0.385827 
vn 0.811024 -0.165354 -0.559055 
vn 0.92126 -0.165354 -0.362205 
vn 0.984252 -0.11811 -0.149606 
vn 0.724409 -0.645669 -0.251969 
vn 1 -0.015748 -0.0314961 
vn 0.92126 -0.346457 -0.149606 
vn 0.755906 -0.606299 -0.251969 
vn 1 -0.00787402 0.023622 
vn 0.771654 -0.622047 -0.133858 
vn 0.944882 -0.330709 0.0314961 
vn 0.968504 -0.00787402 0.23622 
vn 0.92126 -0.322835 0.220472 
vn 0.755906 -0.645669 0.0708661 
vn 0.944882 0.00787402 0.322835 
vn 0.874016 -0.330709 0.362205 
vn 0.748031 -0.614173 0.251969 
vn 0.88189 0.0472441 0.472441 
vn 0.653543 -0.307087 0.685039 
vn 0.598425 -0.614173 0.511811 
vn 0.535433 0.102362 0.834646 
vn 0.354331 -0.606299 0.708661 
vn 0.291339 -0.291339 0.913386 
vn 0.102362 0.0944882 0.992126 
vn 0.204724 -0.645669 0.732283 
vn 0.102362 -0.307087 0.944882 
vn -0.00787402 0.023622 1 
vn 0.0551181 -0.448819 0.889764 
vn -0.0551181 -0.125984 0.992126 
vn 0.125984 -0.740157 0.661417 
vn -0.0944882 -0.283465 0.952756 
vn 0.023622 -0.653543 0.755906 
vn 0.149606 -0.858268 0.496063 
vn 0 -0.929134 0.377953 
vn 0 -0.834646 0.551181 
vn -0.11811 -0.748031 0.653543 
vn 0 -0.84252 0.535433 
vn -1 -0.015748 -0.0314961 
vn -0.724409 -0.645669 -0.251969 
vn -0.92126 -0.346457 -0.149606 
vn -0.748031 -0.606299 -0.251969 
vn -1 -0.00787402 0.023622 
vn -0.771654 -0.622047 -0.133858 
vn -0.944882 -0.330709 0.0314961 
vn -0.968504 -0.00787402 0.23622 
vn -0.92126 -0.322835 0.220472 
vn -0.755906 -0.645669 0.0708661 
vn -0.944882 0.00787402 0.322835 
vn -0.874016 -0.330709 0.362205 
vn -0.748031 -0.614173 0.251969 
vn -0.88189 0.0472441 0.472441 
vn -0.653543 -0.307087 0.685039 
vn -0.598425 -0.614173 0.511811 
vn -0.535433 0.102362 0.834646 
vn -0.354331 -0.606299 0.708661 
vn -0.291339 -0.291339 0.913386 
vn -0.102362 0.0944882 0.992126 
vn -0.204724 -0.645669 0.732283 
vn -0.102362 -0.307087 0.944882 
vn 0.00787402 0.023622 1 
vn -0.0551181 -0.448819 0.889764 
vn 0.0551181 -0.125984 0.992126 
vn -0.125984 -0.740157 0.661417 
vn 0.0944882 -0.283465 0.952756 
vn -0.023622 -0.653543 0.755906 
vn -0.149606 -0.858268 0.496063 
vn 0 -0.929134 0.377953 
vn 0 -0.834646 0.551181 
vn 0.11811 -0.748031 0.653543 
vn 0 -0.84252 0.535433 
vn -0.23622 0.88189 0.417323 
vn -0.0551181 0.897638 0.433071 
vn 0.0314961 1 0.023622 
vn 0 1 0.00787402 
vn 0 0.889764 0.448819 
vn -0.0944882 0.992126 0.0314961 
vn -0.125984 0.661417 0.740157 
vn 0 0.653543 0.755906 
vn -0.330709 0.622047 0.708661 
vn -0.165354 0.787402 0.590551 
vn 0.228346 0.88189 0.417323 
vn -0.0314961 1 0.023622 
vn 0.0551181 0.897638 0.433071 
vn 0 1 0.00787402 
vn 0 0.889764 0.448819 
vn 0.0944882 0.992126 0.0314961 
vn 0.125984 0.661417 0.740157 
vn 0 0.653543 0.755906 
vn 0.330709 0.622047 0.708661 
vn 0.165354 0.787402 0.590551 

vt 0.970111 0.533889 
vt 0.966142 0.537708 
vt 0.969602 0.532177 
vt 0.973289 0.529352 
vt 0.972712 0.528172 
vt 0.973507 0.529886 
vt 0.970292 0.534463 
vt 0.966282 0.538312 
vt 0.965658 0.535796 
vt 0.961328 0.541969 
vt 0.961218 0.541348 
vt 0.960814 0.539548 
vt 0.958111 0.543108 
vt 0.957514 0.541283 
vt 0.924296 0.52723 
vt 0.920328 0.52341 
vt 0.920837 0.521697 
vt 0.91715 0.518872 
vt 0.917728 0.517692 
vt 0.916932 0.519406 
vt 0.920146 0.523984 
vt 0.924157 0.527834 
vt 0.924781 0.525317 
vt 0.92911 0.531491 
vt 0.929221 0.530871 
vt 0.929625 0.529071 
vt 0.932327 0.532631 
vt 0.932925 0.530806 
vt 0.907672 0.52989 
vt 0.90865 0.524805 
vt 0.908698 0.530211 
vt 0.907681 0.523784 
vt 0.909188 0.534813 
vt 0.90987 0.530781 
vt 0.910204 0.535036 
vt 0.909804 0.525407 
vt 0.90622 0.517809 
vt 0.905398 0.517888 
vt 0.905421 0.517694 
vt 0.906232 0.517455 
vt 0.907332 0.517323 
vt 0.909026 0.520144 
vt 0.907565 0.517664 
vt 0.908302 0.51724 
vt 0.908487 0.517592 
vt 0.91014 0.517638 
vt 0.910843 0.521983 
vt 0.910501 0.518209 
vt 0.913438 0.519125 
vt 0.910277 0.519102 
vt 0.913474 0.519462 
vt 0.915313 0.52039 
vt 0.913298 0.52015 
vt 0.913173 0.521546 
vt 0.910875 0.526012 
vt 0.915283 0.520731 
vt 0.912822 0.524032 
vt 0.914833 0.521834 
vt 0.916586 0.522164 
vt 0.914638 0.523094 
vt 0.914182 0.523913 
vt 0.915433 0.523142 
vt 0.916399 0.522406 
vt 0.916852 0.524172 
vt 0.917099 0.523961 
vt 0.915739 0.524551 
vt 0.915368 0.524594 
vt 0.917242 0.526749 
vt 0.917479 0.526564 
vt 0.916164 0.526868 
vt 0.917829 0.529638 
vt 0.915251 0.527736 
vt 0.914879 0.52457 
vt 0.91659 0.52997 
vt 0.917644 0.529873 
vt 0.918316 0.532925 
vt 0.913876 0.527011 
vt 0.918124 0.532972 
vt 0.916719 0.53326 
vt 0.918295 0.536307 
vt 0.918479 0.536305 
vt 0.918283 0.539623 
vt 0.915211 0.530983 
vt 0.914663 0.528117 
vt 0.914658 0.531367 
vt 0.914984 0.533195 
vt 0.914125 0.531983 
vt 0.91359 0.531311 
vt 0.913758 0.534795 
vt 0.916442 0.535859 
vt 0.914932 0.536295 
vt 0.913725 0.536682 
vt 0.912807 0.534455 
vt 0.914806 0.539127 
vt 0.916309 0.539118 
vt 0.916241 0.541795 
vt 0.918119 0.539624 
vt 0.918069 0.542414 
vt 0.918242 0.542441 
vt 0.918301 0.545822 
vt 0.917472 0.545756 
vt 0.915376 0.545603 
vt 0.91675 0.549756 
vt 0.918158 0.54892 
vt 0.918152 0.545909 
vt 0.918367 0.548881 
vt 0.886347 0.530355 
vt 0.886748 0.533401 
vt 0.885845 0.534571 
vt 0.887141 0.539094 
vt 0.888964 0.530939 
vt 0.8881 0.526408 
vt 0.890026 0.529379 
vt 0.891133 0.535414 
vt 0.887756 0.543064 
vt 0.886704 0.540295 
vt 0.88604 0.542374 
vt 0.889876 0.536935 
vt 0.891678 0.540321 
vt 0.892745 0.539312 
vt 0.888204 0.538511 
vt 0.889645 0.541476 
vt 0.894102 0.542925 
vt 0.888717 0.541876 
vt 0.893325 0.543432 
vt 0.894169 0.545824 
vt 0.892275 0.54405 
vt 0.893124 0.546264 
vt 0.893628 0.548862 
vt 0.891678 0.544992 
vt 0.892366 0.547144 
vt 0.892749 0.549352 
vt 0.891666 0.549318 
vt 0.891278 0.547135 
vt 0.890522 0.54936 
vt 0.890433 0.544898 
vt 0.890194 0.547638 
vt 0.889363 0.545806 
vt 0.889463 0.549729 
vt 0.889862 0.555241 
vt 0.888607 0.556141 
vt 0.888918 0.547695 
vt 0.888468 0.551015 
vt 0.886733 0.552885 
vt 0.888226 0.545097 
vt 0.887631 0.548699 
vt 0.886823 0.545731 
vt 0.886 0.550043 
vt 0.885067 0.546594 
vt 0.88414 0.543973 
vt 0.883134 0.548767 
vt 0.882514 0.544909 
vt 0.884148 0.552267 
vt 0.884912 0.555274 
vt 0.882288 0.545029 
vt 0.883968 0.552419 
vt 0.88293 0.548934 
vt 0.911284 0.707062 
vt 0.910472 0.703986 
vt 0.912383 0.705529 
vt 0.912937 0.709259 
vt 0.911157 0.70766 
vt 0.913108 0.708703 
vt 0.913983 0.707537 
vt 0.914274 0.711224 
vt 0.914452 0.710681 
vt 0.915284 0.709407 
vt 0.915608 0.711957 
vt 0.915466 0.712511 
vt 0.91626 0.710614 
vt 0.917174 0.713291 
vt 0.917059 0.713866 
vt 0.91799 0.711635 
vt 0.919104 0.71517 
vt 0.91924 0.714599 
vt 0.920136 0.713311 
vt 0.922856 0.718461 
vt 0.922707 0.719015 
vt 0.923733 0.71742 
vt 0.925835 0.72183 
vt 0.925951 0.721253 
vt 0.925812 0.719316 
vt 0.928406 0.723372 
vt 0.926938 0.720169 
vt 0.928605 0.722797 
vt 0.928281 0.720868 
vt 0.929297 0.721237 
vt 0.964425 0.559865 
vt 0.963612 0.562941 
vt 0.962513 0.561408 
vt 0.96374 0.563539 
vt 0.961959 0.565138 
vt 0.961788 0.564583 
vt 0.960913 0.563416 
vt 0.960622 0.567103 
vt 0.960444 0.56656 
vt 0.959612 0.565286 
vt 0.959288 0.567836 
vt 0.95943 0.56839 
vt 0.958636 0.566494 
vt 0.957722 0.56917 
vt 0.957838 0.569746 
vt 0.956906 0.567515 
vt 0.955792 0.57105 
vt 0.955657 0.570478 
vt 0.95476 0.56919 
vt 0.95204 0.57434 
vt 0.95219 0.574894 
vt 0.951163 0.573299 
vt 0.949061 0.577709 
vt 0.948946 0.577132 
vt 0.949084 0.575195 
vt 0.946491 0.579251 
vt 0.947958 0.576048 
vt 0.946291 0.578676 
vt 0.946615 0.576747 
vt 0.945599 0.577116 
vt 0.900474 0.518709 
vt 0.900892 0.517674 
vt 0.900891 0.5187 
vt 0.900444 0.519443 
vt 0.900905 0.519427 
vt 0.900151 0.518761 
vt 0.901194 0.518745 
vt 0.900151 0.517625 
vt 0.901194 0.517621 
vt 0.900905 0.516945 
vt 0.900474 0.517674 
vt 0.900445 0.516938 
vt 0.91299 0.526637 
vt 0.912664 0.531497 
vt 0.912008 0.534713 
vt 0.911099 0.531252 
vt 0.906693 0.534207 
vt 0.907672 0.52989 
vt 0.906912 0.534517 
vt 0.904658 0.53762 
vt 0.907428 0.529812 
vt 0.904537 0.537104 
vt 0.907464 0.523925 
vt 0.901545 0.53917 
vt 0.907681 0.523784 
vt 0.905286 0.51828 
vt 0.905398 0.517888 
vt 0.901504 0.53857 
vt 0.898229 0.538667 
vt 0.898182 0.539277 
vt 0.895387 0.536829 
vt 0.895201 0.537325 
vt 0.8934 0.532676 
vt 0.893659 0.532396 
vt 0.892326 0.52579 
vt 0.89205 0.52581 
vt 0.893513 0.517639 
vt 0.8933 0.517292 
vt 0.978523 0.530805 
vt 0.978455 0.53197 
vt 0.978422 0.530809 
vt 0.978523 0.527827 
vt 0.978626 0.523175 
vt 0.97849 0.523189 
vt 0.978416 0.517007 
vt 0.978536 0.517074 
vt 0.978734 0.517194 
vt 0.978662 0.527823 
vt 0.978881 0.523157 
vt 0.978932 0.517299 
vt 0.978626 0.530801 
vt 0.979149 0.523155 
vt 0.979046 0.517361 
vt 0.979309 0.523163 
vt 0.978908 0.527826 
vt 0.97916 0.52784 
vt 0.979309 0.527855 
vt 0.97914 0.530901 
vt 0.979019 0.530863 
vt 0.978974 0.532032 
vt 0.978817 0.530819 
vt 0.978872 0.531994 
vt 0.978935 0.532582 
vt 0.978713 0.531959 
vt 0.978579 0.531959 
vt 0.978845 0.53257 
vt 0.978703 0.532564 
vt 0.978519 0.531978 
vt 0.978581 0.532571 
vt 0.978457 0.532578 
vt 0.978343 0.532575 
vt 0.978519 0.532578 
vt 0.978452 0.533509 
vt 0.978521 0.53351 
vt 0.978524 0.534777 
vt 0.978453 0.534781 
vt 0.978537 0.536281 
vt 0.978595 0.534784 
vt 0.978591 0.533509 
vt 0.978718 0.533506 
vt 0.978721 0.53479 
vt 0.978853 0.533505 
vt 0.978935 0.533507 
vt 0.978851 0.534793 
vt 0.978926 0.534796 
vt 0.978887 0.536318 
vt 0.978825 0.536313 
vt 0.97878 0.537864 
vt 0.978715 0.536307 
vt 0.978739 0.537853 
vt 0.939153 0.573116 
vt 0.941511 0.575378 
vt 0.941494 0.575504 
vt 0.943201 0.575345 
vt 0.939113 0.573243 
vt 0.943209 0.575485 
vt 0.936479 0.569673 
vt 0.945212 0.574584 
vt 0.936433 0.569801 
vt 0.945188 0.574445 
vt 0.932121 0.563801 
vt 0.946763 0.573063 
vt 0.932168 0.563676 
vt 0.946797 0.573193 
vt 0.92692 0.556275 
vt 0.948545 0.571129 
vt 0.926968 0.556153 
vt 0.92237 0.549613 
vt 0.922424 0.549491 
vt 0.94858 0.571257 
vt 0.950348 0.56938 
vt 0.950376 0.569515 
vt 0.9131 0.690671 
vt 0.915457 0.688409 
vt 0.913116 0.690797 
vt 0.911409 0.690638 
vt 0.915497 0.688537 
vt 0.911401 0.690779 
vt 0.918131 0.684966 
vt 0.909398 0.689877 
vt 0.918177 0.685094 
vt 0.909423 0.689739 
vt 0.922489 0.679094 
vt 0.907847 0.688357 
vt 0.922442 0.67897 
vt 0.907813 0.688486 
vt 0.92769 0.671569 
vt 0.906065 0.686423 
vt 0.927642 0.671446 
vt 0.93224 0.664906 
vt 0.932186 0.664784 
vt 0.90603 0.68655 
vt 0.904262 0.684674 
vt 0.904234 0.684808 
vt 0.899296 0.700523 
vt 0.896257 0.701522 
vt 0.89909 0.698391 
vt 0.896572 0.703239 
vt 0.891801 0.707221 
vt 0.901253 0.699666 
vt 0.901698 0.696475 
vt 0.899444 0.701156 
vt 0.896767 0.703852 
vt 0.901313 0.700338 
vt 0.892308 0.709589 
vt 0.902746 0.699797 
vt 0.903448 0.697088 
vt 0.902693 0.700454 
vt 0.904676 0.700912 
vt 0.90456 0.701556 
vt 0.905416 0.698228 
vt 0.906031 0.702698 
vt 0.906171 0.702088 
vt 0.906934 0.699829 
vt 0.907942 0.703825 
vt 0.907774 0.70441 
vt 0.908658 0.70206 
vt 0.909597 0.705855 
vt 0.909448 0.706445 
vt 0.975806 0.554271 
vt 0.97864 0.557402 
vt 0.975601 0.556403 
vt 0.978324 0.559119 
vt 0.983095 0.563101 
vt 0.973644 0.555545 
vt 0.973199 0.552355 
vt 0.975452 0.557036 
vt 0.978129 0.559732 
vt 0.973583 0.556218 
vt 0.982588 0.565469 
vt 0.97215 0.555676 
vt 0.971448 0.552968 
vt 0.972203 0.556334 
vt 0.97022 0.556792 
vt 0.970336 0.557436 
vt 0.96948 0.554108 
vt 0.968865 0.558577 
vt 0.968725 0.557968 
vt 0.967962 0.555709 
vt 0.966954 0.559705 
vt 0.967122 0.56029 
vt 0.966238 0.55794 
vt 0.965299 0.561735 
vt 0.965448 0.562325 
vt 0.89837 0.526405 
vt 0.898605 0.530252 
vt 0.898531 0.530285 
vt 0.902778 0.546036 
vt 0.902745 0.552752 
vt 0.902107 0.546219 
vt 0.903537 0.552455 
vt 0.90332 0.558067 
vt 0.904846 0.545079 
vt 0.90195 0.553071 
vt 0.902526 0.543034 
vt 0.901441 0.546478 
vt 0.901839 0.543123 
vt 0.901167 0.543449 
vt 0.899261 0.54697 
vt 0.901751 0.542026 
vt 0.902676 0.541982 
vt 0.900848 0.542538 
vt 0.905265 0.541941 
vt 0.906488 0.544501 
vt 0.907195 0.551187 
vt 0.907116 0.544368 
vt 0.907119 0.541625 
vt 0.908098 0.541596 
vt 0.907916 0.538732 
vt 0.905563 0.540499 
vt 0.908639 0.538525 
vt 0.901545 0.53917 
vt 0.904658 0.53762 
vt 0.898182 0.539277 
vt 0.90546 0.539883 
vt 0.906912 0.534517 
vt 0.907873 0.534888 
vt 0.975175 0.536859 
vt 0.975417 0.541456 
vt 0.975334 0.541461 
vt 0.981295 0.534759 
vt 0.981188 0.532616 
vt 0.981313 0.532615 
vt 0.981204 0.530648 
vt 0.981401 0.534773 
vt 0.981269 0.537507 
vt 0.981331 0.537533 
vt 0.981437 0.532625 
vt 0.981578 0.5348 
vt 0.981443 0.537578 
vt 0.981556 0.537625 
vt 0.981648 0.532642 
vt 0.98175 0.534828 
vt 0.981621 0.537649 
vt 0.981847 0.534844 
vt 0.981852 0.53266 
vt 0.981967 0.532671 
vt 0.982006 0.530678 
vt 0.981884 0.530671 
vt 0.982006 0.528708 
vt 0.981669 0.530664 
vt 0.981885 0.528702 
vt 0.982 0.526758 
vt 0.981452 0.530658 
vt 0.981673 0.528696 
vt 0.981882 0.526749 
vt 0.982 0.524937 
vt 0.981328 0.530653 
vt 0.981462 0.528693 
vt 0.981341 0.528691 
vt 0.98122 0.528682 
vt 0.981347 0.526733 
vt 0.981468 0.526738 
vt 0.981343 0.524905 
vt 0.981676 0.526741 
vt 0.981464 0.524913 
vt 0.981339 0.523131 
vt 0.981673 0.524921 
vt 0.981881 0.524928 
vt 0.982006 0.523146 
vt 0.98146 0.523137 
vt 0.981475 0.520877 
vt 0.981884 0.523144 
vt 0.981989 0.520862 
vt 0.981672 0.523142 
vt 0.981673 0.520871 
vt 0.981623 0.516984 
vt 0.981873 0.520866 
vt 0.981757 0.51701 
vt 0.981834 0.517017 
vt 0.886313 0.562553 
vt 0.886276 0.568353 
vt 0.886105 0.568364 
vt 0.88735 0.568354 
vt 0.888265 0.575605 
vt 0.886695 0.575415 
vt 0.886544 0.562378 
vt 0.885732 0.559146 
vt 0.885549 0.5592 
vt 0.888239 0.561823 
vt 0.884731 0.55547 
vt 0.886422 0.558311 
vt 0.888825 0.568229 
vt 0.889968 0.561892 
vt 0.890762 0.56794 
vt 0.891368 0.561845 
vt 0.892337 0.568056 
vt 0.891125 0.555973 
vt 0.892814 0.562023 
vt 0.893462 0.568034 
vt 0.892003 0.556036 
vt 0.893779 0.561866 
vt 0.895216 0.56189 
vt 0.893242 0.55612 
vt 0.894196 0.556067 
vt 0.895296 0.555942 
vt 0.894766 0.548507 
vt 0.895657 0.548406 
vt 0.897119 0.555247 
vt 0.896855 0.547884 
vt 0.898201 0.554697 
vt 0.895294 0.545765 
vt 0.897517 0.547567 
vt 0.896317 0.545081 
vt 0.898275 0.54412 
vt 0.897724 0.542831 
vt 0.894912 0.542607 
vt 0.897725 0.542121 
vt 0.895201 0.537325 
vt 0.894211 0.538419 
vt 0.8934 0.532676 
vt 0.892318 0.533846 
vt 0.891187 0.527755 
vt 0.89205 0.52581 
vt 0.892359 0.517887 
vt 0.8933 0.517292 
vt 0.893231 0.517093 
vt 0.892267 0.517498 
vt 0.891002 0.518261 
vt 0.889727 0.522836 
vt 0.890815 0.518838 
vt 0.889894 0.518973 
vt 0.889764 0.519522 
vt 0.887917 0.52095 
vt 0.887639 0.521891 
vt 0.884548 0.525378 
vt 0.888091 0.522707 
vt 0.884584 0.525786 
vt 0.882729 0.528385 
vt 0.884937 0.52641 
vt 0.885392 0.52787 
vt 0.88284 0.528742 
vt 0.883597 0.529598 
vt 0.881705 0.531462 
vt 0.88197 0.531575 
vt 0.883222 0.531575 
vt 0.881868 0.533946 
vt 0.881542 0.533921 
vt 0.883202 0.533415 
vt 0.882026 0.537174 
vt 0.881717 0.537172 
vt 0.882046 0.540926 
vt 0.88326 0.536374 
vt 0.882309 0.541025 
vt 0.883507 0.540206 
vt 0.883627 0.533146 
vt 0.884479 0.536554 
vt 0.884102 0.530843 
vt 0.885274 0.54013 
vt 0.884799 0.531372 
vt 0.884169 0.5327 
vt 0.885222 0.536473 
vt 0.885975 0.540075 
vt 0.884357 0.51705 
vt 0.88479 0.517546 
vt 0.884356 0.517594 
vt 0.884791 0.517002 
vt 0.885216 0.517521 
vt 0.885217 0.516977 
vt 0.883933 0.517081 
vt 0.883932 0.517625 
vt 0.883379 0.51708 
vt 0.883378 0.517625 
vt 0.882951 0.517593 
vt 0.882953 0.517048 
vt 0.882518 0.517537 
vt 0.882519 0.516993 
vt 0.882094 0.5175 
vt 0.882095 0.516956 
vt 0.88154 0.517492 
vt 0.881541 0.516947 
vt 0.886723 0.716339 
vt 0.881703 0.720894 
vt 0.886438 0.714402 
vt 0.882068 0.722497 
vt 0.882283 0.723094 
vt 0.886936 0.716916 
vt 0.892101 0.709006 
vt 0.988173 0.572219 
vt 0.993193 0.576774 
vt 0.992828 0.578377 
vt 0.992613 0.578974 
vt 0.988458 0.570283 
vt 0.98796 0.572796 
vt 0.982796 0.564886 
vt 0.913343 0.547237 
vt 0.914294 0.552112 
vt 0.912646 0.547907 
vt 0.913165 0.55335 
vt 0.9117 0.54224 
vt 0.915413 0.551098 
vt 0.911653 0.548853 
vt 0.914817 0.557837 
vt 0.910824 0.542972 
vt 0.912629 0.541526 
vt 0.910013 0.543138 
vt 0.910757 0.540925 
vt 0.911638 0.540228 
vt 0.914215 0.54577 
vt 0.912595 0.53994 
vt 0.913539 0.54113 
vt 0.914555 0.54149 
vt 0.913619 0.539167 
vt 0.912944 0.537956 
vt 0.91194 0.537906 
vt 0.910955 0.538752 
vt 0.909988 0.540682 
vt 0.910318 0.538362 
vt 0.909361 0.538487 
vt 0.909051 0.540963 
vt 0.909001 0.543573 
vt 0.910856 0.549488 
vt 0.912346 0.553955 
vt 0.913907 0.558726 
vt 0.911165 0.555073 
vt 0.909915 0.55017 
vt 0.908231 0.544053 
vt 0.908235 0.550886 
vt 0.909732 0.5558 
vt 0.90814 0.556146 
vt 0.910641 0.560406 
vt 0.909245 0.561552 
vt 0.912472 0.56015 
vt 0.912356 0.567541 
vt 0.965658 0.535796 
vt 0.969564 0.532047 
vt 0.969602 0.532177 
vt 0.972679 0.528039 
vt 0.972712 0.528172 
vt 0.965627 0.535658 
vt 0.960814 0.539548 
vt 0.960789 0.539414 
vt 0.957507 0.541138 
vt 0.957514 0.541283 
vt 0.952879 0.541772 
vt 0.952881 0.5419 
vt 0.947975 0.542003 
vt 0.947986 0.54216 
vt 0.944112 0.543308 
vt 0.944128 0.543459 
vt 0.940912 0.54477 
vt 0.940909 0.544917 
vt 0.9388 0.544299 
vt 0.938784 0.544439 
vt 0.935622 0.543447 
vt 0.935646 0.543316 
vt 0.933363 0.54144 
vt 0.933341 0.541572 
vt 0.927969 0.53906 
vt 0.927996 0.538931 
vt 0.92545 0.535972 
vt 0.925413 0.536101 
vt 0.923661 0.53428 
vt 0.923703 0.534167 
vt 0.922295 0.531475 
vt 0.922244 0.531587 
vt 0.920048 0.528113 
vt 0.920095 0.527992 
vt 0.924781 0.525317 
vt 0.920875 0.521568 
vt 0.924812 0.52518 
vt 0.920837 0.521697 
vt 0.91776 0.517559 
vt 0.917728 0.517692 
vt 0.929625 0.529071 
vt 0.929649 0.528937 
vt 0.932931 0.530661 
vt 0.932925 0.530806 
vt 0.937559 0.531296 
vt 0.937558 0.531424 
vt 0.942464 0.531528 
vt 0.942452 0.531685 
vt 0.946326 0.532833 
vt 0.94631 0.532984 
vt 0.949526 0.534297 
vt 0.949529 0.534443 
vt 0.951638 0.533825 
vt 0.951655 0.533965 
vt 0.954816 0.532974 
vt 0.954792 0.532843 
vt 0.957075 0.530968 
vt 0.957097 0.5311 
vt 0.962469 0.528589 
vt 0.962443 0.528459 
vt 0.964988 0.525501 
vt 0.965026 0.52563 
vt 0.966777 0.523809 
vt 0.966735 0.523696 
vt 0.968144 0.521004 
vt 0.968195 0.521117 
vt 0.970391 0.517643 
vt 0.970344 0.517522 
vt 0.885416 0.626537 
vt 0.88695 0.623622 
vt 0.887387 0.629477 
vt 0.884478 0.63378 
vt 0.885435 0.62201 
vt 0.887171 0.618136 
vt 0.883978 0.64364 
vt 0.885556 0.648516 
vt 0.883695 0.646701 
vt 0.88268 0.631152 
vt 0.882668 0.624633 
vt 0.882836 0.642449 
vt 0.883376 0.646912 
vt 0.882541 0.64232 
vt 0.881898 0.630667 
vt 0.881544 0.630646 
vt 0.881925 0.624411 
vt 0.881551 0.624381 
vt 0.882479 0.620747 
vt 0.881779 0.620337 
vt 0.881538 0.620221 
vt 0.885537 0.617085 
vt 0.887366 0.611801 
vt 0.882879 0.616727 
vt 0.885318 0.611101 
vt 0.886259 0.599669 
vt 0.883415 0.610564 
vt 0.882181 0.616248 
vt 0.88198 0.616107 
vt 0.882652 0.610358 
vt 0.882381 0.610206 
vt 0.883942 0.599243 
vt 0.883787 0.599032 
vt 0.884859 0.599267 
vt 0.887399 0.586377 
vt 0.8851 0.586252 
vt 0.884886 0.586081 
vt 0.885934 0.586214 
vt 0.885924 0.575315 
vt 0.885732 0.575225 
vt 0.914281 0.565899 
vt 0.915732 0.564353 
vt 0.914743 0.57581 
vt 0.916922 0.573619 
vt 0.916884 0.563228 
vt 0.912972 0.576972 
vt 0.91077 0.568595 
vt 0.90798 0.570466 
vt 0.917515 0.586655 
vt 0.909705 0.579649 
vt 0.906735 0.563004 
vt 0.905936 0.557255 
vt 0.906129 0.571591 
vt 0.90497 0.563905 
vt 0.907808 0.580949 
vt 0.905131 0.552041 
vt 0.904207 0.557763 
vt 0.904053 0.564325 
vt 0.905042 0.572159 
vt 0.906347 0.581762 
vt 0.903131 0.564734 
vt 0.90394 0.572654 
vt 0.902444 0.558502 
vt 0.908254 0.59482 
vt 0.904865 0.582485 
vt 0.91013 0.593658 
vt 0.906338 0.595792 
vt 0.912189 0.592005 
vt 0.910375 0.608436 
vt 0.912418 0.607045 
vt 0.915925 0.588101 
vt 0.91511 0.604802 
vt 0.912277 0.620048 
vt 0.908274 0.609521 
vt 0.914676 0.618026 
vt 0.909705 0.621116 
vt 0.919028 0.600344 
vt 0.914247 0.631613 
vt 0.91757 0.615166 
vt 0.916528 0.629389 
vt 0.920639 0.598468 
vt 0.921418 0.611476 
vt 0.923408 0.60907 
vt 0.920229 0.584367 
vt 0.924076 0.595047 
vt 0.91972 0.626594 
vt 0.925748 0.592225 
vt 0.918917 0.642165 
vt 0.921853 0.582511 
vt 0.918481 0.572116 
vt 0.919815 0.570904 
vt 0.923758 0.580676 
vt 0.918028 0.562033 
vt 0.921195 0.569551 
vt 0.916046 0.55648 
vt 0.917622 0.555154 
vt 0.919693 0.560376 
vt 0.92292 0.567875 
vt 0.918781 0.55407 
vt 0.920849 0.558885 
vt 0.919595 0.553209 
vt 0.919726 0.553081 
vt 0.92141 0.558148 
vt 0.921534 0.557914 
vt 0.924756 0.565357 
vt 0.923995 0.566414 
vt 0.924636 0.565681 
vt 0.928844 0.574088 
vt 0.928098 0.575292 
vt 0.928782 0.574395 
vt 0.932818 0.581059 
vt 0.932145 0.582345 
vt 0.932658 0.581439 
vt 0.934685 0.58501 
vt 0.934575 0.585316 
vt 0.936123 0.587573 
vt 0.927144 0.576939 
vt 0.935978 0.587904 
vt 0.937255 0.590621 
vt 0.93419 0.586369 
vt 0.930866 0.584633 
vt 0.9256 0.579037 
vt 0.929513 0.587205 
vt 0.927759 0.589405 
vt 0.932316 0.589321 
vt 0.935577 0.588917 
vt 0.931381 0.591769 
vt 0.933741 0.592879 
vt 0.936991 0.59103 
vt 0.939013 0.595187 
vt 0.936508 0.591959 
vt 0.93876 0.595576 
vt 0.941616 0.604813 
vt 0.941436 0.605223 
vt 0.942321 0.609078 
vt 0.938323 0.596755 
vt 0.935012 0.596216 
vt 0.933059 0.595643 
vt 0.952275 0.56825 
vt 0.952247 0.568123 
vt 0.953999 0.566345 
vt 0.953959 0.566225 
vt 0.955349 0.564502 
vt 0.95531 0.564382 
vt 0.956245 0.563262 
vt 0.956273 0.563393 
vt 0.957878 0.562088 
vt 0.957905 0.562212 
vt 0.959962 0.56002 
vt 0.960001 0.560135 
vt 0.963316 0.554947 
vt 0.963362 0.555059 
vt 0.965337 0.55202 
vt 0.965378 0.552132 
vt 0.967708 0.54969 
vt 0.967743 0.549824 
vt 0.968625 0.54897 
vt 0.968634 0.549108 
vt 0.902335 0.683543 
vt 0.902363 0.683417 
vt 0.900611 0.681638 
vt 0.900651 0.681518 
vt 0.899261 0.679795 
vt 0.8993 0.679675 
vt 0.898365 0.678555 
vt 0.898337 0.678686 
vt 0.896732 0.677381 
vt 0.896705 0.677506 
vt 0.894648 0.675313 
vt 0.894609 0.675429 
vt 0.891295 0.67024 
vt 0.891249 0.670352 
vt 0.889273 0.667314 
vt 0.889232 0.667426 
vt 0.886902 0.664983 
vt 0.886868 0.665118 
vt 0.885985 0.664263 
vt 0.885976 0.664401 
vt 0.92867 0.661563 
vt 0.921653 0.655985 
vt 0.925218 0.651513 
vt 0.924806 0.666622 
vt 0.928954 0.662459 
vt 0.919094 0.658379 
vt 0.925022 0.667311 
vt 0.929078 0.662783 
vt 0.925181 0.667806 
vt 0.921417 0.670361 
vt 0.921561 0.671084 
vt 0.92165 0.671529 
vt 0.917707 0.673366 
vt 0.917652 0.672781 
vt 0.912929 0.67468 
vt 0.917573 0.671976 
vt 0.912909 0.674262 
vt 0.907233 0.676106 
vt 0.907205 0.676771 
vt 0.912808 0.673185 
vt 0.903295 0.674815 
vt 0.91633 0.659755 
vt 0.903453 0.674449 
vt 0.898488 0.669924 
vt 0.898292 0.670284 
vt 0.907122 0.674625 
vt 0.894143 0.664889 
vt 0.903204 0.672202 
vt 0.912031 0.660777 
vt 0.90634 0.659049 
vt 0.913896 0.645548 
vt 0.91015 0.646667 
vt 0.902284 0.656749 
vt 0.916463 0.644131 
vt 0.911719 0.632493 
vt 0.908246 0.633988 
vt 0.90644 0.622067 
vt 0.905355 0.610616 
vt 0.902072 0.623431 
vt 0.90411 0.596545 
vt 0.90068 0.611207 
vt 0.899741 0.597143 
vt 0.902857 0.583221 
vt 0.899221 0.584142 
vt 0.902004 0.573372 
vt 0.898986 0.57433 
vt 0.901312 0.565454 
vt 0.898632 0.566357 
vt 0.897245 0.574896 
vt 0.90073 0.559449 
vt 0.898396 0.560262 
vt 0.900364 0.553897 
vt 0.896785 0.561318 
vt 0.897032 0.566554 
vt 0.895217 0.568029 
vt 0.895006 0.575274 
vt 0.897299 0.584911 
vt 0.894687 0.585193 
vt 0.897917 0.597592 
vt 0.898721 0.611416 
vt 0.89482 0.598543 
vt 0.899634 0.62372 
vt 0.89467 0.612376 
vt 0.892315 0.611837 
vt 0.892801 0.598689 
vt 0.893211 0.575278 
vt 0.892814 0.585468 
vt 0.891218 0.585782 
vt 0.891797 0.575388 
vt 0.890517 0.599183 
vt 0.890358 0.575432 
vt 0.889526 0.58603 
vt 0.888331 0.599802 
vt 0.889637 0.61169 
vt 0.889614 0.619762 
vt 0.892584 0.621805 
vt 0.895263 0.623083 
vt 0.889519 0.625133 
vt 0.892209 0.628952 
vt 0.895719 0.631433 
vt 0.900497 0.635248 
vt 0.892974 0.63755 
vt 0.903734 0.634332 
vt 0.896287 0.640484 
vt 0.901419 0.645567 
vt 0.904736 0.645644 
vt 0.897193 0.65092 
vt 0.893792 0.647904 
vt 0.898033 0.666325 
vt 0.894108 0.661818 
vt 0.894108 0.664245 
vt 0.890859 0.660078 
vt 0.890769 0.659535 
vt 0.887595 0.656271 
vt 0.890375 0.657048 
vt 0.887591 0.655727 
vt 0.885412 0.652373 
vt 0.889875 0.642191 
vt 0.887392 0.652544 
vt 0.885791 0.652251 
vt 0.887396 0.637009 
vt 0.889995 0.633141 
vt 0.920217 0.69725 
vt 0.915643 0.695911 
vt 0.916484 0.694407 
vt 0.920969 0.695518 
vt 0.923386 0.699334 
vt 0.91254 0.694506 
vt 0.911284 0.695906 
vt 0.912583 0.693836 
vt 0.916506 0.693827 
vt 0.909111 0.692832 
vt 0.921052 0.694893 
vt 0.923934 0.697131 
vt 0.909026 0.693522 
vt 0.907634 0.694522 
vt 0.905799 0.691291 
vt 0.905885 0.690627 
vt 0.904377 0.692703 
vt 0.903759 0.689889 
vt 0.903752 0.690571 
vt 0.901769 0.692895 
vt 0.899622 0.691095 
vt 0.899553 0.690444 
vt 0.898632 0.693698 
vt 0.895085 0.693396 
vt 0.894972 0.692758 
vt 0.896512 0.695876 
vt 0.88987 0.696499 
vt 0.890865 0.698606 
vt 0.890023 0.697126 
vt 0.887356 0.699628 
vt 0.888183 0.701673 
vt 0.887536 0.700243 
vt 0.885844 0.7023 
vt 0.885636 0.701721 
vt 0.886466 0.703803 
vt 0.884116 0.704389 
vt 0.88435 0.704946 
vt 0.884907 0.706436 
vt 0.882042 0.7085 
vt 0.88181 0.707934 
vt 0.88253 0.709952 
vt 0.953769 0.549908 
vt 0.958343 0.548569 
vt 0.95461 0.551412 
vt 0.959095 0.5503 
vt 0.961512 0.546485 
vt 0.950666 0.551313 
vt 0.94941 0.549913 
vt 0.950709 0.551983 
vt 0.954632 0.551992 
vt 0.947237 0.552987 
vt 0.959178 0.550926 
vt 0.96206 0.548688 
vt 0.947152 0.552297 
vt 0.94576 0.551297 
vt 0.943925 0.554528 
vt 0.944011 0.555192 
vt 0.942503 0.553116 
vt 0.941885 0.55593 
vt 0.941878 0.555248 
vt 0.939895 0.552924 
vt 0.937748 0.554724 
vt 0.937679 0.555375 
vt 0.936758 0.552121 
vt 0.933211 0.552423 
vt 0.933098 0.553061 
vt 0.934638 0.549944 
vt 0.927996 0.54932 
vt 0.928991 0.547213 
vt 0.928149 0.548694 
vt 0.925482 0.546191 
vt 0.926309 0.544146 
vt 0.925662 0.545577 
vt 0.92397 0.543519 
vt 0.923762 0.544099 
vt 0.924592 0.542017 
vt 0.922242 0.54143 
vt 0.922476 0.540873 
vt 0.923033 0.539384 
vt 0.920168 0.537319 
vt 0.919936 0.537885 
vt 0.920656 0.535868 
vt 0.953511 0.543598 
vt 0.952881 0.5419 
vt 0.94941 0.543832 
vt 0.947986 0.54216 
vt 0.949449 0.544527 
vt 0.953524 0.544323 
vt 0.945789 0.545594 
vt 0.958182 0.543769 
vt 0.945717 0.545004 
vt 0.942499 0.547417 
vt 0.944128 0.543459 
vt 0.942421 0.546776 
vt 0.940427 0.547643 
vt 0.940909 0.544917 
vt 0.940413 0.546964 
vt 0.938784 0.544439 
vt 0.936402 0.546111 
vt 0.936348 0.546802 
vt 0.935622 0.543447 
vt 0.932072 0.543814 
vt 0.933341 0.541572 
vt 0.931966 0.544479 
vt 0.927969 0.53906 
vt 0.927245 0.540296 
vt 0.927083 0.540895 
vt 0.925413 0.536101 
vt 0.92463 0.537912 
vt 0.924824 0.537362 
vt 0.923661 0.53428 
vt 0.922948 0.535856 
vt 0.923167 0.535341 
vt 0.922244 0.531587 
vt 0.921749 0.53276 
vt 0.921511 0.533239 
vt 0.919644 0.529195 
vt 0.920048 0.528113 
vt 0.919403 0.529667 
vt 0.936927 0.533122 
vt 0.937558 0.531424 
vt 0.941029 0.533357 
vt 0.942452 0.531685 
vt 0.94099 0.534052 
vt 0.936915 0.533846 
vt 0.944649 0.535119 
vt 0.932256 0.533292 
vt 0.944721 0.534529 
vt 0.94631 0.532984 
vt 0.947939 0.536943 
vt 0.948017 0.536302 
vt 0.949529 0.534443 
vt 0.950011 0.537169 
vt 0.950025 0.53649 
vt 0.951655 0.533965 
vt 0.954036 0.535638 
vt 0.95409 0.536329 
vt 0.954816 0.532974 
vt 0.958366 0.533342 
vt 0.957097 0.5311 
vt 0.958473 0.534007 
vt 0.962469 0.528589 
vt 0.963194 0.529825 
vt 0.963356 0.530423 
vt 0.965026 0.52563 
vt 0.965808 0.527441 
vt 0.965615 0.526891 
vt 0.966777 0.523809 
vt 0.967491 0.525386 
vt 0.967271 0.52487 
vt 0.968195 0.521117 
vt 0.96869 0.52229 
vt 0.968928 0.522769 
vt 0.970795 0.518725 
vt 0.970391 0.517643 
vt 0.971036 0.519198 
vt 0.895462 0.52987 
vt 0.895321 0.530011 
vt 0.895322 0.529787 
vt 0.895395 0.530218 
vt 0.895701 0.530042 
vt 0.895458 0.530667 
vt 0.895936 0.530219 
vt 0.895506 0.531129 
vt 0.896069 0.53032 
vt 0.895517 0.531399 
vt 0.896152 0.52777 
vt 0.896014 0.527761 
vt 0.896141 0.524177 
vt 0.895768 0.527744 
vt 0.896016 0.524176 
vt 0.896067 0.520372 
vt 0.895515 0.527727 
vt 0.895793 0.524175 
vt 0.895967 0.52037 
vt 0.895875 0.517246 
vt 0.895806 0.517236 
vt 0.895785 0.520372 
vt 0.89569 0.517174 
vt 0.895596 0.52038 
vt 0.895579 0.517085 
vt 0.895524 0.517008 
vt 0.895565 0.524173 
vt 0.895482 0.520382 
vt 0.895459 0.517028 
vt 0.895431 0.524171 
vt 0.895372 0.52036 
vt 0.895343 0.517088 
vt 0.895299 0.524156 
vt 0.895365 0.52772 
vt 0.895187 0.520329 
vt 0.895225 0.517136 
vt 0.895008 0.520305 
vt 0.895157 0.517166 
vt 0.894906 0.52029 
vt 0.89473 0.52409 
vt 0.895074 0.52413 
vt 0.894854 0.524105 
vt 0.894589 0.527672 
vt 0.895217 0.52771 
vt 0.894968 0.527693 
vt 0.894726 0.527679 
vt 0.894722 0.530137 
vt 0.894589 0.530217 
vt 0.89508 0.531434 
vt 0.895149 0.531194 
vt 0.89523 0.530745 
vt 0.894955 0.53 
vt 0.895301 0.530287 
vt 0.895188 0.529865 
vt 0.947705 0.63718 
vt 0.951861 0.627211 
vt 0.949106 0.638762 
vt 0.945292 0.647786 
vt 0.947166 0.649782 
vt 0.946396 0.635092 
vt 0.944123 0.645768 
vt 0.94242 0.643002 
vt 0.942827 0.650791 
vt 0.943553 0.652761 
vt 0.950448 0.6254 
vt 0.953594 0.617356 
vt 0.945113 0.656365 
vt 0.952692 0.616135 
vt 0.954798 0.611343 
vt 0.954737 0.611253 
vt 0.956104 0.607049 
vt 0.952633 0.616041 
vt 0.949419 0.624199 
vt 0.949357 0.624103 
vt 0.945289 0.633684 
vt 0.945229 0.633582 
vt 0.94152 0.641567 
vt 0.941462 0.641469 
vt 0.939635 0.645745 
vt 0.939695 0.64584 
vt 0.9405 0.647424 
vt 0.93833 0.648856 
vt 0.938262 0.648773 
vt 0.939157 0.650395 
vt 0.937351 0.652529 
vt 0.93728 0.652459 
vt 0.941507 0.654678 
vt 0.938245 0.653929 
vt 0.935837 0.657876 
vt 0.935762 0.657812 
vt 0.933591 0.668206 
vt 0.941924 0.657028 
vt 0.940193 0.658387 
vt 0.936513 0.659369 
vt 0.933672 0.668246 
vt 0.933379 0.673269 
vt 0.933294 0.673254 
vt 0.934315 0.670814 
vt 0.933507 0.679925 
vt 0.937412 0.663406 
vt 0.934402 0.676338 
vt 0.933592 0.679914 
vt 0.933869 0.684389 
vt 0.940726 0.662373 
vt 0.938724 0.66863 
vt 0.934678 0.681281 
vt 0.933948 0.684354 
vt 0.935331 0.690608 
vt 0.943598 0.660716 
vt 0.941782 0.667913 
vt 0.939301 0.675256 
vt 0.935816 0.687848 
vt 0.935402 0.690552 
vt 0.936895 0.698025 
vt 0.936835 0.698097 
vt 0.937734 0.695728 
vt 0.941305 0.68409 
vt 0.939103 0.707425 
vt 0.93902 0.707499 
vt 0.941712 0.715911 
vt 0.939807 0.703563 
vt 0.943389 0.690016 
vt 0.943441 0.674803 
vt 0.945503 0.68052 
vt 0.945697 0.69968 
vt 0.94511 0.666904 
vt 0.947436 0.672494 
vt 0.947969 0.689466 
vt 0.949969 0.679982 
vt 0.947342 0.661316 
vt 0.949235 0.665101 
vt 0.952308 0.669545 
vt 0.949628 0.652784 
vt 0.951446 0.655511 
vt 0.955055 0.643976 
vt 0.953304 0.642173 
vt 0.95818 0.632574 
vt 0.954811 0.65833 
vt 0.957591 0.645775 
vt 0.960142 0.63436 
vt 0.961984 0.635455 
vt 0.95924 0.647129 
vt 0.956495 0.66 
vt 0.954431 0.671612 
vt 0.960726 0.66409 
vt 0.95293 0.682395 
vt 0.958645 0.674829 
vt 0.956988 0.686719 
vt 0.950722 0.692878 
vt 0.955155 0.699354 
vt 0.948453 0.705742 
vt 0.942229 0.713459 
vt 0.941781 0.715815 
vt 0.944436 0.72124 
vt 0.944841 0.719511 
vt 0.944484 0.721118 
vt 0.94978 0.725528 
vt 0.949747 0.725673 
vt 0.950051 0.724268 
vt 0.952864 0.7131 
vt 0.958524 0.702156 
vt 0.956656 0.716536 
vt 0.954285 0.728108 
vt 0.954065 0.729172 
vt 0.954034 0.729318 
vt 0.957901 0.730696 
vt 0.957781 0.731843 
vt 0.957765 0.731996 
vt 0.961716 0.732312 
vt 0.961717 0.732156 
vt 0.96629 0.732207 
vt 0.959265 0.718145 
vt 0.961731 0.731029 
vt 0.96629 0.732053 
vt 0.971817 0.732225 
vt 0.96198 0.718742 
vt 0.966299 0.730735 
vt 0.971801 0.732082 
vt 0.975227 0.729721 
vt 0.975265 0.729858 
vt 0.971827 0.730492 
vt 0.979335 0.724666 
vt 0.979391 0.724797 
vt 0.975347 0.72734 
vt 0.983325 0.718524 
vt 0.971587 0.715666 
vt 0.966116 0.718646 
vt 0.963427 0.704291 
vt 0.967061 0.704565 
vt 0.960947 0.703498 
vt 0.96025 0.688917 
vt 0.961601 0.677216 
vt 0.962477 0.690638 
vt 0.964864 0.690991 
vt 0.968272 0.691801 
vt 0.966356 0.679395 
vt 0.963921 0.678791 
vt 0.963445 0.665962 
vt 0.969538 0.67983 
vt 0.963271 0.650882 
vt 0.96552 0.63811 
vt 0.964095 0.62672 
vt 0.965339 0.652315 
vt 0.967133 0.628633 
vt 0.965379 0.66702 
vt 0.965578 0.619458 
vt 0.967399 0.639277 
vt 0.967103 0.653246 
vt 0.967349 0.667772 
vt 0.968892 0.653971 
vt 0.968763 0.639965 
vt 0.968955 0.62966 
vt 0.968328 0.620982 
vt 0.888027 0.517315 
vt 0.88802 0.517561 
vt 0.887972 0.517559 
vt 0.887994 0.517694 
vt 0.887969 0.517313 
vt 0.888023 0.517068 
vt 0.887975 0.517067 
vt 0.887999 0.516934 
vt 0.942025 0.609266 
vt 0.942401 0.615284 
vt 0.940938 0.607318 
vt 0.937745 0.600586 
vt 0.934371 0.600467 
vt 0.941179 0.612603 
vt 0.936504 0.606076 
vt 0.942087 0.615604 
vt 0.940994 0.617552 
vt 0.941774 0.620109 
vt 0.94193 0.620512 
vt 0.940554 0.626367 
vt 0.940647 0.626864 
vt 0.940114 0.62411 
vt 0.936153 0.612584 
vt 0.933461 0.605961 
vt 0.939501 0.633487 
vt 0.939667 0.633995 
vt 0.93878 0.631712 
vt 0.9349 0.621094 
vt 0.932492 0.61246 
vt 0.938012 0.642528 
vt 0.938263 0.642569 
vt 0.936004 0.65153 
vt 0.937256 0.63939 
vt 0.935779 0.651445 
vt 0.933255 0.62709 
vt 0.935275 0.649532 
vt 0.933574 0.656904 
vt 0.933784 0.657276 
vt 0.933206 0.655782 
vt 0.931218 0.637146 
vt 0.928908 0.643516 
vt 0.925983 0.631588 
vt 0.922162 0.638612 
vt 0.92848 0.627785 
vt 0.923338 0.621785 
vt 0.926107 0.618904 
vt 0.930851 0.618264 
vt 0.928649 0.610785 
vt 0.930603 0.605156 
vt 0.926609 0.603928 
vt 0.928299 0.600135 
vt 0.931554 0.599447 
vt 0.929987 0.595499 
vt 0.988351 0.678851 
vt 0.989517 0.681548 
vt 0.988121 0.684507 
vt 0.989268 0.677199 
vt 0.985916 0.688362 
vt 0.988384 0.691625 
vt 0.98636 0.696828 
vt 0.988956 0.705935 
vt 0.986493 0.710601 
vt 0.988883 0.709184 
vt 0.987964 0.673724 
vt 0.989064 0.672675 
vt 0.98766 0.66786 
vt 0.986238 0.713264 
vt 0.986286 0.713372 
vt 0.985547 0.667905 
vt 0.986543 0.656519 
vt 0.984485 0.656003 
vt 0.985752 0.675454 
vt 0.982674 0.66832 
vt 0.982008 0.655688 
vt 0.986032 0.680557 
vt 0.982641 0.677791 
vt 0.983269 0.684597 
vt 0.982887 0.692891 
vt 0.980099 0.679435 
vt 0.982616 0.702744 
vt 0.979946 0.687445 
vt 0.979785 0.696093 
vt 0.98308 0.715751 
vt 0.979473 0.706123 
vt 0.983289 0.718412 
vt 0.979571 0.720775 
vt 0.97532 0.712608 
vt 0.972424 0.702507 
vt 0.975606 0.701813 
vt 0.972849 0.691421 
vt 0.976007 0.69182 
vt 0.974013 0.680632 
vt 0.976364 0.680652 
vt 0.974917 0.668583 
vt 0.970207 0.668491 
vt 0.98043 0.669091 
vt 0.9768 0.668592 
vt 0.980021 0.655702 
vt 0.98001 0.642718 
vt 0.97734 0.655022 
vt 0.97555 0.654753 
vt 0.971072 0.65452 
vt 0.975899 0.64189 
vt 0.972098 0.641144 
vt 0.970142 0.640542 
vt 0.972873 0.63122 
vt 0.976073 0.632134 
vt 0.977816 0.642551 
vt 0.977829 0.632666 
vt 0.976417 0.624196 
vt 0.973546 0.623254 
vt 0.979688 0.633015 
vt 0.981554 0.632985 
vt 0.981396 0.625921 
vt 0.979536 0.625897 
vt 0.979599 0.619817 
vt 0.978054 0.624411 
vt 0.978304 0.619199 
vt 0.979623 0.61385 
vt 0.980807 0.613979 
vt 0.980374 0.606557 
vt 0.976665 0.618084 
vt 0.974154 0.617211 
vt 0.976896 0.612474 
vt 0.978005 0.613086 
vt 0.979446 0.606434 
vt 0.979861 0.604279 
vt 0.978328 0.605865 
vt 0.977642 0.605495 
vt 0.975814 0.604825 
vt 0.978842 0.603565 
vt 0.976846 0.602466 
vt 0.973876 0.601652 
vt 0.974191 0.600975 
vt 0.977407 0.601396 
vt 0.980311 0.60136 
vt 0.977423 0.600685 
vt 0.976999 0.597744 
vt 0.980116 0.595948 
vt 0.981097 0.597134 
vt 0.982049 0.591351 
vt 0.98112 0.601668 
vt 0.982582 0.598174 
vt 0.983116 0.592624 
vt 0.983637 0.59921 
vt 0.984294 0.594341 
vt 0.983886 0.61405 
vt 0.983681 0.619805 
vt 0.983134 0.614041 
vt 0.982323 0.619946 
vt 0.983482 0.607641 
vt 0.984882 0.619955 
vt 0.981942 0.614046 
vt 0.982726 0.625913 
vt 0.982483 0.607591 
vt 0.982846 0.60578 
vt 0.981621 0.607042 
vt 0.981149 0.619812 
vt 0.886593 0.517694 
vt 0.88657 0.517559 
vt 0.886618 0.517561 
vt 0.886567 0.517313 
vt 0.886625 0.517315 
vt 0.886573 0.517067 
vt 0.886622 0.517068 
vt 0.886598 0.516934 
vt 0.987 0.64376 
vt 0.988162 0.656426 
vt 0.989826 0.65582 
vt 0.991311 0.666338 
vt 0.991144 0.655629 
vt 0.99244 0.665931 
vt 0.991222 0.655596 
vt 0.992514 0.6659 
vt 0.993025 0.671229 
vt 0.992951 0.671257 
vt 0.989163 0.667171 
vt 0.991877 0.67188 
vt 0.993383 0.675056 
vt 0.993461 0.675047 
vt 0.992307 0.675626 
vt 0.993334 0.679054 
vt 0.993412 0.679058 
vt 0.99336 0.684933 
vt 0.993438 0.684943 
vt 0.992883 0.695682 
vt 0.99224 0.679454 
vt 0.992805 0.695647 
vt 0.991898 0.700187 
vt 0.991974 0.700247 
vt 0.990266 0.705769 
vt 0.992433 0.685615 
vt 0.991662 0.697286 
vt 0.990196 0.705687 
vt 0.988943 0.709281 
vt 0.990319 0.701937 
vt 0.990723 0.688281 
vt 0.964098 0.618302 
vt 0.962434 0.625693 
vt 0.962481 0.618369 
vt 0.960735 0.624407 
vt 0.960875 0.616844 
vt 0.959128 0.622777 
vt 0.959743 0.615728 
vt 0.961401 0.611001 
vt 0.960287 0.609789 
vt 0.958521 0.614448 
vt 0.957713 0.621441 
vt 0.956472 0.631032 
vt 0.956581 0.620389 
vt 0.954872 0.629671 
vt 0.957047 0.613396 
vt 0.959252 0.608942 
vt 0.957893 0.60769 
vt 0.955041 0.619113 
vt 0.953455 0.628452 
vt 0.951045 0.640197 
vt 0.955775 0.612291 
vt 0.956174 0.607103 
vt 0.95645 0.604049 
vt 0.956379 0.604032 
vt 0.956545 0.600456 
vt 0.956476 0.600457 
vt 0.956443 0.597452 
vt 0.956376 0.597459 
vt 0.956321 0.593986 
vt 0.956255 0.593987 
vt 0.956401 0.590557 
vt 0.956337 0.590536 
vt 0.956881 0.587316 
vt 0.956818 0.587283 
vt 0.957283 0.584088 
vt 0.957222 0.584057 
vt 0.957666 0.58145 
vt 0.957607 0.581403 
vt 0.958097 0.57981 
vt 0.95805 0.579729 
vt 0.95923 0.578056 
vt 0.959259 0.578166 
vt 0.961161 0.576751 
vt 0.961179 0.576868 
vt 0.964642 0.57528 
vt 0.96463 0.575163 
vt 0.966702 0.574707 
vt 0.966695 0.574585 
vt 0.968869 0.57473 
vt 0.968873 0.574617 
vt 0.96965 0.574857 
vt 0.969668 0.574954 
vt 0.966684 0.613885 
vt 0.969097 0.615092 
vt 0.970069 0.621828 
vt 0.967643 0.608769 
vt 0.969969 0.630152 
vt 0.970993 0.630577 
vt 0.970827 0.615581 
vt 0.97092 0.622193 
vt 0.971772 0.622567 
vt 0.969867 0.609735 
vt 0.971649 0.615852 
vt 0.972458 0.616261 
vt 0.971502 0.610198 
vt 0.972975 0.610783 
vt 0.974593 0.61162 
vt 0.972235 0.610513 
vt 0.97357 0.604284 
vt 0.972233 0.603809 
vt 0.972902 0.604034 
vt 0.970092 0.602746 
vt 0.972431 0.601159 
vt 0.973162 0.601288 
vt 0.968347 0.602082 
vt 0.96768 0.601942 
vt 0.969592 0.599954 
vt 0.973241 0.600402 
vt 0.967654 0.599601 
vt 0.96665 0.599531 
vt 0.972263 0.600315 
vt 0.969274 0.598658 
vt 0.984186 0.625852 
vt 0.983179 0.633067 
vt 0.985831 0.626266 
vt 0.984477 0.633161 
vt 0.986505 0.620039 
vt 0.983692 0.643144 
vt 0.981922 0.642891 
vt 0.985265 0.643371 
vt 0.986206 0.633454 
vt 0.987305 0.626468 
vt 0.987975 0.633251 
vt 0.988467 0.626553 
vt 0.988716 0.643489 
vt 0.989112 0.633026 
vt 0.988547 0.62653 
vt 0.98919 0.633 
vt 0.988392 0.621177 
vt 0.989936 0.643409 
vt 0.990015 0.643383 
vt 0.98831 0.621158 
vt 0.988865 0.617908 
vt 0.98894 0.617963 
vt 0.989724 0.614231 
vt 0.989792 0.614299 
vt 0.990612 0.611292 
vt 0.990678 0.611364 
vt 0.99163 0.607864 
vt 0.991697 0.607928 
vt 0.992423 0.604252 
vt 0.992495 0.604291 
vt 0.992745 0.600438 
vt 0.992819 0.600462 
vt 0.993133 0.596693 
vt 0.993205 0.596718 
vt 0.993387 0.593577 
vt 0.99346 0.593582 
vt 0.99334 0.59146 
vt 0.993409 0.591417 
vt 0.992583 0.588579 
vt 0.992526 0.588668 
vt 0.990875 0.585446 
vt 0.990827 0.585553 
vt 0.987573 0.580752 
vt 0.987614 0.58064 
vt 0.985543 0.578295 
vt 0.98558 0.578173 
vt 0.983256 0.576371 
vt 0.983279 0.576249 
vt 0.982403 0.575802 
vt 0.982361 0.575889 
vt 0.96385 0.598719 
vt 0.964291 0.596299 
vt 0.964633 0.59852 
vt 0.964637 0.600645 
vt 0.961736 0.595757 
vt 0.9618 0.592148 
vt 0.962691 0.595753 
vt 0.962553 0.592466 
vt 0.960909 0.592445 
vt 0.964428 0.592796 
vt 0.965309 0.596422 
vt 0.965636 0.598873 
vt 0.966061 0.59648 
vt 0.965789 0.601118 
vt 0.963948 0.607123 
vt 0.962969 0.606314 
vt 0.962429 0.611828 
vt 0.963758 0.613069 
vt 0.964988 0.607911 
vt 0.966606 0.60166 
vt 0.965012 0.613563 
vt 0.966546 0.608473 
vt 0.898605 0.530252 
vt 0.89837 0.526405 
vt 0.898468 0.5264 
vt 0.89873 0.530198 
vt 0.898531 0.530285 
vt 0.898456 0.530275 
vt 0.898642 0.526389 
vt 0.898856 0.53015 
vt 0.898241 0.522691 
vt 0.898273 0.526424 
vt 0.898328 0.530255 
vt 0.898366 0.52268 
vt 0.898116 0.522715 
vt 0.8981 0.526459 
vt 0.8982 0.530239 
vt 0.898152 0.51983 
vt 0.8979 0.522756 
vt 0.897924 0.526493 
vt 0.898126 0.530228 
vt 0.897821 0.526511 
vt 0.897683 0.522799 
vt 0.897557 0.522826 
vt 0.898006 0.519835 
vt 0.89776 0.51984 
vt 0.897516 0.519844 
vt 0.897376 0.519846 
vt 0.897645 0.517944 
vt 0.89752 0.517794 
vt 0.897835 0.518269 
vt 0.89802 0.518606 
vt 0.898111 0.518825 
vt 0.898298 0.519798 
vt 0.898227 0.518659 
vt 0.898585 0.522665 
vt 0.898546 0.519739 
vt 0.898394 0.518287 
vt 0.898819 0.526375 
vt 0.898929 0.530133 
vt 0.898922 0.526368 
vt 0.898804 0.522652 
vt 0.898931 0.522645 
vt 0.898792 0.519678 
vt 0.898552 0.517899 
vt 0.898932 0.519643 
vt 0.898629 0.517659 
vt 0.961967 0.605396 
vt 0.961336 0.604826 
vt 0.962961 0.599806 
vt 0.960503 0.603432 
vt 0.962095 0.599171 
vt 0.963805 0.600489 
vt 0.961239 0.598812 
vt 0.96299 0.598028 
vt 0.962095 0.597742 
vt 0.963645 0.596674 
vt 0.96113 0.596937 
vt 0.918131 0.684966 
vt 0.915227 0.686616 
vt 0.917819 0.683549 
vt 0.915457 0.688409 
vt 0.922442 0.67897 
vt 0.91511 0.685973 
vt 0.91334 0.687099 
vt 0.917629 0.682983 
vt 0.913376 0.687773 
vt 0.9131 0.690671 
vt 0.912001 0.687219 
vt 0.922128 0.677479 
vt 0.92191 0.676914 
vt 0.927642 0.671446 
vt 0.911961 0.687897 
vt 0.911409 0.690638 
vt 0.910048 0.687001 
vt 0.910145 0.686368 
vt 0.909423 0.689739 
vt 0.927332 0.669846 
vt 0.932186 0.664784 
vt 0.927115 0.669268 
vt 0.931868 0.663524 
vt 0.931674 0.662932 
vt 0.908537 0.686003 
vt 0.907847 0.688357 
vt 0.908667 0.685383 
vt 0.90673 0.684465 
vt 0.939153 0.573116 
vt 0.936479 0.569673 
vt 0.939384 0.571322 
vt 0.936791 0.568256 
vt 0.932168 0.563676 
vt 0.941234 0.572479 
vt 0.941511 0.575378 
vt 0.9395 0.570679 
vt 0.94127 0.571805 
vt 0.936981 0.56769 
vt 0.942609 0.571925 
vt 0.942649 0.572604 
vt 0.943201 0.575345 
vt 0.932482 0.562186 
vt 0.9327 0.561621 
vt 0.926968 0.556153 
vt 0.944562 0.571707 
vt 0.945188 0.574445 
vt 0.944466 0.571074 
vt 0.927278 0.554553 
vt 0.922424 0.549491 
vt 0.927495 0.553975 
vt 0.922743 0.548231 
vt 0.922936 0.547639 
vt 0.946073 0.570709 
vt 0.945943 0.57009 
vt 0.946763 0.573063 
vt 0.94788 0.569172 
vt 0.98125 0.520871 
vt 0.981411 0.516937 
vt 0.981362 0.520881 
vt 0.981489 0.516956 
vt 0.981333 0.516944 
vt 0.98105 0.52085 
vt 0.981198 0.516961 
vt 0.981064 0.51698 
vt 0.981216 0.523125 
vt 0.980847 0.52083 
vt 0.980986 0.516994 
vt 0.98073 0.520819 
vt 0.981002 0.523116 
vt 0.980786 0.523104 
vt 0.980662 0.523095 
vt 0.980681 0.524882 
vt 0.980801 0.524887 
vt 0.980694 0.526705 
vt 0.981221 0.524898 
vt 0.98101 0.524892 
vt 0.981227 0.526723 
vt 0.981019 0.526714 
vt 0.980812 0.526709 
vt 0.980798 0.528663 
vt 0.980677 0.528658 
vt 0.981009 0.528671 
vt 0.980774 0.530633 
vt 0.980652 0.530629 
vt 0.980988 0.53064 
vt 0.980773 0.532623 
vt 0.980657 0.532626 
vt 0.980738 0.534806 
vt 0.980978 0.532619 
vt 0.981009 0.534781 
vt 0.980836 0.534796 
vt 0.980914 0.537625 
vt 0.980979 0.537601 
vt 0.981093 0.537561 
vt 0.981206 0.537524 
vt 0.981188 0.534766 
vt 0.975417 0.541456 
vt 0.975175 0.536859 
vt 0.975286 0.536861 
vt 0.975255 0.534307 
vt 0.975476 0.536856 
vt 0.97556 0.541437 
vt 0.975142 0.534303 
vt 0.975664 0.536848 
vt 0.975262 0.532317 
vt 0.975152 0.532316 
vt 0.975704 0.541424 
vt 0.975193 0.530148 
vt 0.97545 0.534308 
vt 0.975453 0.53232 
vt 0.975299 0.53015 
vt 0.975246 0.527648 
vt 0.975484 0.530156 
vt 0.975645 0.532324 
vt 0.97567 0.530162 
vt 0.975706 0.527664 
vt 0.975778 0.530162 
vt 0.975642 0.534308 
vt 0.975756 0.532326 
vt 0.975751 0.534308 
vt 0.975771 0.536845 
vt 0.975788 0.541421 
vt 0.975859 0.534312 
vt 0.975878 0.536854 
vt 0.975872 0.541425 
vt 0.976016 0.541441 
vt 0.975867 0.532325 
vt 0.976053 0.534316 
vt 0.976067 0.536864 
vt 0.976159 0.541465 
vt 0.976259 0.536872 
vt 0.976241 0.541486 
vt 0.976369 0.536879 
vt 0.97625 0.534317 
vt 0.976364 0.534319 
vt 0.97606 0.532326 
vt 0.976251 0.532328 
vt 0.976361 0.532327 
vt 0.975885 0.53016 
vt 0.976071 0.53016 
vt 0.976256 0.530159 
vt 0.976361 0.530155 
vt 0.975808 0.527663 
vt 0.975911 0.527662 
vt 0.976089 0.527662 
vt 0.976267 0.52766 
vt 0.976369 0.527654 
vt 0.975832 0.525036 
vt 0.975926 0.525035 
vt 0.97609 0.525033 
vt 0.976256 0.525028 
vt 0.976352 0.525021 
vt 0.9763 0.522472 
vt 0.976214 0.522478 
vt 0.976235 0.520003 
vt 0.976069 0.522484 
vt 0.976163 0.520006 
vt 0.976195 0.51706 
vt 0.976134 0.51704 
vt 0.97604 0.52001 
vt 0.976028 0.517004 
vt 0.975923 0.516968 
vt 0.975927 0.522488 
vt 0.975922 0.520013 
vt 0.97586 0.51695 
vt 0.975848 0.522489 
vt 0.975856 0.520016 
vt 0.975797 0.516969 
vt 0.97579 0.520013 
vt 0.975768 0.522488 
vt 0.975671 0.520008 
vt 0.975691 0.517004 
vt 0.975585 0.517039 
vt 0.975738 0.525036 
vt 0.975626 0.522482 
vt 0.975573 0.525031 
vt 0.975548 0.520003 
vt 0.975476 0.52 
vt 0.975524 0.517057 
vt 0.97548 0.522474 
vt 0.975395 0.522468 
vt 0.975407 0.525021 
vt 0.975311 0.525016 
vt 0.975349 0.527652 
vt 0.975527 0.527659 
vt 0.970234 0.595697 
vt 0.96788 0.592359 
vt 0.968112 0.59204 
vt 0.967115 0.587443 
vt 0.97037 0.595155 
vt 0.967374 0.587373 
vt 0.973493 0.597417 
vt 0.967398 0.581153 
vt 0.973543 0.596801 
vt 0.967157 0.580991 
vt 0.969668 0.574954 
vt 0.969796 0.575292 
vt 0.976957 0.597101 
vt 0.976999 0.597744 
vt 0.979937 0.595429 
vt 0.980116 0.595948 
vt 0.982049 0.591351 
vt 0.981789 0.591052 
vt 0.983253 0.584455 
vt 0.983547 0.5845 
vt 0.982361 0.575889 
vt 0.982145 0.576129 
vt 0.978603 0.536295 
vt 0.978595 0.537857 
vt 0.978554 0.537856 
vt 0.978667 0.537848 
vt 0.978515 0.537837 
vt 0.978472 0.536287 
vt 0.978443 0.537824 
vt 0.97836 0.536299 
vt 0.978371 0.537828 
vt 0.978251 0.536305 
vt 0.97833 0.537839 
vt 0.978188 0.536305 
vt 0.978125 0.534788 
vt 0.978199 0.53479 
vt 0.978116 0.533504 
vt 0.978327 0.534787 
vt 0.978196 0.533504 
vt 0.978129 0.532588 
vt 0.978328 0.533507 
vt 0.978213 0.532578 
vt 0.978197 0.532 
vt 0.978109 0.532029 
vt 0.977937 0.53091 
vt 0.978051 0.530873 
vt 0.977753 0.527874 
vt 0.978335 0.531971 
vt 0.977898 0.527859 
vt 0.977681 0.523174 
vt 0.978241 0.530829 
vt 0.978144 0.527838 
vt 0.977836 0.523173 
vt 0.977788 0.517344 
vt 0.977905 0.517327 
vt 0.9781 0.523166 
vt 0.978103 0.517224 
vt 0.978385 0.527829 
vt 0.978353 0.523174 
vt 0.978299 0.517095 
vt 0.903292 0.518714 
vt 0.902875 0.517679 
vt 0.903292 0.517687 
vt 0.902844 0.516945 
vt 0.903305 0.516961 
vt 0.902551 0.517627 
vt 0.903594 0.517643 
vt 0.902551 0.518762 
vt 0.903594 0.518767 
vt 0.903305 0.519443 
vt 0.902875 0.518714 
vt 0.902845 0.51945 
vt 0.97849 0.523189 
vt 0.978299 0.517095 
vt 0.978416 0.517007 
vt 0.984382 0.586541 
vt 0.983547 0.5845 
vt 0.983256 0.576371 
vt 0.982361 0.575889 
vt 0.985529 0.588294 
vt 0.985886 0.581797 
vt 0.985543 0.578295 
vt 0.987429 0.581431 
vt 0.987573 0.580752 
vt 0.987482 0.58554 
vt 0.986573 0.589978 
vt 0.985526 0.59598 
vt 0.990465 0.586134 
vt 0.990827 0.585553 
vt 0.990249 0.587019 
vt 0.991675 0.589473 
vt 0.992526 0.588668 
vt 0.989179 0.589677 
vt 0.99127 0.590451 
vt 0.991972 0.591209 
vt 0.99334 0.59146 
vt 0.990673 0.590797 
vt 0.99195 0.592768 
vt 0.993387 0.593577 
vt 0.991626 0.592487 
vt 0.991168 0.592053 
vt 0.99182 0.595599 
vt 0.993133 0.596693 
vt 0.990688 0.5957 
vt 0.989538 0.593806 
vt 0.990013 0.595614 
vt 0.991477 0.599382 
vt 0.992745 0.600438 
vt 0.98873 0.592633 
vt 0.988113 0.598204 
vt 0.987138 0.597661 
vt 0.985632 0.600537 
vt 0.986479 0.600892 
vt 0.98845 0.599316 
vt 0.987318 0.602003 
vt 0.989142 0.599114 
vt 0.988977 0.601334 
vt 0.989772 0.599171 
vt 0.990749 0.602988 
vt 0.992423 0.604252 
vt 0.99163 0.607864 
vt 0.989758 0.605466 
vt 0.988093 0.604572 
vt 0.988732 0.608794 
vt 0.990612 0.611292 
vt 0.987985 0.611486 
vt 0.989724 0.614231 
vt 0.987207 0.607403 
vt 0.986766 0.603927 
vt 0.985676 0.604644 
vt 0.986003 0.606384 
vt 0.986377 0.609501 
vt 0.98471 0.60379 
vt 0.984838 0.606332 
vt 0.98544 0.608175 
vt 0.986198 0.614453 
vt 0.988222 0.616839 
vt 0.988865 0.617908 
vt 0.985042 0.61344 
vt 0.984497 0.607771 
vt 0.983871 0.605832 
vt 0.983527 0.603893 
vt 0.982961 0.602951 
vt 0.982108 0.604916 
vt 0.981897 0.602222 
vt 0.981021 0.604437 
vt 0.966798 0.596759 
vt 0.969379 0.59803 
vt 0.973493 0.597417 
vt 0.970234 0.595697 
vt 0.96788 0.592359 
vt 0.966874 0.592726 
vt 0.967115 0.587443 
vt 0.965478 0.592628 
vt 0.966034 0.587762 
vt 0.966123 0.58205 
vt 0.967157 0.580991 
vt 0.96478 0.588361 
vt 0.968869 0.57473 
vt 0.969668 0.574954 
vt 0.96489 0.582671 
vt 0.965791 0.577257 
vt 0.966702 0.574707 
vt 0.963487 0.588844 
vt 0.96375 0.583306 
vt 0.963839 0.579148 
vt 0.964633 0.575916 
vt 0.964642 0.57528 
vt 0.961876 0.589078 
vt 0.961537 0.583943 
vt 0.960991 0.588826 
vt 0.96136 0.577578 
vt 0.961179 0.576868 
vt 0.961367 0.578428 
vt 0.959784 0.579391 
vt 0.959259 0.578166 
vt 0.961727 0.581277 
vt 0.959226 0.580561 
vt 0.958097 0.57981 
vt 0.959923 0.580447 
vt 0.960332 0.581135 
vt 0.960675 0.584315 
vt 0.958953 0.581811 
vt 0.957666 0.58145 
vt 0.959263 0.581814 
vt 0.959706 0.581788 
vt 0.958528 0.584144 
vt 0.957283 0.584088 
vt 0.95996 0.585424 
vt 0.959407 0.585018 
vt 0.958085 0.587382 
vt 0.956881 0.587316 
vt 0.959481 0.588425 
vt 0.957972 0.590765 
vt 0.956401 0.590557 
vt 0.956321 0.593986 
vt 0.959995 0.588826 
vt 0.959704 0.590718 
vt 0.960512 0.589477 
vt 0.95828 0.593455 
vt 0.95979 0.593951 
vt 0.958444 0.59687 
vt 0.956443 0.597452 
vt 0.960987 0.594392 
vt 0.95995 0.59688 
vt 0.958501 0.599591 
vt 0.956545 0.600456 
vt 0.960206 0.599198 
vt 0.959339 0.60337 
vt 0.957195 0.603709 
vt 0.95645 0.604049 
vt 0.947728 0.568586 
vt 0.948545 0.571129 
vt 0.949588 0.567342 
vt 0.949454 0.566744 
vt 0.950348 0.56938 
vt 0.951148 0.565747 
vt 0.951267 0.56636 
vt 0.952247 0.568123 
vt 0.953105 0.56485 
vt 0.95294 0.564291 
vt 0.953959 0.566225 
vt 0.95447 0.562947 
vt 0.95429 0.562428 
vt 0.95531 0.564382 
vt 0.95557 0.561824 
vt 0.955401 0.561268 
vt 0.956245 0.563262 
vt 0.956888 0.559833 
vt 0.957035 0.560416 
vt 0.957878 0.562088 
vt 0.958863 0.558112 
vt 0.959026 0.55868 
vt 0.959962 0.56002 
vt 0.962464 0.553928 
vt 0.963316 0.554947 
vt 0.962274 0.55338 
vt 0.965337 0.55202 
vt 0.965374 0.550229 
vt 0.965203 0.549636 
vt 0.967677 0.547355 
vt 0.967873 0.547756 
vt 0.967708 0.54969 
vt 0.968625 0.54897 
vt 0.906065 0.686423 
vt 0.906883 0.683879 
vt 0.905022 0.682636 
vt 0.905156 0.682038 
vt 0.904262 0.684674 
vt 0.903462 0.68104 
vt 0.903343 0.681653 
vt 0.902363 0.683417 
vt 0.901505 0.680143 
vt 0.90167 0.679584 
vt 0.900651 0.681518 
vt 0.90014 0.67824 
vt 0.90032 0.677722 
vt 0.8993 0.679675 
vt 0.89904 0.677117 
vt 0.899209 0.676562 
vt 0.898365 0.678555 
vt 0.897722 0.675126 
vt 0.897575 0.675709 
vt 0.896732 0.677381 
vt 0.895747 0.673405 
vt 0.895584 0.673973 
vt 0.894648 0.675313 
vt 0.892146 0.669221 
vt 0.891295 0.67024 
vt 0.892336 0.668673 
vt 0.889273 0.667314 
vt 0.889236 0.665522 
vt 0.889407 0.664929 
vt 0.886933 0.662648 
vt 0.886737 0.66305 
vt 0.886902 0.664983 
vt 0.885985 0.664263 
vt 0.92853 0.701146 
vt 0.932409 0.704754 
vt 0.931953 0.70627 
vt 0.93498 0.710143 
vt 0.935448 0.709163 
vt 0.928115 0.702757 
vt 0.932584 0.704198 
vt 0.935684 0.708702 
vt 0.928663 0.70054 
vt 0.923826 0.697755 
vt 0.966656 0.544673 
vt 0.970079 0.539549 
vt 0.970535 0.541065 
vt 0.973106 0.535675 
vt 0.973574 0.536656 
vt 0.966241 0.543062 
vt 0.97071 0.541621 
vt 0.97381 0.537116 
vt 0.966789 0.545278 
vt 0.961952 0.548064 

usemtl Handle1Mtl

f 3604/3604/3604 3605/3605/3605 3606/3606/3606 
f 3607/3607/3607 3606/3606/3606 3608/3608/3608 
f 3606/3606/3606 3607/3607/3607 3604/3604/3604 
f 3604/3604/3604 3607/3607/3607 3609/3609/3609 
f 3604/3604/3604 3609/3609/3609 3610/3610/3610 
f 3611/3611/3611 3604/3604/3604 3610/3610/3610 
f 3604/3604/3604 3611/3611/3611 3605/3605/3605 
f 3606/3606/3606 3605/3605/3605 3612/3612/3612 
f 3613/3613/3613 3605/3605/3605 3611/3611/3611 
f 3605/3605/3605 3614/3614/3614 3612/3612/3612 
f 3605/3605/3605 3613/3613/3613 3614/3614/3614 
f 3612/3612/3612 3614/3614/3614 3615/3615/3615 
f 3616/3616/3616 3614/3614/3614 3613/3613/3613 
f 3614/3614/3614 3617/3617/3617 3615/3615/3615 
f 3617/3617/3617 3614/3614/3614 3616/3616/3616 
f 3618/3618/3618 3619/3619/3619 3620/3620/3620 
f 3620/3620/3620 3621/3621/3621 3622/3622/3622 
f 3621/3621/3621 3620/3620/3620 3619/3619/3619 
f 3619/3619/3619 3623/3623/3623 3621/3621/3621 
f 3623/3623/3623 3619/3619/3619 3624/3624/3624 
f 3619/3619/3619 3625/3625/3625 3624/3624/3624 
f 3625/3625/3625 3619/3619/3619 3618/3618/3618 
f 3620/3620/3620 3626/3626/3626 3618/3618/3618 
f 3618/3618/3618 3627/3627/3627 3625/3625/3625 
f 3626/3626/3626 3628/3628/3628 3618/3618/3618 
f 3627/3627/3627 3618/3618/3618 3628/3628/3628 
f 3628/3628/3628 3626/3626/3626 3629/3629/3629 
f 3630/3630/3630 3627/3627/3627 3628/3628/3628 
f 3631/3631/3631 3628/3628/3628 3629/3629/3629 
f 3628/3628/3628 3631/3631/3631 3630/3630/3630 
f 3632/3632/3632 3633/3633/3633 3634/3634/3634 
f 3633/3633/3633 3632/3632/3632 3635/3635/3635 
f 3636/3636/3636 3634/3634/3634 3637/3637/3637 
f 3636/3636/3636 3637/3637/3637 3638/3638/3638 
f 3639/3639/3639 3634/3634/3634 3633/3633/3633 
f 3634/3634/3634 3639/3639/3639 3637/3637/3637 
f 3640/3640/3640 3633/3633/3633 3635/3635/3635 
f 3640/3640/3640 3635/3635/3635 3641/3641/3641 
f 3640/3640/3640 3641/3641/3641 3642/3642/3642 
f 3640/3640/3640 3642/3642/3642 3643/3643/3643 
f 3644/3644/3644 3640/3640/3640 3643/3643/3643 
f 3633/3633/3633 3645/3645/3645 3639/3639/3639 
f 3645/3645/3645 3633/3633/3633 3640/3640/3640 
f 3640/3640/3640 3644/3644/3644 3646/3646/3646 
f 3640/3640/3640 3646/3646/3646 3645/3645/3645 
f 3647/3647/3647 3646/3646/3646 3644/3644/3644 
f 3646/3646/3646 3647/3647/3647 3648/3648/3648 
f 3648/3648/3648 3645/3645/3645 3646/3646/3646 
f 3649/3649/3649 3648/3648/3648 3647/3647/3647 
f 3650/3650/3650 3639/3639/3639 3645/3645/3645 
f 3648/3648/3648 3649/3649/3649 3651/3651/3651 
f 3652/3652/3652 3651/3651/3651 3649/3649/3649 
f 3653/3653/3653 3645/3645/3645 3648/3648/3648 
f 3653/3653/3653 3648/3648/3648 3651/3651/3651 
f 3645/3645/3645 3653/3653/3653 3650/3650/3650 
f 3651/3651/3651 3652/3652/3652 3654/3654/3654 
f 3655/3655/3655 3654/3654/3654 3652/3652/3652 
f 3656/3656/3656 3653/3653/3653 3651/3651/3651 
f 3656/3656/3656 3651/3651/3651 3654/3654/3654 
f 3657/3657/3657 3650/3650/3650 3653/3653/3653 
f 3653/3653/3653 3656/3656/3656 3657/3657/3657 
f 3639/3639/3639 3650/3650/3650 3658/3658/3658 
f 3658/3658/3658 3637/3637/3637 3639/3639/3639 
f 3654/3654/3654 3655/3655/3655 3659/3659/3659 
f 3660/3660/3660 3658/3658/3658 3650/3650/3650 
f 3650/3650/3650 3657/3657/3657 3660/3660/3660 
f 3661/3661/3661 3656/3656/3656 3654/3654/3654 
f 3661/3661/3661 3657/3657/3657 3656/3656/3656 
f 3661/3661/3661 3654/3654/3654 3659/3659/3659 
f 3662/3662/3662 3659/3659/3659 3655/3655/3655 
f 3657/3657/3657 3661/3661/3661 3663/3663/3663 
f 3664/3664/3664 3660/3660/3660 3657/3657/3657 
f 3664/3664/3664 3657/3657/3657 3663/3663/3663 
f 3665/3665/3665 3663/3663/3663 3661/3661/3661 
f 3665/3665/3665 3661/3661/3661 3659/3659/3659 
f 3659/3659/3659 3662/3662/3662 3666/3666/3666 
f 3665/3665/3665 3659/3659/3659 3666/3666/3666 
f 3667/3667/3667 3666/3666/3666 3662/3662/3662 
f 3667/3667/3667 3662/3662/3662 3668/3668/3668 
f 3669/3669/3669 3665/3665/3665 3666/3666/3666 
f 3669/3669/3669 3666/3666/3666 3667/3667/3667 
f 3665/3665/3665 3670/3670/3670 3663/3663/3663 
f 3665/3665/3665 3669/3669/3669 3670/3670/3670 
f 3671/3671/3671 3667/3667/3667 3668/3668/3668 
f 3671/3671/3671 3668/3668/3668 3672/3672/3672 
f 3673/3673/3673 3669/3669/3669 3667/3667/3667 
f 3670/3670/3670 3669/3669/3669 3673/3673/3673 
f 3673/3673/3673 3667/3667/3667 3671/3671/3671 
f 3674/3674/3674 3671/3671/3671 3672/3672/3672 
f 3675/3675/3675 3670/3670/3670 3673/3673/3673 
f 3670/3670/3670 3676/3676/3676 3663/3663/3663 
f 3675/3675/3675 3676/3676/3676 3670/3670/3670 
f 3676/3676/3676 3664/3664/3664 3663/3663/3663 
f 3677/3677/3677 3675/3675/3675 3673/3673/3673 
f 3677/3677/3677 3673/3673/3673 3671/3671/3671 
f 3671/3671/3671 3674/3674/3674 3678/3678/3678 
f 3677/3677/3677 3671/3671/3671 3678/3678/3678 
f 3679/3679/3679 3678/3678/3678 3674/3674/3674 
f 3664/3664/3664 3676/3676/3676 3680/3680/3680 
f 3678/3678/3678 3679/3679/3679 3681/3681/3681 
f 3660/3660/3660 3664/3664/3664 3680/3680/3680 
f 3678/3678/3678 3682/3682/3682 3677/3677/3677 
f 3682/3682/3682 3678/3678/3678 3681/3681/3681 
f 3683/3683/3683 3681/3681/3681 3679/3679/3679 
f 3683/3683/3683 3682/3682/3682 3681/3681/3681 
f 3679/3679/3679 3684/3684/3684 3683/3683/3683 
f 3685/3685/3685 3683/3683/3683 3684/3684/3684 
f 3682/3682/3682 3686/3686/3686 3677/3677/3677 
f 3675/3675/3675 3677/3677/3677 3686/3686/3686 
f 3687/3687/3687 3676/3676/3676 3675/3675/3675 
f 3686/3686/3686 3687/3687/3687 3675/3675/3675 
f 3676/3676/3676 3687/3687/3687 3680/3680/3680 
f 3687/3687/3687 3686/3686/3686 3688/3688/3688 
f 3686/3686/3686 3682/3682/3682 3689/3689/3689 
f 3686/3686/3686 3689/3689/3689 3688/3688/3688 
f 3687/3687/3687 3688/3688/3688 3690/3690/3690 
f 3689/3689/3689 3690/3690/3690 3688/3688/3688 
f 3687/3687/3687 3691/3691/3691 3680/3680/3680 
f 3691/3691/3691 3687/3687/3687 3690/3690/3690 
f 3690/3690/3690 3689/3689/3689 3692/3692/3692 
f 3691/3691/3691 3690/3690/3690 3692/3692/3692 
f 3693/3693/3693 3689/3689/3689 3682/3682/3682 
f 3682/3682/3682 3683/3683/3683 3693/3693/3693 
f 3694/3694/3694 3692/3692/3692 3689/3689/3689 
f 3694/3694/3694 3689/3689/3689 3693/3693/3693 
f 3692/3692/3692 3694/3694/3694 3695/3695/3695 
f 3692/3692/3692 3696/3696/3696 3691/3691/3691 
f 3697/3697/3697 3695/3695/3695 3694/3694/3694 
f 3698/3698/3698 3694/3694/3694 3693/3693/3693 
f 3694/3694/3694 3698/3698/3698 3697/3697/3697 
f 3683/3683/3683 3698/3698/3698 3693/3693/3693 
f 3699/3699/3699 3697/3697/3697 3698/3698/3698 
f 3698/3698/3698 3683/3683/3683 3700/3700/3700 
f 3700/3700/3700 3699/3699/3699 3698/3698/3698 
f 3683/3683/3683 3685/3685/3685 3700/3700/3700 
f 3701/3701/3701 3700/3700/3700 3685/3685/3685 
f 3699/3699/3699 3700/3700/3700 3701/3701/3701 
f 3685/3685/3685 3702/3702/3702 3701/3701/3701 
f 3703/3703/3703 3701/3701/3701 3702/3702/3702 
f 3704/3704/3704 3699/3699/3699 3701/3701/3701 
f 3705/3705/3705 3699/3699/3699 3704/3704/3704 
f 3704/3704/3704 3706/3706/3706 3705/3705/3705 
f 3704/3704/3704 3707/3707/3707 3706/3706/3706 
f 3701/3701/3701 3708/3708/3708 3704/3704/3704 
f 3707/3707/3707 3704/3704/3704 3708/3708/3708 
f 3701/3701/3701 3703/3703/3703 3708/3708/3708 
f 3708/3708/3708 3709/3709/3709 3707/3707/3707 
f 3709/3709/3709 3708/3708/3708 3703/3703/3703 
f 3710/3710/3710 3711/3711/3711 3712/3712/3712 
f 3711/3711/3711 3713/3713/3713 3712/3712/3712 
f 3710/3710/3710 3714/3714/3714 3711/3711/3711 
f 3714/3714/3714 3710/3710/3710 3715/3715/3715 
f 3715/3715/3715 3716/3716/3716 3714/3714/3714 
f 3717/3717/3717 3714/3714/3714 3716/3716/3716 
f 3713/3713/3713 3718/3718/3718 3719/3719/3719 
f 3720/3720/3720 3719/3719/3719 3718/3718/3718 
f 3714/3714/3714 3717/3717/3717 3721/3721/3721 
f 3721/3721/3721 3711/3711/3711 3714/3714/3714 
f 3722/3722/3722 3721/3721/3721 3717/3717/3717 
f 3717/3717/3717 3723/3723/3723 3722/3722/3722 
f 3711/3711/3711 3721/3721/3721 3724/3724/3724 
f 3713/3713/3713 3711/3711/3711 3724/3724/3724 
f 3725/3725/3725 3724/3724/3724 3721/3721/3721 
f 3722/3722/3722 3725/3725/3725 3721/3721/3721 
f 3726/3726/3726 3722/3722/3722 3723/3723/3723 
f 3727/3727/3727 3713/3713/3713 3724/3724/3724 
f 3724/3724/3724 3725/3725/3725 3727/3727/3727 
f 3718/3718/3718 3713/3713/3713 3727/3727/3727 
f 3722/3722/3722 3726/3726/3726 3728/3728/3728 
f 3726/3726/3726 3729/3729/3729 3728/3728/3728 
f 3730/3730/3730 3725/3725/3725 3722/3722/3722 
f 3722/3722/3722 3728/3728/3728 3730/3730/3730 
f 3728/3728/3728 3729/3729/3729 3731/3731/3731 
f 3731/3731/3731 3730/3730/3730 3728/3728/3728 
f 3732/3732/3732 3731/3731/3731 3729/3729/3729 
f 3733/3733/3733 3725/3725/3725 3730/3730/3730 
f 3731/3731/3731 3733/3733/3733 3730/3730/3730 
f 3732/3732/3732 3734/3734/3734 3731/3731/3731 
f 3733/3733/3733 3731/3731/3731 3734/3734/3734 
f 3734/3734/3734 3732/3732/3732 3735/3735/3735 
f 3735/3735/3735 3736/3736/3736 3734/3734/3734 
f 3736/3736/3736 3737/3737/3737 3734/3734/3734 
f 3734/3734/3734 3737/3737/3737 3733/3733/3733 
f 3736/3736/3736 3738/3738/3738 3737/3737/3737 
f 3725/3725/3725 3733/3733/3733 3739/3739/3739 
f 3737/3737/3737 3739/3739/3739 3733/3733/3733 
f 3739/3739/3739 3727/3727/3727 3725/3725/3725 
f 3738/3738/3738 3740/3740/3740 3737/3737/3737 
f 3737/3737/3737 3740/3740/3740 3739/3739/3739 
f 3727/3727/3727 3739/3739/3739 3741/3741/3741 
f 3740/3740/3740 3741/3741/3741 3739/3739/3739 
f 3741/3741/3741 3718/3718/3718 3727/3727/3727 
f 3742/3742/3742 3740/3740/3740 3738/3738/3738 
f 3743/3743/3743 3742/3742/3742 3738/3738/3738 
f 3742/3742/3742 3743/3743/3743 3744/3744/3744 
f 3740/3740/3740 3742/3742/3742 3745/3745/3745 
f 3745/3745/3745 3741/3741/3741 3740/3740/3740 
f 3744/3744/3744 3746/3746/3746 3742/3742/3742 
f 3746/3746/3746 3745/3745/3745 3742/3742/3742 
f 3744/3744/3744 3747/3747/3747 3746/3746/3746 
f 3741/3741/3741 3745/3745/3745 3748/3748/3748 
f 3718/3718/3718 3741/3741/3741 3748/3748/3748 
f 3745/3745/3745 3746/3746/3746 3749/3749/3749 
f 3746/3746/3746 3747/3747/3747 3749/3749/3749 
f 3749/3749/3749 3748/3748/3748 3745/3745/3745 
f 3750/3750/3750 3718/3718/3718 3748/3748/3748 
f 3748/3748/3748 3749/3749/3749 3750/3750/3750 
f 3718/3718/3718 3750/3750/3750 3720/3720/3720 
f 3747/3747/3747 3751/3751/3751 3749/3749/3749 
f 3751/3751/3751 3750/3750/3750 3749/3749/3749 
f 3750/3750/3750 3752/3752/3752 3720/3720/3720 
f 3750/3750/3750 3751/3751/3751 3752/3752/3752 
f 3752/3752/3752 3753/3753/3753 3720/3720/3720 
f 3754/3754/3754 3753/3753/3753 3752/3752/3752 
f 3751/3751/3751 3754/3754/3754 3752/3752/3752 
f 3753/3753/3753 3754/3754/3754 3755/3755/3755 
f 3747/3747/3747 3756/3756/3756 3751/3751/3751 
f 3754/3754/3754 3751/3751/3751 3756/3756/3756 
f 3747/3747/3747 3757/3757/3757 3756/3756/3756 
f 3754/3754/3754 3758/3758/3758 3755/3755/3755 
f 3757/3757/3757 3759/3759/3759 3756/3756/3756 
f 3759/3759/3759 3754/3754/3754 3756/3756/3756 
f 3760/3760/3760 3758/3758/3758 3754/3754/3754 
f 3754/3754/3754 3759/3759/3759 3760/3760/3760 
f 3761/3761/3761 3762/3762/3762 3763/3763/3763 
f 3764/3764/3764 3765/3765/3765 3761/3761/3761 
f 3763/3763/3763 3766/3766/3766 3761/3761/3761 
f 3761/3761/3761 3766/3766/3766 3764/3764/3764 
f 3766/3766/3766 3763/3763/3763 3767/3767/3767 
f 3766/3766/3766 3768/3768/3768 3764/3764/3764 
f 3767/3767/3767 3769/3769/3769 3766/3766/3766 
f 3766/3766/3766 3769/3769/3769 3768/3768/3768 
f 3769/3769/3769 3767/3767/3767 3770/3770/3770 
f 3771/3771/3771 3768/3768/3768 3769/3769/3769 
f 3770/3770/3770 3771/3771/3771 3769/3769/3769 
f 3768/3768/3768 3771/3771/3771 3772/3772/3772 
f 3771/3771/3771 3770/3770/3770 3773/3773/3773 
f 3774/3774/3774 3772/3772/3772 3771/3771/3771 
f 3773/3773/3773 3774/3774/3774 3771/3771/3771 
f 3772/3772/3772 3774/3774/3774 3775/3775/3775 
f 3774/3774/3774 3773/3773/3773 3776/3776/3776 
f 3777/3777/3777 3775/3775/3775 3774/3774/3774 
f 3776/3776/3776 3778/3778/3778 3774/3774/3774 
f 3774/3774/3774 3778/3778/3778 3777/3777/3777 
f 3776/3776/3776 3779/3779/3779 3778/3778/3778 
f 3780/3780/3780 3777/3777/3777 3778/3778/3778 
f 3779/3779/3779 3780/3780/3780 3778/3778/3778 
f 3777/3777/3777 3780/3780/3780 3781/3781/3781 
f 3779/3779/3779 3782/3782/3782 3780/3780/3780 
f 3783/3783/3783 3781/3781/3781 3780/3780/3780 
f 3782/3782/3782 3784/3784/3784 3780/3780/3780 
f 3780/3780/3780 3784/3784/3784 3783/3783/3783 
f 3782/3782/3782 3785/3785/3785 3784/3784/3784 
f 3786/3786/3786 3783/3783/3783 3784/3784/3784 
f 3785/3785/3785 3787/3787/3787 3784/3784/3784 
f 3784/3784/3784 3788/3788/3788 3786/3786/3786 
f 3788/3788/3788 3784/3784/3784 3787/3787/3787 
f 3788/3788/3788 3787/3787/3787 3789/3789/3789 
f 3788/3788/3788 3789/3789/3789 3790/3790/3790 
f 3791/3791/3791 3792/3792/3792 3793/3793/3793 
f 3794/3794/3794 3795/3795/3795 3792/3792/3792 
f 3796/3796/3796 3793/3793/3793 3792/3792/3792 
f 3796/3796/3796 3792/3792/3792 3795/3795/3795 
f 3793/3793/3793 3796/3796/3796 3797/3797/3797 
f 3795/3795/3795 3798/3798/3798 3796/3796/3796 
f 3799/3799/3799 3797/3797/3797 3796/3796/3796 
f 3799/3799/3799 3796/3796/3796 3798/3798/3798 
f 3797/3797/3797 3799/3799/3799 3800/3800/3800 
f 3798/3798/3798 3801/3801/3801 3799/3799/3799 
f 3801/3801/3801 3800/3800/3800 3799/3799/3799 
f 3801/3801/3801 3798/3798/3798 3802/3802/3802 
f 3800/3800/3800 3801/3801/3801 3803/3803/3803 
f 3802/3802/3802 3804/3804/3804 3801/3801/3801 
f 3804/3804/3804 3803/3803/3803 3801/3801/3801 
f 3804/3804/3804 3802/3802/3802 3805/3805/3805 
f 3803/3803/3803 3804/3804/3804 3806/3806/3806 
f 3805/3805/3805 3807/3807/3807 3804/3804/3804 
f 3804/3804/3804 3808/3808/3808 3806/3806/3806 
f 3804/3804/3804 3807/3807/3807 3808/3808/3808 
f 3809/3809/3809 3806/3806/3806 3808/3808/3808 
f 3807/3807/3807 3810/3810/3810 3808/3808/3808 
f 3808/3808/3808 3810/3810/3810 3809/3809/3809 
f 3810/3810/3810 3807/3807/3807 3811/3811/3811 
f 3812/3812/3812 3809/3809/3809 3810/3810/3810 
f 3811/3811/3811 3813/3813/3813 3810/3810/3810 
f 3812/3812/3812 3810/3810/3810 3814/3814/3814 
f 3814/3814/3814 3810/3810/3810 3813/3813/3813 
f 3812/3812/3812 3814/3814/3814 3815/3815/3815 
f 3813/3813/3813 3816/3816/3816 3814/3814/3814 
f 3815/3815/3815 3814/3814/3814 3817/3817/3817 
f 3818/3818/3818 3814/3814/3814 3816/3816/3816 
f 3814/3814/3814 3818/3818/3818 3817/3817/3817 
f 3817/3817/3817 3818/3818/3818 3819/3819/3819 
f 3818/3818/3818 3820/3820/3820 3819/3819/3819 
f 3821/3821/3821 3822/3822/3822 3823/3823/3823 
f 3823/3823/3823 3824/3824/3824 3821/3821/3821 
f 3824/3824/3824 3823/3823/3823 3825/3825/3825 
f 3826/3826/3826 3821/3821/3821 3824/3824/3824 
f 3827/3827/3827 3825/3825/3825 3823/3823/3823 
f 3822/3822/3822 3827/3827/3827 3823/3823/3823 
f 3828/3828/3828 3821/3821/3821 3826/3826/3826 
f 3827/3827/3827 3822/3822/3822 3829/3829/3829 
f 3829/3829/3829 3822/3822/3822 3830/3830/3830 
f 3821/3821/3821 3828/3828/3828 3831/3831/3831 
f 3822/3822/3822 3821/3821/3821 3831/3831/3831 
f 3831/3831/3831 3828/3828/3828 3832/3832/3832 
f 3822/3822/3822 3832/3832/3832 3830/3830/3830 
f 3832/3832/3832 3822/3822/3822 3831/3831/3831 
f 3660/3660/3660 3680/3680/3680 3833/3833/3833 
f 3691/3691/3691 3833/3833/3833 3680/3680/3680 
f 3658/3658/3658 3660/3660/3660 3833/3833/3833 
f 3833/3833/3833 3691/3691/3691 3834/3834/3834 
f 3691/3691/3691 3696/3696/3696 3834/3834/3834 
f 3835/3835/3835 3834/3834/3834 3696/3696/3696 
f 3836/3836/3836 3833/3833/3833 3834/3834/3834 
f 3835/3835/3835 3836/3836/3836 3834/3834/3834 
f 3833/3833/3833 3836/3836/3836 3658/3658/3658 
f 3638/3638/3638 3836/3836/3836 3835/3835/3835 
f 3637/3637/3637 3658/3658/3658 3836/3836/3836 
f 3638/3638/3638 3637/3637/3637 3836/3836/3836 
f 3837/3837/3837 3838/3838/3838 3839/3839/3839 
f 3840/3840/3840 3837/3837/3837 3839/3839/3839 
f 3838/3838/3838 3837/3837/3837 3841/3841/3841 
f 3837/3837/3837 3840/3840/3840 3842/3842/3842 
f 3843/3843/3843 3838/3838/3838 3841/3841/3841 
f 3844/3844/3844 3842/3842/3842 3840/3840/3840 
f 3838/3838/3838 3843/3843/3843 3845/3845/3845 
f 3846/3846/3846 3845/3845/3845 3843/3843/3843 
f 3845/3845/3845 3846/3846/3846 3847/3847/3847 
f 3842/3842/3842 3844/3844/3844 3848/3848/3848 
f 3844/3844/3844 3849/3849/3849 3848/3848/3848 
f 3849/3849/3849 3844/3844/3844 3850/3850/3850 
f 3850/3850/3850 3851/3851/3851 3849/3849/3849 
f 3851/3851/3851 3850/3850/3850 3852/3852/3852 
f 3852/3852/3852 3853/3853/3853 3851/3851/3851 
f 3854/3854/3854 3851/3851/3851 3853/3853/3853 
f 3853/3853/3853 3855/3855/3855 3854/3854/3854 
f 3855/3855/3855 3853/3853/3853 3856/3856/3856 
f 3856/3856/3856 3857/3857/3857 3855/3855/3855 
f 3857/3857/3857 3856/3856/3856 3858/3858/3858 
f 3859/3859/3859 3860/3860/3860 3861/3861/3861 
f 3861/3861/3861 3862/3862/3862 3859/3859/3859 
f 3863/3863/3863 3862/3862/3862 3864/3864/3864 
f 3865/3865/3865 3863/3863/3863 3864/3864/3864 
f 3863/3863/3863 3865/3865/3865 3866/3866/3866 
f 3863/3863/3863 3866/3866/3866 3867/3867/3867 
f 3862/3862/3862 3863/3863/3863 3868/3868/3868 
f 3868/3868/3868 3859/3859/3859 3862/3862/3862 
f 3867/3867/3867 3869/3869/3869 3863/3863/3863 
f 3869/3869/3869 3868/3868/3868 3863/3863/3863 
f 3869/3869/3869 3867/3867/3867 3870/3870/3870 
f 3859/3859/3859 3868/3868/3868 3871/3871/3871 
f 3870/3870/3870 3872/3872/3872 3869/3869/3869 
f 3872/3872/3872 3870/3870/3870 3873/3873/3873 
f 3873/3873/3873 3874/3874/3874 3872/3872/3872 
f 3872/3872/3872 3875/3875/3875 3869/3869/3869 
f 3868/3868/3868 3869/3869/3869 3875/3875/3875 
f 3874/3874/3874 3876/3876/3876 3872/3872/3872 
f 3875/3875/3875 3872/3872/3872 3876/3876/3876 
f 3876/3876/3876 3874/3874/3874 3877/3877/3877 
f 3878/3878/3878 3876/3876/3876 3877/3877/3877 
f 3876/3876/3876 3878/3878/3878 3879/3879/3879 
f 3879/3879/3879 3875/3875/3875 3876/3876/3876 
f 3880/3880/3880 3879/3879/3879 3878/3878/3878 
f 3881/3881/3881 3868/3868/3868 3875/3875/3875 
f 3875/3875/3875 3879/3879/3879 3881/3881/3881 
f 3868/3868/3868 3881/3881/3881 3871/3871/3871 
f 3879/3879/3879 3880/3880/3880 3882/3882/3882 
f 3883/3883/3883 3882/3882/3882 3880/3880/3880 
f 3884/3884/3884 3881/3881/3881 3879/3879/3879 
f 3879/3879/3879 3882/3882/3882 3884/3884/3884 
f 3885/3885/3885 3871/3871/3871 3881/3881/3881 
f 3885/3885/3885 3881/3881/3881 3884/3884/3884 
f 3885/3885/3885 3859/3859/3859 3871/3871/3871 
f 3882/3882/3882 3883/3883/3883 3886/3886/3886 
f 3886/3886/3886 3884/3884/3884 3882/3882/3882 
f 3887/3887/3887 3885/3885/3885 3884/3884/3884 
f 3884/3884/3884 3886/3886/3886 3887/3887/3887 
f 3859/3859/3859 3885/3885/3885 3888/3888/3888 
f 3860/3860/3860 3859/3859/3859 3888/3888/3888 
f 3885/3885/3885 3887/3887/3887 3889/3889/3889 
f 3889/3889/3889 3888/3888/3888 3885/3885/3885 
f 3888/3888/3888 3890/3890/3890 3860/3860/3860 
f 3860/3860/3860 3890/3890/3890 3891/3891/3891 
f 3888/3888/3888 3889/3889/3889 3892/3892/3892 
f 3888/3888/3888 3892/3892/3892 3890/3890/3890 
f 3893/3893/3893 3891/3891/3891 3890/3890/3890 
f 3893/3893/3893 3890/3890/3890 3892/3892/3892 
f 3892/3892/3892 3894/3894/3894 3893/3893/3893 
f 3894/3894/3894 3892/3892/3892 3889/3889/3889 
f 3895/3895/3895 3893/3893/3893 3894/3894/3894 
f 3893/3893/3893 3895/3895/3895 3896/3896/3896 
f 3897/3897/3897 3896/3896/3896 3895/3895/3895 
f 3897/3897/3897 3895/3895/3895 3898/3898/3898 
f 3895/3895/3895 3894/3894/3894 3899/3899/3899 
f 3889/3889/3889 3899/3899/3899 3894/3894/3894 
f 3899/3899/3899 3898/3898/3898 3895/3895/3895 
f 3899/3899/3899 3889/3889/3889 3887/3887/3887 
f 3898/3898/3898 3899/3899/3899 3900/3900/3900 
f 3887/3887/3887 3900/3900/3900 3899/3899/3899 
f 3900/3900/3900 3901/3901/3901 3898/3898/3898 
f 3900/3900/3900 3887/3887/3887 3886/3886/3886 
f 3901/3901/3901 3900/3900/3900 3902/3902/3902 
f 3886/3886/3886 3902/3902/3902 3900/3900/3900 
f 3902/3902/3902 3886/3886/3886 3883/3883/3883 
f 3883/3883/3883 3903/3903/3903 3902/3902/3902 
f 3902/3902/3902 3904/3904/3904 3901/3901/3901 
f 3904/3904/3904 3902/3902/3902 3903/3903/3903 
f 3903/3903/3903 3905/3905/3905 3904/3904/3904 
f 3906/3906/3906 3904/3904/3904 3905/3905/3905 
f 3904/3904/3904 3906/3906/3906 3907/3907/3907 
f 3908/3908/3908 3907/3907/3907 3906/3906/3906 
f 3904/3904/3904 3907/3907/3907 3909/3909/3909 
f 3907/3907/3907 3908/3908/3908 3910/3910/3910 
f 3907/3907/3907 3910/3910/3910 3909/3909/3909 
f 3911/3911/3911 3912/3912/3912 3913/3913/3913 
f 3914/3914/3914 3913/3913/3913 3912/3912/3912 
f 3913/3913/3913 3915/3915/3915 3911/3911/3911 
f 3913/3913/3913 3914/3914/3914 3916/3916/3916 
f 3917/3917/3917 3911/3911/3911 3915/3915/3915 
f 3914/3914/3914 3918/3918/3918 3916/3916/3916 
f 3915/3915/3915 3919/3919/3919 3917/3917/3917 
f 3918/3918/3918 3914/3914/3914 3920/3920/3920 
f 3921/3921/3921 3917/3917/3917 3919/3919/3919 
f 3922/3922/3922 3918/3918/3918 3920/3920/3920 
f 3917/3917/3917 3921/3921/3921 3923/3923/3923 
f 3918/3918/3918 3922/3922/3922 3924/3924/3924 
f 3925/3925/3925 3923/3923/3923 3921/3921/3921 
f 3926/3926/3926 3924/3924/3924 3922/3922/3922 
f 3923/3923/3923 3925/3925/3925 3927/3927/3927 
f 3928/3928/3928 3927/3927/3927 3925/3925/3925 
f 3927/3927/3927 3928/3928/3928 3929/3929/3929 
f 3924/3924/3924 3926/3926/3926 3930/3930/3930 
f 3931/3931/3931 3930/3930/3930 3926/3926/3926 
f 3930/3930/3930 3931/3931/3931 3932/3932/3932 
f 3933/3933/3933 3934/3934/3934 3935/3935/3935 
f 3935/3935/3935 3936/3936/3936 3933/3933/3933 
f 3935/3935/3935 3934/3934/3934 3937/3937/3937 
f 3936/3936/3936 3935/3935/3935 3938/3938/3938 
f 3934/3934/3934 3939/3939/3939 3937/3937/3937 
f 3938/3938/3938 3940/3940/3940 3936/3936/3936 
f 3937/3937/3937 3939/3939/3939 3941/3941/3941 
f 3942/3942/3942 3936/3936/3936 3940/3940/3940 
f 3939/3939/3939 3943/3943/3943 3941/3941/3941 
f 3940/3940/3940 3944/3944/3944 3942/3942/3942 
f 3943/3943/3943 3939/3939/3939 3945/3945/3945 
f 3944/3944/3944 3940/3940/3940 3946/3946/3946 
f 3945/3945/3945 3947/3947/3947 3943/3943/3943 
f 3946/3946/3946 3948/3948/3948 3944/3944/3944 
f 3947/3947/3947 3945/3945/3945 3949/3949/3949 
f 3949/3949/3949 3950/3950/3950 3947/3947/3947 
f 3950/3950/3950 3949/3949/3949 3951/3951/3951 
f 3948/3948/3948 3946/3946/3946 3952/3952/3952 
f 3952/3952/3952 3953/3953/3953 3948/3948/3948 
f 3953/3953/3953 3952/3952/3952 3954/3954/3954 
f 3955/3955/3955 3956/3956/3956 3957/3957/3957 
f 3956/3956/3956 3955/3955/3955 3958/3958/3958 
f 3958/3958/3958 3959/3959/3959 3956/3956/3956 
f 3960/3960/3960 3955/3955/3955 3957/3957/3957 
f 3957/3957/3957 3961/3961/3961 3960/3960/3960 
f 3960/3960/3960 3962/3962/3962 3955/3955/3955 
f 3962/3962/3962 3958/3958/3958 3955/3955/3955 
f 3958/3958/3958 3962/3962/3962 3963/3963/3963 
f 3962/3962/3962 3960/3960/3960 3964/3964/3964 
f 3965/3965/3965 3958/3958/3958 3963/3963/3963 
f 3961/3961/3961 3966/3966/3966 3960/3960/3960 
f 3966/3966/3966 3964/3964/3964 3960/3960/3960 
f 3966/3966/3966 3961/3961/3961 3967/3967/3967 
f 3964/3964/3964 3966/3966/3966 3968/3968/3968 
f 3966/3966/3966 3967/3967/3967 3969/3969/3969 
f 3969/3969/3969 3968/3968/3968 3966/3966/3966 
f 3968/3968/3968 3969/3969/3969 3970/3970/3970 
f 3967/3967/3967 3971/3971/3971 3969/3969/3969 
f 3972/3972/3972 3970/3970/3970 3969/3969/3969 
f 3971/3971/3971 3973/3973/3973 3969/3969/3969 
f 3969/3969/3969 3973/3973/3973 3972/3972/3972 
f 3973/3973/3973 3971/3971/3971 3974/3974/3974 
f 3975/3975/3975 3972/3972/3972 3973/3973/3973 
f 3974/3974/3974 3975/3975/3975 3973/3973/3973 
f 3972/3972/3972 3975/3975/3975 3976/3976/3976 
f 3975/3975/3975 3974/3974/3974 3977/3977/3977 
f 3978/3978/3978 3976/3976/3976 3975/3975/3975 
f 3977/3977/3977 3978/3978/3978 3975/3975/3975 
f 3976/3976/3976 3978/3978/3978 3979/3979/3979 
f 3978/3978/3978 3977/3977/3977 3762/3762/3762 
f 3765/3765/3765 3979/3979/3979 3978/3978/3978 
f 3762/3762/3762 3761/3761/3761 3978/3978/3978 
f 3978/3978/3978 3761/3761/3761 3765/3765/3765 
f 3980/3980/3980 3981/3981/3981 3982/3982/3982 
f 3981/3981/3981 3983/3983/3983 3982/3982/3982 
f 3981/3981/3981 3984/3984/3984 3983/3983/3983 
f 3985/3985/3985 3980/3980/3980 3982/3982/3982 
f 3980/3980/3980 3985/3985/3985 3986/3986/3986 
f 3987/3987/3987 3985/3985/3985 3982/3982/3982 
f 3982/3982/3982 3983/3983/3983 3987/3987/3987 
f 3987/3987/3987 3983/3983/3983 3988/3988/3988 
f 3985/3985/3985 3987/3987/3987 3989/3989/3989 
f 3983/3983/3983 3990/3990/3990 3988/3988/3988 
f 3991/3991/3991 3986/3986/3986 3985/3985/3985 
f 3989/3989/3989 3991/3991/3991 3985/3985/3985 
f 3986/3986/3986 3991/3991/3991 3992/3992/3992 
f 3991/3991/3991 3989/3989/3989 3993/3993/3993 
f 3991/3991/3991 3994/3994/3994 3992/3992/3992 
f 3993/3993/3993 3994/3994/3994 3991/3991/3991 
f 3994/3994/3994 3993/3993/3993 3995/3995/3995 
f 3992/3992/3992 3994/3994/3994 3996/3996/3996 
f 3997/3997/3997 3994/3994/3994 3995/3995/3995 
f 3998/3998/3998 3996/3996/3996 3994/3994/3994 
f 3994/3994/3994 3997/3997/3997 3998/3998/3998 
f 3996/3996/3996 3998/3998/3998 3999/3999/3999 
f 3997/3997/3997 4000/4000/4000 3998/3998/3998 
f 4000/4000/4000 3999/3999/3999 3998/3998/3998 
f 4000/4000/4000 3997/3997/3997 4001/4001/4001 
f 3999/3999/3999 4000/4000/4000 4002/4002/4002 
f 4001/4001/4001 4003/4003/4003 4000/4000/4000 
f 4003/4003/4003 4002/4002/4002 4000/4000/4000 
f 4003/4003/4003 4001/4001/4001 4004/4004/4004 
f 4002/4002/4002 4003/4003/4003 3791/3791/3791 
f 4004/4004/4004 3794/3794/3794 4003/4003/4003 
f 3792/3792/3792 3791/3791/3791 4003/4003/4003 
f 4003/4003/4003 3794/3794/3794 3792/3792/3792 
f 4005/4005/4005 4006/4006/4006 4007/4007/4007 
f 4008/4008/4008 4009/4009/4009 4010/4010/4010 
f 4009/4009/4009 4008/4008/4008 4011/4011/4011 
f 4011/4011/4011 4012/4012/4012 4009/4009/4009 
f 4013/4013/4013 4011/4011/4011 4008/4008/4008 
f 4012/4012/4012 4014/4014/4014 4009/4009/4009 
f 4015/4015/4015 4013/4013/4013 4008/4008/4008 
f 4010/4010/4010 4015/4015/4015 4008/4008/4008 
f 4009/4009/4009 4016/4016/4016 4010/4010/4010 
f 4016/4016/4016 4009/4009/4009 4014/4014/4014 
f 4015/4015/4015 4010/4010/4010 4017/4017/4017 
f 4018/4018/4018 4010/4010/4010 4016/4016/4016 
f 4010/4010/4010 4018/4018/4018 4017/4017/4017 
f 4019/4019/4019 4016/4016/4016 4014/4014/4014 
f 4019/4019/4019 4018/4018/4018 4016/4016/4016 
f 4020/4020/4020 4015/4015/4015 4017/4017/4017 
f 4017/4017/4017 4018/4018/4018 4020/4020/4020 
f 4015/4015/4015 4020/4020/4020 4021/4021/4021 
f 4018/4018/4018 4022/4022/4022 4020/4020/4020 
f 4013/4013/4013 4015/4015/4015 4023/4023/4023 
f 4021/4021/4021 4023/4023/4023 4015/4015/4015 
f 4023/4023/4023 4024/4024/4024 4013/4013/4013 
f 4025/4025/4025 4013/4013/4013 4024/4024/4024 
f 4026/4026/4026 4025/4025/4025 4024/4024/4024 
f 4024/4024/4024 4027/4027/4027 4026/4026/4026 
f 4024/4024/4024 4023/4023/4023 4027/4027/4027 
f 4026/4026/4026 4027/4027/4027 4028/4028/4028 
f 4027/4027/4027 4029/4029/4029 4028/4028/4028 
f 4030/4030/4030 4027/4027/4027 4023/4023/4023 
f 4027/4027/4027 4030/4030/4030 4029/4029/4029 
f 4023/4023/4023 4021/4021/4021 4030/4030/4030 
f 4028/4028/4028 4029/4029/4029 4031/4031/4031 
f 4021/4021/4021 4020/4020/4020 4032/4032/4032 
f 4022/4022/4022 4032/4032/4032 4020/4020/4020 
f 4021/4021/4021 4032/4032/4032 4033/4033/4033 
f 4022/4022/4022 4034/4034/4034 4032/4032/4032 
f 4035/4035/4035 4021/4021/4021 4033/4033/4033 
f 4035/4035/4035 4030/4030/4030 4021/4021/4021 
f 4035/4035/4035 4029/4029/4029 4030/4030/4030 
f 4036/4036/4036 4035/4035/4035 4033/4033/4033 
f 4035/4035/4035 4036/4036/4036 4037/4037/4037 
f 4037/4037/4037 4029/4029/4029 4035/4035/4035 
f 3632/3632/3632 4037/4037/4037 4036/4036/4036 
f 4029/4029/4029 3636/3636/3636 4031/4031/4031 
f 4029/4029/4029 4037/4037/4037 3636/3636/3636 
f 4031/4031/4031 3636/3636/3636 3638/3638/3638 
f 4037/4037/4037 3632/3632/3632 3634/3634/3634 
f 4037/4037/4037 3634/3634/3634 3636/3636/3636 
f 4038/4038/4038 4039/4039/4039 4040/4040/4040 
f 4041/4041/4041 4042/4042/4042 4043/4043/4043 
f 4044/4044/4044 4043/4043/4043 4042/4042/4042 
f 4045/4045/4045 4046/4046/4046 4041/4041/4041 
f 4046/4046/4046 4045/4045/4045 4047/4047/4047 
f 4048/4048/4048 4041/4041/4041 4043/4043/4043 
f 4041/4041/4041 4048/4048/4048 4045/4045/4045 
f 4049/4049/4049 4047/4047/4047 4045/4045/4045 
f 4047/4047/4047 4049/4049/4049 4050/4050/4050 
f 4049/4049/4049 4051/4051/4051 4050/4050/4050 
f 4045/4045/4045 4052/4052/4052 4049/4049/4049 
f 4052/4052/4052 4045/4045/4045 4048/4048/4048 
f 4051/4051/4051 4049/4049/4049 4053/4053/4053 
f 4053/4053/4053 4054/4054/4054 4051/4051/4051 
f 4054/4054/4054 4053/4053/4053 4055/4055/4055 
f 4049/4049/4049 4056/4056/4056 4053/4053/4053 
f 4056/4056/4056 4055/4055/4055 4053/4053/4053 
f 4056/4056/4056 4049/4049/4049 4052/4052/4052 
f 4055/4055/4055 4056/4056/4056 4057/4057/4057 
f 4056/4056/4056 4058/4058/4058 4057/4057/4057 
f 4058/4058/4058 4056/4056/4056 4059/4059/4059 
f 4052/4052/4052 4059/4059/4059 4056/4056/4056 
f 4059/4059/4059 4060/4060/4060 4058/4058/4058 
f 4059/4059/4059 4052/4052/4052 4061/4061/4061 
f 4048/4048/4048 4061/4061/4061 4052/4052/4052 
f 4060/4060/4060 4059/4059/4059 4062/4062/4062 
f 4061/4061/4061 4062/4062/4062 4059/4059/4059 
f 4062/4062/4062 4063/4063/4063 4060/4060/4060 
f 4061/4061/4061 4048/4048/4048 4064/4064/4064 
f 4043/4043/4043 4064/4064/4064 4048/4048/4048 
f 4062/4062/4062 4061/4061/4061 4065/4065/4065 
f 4064/4064/4064 4065/4065/4065 4061/4061/4061 
f 4063/4063/4063 4062/4062/4062 4066/4066/4066 
f 4065/4065/4065 4066/4066/4066 4062/4062/4062 
f 4066/4066/4066 4067/4067/4067 4063/4063/4063 
f 4064/4064/4064 4043/4043/4043 4068/4068/4068 
f 4043/4043/4043 4044/4044/4044 4068/4068/4068 
f 4065/4065/4065 4064/4064/4064 4069/4069/4069 
f 4068/4068/4068 4069/4069/4069 4064/4064/4064 
f 4044/4044/4044 4070/4070/4070 4068/4068/4068 
f 4069/4069/4069 4068/4068/4068 4070/4070/4070 
f 4070/4070/4070 4044/4044/4044 4071/4071/4071 
f 4071/4071/4071 4072/4072/4072 4070/4070/4070 
f 4073/4073/4073 4070/4070/4070 4072/4072/4072 
f 4070/4070/4070 4073/4073/4073 4069/4069/4069 
f 4074/4074/4074 4073/4073/4073 4072/4072/4072 
f 4069/4069/4069 4075/4075/4075 4065/4065/4065 
f 4075/4075/4075 4069/4069/4069 4073/4073/4073 
f 4066/4066/4066 4065/4065/4065 4075/4075/4075 
f 4073/4073/4073 4074/4074/4074 4076/4076/4076 
f 4077/4077/4077 4076/4076/4076 4074/4074/4074 
f 4073/4073/4073 4078/4078/4078 4075/4075/4075 
f 4078/4078/4078 4073/4073/4073 4076/4076/4076 
f 4075/4075/4075 4079/4079/4079 4066/4066/4066 
f 4079/4079/4079 4075/4075/4075 4078/4078/4078 
f 4067/4067/4067 4066/4066/4066 4079/4079/4079 
f 4079/4079/4079 4080/4080/4080 4067/4067/4067 
f 4076/4076/4076 4077/4077/4077 4081/4081/4081 
f 4081/4081/4081 4078/4078/4078 4076/4076/4076 
f 4077/4077/4077 4082/4082/4082 4081/4081/4081 
f 4080/4080/4080 4079/4079/4079 4083/4083/4083 
f 4078/4078/4078 4083/4083/4083 4079/4079/4079 
f 4083/4083/4083 4084/4084/4084 4080/4080/4080 
f 4078/4078/4078 4081/4081/4081 4085/4085/4085 
f 4083/4083/4083 4078/4078/4078 4085/4085/4085 
f 4086/4086/4086 4081/4081/4081 4082/4082/4082 
f 4081/4081/4081 4086/4086/4086 4085/4085/4085 
f 4082/4082/4082 4087/4087/4087 4086/4086/4086 
f 4085/4085/4085 4088/4088/4088 4083/4083/4083 
f 4088/4088/4088 4085/4085/4085 4086/4086/4086 
f 4087/4087/4087 4088/4088/4088 4086/4086/4086 
f 4084/4084/4084 4083/4083/4083 4088/4088/4088 
f 4088/4088/4088 4087/4087/4087 4089/4089/4089 
f 4089/4089/4089 4084/4084/4084 4088/4088/4088 
f 4084/4084/4084 4089/4089/4089 4090/4090/4090 
f 4091/4091/4091 4092/4092/4092 4093/4093/4093 
f 4094/4094/4094 4095/4095/4095 4096/4096/4096 
f 4094/4094/4094 4096/4096/4096 4092/4092/4092 
f 4097/4097/4097 4092/4092/4092 4091/4091/4091 
f 4097/4097/4097 4094/4094/4094 4092/4092/4092 
f 4091/4091/4091 4098/4098/4098 4097/4097/4097 
f 4098/4098/4098 4091/4091/4091 4099/4099/4099 
f 4094/4094/4094 4097/4097/4097 4100/4100/4100 
f 4099/4099/4099 3757/3757/3757 4098/4098/4098 
f 3757/3757/3757 4099/4099/4099 4101/4101/4101 
f 4097/4097/4097 4098/4098/4098 4102/4102/4102 
f 4098/4098/4098 3757/3757/3757 4102/4102/4102 
f 4097/4097/4097 4102/4102/4102 4100/4100/4100 
f 4101/4101/4101 3759/3759/3759 3757/3757/3757 
f 4100/4100/4100 4103/4103/4103 4094/4094/4094 
f 4104/4104/4104 4103/4103/4103 4100/4100/4100 
f 4105/4105/4105 4103/4103/4103 4104/4104/4104 
f 4102/4102/4102 3757/3757/3757 3747/3747/3747 
f 3744/3744/3744 4100/4100/4100 4102/4102/4102 
f 3747/3747/3747 3744/3744/3744 4102/4102/4102 
f 3743/3743/3743 4104/4104/4104 4100/4100/4100 
f 3744/3744/3744 3743/3743/3743 4100/4100/4100 
f 4106/4106/4106 4105/4105/4105 4104/4104/4104 
f 4106/4106/4106 4107/4107/4107 4105/4105/4105 
f 4104/4104/4104 3743/3743/3743 4108/4108/4108 
f 4106/4106/4106 4104/4104/4104 4108/4108/4108 
f 4107/4107/4107 4106/4106/4106 4109/4109/4109 
f 4109/4109/4109 4110/4110/4110 4107/4107/4107 
f 4111/4111/4111 4106/4106/4106 4108/4108/4108 
f 4111/4111/4111 4109/4109/4109 4106/4106/4106 
f 4112/4112/4112 4110/4110/4110 4109/4109/4109 
f 4110/4110/4110 4112/4112/4112 4113/4113/4113 
f 4109/4109/4109 4111/4111/4111 4114/4114/4114 
f 4114/4114/4114 4112/4112/4112 4109/4109/4109 
f 4115/4115/4115 4113/4113/4113 4112/4112/4112 
f 4115/4115/4115 4112/4112/4112 4114/4114/4114 
f 4113/4113/4113 4115/4115/4115 4116/4116/4116 
f 4115/4115/4115 4114/4114/4114 3732/3732/3732 
f 3735/3735/3735 4114/4114/4114 4111/4111/4111 
f 4114/4114/4114 3735/3735/3735 3732/3732/3732 
f 3735/3735/3735 4111/4111/4111 3736/3736/3736 
f 4111/4111/4111 4108/4108/4108 3736/3736/3736 
f 4117/4117/4117 4116/4116/4116 4115/4115/4115 
f 4117/4117/4117 4115/4115/4115 3732/3732/3732 
f 4116/4116/4116 4117/4117/4117 4118/4118/4118 
f 4119/4119/4119 4116/4116/4116 4118/4118/4118 
f 3736/3736/3736 4108/4108/4108 3738/3738/3738 
f 3738/3738/3738 4108/4108/4108 3743/3743/3743 
f 4120/4120/4120 4119/4119/4119 4118/4118/4118 
f 4121/4121/4121 4119/4119/4119 4120/4120/4120 
f 4117/4117/4117 4122/4122/4122 4118/4118/4118 
f 4118/4118/4118 4122/4122/4122 4120/4120/4120 
f 4123/4123/4123 4121/4121/4121 4120/4120/4120 
f 4019/4019/4019 4121/4121/4121 4123/4123/4123 
f 4124/4124/4124 4123/4123/4123 4120/4120/4120 
f 4120/4120/4120 4122/4122/4122 4124/4124/4124 
f 4123/4123/4123 4125/4125/4125 4019/4019/4019 
f 4125/4125/4125 4123/4123/4123 4124/4124/4124 
f 4018/4018/4018 4019/4019/4019 4125/4125/4125 
f 4125/4125/4125 4022/4022/4022 4018/4018/4018 
f 4124/4124/4124 4126/4126/4126 4125/4125/4125 
f 4022/4022/4022 4125/4125/4125 4126/4126/4126 
f 4127/4127/4127 4124/4124/4124 4122/4122/4122 
f 4126/4126/4126 4124/4124/4124 4127/4127/4127 
f 4128/4128/4128 4022/4022/4022 4126/4126/4126 
f 4127/4127/4127 4128/4128/4128 4126/4126/4126 
f 4034/4034/4034 4022/4022/4022 4128/4128/4128 
f 4128/4128/4128 4129/4129/4129 4034/4034/4034 
f 4128/4128/4128 4130/4130/4130 4129/4129/4129 
f 4128/4128/4128 4127/4127/4127 4130/4130/4130 
f 4131/4131/4131 4129/4129/4129 4130/4130/4130 
f 4122/4122/4122 3726/3726/3726 4127/4127/4127 
f 4130/4130/4130 4127/4127/4127 3723/3723/3723 
f 3723/3723/3723 4127/4127/4127 3726/3726/3726 
f 3729/3729/3729 3726/3726/3726 4122/4122/4122 
f 4122/4122/4122 4117/4117/4117 3729/3729/3729 
f 4117/4117/4117 3732/3732/3732 3729/3729/3729 
f 4130/4130/4130 4132/4132/4132 4131/4131/4131 
f 4132/4132/4132 4130/4130/4130 3723/3723/3723 
f 4133/4133/4133 4131/4131/4131 4132/4132/4132 
f 4131/4131/4131 4133/4133/4133 4134/4134/4134 
f 3723/3723/3723 3717/3717/3717 4132/4132/4132 
f 4135/4135/4135 4134/4134/4134 4133/4133/4133 
f 4134/4134/4134 4135/4135/4135 4136/4136/4136 
f 4136/4136/4136 4135/4135/4135 4137/4137/4137 
f 4138/4138/4138 4137/4137/4137 4135/4135/4135 
f 4135/4135/4135 4139/4139/4139 4138/4138/4138 
f 4132/4132/4132 3716/3716/3716 4133/4133/4133 
f 3716/3716/3716 4132/4132/4132 3717/3717/3717 
f 4133/4133/4133 4140/4140/4140 4135/4135/4135 
f 4140/4140/4140 4133/4133/4133 3716/3716/3716 
f 4139/4139/4139 4135/4135/4135 4141/4141/4141 
f 4135/4135/4135 4140/4140/4140 4141/4141/4141 
f 4141/4141/4141 4142/4142/4142 4139/4139/4139 
f 4142/4142/4142 4141/4141/4141 4143/4143/4143 
f 4140/4140/4140 4143/4143/4143 4141/4141/4141 
f 4143/4143/4143 4144/4144/4144 4142/4142/4142 
f 3716/3716/3716 3715/3715/3715 4140/4140/4140 
f 4144/4144/4144 4143/4143/4143 4145/4145/4145 
f 4145/4145/4145 4146/4146/4146 4144/4144/4144 
f 4143/4143/4143 4140/4140/4140 4147/4147/4147 
f 4147/4147/4147 4145/4145/4145 4143/4143/4143 
f 3715/3715/3715 4147/4147/4147 4140/4140/4140 
f 4146/4146/4146 4145/4145/4145 4148/4148/4148 
f 4148/4148/4148 4149/4149/4149 4146/4146/4146 
f 4147/4147/4147 4150/4150/4150 4145/4145/4145 
f 4150/4150/4150 4148/4148/4148 4145/4145/4145 
f 3715/3715/3715 4151/4151/4151 4147/4147/4147 
f 4150/4150/4150 4147/4147/4147 4151/4151/4151 
f 4149/4149/4149 4148/4148/4148 4152/4152/4152 
f 4150/4150/4150 4153/4153/4153 4148/4148/4148 
f 4152/4152/4152 4148/4148/4148 4153/4153/4153 
f 4151/4151/4151 4153/4153/4153 4150/4150/4150 
f 4152/4152/4152 4154/4154/4154 4149/4149/4149 
f 4151/4151/4151 3715/3715/3715 3710/3710/3710 
f 4154/4154/4154 4152/4152/4152 4155/4155/4155 
f 4156/4156/4156 4152/4152/4152 4153/4153/4153 
f 4152/4152/4152 4156/4156/4156 4155/4155/4155 
f 4155/4155/4155 4157/4157/4157 4154/4154/4154 
f 4158/4158/4158 4154/4154/4154 4157/4157/4157 
f 4159/4159/4159 4155/4155/4155 4156/4156/4156 
f 4155/4155/4155 4159/4159/4159 4157/4157/4157 
f 4157/4157/4157 4160/4160/4160 4158/4158/4158 
f 4161/4161/4161 4158/4158/4158 4160/4160/4160 
f 4160/4160/4160 4162/4162/4162 4161/4161/4161 
f 4157/4157/4157 4163/4163/4163 4160/4160/4160 
f 4163/4163/4163 4157/4157/4157 4159/4159/4159 
f 4162/4162/4162 4160/4160/4160 4164/4164/4164 
f 4164/4164/4164 3758/3758/3758 4162/4162/4162 
f 4165/4165/4165 4160/4160/4160 4163/4163/4163 
f 4160/4160/4160 4165/4165/4165 4164/4164/4164 
f 4166/4166/4166 4163/4163/4163 4159/4159/4159 
f 4156/4156/4156 4166/4166/4166 4159/4159/4159 
f 3758/3758/3758 4164/4164/4164 3755/3755/3755 
f 4167/4167/4167 4163/4163/4163 4166/4166/4166 
f 4167/4167/4167 4165/4165/4165 4163/4163/4163 
f 4156/4156/4156 4168/4168/4168 4166/4166/4166 
f 4156/4156/4156 4153/4153/4153 4168/4168/4168 
f 4153/4153/4153 4151/4151/4151 4168/4168/4168 
f 3753/3753/3753 4164/4164/4164 4165/4165/4165 
f 3753/3753/3753 3755/3755/3755 4164/4164/4164 
f 4165/4165/4165 4167/4167/4167 4169/4169/4169 
f 4169/4169/4169 3753/3753/3753 4165/4165/4165 
f 4168/4168/4168 4151/4151/4151 4170/4170/4170 
f 3710/3710/3710 4170/4170/4170 4151/4151/4151 
f 4166/4166/4166 4168/4168/4168 4171/4171/4171 
f 4171/4171/4171 4167/4167/4167 4166/4166/4166 
f 4171/4171/4171 4168/4168/4168 4170/4170/4170 
f 4172/4172/4172 4169/4169/4169 4167/4167/4167 
f 4171/4171/4171 4172/4172/4172 4167/4167/4167 
f 4170/4170/4170 3712/3712/3712 4171/4171/4171 
f 3710/3710/3710 3712/3712/3712 4170/4170/4170 
f 4171/4171/4171 3712/3712/3712 4172/4172/4172 
f 4169/4169/4169 4172/4172/4172 4173/4173/4173 
f 4169/4169/4169 4173/4173/4173 3720/3720/3720 
f 3753/3753/3753 4169/4169/4169 3720/3720/3720 
f 4172/4172/4172 3719/3719/3719 4173/4173/4173 
f 3719/3719/3719 3720/3720/3720 4173/4173/4173 
f 3713/3713/3713 4172/4172/4172 3712/3712/3712 
f 4172/4172/4172 3713/3713/3713 3719/3719/3719 
f 4174/4174/4174 4175/4175/4175 4176/4176/4176 
f 4175/4175/4175 4174/4174/4174 4177/4177/4177 
f 4177/4177/4177 4178/4178/4178 4175/4175/4175 
f 4178/4178/4178 4177/4177/4177 4179/4179/4179 
f 4176/4176/4176 4180/4180/4180 4174/4174/4174 
f 4180/4180/4180 4176/4176/4176 4181/4181/4181 
f 4181/4181/4181 4182/4182/4182 4180/4180/4180 
f 4182/4182/4182 4181/4181/4181 4183/4183/4183 
f 4184/4184/4184 4182/4182/4182 4183/4183/4183 
f 4182/4182/4182 4184/4184/4184 4185/4185/4185 
f 4186/4186/4186 4185/4185/4185 4184/4184/4184 
f 4185/4185/4185 4186/4186/4186 4187/4187/4187 
f 4188/4188/4188 4187/4187/4187 4186/4186/4186 
f 4187/4187/4187 4188/4188/4188 4189/4189/4189 
f 4190/4190/4190 4189/4189/4189 4188/4188/4188 
f 4189/4189/4189 4190/4190/4190 4191/4191/4191 
f 4192/4192/4192 4193/4193/4193 4194/4194/4194 
f 4193/4193/4193 4192/4192/4192 4195/4195/4195 
f 4192/4192/4192 4196/4196/4196 4195/4195/4195 
f 4196/4196/4196 4192/4192/4192 4197/4197/4197 
f 4194/4194/4194 4198/4198/4198 4192/4192/4192 
f 4198/4198/4198 4197/4197/4197 4192/4192/4192 
f 4198/4198/4198 4194/4194/4194 3959/3959/3959 
f 4197/4197/4197 4198/4198/4198 3965/3965/3965 
f 3959/3959/3959 3958/3958/3958 4198/4198/4198 
f 3958/3958/3958 3965/3965/3965 4198/4198/4198 
f 4199/4199/4199 4200/4200/4200 4201/4201/4201 
f 4202/4202/4202 4199/4199/4199 4201/4201/4201 
f 4200/4200/4200 4199/4199/4199 4203/4203/4203 
f 4199/4199/4199 4202/4202/4202 4204/4204/4204 
f 4205/4205/4205 4203/4203/4203 4199/4199/4199 
f 4204/4204/4204 4205/4205/4205 4199/4199/4199 
f 4203/4203/4203 4205/4205/4205 3984/3984/3984 
f 4205/4205/4205 4204/4204/4204 3990/3990/3990 
f 4205/4205/4205 3983/3983/3983 3984/3984/3984 
f 3990/3990/3990 3983/3983/3983 4205/4205/4205 
f 4206/4206/4206 4207/4207/4207 4208/4208/4208 
f 4209/4209/4209 4208/4208/4208 4207/4207/4207 
f 4208/4208/4208 4210/4210/4210 4206/4206/4206 
f 4207/4207/4207 4206/4206/4206 4211/4211/4211 
f 4208/4208/4208 4209/4209/4209 4212/4212/4212 
f 4207/4207/4207 4213/4213/4213 4209/4209/4209 
f 4210/4210/4210 4208/4208/4208 4214/4214/4214 
f 4212/4212/4212 4214/4214/4214 4208/4208/4208 
f 4215/4215/4215 4206/4206/4206 4210/4210/4210 
f 4214/4214/4214 4212/4212/4212 4216/4216/4216 
f 4214/4214/4214 4217/4217/4217 4210/4210/4210 
f 4216/4216/4216 4217/4217/4217 4214/4214/4214 
f 4210/4210/4210 4217/4217/4217 4218/4218/4218 
f 4210/4210/4210 4218/4218/4218 4215/4215/4215 
f 4206/4206/4206 4215/4215/4215 4219/4219/4219 
f 4219/4219/4219 4211/4211/4211 4206/4206/4206 
f 4215/4215/4215 4218/4218/4218 4220/4220/4220 
f 4221/4221/4221 4219/4219/4219 4215/4215/4215 
f 4220/4220/4220 4221/4221/4221 4215/4215/4215 
f 4211/4211/4211 4219/4219/4219 3706/3706/3706 
f 4219/4219/4219 4221/4221/4221 3705/3705/3705 
f 3705/3705/3705 3706/3706/3706 4219/4219/4219 
f 3705/3705/3705 4221/4221/4221 4222/4222/4222 
f 4221/4221/4221 4220/4220/4220 4223/4223/4223 
f 4223/4223/4223 4222/4222/4222 4221/4221/4221 
f 3699/3699/3699 3705/3705/3705 4222/4222/4222 
f 4222/4222/4222 4223/4223/4223 3697/3697/3697 
f 3697/3697/3697 3699/3699/3699 4222/4222/4222 
f 4224/4224/4224 4223/4223/4223 4220/4220/4220 
f 3695/3695/3695 3697/3697/3697 4223/4223/4223 
f 4223/4223/4223 4224/4224/4224 3695/3695/3695 
f 4220/4220/4220 4225/4225/4225 4224/4224/4224 
f 4218/4218/4218 4225/4225/4225 4220/4220/4220 
f 3692/3692/3692 3695/3695/3695 4224/4224/4224 
f 4225/4225/4225 4218/4218/4218 4226/4226/4226 
f 4217/4217/4217 4226/4226/4226 4218/4218/4218 
f 4225/4225/4225 3696/3696/3696 4224/4224/4224 
f 4224/4224/4224 3696/3696/3696 3692/3692/3692 
f 4226/4226/4226 3835/3835/3835 4225/4225/4225 
f 3696/3696/3696 4225/4225/4225 3835/3835/3835 
f 4227/4227/4227 4226/4226/4226 4217/4217/4217 
f 4217/4217/4217 4216/4216/4216 4227/4227/4227 
f 4226/4226/4226 4227/4227/4227 4228/4228/4228 
f 4226/4226/4226 4228/4228/4228 3835/3835/3835 
f 4227/4227/4227 4229/4229/4229 4228/4228/4228 
f 4228/4228/4228 3638/3638/3638 3835/3835/3835 
f 4229/4229/4229 3638/3638/3638 4228/4228/4228 
f 4230/4230/4230 4229/4229/4229 4227/4227/4227 
f 4216/4216/4216 4230/4230/4230 4227/4227/4227 
f 4230/4230/4230 4031/4031/4031 4229/4229/4229 
f 3638/3638/3638 4229/4229/4229 4031/4031/4031 
f 4231/4231/4231 4230/4230/4230 4216/4216/4216 
f 4031/4031/4031 4230/4230/4230 4028/4028/4028 
f 4231/4231/4231 4028/4028/4028 4230/4230/4230 
f 4216/4216/4216 4232/4232/4232 4231/4231/4231 
f 4232/4232/4232 4216/4216/4216 4212/4212/4212 
f 4233/4233/4233 4232/4232/4232 4212/4212/4212 
f 4212/4212/4212 4209/4209/4209 4233/4233/4233 
f 4234/4234/4234 4233/4233/4233 4209/4209/4209 
f 4235/4235/4235 4232/4232/4232 4233/4233/4233 
f 4234/4234/4234 4235/4235/4235 4233/4233/4233 
f 4236/4236/4236 4231/4231/4231 4232/4232/4232 
f 4232/4232/4232 4235/4235/4235 4236/4236/4236 
f 4231/4231/4231 4236/4236/4236 4237/4237/4237 
f 4028/4028/4028 4231/4231/4231 4237/4237/4237 
f 4209/4209/4209 4213/4213/4213 4234/4234/4234 
f 4237/4237/4237 4026/4026/4026 4028/4028/4028 
f 4238/4238/4238 4237/4237/4237 4236/4236/4236 
f 4237/4237/4237 4238/4238/4238 4026/4026/4026 
f 4236/4236/4236 4239/4239/4239 4238/4238/4238 
f 4239/4239/4239 4236/4236/4236 4235/4235/4235 
f 4025/4025/4025 4026/4026/4026 4238/4238/4238 
f 4238/4238/4238 4239/4239/4239 4240/4240/4240 
f 4240/4240/4240 4025/4025/4025 4238/4238/4238 
f 4235/4235/4235 4241/4241/4241 4239/4239/4239 
f 4242/4242/4242 4240/4240/4240 4239/4239/4239 
f 4239/4239/4239 4241/4241/4241 4242/4242/4242 
f 4241/4241/4241 4235/4235/4235 4243/4243/4243 
f 4235/4235/4235 4234/4234/4234 4243/4243/4243 
f 4243/4243/4243 4244/4244/4244 4241/4241/4241 
f 4244/4244/4244 4242/4242/4242 4241/4241/4241 
f 4245/4245/4245 4246/4246/4246 4247/4247/4247 
f 4248/4248/4248 4247/4247/4247 4246/4246/4246 
f 4247/4247/4247 4248/4248/4248 4249/4249/4249 
f 4246/4246/4246 4245/4245/4245 4250/4250/4250 
f 4251/4251/4251 4250/4250/4250 4245/4245/4245 
f 4250/4250/4250 4251/4251/4251 4252/4252/4252 
f 4251/4251/4251 4253/4253/4253 4252/4252/4252 
f 4253/4253/4253 4251/4251/4251 4254/4254/4254 
f 4254/4254/4254 4255/4255/4255 4253/4253/4253 
f 4255/4255/4255 4254/4254/4254 4256/4256/4256 
f 4256/4256/4256 4257/4257/4257 4255/4255/4255 
f 4256/4256/4256 4258/4258/4258 4257/4257/4257 
f 4258/4258/4258 4259/4259/4259 4257/4257/4257 
f 4259/4259/4259 4258/4258/4258 4260/4260/4260 
f 4260/4260/4260 4261/4261/4261 4259/4259/4259 
f 4261/4261/4261 4260/4260/4260 4262/4262/4262 
f 4262/4262/4262 4263/4263/4263 4261/4261/4261 
f 4263/4263/4263 4262/4262/4262 4264/4264/4264 
f 4265/4265/4265 4263/4263/4263 4264/4264/4264 
f 4263/4263/4263 4265/4265/4265 4266/4266/4266 
f 4265/4265/4265 4267/4267/4267 4266/4266/4266 
f 4267/4267/4267 4265/4265/4265 4268/4268/4268 
f 4269/4269/4269 4267/4267/4267 4268/4268/4268 
f 4267/4267/4267 4269/4269/4269 4270/4270/4270 
f 4269/4269/4269 4271/4271/4271 4270/4270/4270 
f 4271/4271/4271 4269/4269/4269 4272/4272/4272 
f 4273/4273/4273 4271/4271/4271 4272/4272/4272 
f 4271/4271/4271 4273/4273/4273 4274/4274/4274 
f 4275/4275/4275 4274/4274/4274 4273/4273/4273 
f 4273/4273/4273 4276/4276/4276 4275/4275/4275 
f 4277/4277/4277 4275/4275/4275 4276/4276/4276 
f 4275/4275/4275 4277/4277/4277 4278/4278/4278 
f 4279/4279/4279 4280/4280/4280 4281/4281/4281 
f 4280/4280/4280 4279/4279/4279 4282/4282/4282 
f 4282/4282/4282 4283/4283/4283 4280/4280/4280 
f 4283/4283/4283 4282/4282/4282 4284/4284/4284 
f 4281/4281/4281 4285/4285/4285 4279/4279/4279 
f 4285/4285/4285 4281/4281/4281 4286/4286/4286 
f 4286/4286/4286 4287/4287/4287 4285/4285/4285 
f 4288/4288/4288 4285/4285/4285 4287/4287/4287 
f 4287/4287/4287 4289/4289/4289 4288/4288/4288 
f 4289/4289/4289 4290/4290/4290 4288/4288/4288 
f 4289/4289/4289 4291/4291/4291 4290/4290/4290 
f 4290/4290/4290 4291/4291/4291 4292/4292/4292 
f 4291/4291/4291 4293/4293/4293 4292/4292/4292 
f 4294/4294/4294 4292/4292/4292 4293/4293/4293 
f 4293/4293/4293 4295/4295/4295 4294/4294/4294 
f 4296/4296/4296 4294/4294/4294 4295/4295/4295 
f 4295/4295/4295 4297/4297/4297 4296/4296/4296 
f 4298/4298/4298 4296/4296/4296 4297/4297/4297 
f 4297/4297/4297 4299/4299/4299 4298/4298/4298 
f 4299/4299/4299 4297/4297/4297 4300/4300/4300 
f 4300/4300/4300 4301/4301/4301 4299/4299/4299 
f 4302/4302/4302 4299/4299/4299 4301/4301/4301 
f 4301/4301/4301 4303/4303/4303 4302/4302/4302 
f 4303/4303/4303 4301/4301/4301 4304/4304/4304 
f 4304/4304/4304 4305/4305/4305 4303/4303/4303 
f 4306/4306/4306 4303/4303/4303 4305/4305/4305 
f 4305/4305/4305 4307/4307/4307 4306/4306/4306 
f 4307/4307/4307 4305/4305/4305 4308/4308/4308 
f 4309/4309/4309 4307/4307/4307 4308/4308/4308 
f 4310/4310/4310 4307/4307/4307 4309/4309/4309 
f 4309/4309/4309 4311/4311/4311 4310/4310/4310 
f 4311/4311/4311 4309/4309/4309 4312/4312/4312 
f 4313/4313/4313 4314/4314/4314 4315/4315/4315 
f 4315/4315/4315 4316/4316/4316 4313/4313/4313 
f 4314/4314/4314 4313/4313/4313 4317/4317/4317 
f 4317/4317/4317 4318/4318/4318 4314/4314/4314 
f 4319/4319/4319 4316/4316/4316 4320/4320/4320 
f 4319/4319/4319 4320/4320/4320 4321/4321/4321 
f 4322/4322/4322 4313/4313/4313 4316/4316/4316 
f 4316/4316/4316 4319/4319/4319 4322/4322/4322 
f 4323/4323/4323 4317/4317/4317 4313/4313/4313 
f 4313/4313/4313 4322/4322/4322 4323/4323/4323 
f 4324/4324/4324 4319/4319/4319 4321/4321/4321 
f 4324/4324/4324 4322/4322/4322 4319/4319/4319 
f 4325/4325/4325 4324/4324/4324 4321/4321/4321 
f 4324/4324/4324 4325/4325/4325 4326/4326/4326 
f 4322/4322/4322 4324/4324/4324 4327/4327/4327 
f 4326/4326/4326 4327/4327/4327 4324/4324/4324 
f 4327/4327/4327 4323/4323/4323 4322/4322/4322 
f 4327/4327/4327 4326/4326/4326 4328/4328/4328 
f 4328/4328/4328 4329/4329/4329 4327/4327/4327 
f 4323/4323/4323 4327/4327/4327 4329/4329/4329 
f 4329/4329/4329 4328/4328/4328 4330/4330/4330 
f 4329/4329/4329 4331/4331/4331 4323/4323/4323 
f 4317/4317/4317 4323/4323/4323 4331/4331/4331 
f 4330/4330/4330 4332/4332/4332 4329/4329/4329 
f 4331/4331/4331 4329/4329/4329 4332/4332/4332 
f 4332/4332/4332 4330/4330/4330 4333/4333/4333 
f 4331/4331/4331 4334/4334/4334 4317/4317/4317 
f 4318/4318/4318 4317/4317/4317 4334/4334/4334 
f 4334/4334/4334 4335/4335/4335 4318/4318/4318 
f 4334/4334/4334 4331/4331/4331 4336/4336/4336 
f 4332/4332/4332 4336/4336/4336 4331/4331/4331 
f 4335/4335/4335 4334/4334/4334 4337/4337/4337 
f 4336/4336/4336 4337/4337/4337 4334/4334/4334 
f 4337/4337/4337 4338/4338/4338 4335/4335/4335 
f 4337/4337/4337 4336/4336/4336 4339/4339/4339 
f 4339/4339/4339 4338/4338/4338 4337/4337/4337 
f 4336/4336/4336 4332/4332/4332 4340/4340/4340 
f 4333/4333/4333 4340/4340/4340 4332/4332/4332 
f 4339/4339/4339 4336/4336/4336 4340/4340/4340 
f 4340/4340/4340 4333/4333/4333 4341/4341/4341 
f 4341/4341/4341 4342/4342/4342 4340/4340/4340 
f 4340/4340/4340 4342/4342/4342 4339/4339/4339 
f 4342/4342/4342 4341/4341/4341 4343/4343/4343 
f 4343/4343/4343 4344/4344/4344 4342/4342/4342 
f 4344/4344/4344 4339/4339/4339 4342/4342/4342 
f 4344/4344/4344 4343/4343/4343 4345/4345/4345 
f 4338/4338/4338 4339/4339/4339 4346/4346/4346 
f 4339/4339/4339 4344/4344/4344 4346/4346/4346 
f 4346/4346/4346 4347/4347/4347 4338/4338/4338 
f 4345/4345/4345 4348/4348/4348 4344/4344/4344 
f 4348/4348/4348 4346/4346/4346 4344/4344/4344 
f 4348/4348/4348 4345/4345/4345 4349/4349/4349 
f 4347/4347/4347 4346/4346/4346 4350/4350/4350 
f 4346/4346/4346 4348/4348/4348 4350/4350/4350 
f 4349/4349/4349 4351/4351/4351 4348/4348/4348 
f 4348/4348/4348 4351/4351/4351 4350/4350/4350 
f 4351/4351/4351 4349/4349/4349 4352/4352/4352 
f 4093/4093/4093 4351/4351/4351 4352/4352/4352 
f 4096/4096/4096 4347/4347/4347 4350/4350/4350 
f 4096/4096/4096 4350/4350/4350 4351/4351/4351 
f 4095/4095/4095 4347/4347/4347 4096/4096/4096 
f 4092/4092/4092 4351/4351/4351 4093/4093/4093 
f 4092/4092/4092 4096/4096/4096 4351/4351/4351 
f 4234/4234/4234 4353/4353/4353 4243/4243/4243 
f 4244/4244/4244 4243/4243/4243 4353/4353/4353 
f 4353/4353/4353 4234/4234/4234 4354/4354/4354 
f 4354/4354/4354 4234/4234/4234 4213/4213/4213 
f 4353/4353/4353 4355/4355/4355 4244/4244/4244 
f 4354/4354/4354 4356/4356/4356 4353/4353/4353 
f 4355/4355/4355 4353/4353/4353 4356/4356/4356 
f 4213/4213/4213 4357/4357/4357 4354/4354/4354 
f 4244/4244/4244 4355/4355/4355 4358/4358/4358 
f 4242/4242/4242 4244/4244/4244 4359/4359/4359 
f 4358/4358/4358 4359/4359/4359 4244/4244/4244 
f 4360/4360/4360 4242/4242/4242 4359/4359/4359 
f 4361/4361/4361 4358/4358/4358 4355/4355/4355 
f 4356/4356/4356 4361/4361/4361 4355/4355/4355 
f 4362/4362/4362 4359/4359/4359 4358/4358/4358 
f 4359/4359/4359 4362/4362/4362 4360/4360/4360 
f 4242/4242/4242 4360/4360/4360 4363/4363/4363 
f 4363/4363/4363 4240/4240/4240 4242/4242/4242 
f 4240/4240/4240 4363/4363/4363 4364/4364/4364 
f 4364/4364/4364 4025/4025/4025 4240/4240/4240 
f 4365/4365/4365 4363/4363/4363 4360/4360/4360 
f 4366/4366/4366 4364/4364/4364 4363/4363/4363 
f 4363/4363/4363 4365/4365/4365 4366/4366/4366 
f 4367/4367/4367 4360/4360/4360 4362/4362/4362 
f 4360/4360/4360 4367/4367/4367 4365/4365/4365 
f 4025/4025/4025 4364/4364/4364 4368/4368/4368 
f 4364/4364/4364 4366/4366/4366 4369/4369/4369 
f 4369/4369/4369 4368/4368/4368 4364/4364/4364 
f 4013/4013/4013 4025/4025/4025 4368/4368/4368 
f 4368/4368/4368 4369/4369/4369 4011/4011/4011 
f 4011/4011/4011 4013/4013/4013 4368/4368/4368 
f 4370/4370/4370 4369/4369/4369 4366/4366/4366 
f 4012/4012/4012 4011/4011/4011 4369/4369/4369 
f 4369/4369/4369 4370/4370/4370 4012/4012/4012 
f 4366/4366/4366 4371/4371/4371 4370/4370/4370 
f 4371/4371/4371 4366/4366/4366 4365/4365/4365 
f 4365/4365/4365 4372/4372/4372 4371/4371/4371 
f 4372/4372/4372 4365/4365/4365 4367/4367/4367 
f 4371/4371/4371 4373/4373/4373 4370/4370/4370 
f 4372/4372/4372 4374/4374/4374 4371/4371/4371 
f 4373/4373/4373 4371/4371/4371 4374/4374/4374 
f 4370/4370/4370 4375/4375/4375 4012/4012/4012 
f 4375/4375/4375 4370/4370/4370 4373/4373/4373 
f 4014/4014/4014 4012/4012/4012 4375/4375/4375 
f 4367/4367/4367 4376/4376/4376 4372/4372/4372 
f 4374/4374/4374 4372/4372/4372 4377/4377/4377 
f 4376/4376/4376 4377/4377/4377 4372/4372/4372 
f 4376/4376/4376 4367/4367/4367 4378/4378/4378 
f 4362/4362/4362 4378/4378/4378 4367/4367/4367 
f 4377/4377/4377 4376/4376/4376 4379/4379/4379 
f 4378/4378/4378 4362/4362/4362 4380/4380/4380 
f 4358/4358/4358 4380/4380/4380 4362/4362/4362 
f 4378/4378/4378 4381/4381/4381 4376/4376/4376 
f 4381/4381/4381 4379/4379/4379 4376/4376/4376 
f 4380/4380/4380 4382/4382/4382 4378/4378/4378 
f 4381/4381/4381 4378/4378/4378 4382/4382/4382 
f 4380/4380/4380 4358/4358/4358 4383/4383/4383 
f 4358/4358/4358 4361/4361/4361 4383/4383/4383 
f 4382/4382/4382 4380/4380/4380 4384/4384/4384 
f 4383/4383/4383 4384/4384/4384 4380/4380/4380 
f 4382/4382/4382 4385/4385/4385 4381/4381/4381 
f 4379/4379/4379 4381/4381/4381 4386/4386/4386 
f 4385/4385/4385 4386/4386/4386 4381/4381/4381 
f 4385/4385/4385 4382/4382/4382 4387/4387/4387 
f 4384/4384/4384 4387/4387/4387 4382/4382/4382 
f 4386/4386/4386 4385/4385/4385 4388/4388/4388 
f 4384/4384/4384 4383/4383/4383 4389/4389/4389 
f 4387/4387/4387 4390/4390/4390 4385/4385/4385 
f 4390/4390/4390 4388/4388/4388 4385/4385/4385 
f 4387/4387/4387 4384/4384/4384 4391/4391/4391 
f 4389/4389/4389 4391/4391/4391 4384/4384/4384 
f 4390/4390/4390 4387/4387/4387 4392/4392/4392 
f 4391/4391/4391 4392/4392/4392 4387/4387/4387 
f 4383/4383/4383 4393/4393/4393 4389/4389/4389 
f 4393/4393/4393 4383/4383/4383 4361/4361/4361 
f 4391/4391/4391 4389/4389/4389 4394/4394/4394 
f 4395/4395/4395 4389/4389/4389 4393/4393/4393 
f 4389/4389/4389 4395/4395/4395 4394/4394/4394 
f 4396/4396/4396 4393/4393/4393 4361/4361/4361 
f 4361/4361/4361 4356/4356/4356 4396/4396/4396 
f 4393/4393/4393 4396/4396/4396 4397/4397/4397 
f 4397/4397/4397 4395/4395/4395 4393/4393/4393 
f 4394/4394/4394 4398/4398/4398 4391/4391/4391 
f 4392/4392/4392 4391/4391/4391 4398/4398/4398 
f 4396/4396/4396 4399/4399/4399 4397/4397/4397 
f 4398/4398/4398 4400/4400/4400 4392/4392/4392 
f 4356/4356/4356 4401/4401/4401 4396/4396/4396 
f 4399/4399/4399 4396/4396/4396 4401/4401/4401 
f 4401/4401/4401 4356/4356/4356 4402/4402/4402 
f 4356/4356/4356 4354/4354/4354 4402/4402/4402 
f 4402/4402/4402 4354/4354/4354 4357/4357/4357 
f 4401/4401/4401 4402/4402/4402 4403/4403/4403 
f 4357/4357/4357 4403/4403/4403 4402/4402/4402 
f 4403/4403/4403 4404/4404/4404 4401/4401/4401 
f 4399/4399/4399 4401/4401/4401 4404/4404/4404 
f 4405/4405/4405 4403/4403/4403 4357/4357/4357 
f 4406/4406/4406 4404/4404/4404 4403/4403/4403 
f 4403/4403/4403 4405/4405/4405 4406/4406/4406 
f 4357/4357/4357 4407/4407/4407 4405/4405/4405 
f 4407/4407/4407 4357/4357/4357 4213/4213/4213 
f 4213/4213/4213 4207/4207/4207 4407/4407/4407 
f 4211/4211/4211 4407/4407/4407 4207/4207/4207 
f 4407/4407/4407 4211/4211/4211 4408/4408/4408 
f 4408/4408/4408 4405/4405/4405 4407/4407/4407 
f 4408/4408/4408 4211/4211/4211 3706/3706/3706 
f 4409/4409/4409 4406/4406/4406 4405/4405/4405 
f 4405/4405/4405 4408/4408/4408 4409/4409/4409 
f 4406/4406/4406 4409/4409/4409 4410/4410/4410 
f 3706/3706/3706 4411/4411/4411 4408/4408/4408 
f 4409/4409/4409 4408/4408/4408 4411/4411/4411 
f 4411/4411/4411 4412/4412/4412 4409/4409/4409 
f 4410/4410/4410 4409/4409/4409 4412/4412/4412 
f 3707/3707/3707 4411/4411/4411 3706/3706/3706 
f 4413/4413/4413 4412/4412/4412 4411/4411/4411 
f 4411/4411/4411 3707/3707/3707 4413/4413/4413 
f 4413/4413/4413 3707/3707/3707 3709/3709/3709 
f 3709/3709/3709 4414/4414/4414 4413/4413/4413 
f 4414/4414/4414 4415/4415/4415 4413/4413/4413 
f 4412/4412/4412 4413/4413/4413 4415/4415/4415 
f 4415/4415/4415 4414/4414/4414 4416/4416/4416 
f 4417/4417/4417 4415/4415/4415 4416/4416/4416 
f 4415/4415/4415 4418/4418/4418 4412/4412/4412 
f 4412/4412/4412 4418/4418/4418 4410/4410/4410 
f 4415/4415/4415 4417/4417/4417 4419/4419/4419 
f 4418/4418/4418 4415/4415/4415 4419/4419/4419 
f 4420/4420/4420 4419/4419/4419 4417/4417/4417 
f 4421/4421/4421 4410/4410/4410 4418/4418/4418 
f 4419/4419/4419 4421/4421/4421 4418/4418/4418 
f 4419/4419/4419 4420/4420/4420 4422/4422/4422 
f 4421/4421/4421 4419/4419/4419 4422/4422/4422 
f 4423/4423/4423 4422/4422/4422 4420/4420/4420 
f 4422/4422/4422 4424/4424/4424 4421/4421/4421 
f 4422/4422/4422 4423/4423/4423 4425/4425/4425 
f 4424/4424/4424 4422/4422/4422 4425/4425/4425 
f 4426/4426/4426 4425/4425/4425 4423/4423/4423 
f 4425/4425/4425 4426/4426/4426 4427/4427/4427 
f 4425/4425/4425 4427/4427/4427 4424/4424/4424 
f 4428/4428/4428 4427/4427/4427 4426/4426/4426 
f 4424/4424/4424 4429/4429/4429 4421/4421/4421 
f 4410/4410/4410 4421/4421/4421 4429/4429/4429 
f 4427/4427/4427 4428/4428/4428 4430/4430/4430 
f 4431/4431/4431 4430/4430/4430 4428/4428/4428 
f 4432/4432/4432 4424/4424/4424 4427/4427/4427 
f 4430/4430/4430 4432/4432/4432 4427/4427/4427 
f 4429/4429/4429 4424/4424/4424 4433/4433/4433 
f 4432/4432/4432 4433/4433/4433 4424/4424/4424 
f 4434/4434/4434 4410/4410/4410 4429/4429/4429 
f 4410/4410/4410 4434/4434/4434 4406/4406/4406 
f 4404/4404/4404 4406/4406/4406 4434/4434/4434 
f 4429/4429/4429 4435/4435/4435 4434/4434/4434 
f 4435/4435/4435 4429/4429/4429 4433/4433/4433 
f 4434/4434/4434 4436/4436/4436 4404/4404/4404 
f 4436/4436/4436 4434/4434/4434 4435/4435/4435 
f 4404/4404/4404 4436/4436/4436 4399/4399/4399 
f 4433/4433/4433 4432/4432/4432 4437/4437/4437 
f 4437/4437/4437 4435/4435/4435 4433/4433/4433 
f 4438/4438/4438 4437/4437/4437 4432/4432/4432 
f 4432/4432/4432 4430/4430/4430 4438/4438/4438 
f 4435/4435/4435 4437/4437/4437 4439/4439/4439 
f 4435/4435/4435 4439/4439/4439 4436/4436/4436 
f 4437/4437/4437 4438/4438/4438 4440/4440/4440 
f 4440/4440/4440 4439/4439/4439 4437/4437/4437 
f 4441/4441/4441 4438/4438/4438 4430/4430/4430 
f 4430/4430/4430 4431/4431/4431 4441/4441/4441 
f 4442/4442/4442 4441/4441/4441 4431/4431/4431 
f 4438/4438/4438 4441/4441/4441 4443/4443/4443 
f 4443/4443/4443 4440/4440/4440 4438/4438/4438 
f 4441/4441/4441 4442/4442/4442 4444/4444/4444 
f 4444/4444/4444 4443/4443/4443 4441/4441/4441 
f 4445/4445/4445 4444/4444/4444 4442/4442/4442 
f 4444/4444/4444 4445/4445/4445 4446/4446/4446 
f 4447/4447/4447 4446/4446/4446 4445/4445/4445 
f 4443/4443/4443 4444/4444/4444 4448/4448/4448 
f 4446/4446/4446 4448/4448/4448 4444/4444/4444 
f 4440/4440/4440 4443/4443/4443 4449/4449/4449 
f 4448/4448/4448 4449/4449/4449 4443/4443/4443 
f 4449/4449/4449 4450/4450/4450 4440/4440/4440 
f 4439/4439/4439 4440/4440/4440 4450/4450/4450 
f 3931/3931/3931 4451/4451/4451 3932/3932/3932 
f 3931/3931/3931 4452/4452/4452 4451/4451/4451 
f 4452/4452/4452 4453/4453/4453 4451/4451/4451 
f 4452/4452/4452 4454/4454/4454 4453/4453/4453 
f 4454/4454/4454 4455/4455/4455 4453/4453/4453 
f 4454/4454/4454 4456/4456/4456 4455/4455/4455 
f 4457/4457/4457 4455/4455/4455 4456/4456/4456 
f 4455/4455/4455 4457/4457/4457 4458/4458/4458 
f 4459/4459/4459 4458/4458/4458 4457/4457/4457 
f 4458/4458/4458 4459/4459/4459 4460/4460/4460 
f 4461/4461/4461 4460/4460/4460 4459/4459/4459 
f 4460/4460/4460 4461/4461/4461 4462/4462/4462 
f 4463/4463/4463 4462/4462/4462 4461/4461/4461 
f 4462/4462/4462 4463/4463/4463 4464/4464/4464 
f 4465/4465/4465 4464/4464/4464 4463/4463/4463 
f 4464/4464/4464 4465/4465/4465 4466/4466/4466 
f 4467/4467/4467 4466/4466/4466 4465/4465/4465 
f 4466/4466/4466 4467/4467/4467 4468/4468/4468 
f 4469/4469/4469 4468/4468/4468 4467/4467/4467 
f 4468/4468/4468 4469/4469/4469 4470/4470/4470 
f 3954/3954/3954 4471/4471/4471 3953/3953/3953 
f 3953/3953/3953 4471/4471/4471 4472/4472/4472 
f 4471/4471/4471 4473/4473/4473 4472/4472/4472 
f 4472/4472/4472 4473/4473/4473 4474/4474/4474 
f 4473/4473/4473 4475/4475/4475 4474/4474/4474 
f 4474/4474/4474 4475/4475/4475 4476/4476/4476 
f 4475/4475/4475 4477/4477/4477 4476/4476/4476 
f 4477/4477/4477 4475/4475/4475 4478/4478/4478 
f 4478/4478/4478 4479/4479/4479 4477/4477/4477 
f 4479/4479/4479 4478/4478/4478 4480/4480/4480 
f 4480/4480/4480 4481/4481/4481 4479/4479/4479 
f 4481/4481/4481 4480/4480/4480 4482/4482/4482 
f 4482/4482/4482 4483/4483/4483 4481/4481/4481 
f 4483/4483/4483 4482/4482/4482 4484/4484/4484 
f 4484/4484/4484 4485/4485/4485 4483/4483/4483 
f 4485/4485/4485 4484/4484/4484 4486/4486/4486 
f 4486/4486/4486 4487/4487/4487 4485/4485/4485 
f 4487/4487/4487 4486/4486/4486 4488/4488/4488 
f 4488/4488/4488 4489/4489/4489 4487/4487/4487 
f 4489/4489/4489 4488/4488/4488 4490/4490/4490 
f 4491/4491/4491 4492/4492/4492 4493/4493/4493 
f 4400/4400/4400 4493/4493/4493 4492/4492/4492 
f 4492/4492/4492 4491/4491/4491 4494/4494/4494 
f 4495/4495/4495 4494/4494/4494 4491/4491/4491 
f 4496/4496/4496 4400/4400/4400 4492/4492/4492 
f 4494/4494/4494 4495/4495/4495 4497/4497/4497 
f 4497/4497/4497 4495/4495/4495 4498/4498/4498 
f 4497/4497/4497 4498/4498/4498 4499/4499/4499 
f 4500/4500/4500 4492/4492/4492 4494/4494/4494 
f 4500/4500/4500 4494/4494/4494 4497/4497/4497 
f 4492/4492/4492 4500/4500/4500 4496/4496/4496 
f 4501/4501/4501 4497/4497/4497 4499/4499/4499 
f 4497/4497/4497 4501/4501/4501 4500/4500/4500 
f 4499/4499/4499 4502/4502/4502 4501/4501/4501 
f 4502/4502/4502 4503/4503/4503 4501/4501/4501 
f 4504/4504/4504 4501/4501/4501 4503/4503/4503 
f 4501/4501/4501 4504/4504/4504 4500/4500/4500 
f 4503/4503/4503 4505/4505/4505 4504/4504/4504 
f 4506/4506/4506 4500/4500/4500 4504/4504/4504 
f 4507/4507/4507 4504/4504/4504 4505/4505/4505 
f 4507/4507/4507 4506/4506/4506 4504/4504/4504 
f 4505/4505/4505 4508/4508/4508 4507/4507/4507 
f 4508/4508/4508 4505/4505/4505 4509/4509/4509 
f 4506/4506/4506 4507/4507/4507 4510/4510/4510 
f 4508/4508/4508 4510/4510/4510 4507/4507/4507 
f 4509/4509/4509 4511/4511/4511 4508/4508/4508 
f 4510/4510/4510 4512/4512/4512 4506/4506/4506 
f 4512/4512/4512 4500/4500/4500 4506/4506/4506 
f 4500/4500/4500 4512/4512/4512 4496/4496/4496 
f 4508/4508/4508 4511/4511/4511 4513/4513/4513 
f 4511/4511/4511 4514/4514/4514 4513/4513/4513 
f 4514/4514/4514 4511/4511/4511 4515/4515/4515 
f 4513/4513/4513 4516/4516/4516 4508/4508/4508 
f 4516/4516/4516 4510/4510/4510 4508/4508/4508 
f 4515/4515/4515 4517/4517/4517 4514/4514/4514 
f 4516/4516/4516 4513/4513/4513 4518/4518/4518 
f 4514/4514/4514 4518/4518/4518 4513/4513/4513 
f 4516/4516/4516 4519/4519/4519 4510/4510/4510 
f 4512/4512/4512 4510/4510/4510 4519/4519/4519 
f 4518/4518/4518 4520/4520/4520 4516/4516/4516 
f 4519/4519/4519 4516/4516/4516 4520/4520/4520 
f 4519/4519/4519 4521/4521/4521 4512/4512/4512 
f 4521/4521/4521 4496/4496/4496 4512/4512/4512 
f 4520/4520/4520 4522/4522/4522 4519/4519/4519 
f 4521/4521/4521 4519/4519/4519 4522/4522/4522 
f 4520/4520/4520 4518/4518/4518 4523/4523/4523 
f 4496/4496/4496 4521/4521/4521 4524/4524/4524 
f 4400/4400/4400 4496/4496/4496 4524/4524/4524 
f 4524/4524/4524 4392/4392/4392 4400/4400/4400 
f 4392/4392/4392 4524/4524/4524 4390/4390/4390 
f 4524/4524/4524 4525/4525/4525 4390/4390/4390 
f 4525/4525/4525 4524/4524/4524 4521/4521/4521 
f 4388/4388/4388 4390/4390/4390 4525/4525/4525 
f 4526/4526/4526 4525/4525/4525 4521/4521/4521 
f 4526/4526/4526 4521/4521/4521 4522/4522/4522 
f 4527/4527/4527 4388/4388/4388 4525/4525/4525 
f 4527/4527/4527 4525/4525/4525 4526/4526/4526 
f 4388/4388/4388 4527/4527/4527 4528/4528/4528 
f 4386/4386/4386 4388/4388/4388 4528/4528/4528 
f 4529/4529/4529 4527/4527/4527 4526/4526/4526 
f 4386/4386/4386 4528/4528/4528 4530/4530/4530 
f 4379/4379/4379 4386/4386/4386 4530/4530/4530 
f 4531/4531/4531 4528/4528/4528 4527/4527/4527 
f 4531/4531/4531 4527/4527/4527 4529/4529/4529 
f 4530/4530/4530 4528/4528/4528 4532/4532/4532 
f 4528/4528/4528 4531/4531/4531 4532/4532/4532 
f 4379/4379/4379 4530/4530/4530 4533/4533/4533 
f 4377/4377/4377 4379/4379/4379 4533/4533/4533 
f 4530/4530/4530 4532/4532/4532 4534/4534/4534 
f 4533/4533/4533 4530/4530/4530 4534/4534/4534 
f 4535/4535/4535 4377/4377/4377 4533/4533/4533 
f 4374/4374/4374 4377/4377/4377 4535/4535/4535 
f 4535/4535/4535 4533/4533/4533 4536/4536/4536 
f 4533/4533/4533 4534/4534/4534 4536/4536/4536 
f 4537/4537/4537 4374/4374/4374 4535/4535/4535 
f 4373/4373/4373 4374/4374/4374 4537/4537/4537 
f 4538/4538/4538 4535/4535/4535 4536/4536/4536 
f 4538/4538/4538 4537/4537/4537 4535/4535/4535 
f 4534/4534/4534 4539/4539/4539 4536/4536/4536 
f 4539/4539/4539 4538/4538/4538 4536/4536/4536 
f 4540/4540/4540 4373/4373/4373 4537/4537/4537 
f 4375/4375/4375 4373/4373/4373 4540/4540/4540 
f 4541/4541/4541 4537/4537/4537 4538/4538/4538 
f 4541/4541/4541 4540/4540/4540 4537/4537/4537 
f 4542/4542/4542 4375/4375/4375 4540/4540/4540 
f 4542/4542/4542 4014/4014/4014 4375/4375/4375 
f 4121/4121/4121 4540/4540/4540 4541/4541/4541 
f 4121/4121/4121 4542/4542/4542 4540/4540/4540 
f 4019/4019/4019 4014/4014/4014 4542/4542/4542 
f 4121/4121/4121 4019/4019/4019 4542/4542/4542 
f 4541/4541/4541 4538/4538/4538 4543/4543/4543 
f 4121/4121/4121 4541/4541/4541 4119/4119/4119 
f 4119/4119/4119 4541/4541/4541 4543/4543/4543 
f 4543/4543/4543 4538/4538/4538 4544/4544/4544 
f 4538/4538/4538 4539/4539/4539 4544/4544/4544 
f 4119/4119/4119 4543/4543/4543 4116/4116/4116 
f 4113/4113/4113 4543/4543/4543 4544/4544/4544 
f 4116/4116/4116 4543/4543/4543 4113/4113/4113 
f 4544/4544/4544 4539/4539/4539 4545/4545/4545 
f 4113/4113/4113 4544/4544/4544 4545/4545/4545 
f 4539/4539/4539 4546/4546/4546 4545/4545/4545 
f 4113/4113/4113 4545/4545/4545 4110/4110/4110 
f 4546/4546/4546 4110/4110/4110 4545/4545/4545 
f 4539/4539/4539 4547/4547/4547 4546/4546/4546 
f 4539/4539/4539 4534/4534/4534 4547/4547/4547 
f 4547/4547/4547 4548/4548/4548 4546/4546/4546 
f 4534/4534/4534 4549/4549/4549 4547/4547/4547 
f 4547/4547/4547 4549/4549/4549 4548/4548/4548 
f 4549/4549/4549 4534/4534/4534 4532/4532/4532 
f 4532/4532/4532 4550/4550/4550 4549/4549/4549 
f 4550/4550/4550 4532/4532/4532 4531/4531/4531 
f 4549/4549/4549 4550/4550/4550 4551/4551/4551 
f 4549/4549/4549 4551/4551/4551 4548/4548/4548 
f 4531/4531/4531 4552/4552/4552 4550/4550/4550 
f 4552/4552/4552 4531/4531/4531 4529/4529/4529 
f 4550/4550/4550 4553/4553/4553 4551/4551/4551 
f 4550/4550/4550 4552/4552/4552 4553/4553/4553 
f 4551/4551/4551 4553/4553/4553 4554/4554/4554 
f 4548/4548/4548 4551/4551/4551 4555/4555/4555 
f 4554/4554/4554 4555/4555/4555 4551/4551/4551 
f 4548/4548/4548 4556/4556/4556 4546/4546/4546 
f 4110/4110/4110 4546/4546/4546 4556/4556/4556 
f 4555/4555/4555 4557/4557/4557 4548/4548/4548 
f 4556/4556/4556 4548/4548/4548 4557/4557/4557 
f 4557/4557/4557 4555/4555/4555 4558/4558/4558 
f 4556/4556/4556 4557/4557/4557 4559/4559/4559 
f 4559/4559/4559 4557/4557/4557 4558/4558/4558 
f 4110/4110/4110 4556/4556/4556 4107/4107/4107 
f 4107/4107/4107 4556/4556/4556 4559/4559/4559 
f 4558/4558/4558 4555/4555/4555 4560/4560/4560 
f 4555/4555/4555 4554/4554/4554 4560/4560/4560 
f 4558/4558/4558 4561/4561/4561 4559/4559/4559 
f 4559/4559/4559 4105/4105/4105 4107/4107/4107 
f 4105/4105/4105 4559/4559/4559 4561/4561/4561 
f 4561/4561/4561 4558/4558/4558 4562/4562/4562 
f 4560/4560/4560 4562/4562/4562 4558/4558/4558 
f 4105/4105/4105 4561/4561/4561 4103/4103/4103 
f 4561/4561/4561 4562/4562/4562 4095/4095/4095 
f 4561/4561/4561 4095/4095/4095 4103/4103/4103 
f 4562/4562/4562 4347/4347/4347 4095/4095/4095 
f 4562/4562/4562 4560/4560/4560 4563/4563/4563 
f 4562/4562/4562 4563/4563/4563 4347/4347/4347 
f 4564/4564/4564 4563/4563/4563 4560/4560/4560 
f 4560/4560/4560 4554/4554/4554 4564/4564/4564 
f 4563/4563/4563 4564/4564/4564 4335/4335/4335 
f 4103/4103/4103 4095/4095/4095 4094/4094/4094 
f 4554/4554/4554 4565/4565/4565 4564/4564/4564 
f 4563/4563/4563 4335/4335/4335 4338/4338/4338 
f 4563/4563/4563 4338/4338/4338 4347/4347/4347 
f 4564/4564/4564 4318/4318/4318 4335/4335/4335 
f 4564/4564/4564 4565/4565/4565 4318/4318/4318 
f 4565/4565/4565 4554/4554/4554 4566/4566/4566 
f 4566/4566/4566 4554/4554/4554 4553/4553/4553 
f 4553/4553/4553 4567/4567/4567 4566/4566/4566 
f 4552/4552/4552 4567/4567/4567 4553/4553/4553 
f 4566/4566/4566 4568/4568/4568 4565/4565/4565 
f 4565/4565/4565 4314/4314/4314 4318/4318/4318 
f 4568/4568/4568 4314/4314/4314 4565/4565/4565 
f 4568/4568/4568 4566/4566/4566 4569/4569/4569 
f 4569/4569/4569 4566/4566/4566 4567/4567/4567 
f 4552/4552/4552 4570/4570/4570 4567/4567/4567 
f 4567/4567/4567 4570/4570/4570 4569/4569/4569 
f 4570/4570/4570 4552/4552/4552 4571/4571/4571 
f 4529/4529/4529 4571/4571/4571 4552/4552/4552 
f 4572/4572/4572 4569/4569/4569 4570/4570/4570 
f 4571/4571/4571 4529/4529/4529 4573/4573/4573 
f 4529/4529/4529 4526/4526/4526 4573/4573/4573 
f 4573/4573/4573 4526/4526/4526 4522/4522/4522 
f 4571/4571/4571 4574/4574/4574 4570/4570/4570 
f 4570/4570/4570 4574/4574/4574 4572/4572/4572 
f 4573/4573/4573 4575/4575/4575 4571/4571/4571 
f 4574/4574/4574 4571/4571/4571 4575/4575/4575 
f 4522/4522/4522 4576/4576/4576 4573/4573/4573 
f 4575/4575/4575 4573/4573/4573 4576/4576/4576 
f 4522/4522/4522 4520/4520/4520 4576/4576/4576 
f 4523/4523/4523 4576/4576/4576 4520/4520/4520 
f 4576/4576/4576 4523/4523/4523 4575/4575/4575 
f 4575/4575/4575 4577/4577/4577 4574/4574/4574 
f 4577/4577/4577 4575/4575/4575 4523/4523/4523 
f 4574/4574/4574 4577/4577/4577 4578/4578/4578 
f 4578/4578/4578 4572/4572/4572 4574/4574/4574 
f 4523/4523/4523 4579/4579/4579 4577/4577/4577 
f 4579/4579/4579 4523/4523/4523 4518/4518/4518 
f 4579/4579/4579 4518/4518/4518 4514/4514/4514 
f 4577/4577/4577 4579/4579/4579 4580/4580/4580 
f 4580/4580/4580 4578/4578/4578 4577/4577/4577 
f 4581/4581/4581 4579/4579/4579 4514/4514/4514 
f 4580/4580/4580 4579/4579/4579 4581/4581/4581 
f 4581/4581/4581 4514/4514/4514 4517/4517/4517 
f 4517/4517/4517 4582/4582/4582 4581/4581/4581 
f 4581/4581/4581 4582/4582/4582 4583/4583/4583 
f 4581/4581/4581 4583/4583/4583 4580/4580/4580 
f 4582/4582/4582 4584/4584/4584 4583/4583/4583 
f 4585/4585/4585 4578/4578/4578 4580/4580/4580 
f 4585/4585/4585 4580/4580/4580 4583/4583/4583 
f 4583/4583/4583 4584/4584/4584 4586/4586/4586 
f 4586/4586/4586 4585/4585/4585 4583/4583/4583 
f 4584/4584/4584 4587/4587/4587 4586/4586/4586 
f 4578/4578/4578 4585/4585/4585 4588/4588/4588 
f 4588/4588/4588 4572/4572/4572 4578/4578/4578 
f 4585/4585/4585 4586/4586/4586 4589/4589/4589 
f 4585/4585/4585 4589/4589/4589 4588/4588/4588 
f 4586/4586/4586 4587/4587/4587 4590/4590/4590 
f 4589/4589/4589 4586/4586/4586 4590/4590/4590 
f 4587/4587/4587 4321/4321/4321 4590/4590/4590 
f 4321/4321/4321 4587/4587/4587 4325/4325/4325 
f 4320/4320/4320 4589/4589/4589 4590/4590/4590 
f 4590/4590/4590 4321/4321/4321 4320/4320/4320 
f 4588/4588/4588 4589/4589/4589 4591/4591/4591 
f 4320/4320/4320 4591/4591/4591 4589/4589/4589 
f 4572/4572/4572 4588/4588/4588 4592/4592/4592 
f 4588/4588/4588 4591/4591/4591 4592/4592/4592 
f 4592/4592/4592 4569/4569/4569 4572/4572/4572 
f 4569/4569/4569 4592/4592/4592 4568/4568/4568 
f 4592/4592/4592 4315/4315/4315 4568/4568/4568 
f 4592/4592/4592 4591/4591/4591 4315/4315/4315 
f 4314/4314/4314 4568/4568/4568 4315/4315/4315 
f 4591/4591/4591 4320/4320/4320 4316/4316/4316 
f 4316/4316/4316 4315/4315/4315 4591/4591/4591 
f 4593/4593/4593 4594/4594/4594 4595/4595/4595 
f 4595/4595/4595 4596/4596/4596 4593/4593/4593 
f 4596/4596/4596 4597/4597/4597 4593/4593/4593 
f 4598/4598/4598 4595/4595/4595 4594/4594/4594 
f 4594/4594/4594 4599/4599/4599 4598/4598/4598 
f 4595/4595/4595 4598/4598/4598 4600/4600/4600 
f 4600/4600/4600 4601/4601/4601 4595/4595/4595 
f 4596/4596/4596 4595/4595/4595 4601/4601/4601 
f 4602/4602/4602 4600/4600/4600 4598/4598/4598 
f 4601/4601/4601 4603/4603/4603 4596/4596/4596 
f 4604/4604/4604 4596/4596/4596 4603/4603/4603 
f 4605/4605/4605 4598/4598/4598 4599/4599/4599 
f 4602/4602/4602 4598/4598/4598 4605/4605/4605 
f 4599/4599/4599 4606/4606/4606 4605/4605/4605 
f 4607/4607/4607 4602/4602/4602 4605/4605/4605 
f 4607/4607/4607 4605/4605/4605 4606/4606/4606 
f 4602/4602/4602 4607/4607/4607 4608/4608/4608 
f 4607/4607/4607 4606/4606/4606 4609/4609/4609 
f 4610/4610/4610 4608/4608/4608 4607/4607/4607 
f 4609/4609/4609 4611/4611/4611 4607/4607/4607 
f 4607/4607/4607 4611/4611/4611 4610/4610/4610 
f 4611/4611/4611 4609/4609/4609 4612/4612/4612 
f 4613/4613/4613 4610/4610/4610 4611/4611/4611 
f 4613/4613/4613 4611/4611/4611 4612/4612/4612 
f 4610/4610/4610 4613/4613/4613 4614/4614/4614 
f 4612/4612/4612 4615/4615/4615 4613/4613/4613 
f 4616/4616/4616 4614/4614/4614 4613/4613/4613 
f 4615/4615/4615 4616/4616/4616 4613/4613/4613 
f 4614/4614/4614 4616/4616/4616 4617/4617/4617 
f 4616/4616/4616 4615/4615/4615 4618/4618/4618 
f 4619/4619/4619 4617/4617/4617 4616/4616/4616 
f 4620/4620/4620 4616/4616/4616 4618/4618/4618 
f 4619/4619/4619 4616/4616/4616 4621/4621/4621 
f 4616/4616/4616 4620/4620/4620 4621/4621/4621 
f 4622/4622/4622 4619/4619/4619 4621/4621/4621 
f 4623/4623/4623 4621/4621/4621 4620/4620/4620 
f 4622/4622/4622 4621/4621/4621 4624/4624/4624 
f 4621/4621/4621 4623/4623/4623 4624/4624/4624 
f 4625/4625/4625 4622/4622/4622 4624/4624/4624 
f 4623/4623/4623 4625/4625/4625 4624/4624/4624 
f 4622/4622/4622 4625/4625/4625 4626/4626/4626 
f 4625/4625/4625 4623/4623/4623 4627/4627/4627 
f 4625/4625/4625 4628/4628/4628 4626/4626/4626 
f 4627/4627/4627 4629/4629/4629 4625/4625/4625 
f 4628/4628/4628 4625/4625/4625 4629/4629/4629 
f 4629/4629/4629 4627/4627/4627 4630/4630/4630 
f 4631/4631/4631 4628/4628/4628 4629/4629/4629 
f 4630/4630/4630 4631/4631/4631 4629/4629/4629 
f 4628/4628/4628 4631/4631/4631 4632/4632/4632 
f 4631/4631/4631 4630/4630/4630 4633/4633/4633 
f 4634/4634/4634 4635/4635/4635 4636/4636/4636 
f 4636/4636/4636 4635/4635/4635 4637/4637/4637 
f 4635/4635/4635 4638/4638/4638 4637/4637/4637 
f 4639/4639/4639 4634/4634/4634 4636/4636/4636 
f 4640/4640/4640 4634/4634/4634 4639/4639/4639 
f 4639/4639/4639 4636/4636/4636 4641/4641/4641 
f 4642/4642/4642 4641/4641/4641 4636/4636/4636 
f 4637/4637/4637 4642/4642/4642 4636/4636/4636 
f 4641/4641/4641 4643/4643/4643 4639/4639/4639 
f 4644/4644/4644 4642/4642/4642 4637/4637/4637 
f 4637/4637/4637 4645/4645/4645 4644/4644/4644 
f 4639/4639/4639 4646/4646/4646 4640/4640/4640 
f 4639/4639/4639 4643/4643/4643 4646/4646/4646 
f 4647/4647/4647 4640/4640/4640 4646/4646/4646 
f 4643/4643/4643 4648/4648/4648 4646/4646/4646 
f 4647/4647/4647 4646/4646/4646 4648/4648/4648 
f 4648/4648/4648 4643/4643/4643 4649/4649/4649 
f 4650/4650/4650 4647/4647/4647 4648/4648/4648 
f 4649/4649/4649 4651/4651/4651 4648/4648/4648 
f 4652/4652/4652 4650/4650/4650 4648/4648/4648 
f 4648/4648/4648 4651/4651/4651 4652/4652/4652 
f 4650/4650/4650 4652/4652/4652 4653/4653/4653 
f 4651/4651/4651 4654/4654/4654 4652/4652/4652 
f 4652/4652/4652 4654/4654/4654 4653/4653/4653 
f 4654/4654/4654 4651/4651/4651 4655/4655/4655 
f 4656/4656/4656 4653/4653/4653 4654/4654/4654 
f 4655/4655/4655 4657/4657/4657 4654/4654/4654 
f 4654/4654/4654 4657/4657/4657 4656/4656/4656 
f 4657/4657/4657 4655/4655/4655 4658/4658/4658 
f 4656/4656/4656 4657/4657/4657 4659/4659/4659 
f 4660/4660/4660 4657/4657/4657 4658/4658/4658 
f 4657/4657/4657 4661/4661/4661 4659/4659/4659 
f 4657/4657/4657 4660/4660/4660 4662/4662/4662 
f 4661/4661/4661 4657/4657/4657 4662/4662/4662 
f 4663/4663/4663 4662/4662/4662 4660/4660/4660 
f 4662/4662/4662 4664/4664/4664 4661/4661/4661 
f 4662/4662/4662 4663/4663/4663 4665/4665/4665 
f 4664/4664/4664 4662/4662/4662 4665/4665/4665 
f 4663/4663/4663 4666/4666/4666 4665/4665/4665 
f 4664/4664/4664 4665/4665/4665 4666/4666/4666 
f 4666/4666/4666 4663/4663/4663 4667/4667/4667 
f 4668/4668/4668 4664/4664/4664 4666/4666/4666 
f 4669/4669/4669 4666/4666/4666 4667/4667/4667 
f 4668/4668/4668 4666/4666/4666 4670/4670/4670 
f 4670/4670/4670 4666/4666/4666 4669/4669/4669 
f 4671/4671/4671 4668/4668/4668 4670/4670/4670 
f 4669/4669/4669 4672/4672/4672 4670/4670/4670 
f 4672/4672/4672 4671/4671/4671 4670/4670/4670 
f 4672/4672/4672 4669/4669/4669 4673/4673/4673 
f 4671/4671/4671 4672/4672/4672 4674/4674/4674 
f 3616/3616/3616 4675/4675/4675 3617/3617/3617 
f 3617/3617/3617 4675/4675/4675 4676/4676/4676 
f 4677/4677/4677 4676/4676/4676 4675/4675/4675 
f 4678/4678/4678 4676/4676/4676 4677/4677/4677 
f 4675/4675/4675 4679/4679/4679 4677/4677/4677 
f 4679/4679/4679 4675/4675/4675 4680/4680/4680 
f 3616/3616/3616 4680/4680/4680 4675/4675/4675 
f 4681/4681/4681 4677/4677/4677 4679/4679/4679 
f 4680/4680/4680 3616/3616/3616 4682/4682/4682 
f 3613/3613/3613 4682/4682/4682 3616/3616/3616 
f 4677/4677/4677 4681/4681/4681 4683/4683/4683 
f 4677/4677/4677 4683/4683/4683 4678/4678/4678 
f 4684/4684/4684 4683/4683/4683 4681/4681/4681 
f 4683/4683/4683 4685/4685/4685 4678/4678/4678 
f 4683/4683/4683 4684/4684/4684 4686/4686/4686 
f 4683/4683/4683 4686/4686/4686 4685/4685/4685 
f 4687/4687/4687 4686/4686/4686 4684/4684/4684 
f 4685/4685/4685 4686/4686/4686 4688/4688/4688 
f 4689/4689/4689 4688/4688/4688 4686/4686/4686 
f 4686/4686/4686 4687/4687/4687 4689/4689/4689 
f 4688/4688/4688 4689/4689/4689 4690/4690/4690 
f 4687/4687/4687 4691/4691/4691 4689/4689/4689 
f 4689/4689/4689 4691/4691/4691 4690/4690/4690 
f 4691/4691/4691 4687/4687/4687 4692/4692/4692 
f 4693/4693/4693 4690/4690/4690 4691/4691/4691 
f 4692/4692/4692 4694/4694/4694 4691/4691/4691 
f 4694/4694/4694 4693/4693/4693 4691/4691/4691 
f 4693/4693/4693 4694/4694/4694 4695/4695/4695 
f 4694/4694/4694 4692/4692/4692 4696/4696/4696 
f 4694/4694/4694 4697/4697/4697 4695/4695/4695 
f 4698/4698/4698 4694/4694/4694 4696/4696/4696 
f 4697/4697/4697 4694/4694/4694 4698/4698/4698 
f 4698/4698/4698 4696/4696/4696 4699/4699/4699 
f 4698/4698/4698 4700/4700/4700 4697/4697/4697 
f 4701/4701/4701 4698/4698/4698 4699/4699/4699 
f 4700/4700/4700 4698/4698/4698 4702/4702/4702 
f 4698/4698/4698 4701/4701/4701 4702/4702/4702 
f 4702/4702/4702 4703/4703/4703 4700/4700/4700 
f 4704/4704/4704 4702/4702/4702 4701/4701/4701 
f 4703/4703/4703 4702/4702/4702 4705/4705/4705 
f 4702/4702/4702 4704/4704/4704 4705/4705/4705 
f 4705/4705/4705 4706/4706/4706 4703/4703/4703 
f 4704/4704/4704 4707/4707/4707 4705/4705/4705 
f 4706/4706/4706 4705/4705/4705 4707/4707/4707 
f 4707/4707/4707 4704/4704/4704 4708/4708/4708 
f 4709/4709/4709 4706/4706/4706 4707/4707/4707 
f 4708/4708/4708 4709/4709/4709 4707/4707/4707 
f 4706/4706/4706 4709/4709/4709 4710/4710/4710 
f 4709/4709/4709 4708/4708/4708 4711/4711/4711 
f 3631/3631/3631 4712/4712/4712 3630/3630/3630 
f 4712/4712/4712 3631/3631/3631 4713/4713/4713 
f 4714/4714/4714 4712/4712/4712 4713/4713/4713 
f 4713/4713/4713 4715/4715/4715 4714/4714/4714 
f 4716/4716/4716 4712/4712/4712 4714/4714/4714 
f 4712/4712/4712 4716/4716/4716 4717/4717/4717 
f 4717/4717/4717 3630/3630/3630 4712/4712/4712 
f 4714/4714/4714 4718/4718/4718 4716/4716/4716 
f 3630/3630/3630 4717/4717/4717 4719/4719/4719 
f 3627/3627/3627 3630/3630/3630 4719/4719/4719 
f 4715/4715/4715 4720/4720/4720 4714/4714/4714 
f 4718/4718/4718 4714/4714/4714 4720/4720/4720 
f 4720/4720/4720 4715/4715/4715 4721/4721/4721 
f 4720/4720/4720 4722/4722/4722 4718/4718/4718 
f 4723/4723/4723 4720/4720/4720 4721/4721/4721 
f 4722/4722/4722 4720/4720/4720 4723/4723/4723 
f 4721/4721/4721 4724/4724/4724 4723/4723/4723 
f 4723/4723/4723 4725/4725/4725 4722/4722/4722 
f 4724/4724/4724 4726/4726/4726 4723/4723/4723 
f 4725/4725/4725 4723/4723/4723 4726/4726/4726 
f 4726/4726/4726 4724/4724/4724 4727/4727/4727 
f 4726/4726/4726 4728/4728/4728 4725/4725/4725 
f 4728/4728/4728 4726/4726/4726 4727/4727/4727 
f 4729/4729/4729 4725/4725/4725 4728/4728/4728 
f 4727/4727/4727 4730/4730/4730 4728/4728/4728 
f 4731/4731/4731 4729/4729/4729 4728/4728/4728 
f 4730/4730/4730 4731/4731/4731 4728/4728/4728 
f 4731/4731/4731 4730/4730/4730 4732/4732/4732 
f 4733/4733/4733 4729/4729/4729 4731/4731/4731 
f 4734/4734/4734 4731/4731/4731 4732/4732/4732 
f 4735/4735/4735 4733/4733/4733 4731/4731/4731 
f 4731/4731/4731 4734/4734/4734 4735/4735/4735 
f 4736/4736/4736 4733/4733/4733 4735/4735/4735 
f 4737/4737/4737 4735/4735/4735 4734/4734/4734 
f 4735/4735/4735 4738/4738/4738 4736/4736/4736 
f 4735/4735/4735 4737/4737/4737 4739/4739/4739 
f 4738/4738/4738 4735/4735/4735 4739/4739/4739 
f 4740/4740/4740 4739/4739/4739 4737/4737/4737 
f 4739/4739/4739 4741/4741/4741 4738/4738/4738 
f 4739/4739/4739 4740/4740/4740 4742/4742/4742 
f 4741/4741/4741 4739/4739/4739 4742/4742/4742 
f 4743/4743/4743 4742/4742/4742 4740/4740/4740 
f 4744/4744/4744 4741/4741/4741 4742/4742/4742 
f 4742/4742/4742 4743/4743/4743 4744/4744/4744 
f 4745/4745/4745 4741/4741/4741 4744/4744/4744 
f 4743/4743/4743 4746/4746/4746 4744/4744/4744 
f 4746/4746/4746 4745/4745/4745 4744/4744/4744 
f 4746/4746/4746 4743/4743/4743 4747/4747/4747 
f 4748/4748/4748 4745/4745/4745 4746/4746/4746 
f 4749/4749/4749 4750/4750/4750 4751/4751/4751 
f 4749/4749/4749 4752/4752/4752 4750/4750/4750 
f 4752/4752/4752 4749/4749/4749 4753/4753/4753 
f 4753/4753/4753 4754/4754/4754 4752/4752/4752 
f 4755/4755/4755 4754/4754/4754 4753/4753/4753 
f 4755/4755/4755 4756/4756/4756 4754/4754/4754 
f 4757/4757/4757 4756/4756/4756 4755/4755/4755 
f 4757/4757/4757 4758/4758/4758 4756/4756/4756 
f 4759/4759/4759 4757/4757/4757 4755/4755/4755 
f 4759/4759/4759 4755/4755/4755 4760/4760/4760 
f 4760/4760/4760 4755/4755/4755 4753/4753/4753 
f 4760/4760/4760 4761/4761/4761 4759/4759/4759 
f 4762/4762/4762 4753/4753/4753 4749/4749/4749 
f 4760/4760/4760 4753/4753/4753 4762/4762/4762 
f 4761/4761/4761 4760/4760/4760 4763/4763/4763 
f 4762/4762/4762 4763/4763/4763 4760/4760/4760 
f 4763/4763/4763 4764/4764/4764 4761/4761/4761 
f 4762/4762/4762 4749/4749/4749 4765/4765/4765 
f 4763/4763/4763 4762/4762/4762 4766/4766/4766 
f 4765/4765/4765 4766/4766/4766 4762/4762/4762 
f 4764/4764/4764 4763/4763/4763 4767/4767/4767 
f 4766/4766/4766 4767/4767/4767 4763/4763/4763 
f 4768/4768/4768 4764/4764/4764 4767/4767/4767 
f 4768/4768/4768 4767/4767/4767 4769/4769/4769 
f 4769/4769/4769 4767/4767/4767 4770/4770/4770 
f 4767/4767/4767 4766/4766/4766 4770/4770/4770 
f 4769/4769/4769 4770/4770/4770 4771/4771/4771 
f 4771/4771/4771 4770/4770/4770 4772/4772/4772 
f 4766/4766/4766 4772/4772/4772 4770/4770/4770 
f 4771/4771/4771 4772/4772/4772 4773/4773/4773 
f 4772/4772/4772 4774/4774/4774 4773/4773/4773 
f 4772/4772/4772 4766/4766/4766 4775/4775/4775 
f 4766/4766/4766 4765/4765/4765 4775/4775/4775 
f 4774/4774/4774 4772/4772/4772 4776/4776/4776 
f 4775/4775/4775 4776/4776/4776 4772/4772/4772 
f 4776/4776/4776 4777/4777/4777 4774/4774/4774 
f 4765/4765/4765 4778/4778/4778 4775/4775/4775 
f 4776/4776/4776 4775/4775/4775 4778/4778/4778 
f 4777/4777/4777 4776/4776/4776 4779/4779/4779 
f 4779/4779/4779 4780/4780/4780 4777/4777/4777 
f 4781/4781/4781 4776/4776/4776 4778/4778/4778 
f 4776/4776/4776 4781/4781/4781 4779/4779/4779 
f 4778/4778/4778 4765/4765/4765 4782/4782/4782 
f 4782/4782/4782 4781/4781/4781 4778/4778/4778 
f 4780/4780/4780 4779/4779/4779 4783/4783/4783 
f 4781/4781/4781 4783/4783/4783 4779/4779/4779 
f 4783/4783/4783 4784/4784/4784 4780/4780/4780 
f 4784/4784/4784 4783/4783/4783 4785/4785/4785 
f 4785/4785/4785 4786/4786/4786 4784/4784/4784 
f 4786/4786/4786 4785/4785/4785 4787/4787/4787 
f 4785/4785/4785 4788/4788/4788 4787/4787/4787 
f 4789/4789/4789 4785/4785/4785 4783/4783/4783 
f 4783/4783/4783 4781/4781/4781 4789/4789/4789 
f 4788/4788/4788 4785/4785/4785 4790/4790/4790 
f 4785/4785/4785 4789/4789/4789 4790/4790/4790 
f 4790/4790/4790 4791/4791/4791 4788/4788/4788 
f 4792/4792/4792 4789/4789/4789 4781/4781/4781 
f 4781/4781/4781 4782/4782/4782 4792/4792/4792 
f 4793/4793/4793 4790/4790/4790 4789/4789/4789 
f 4789/4789/4789 4792/4792/4792 4793/4793/4793 
f 4791/4791/4791 4790/4790/4790 4794/4794/4794 
f 4790/4790/4790 4793/4793/4793 4794/4794/4794 
f 4795/4795/4795 4791/4791/4791 4794/4794/4794 
f 4791/4791/4791 4795/4795/4795 4796/4796/4796 
f 4797/4797/4797 4796/4796/4796 4795/4795/4795 
f 4797/4797/4797 4795/4795/4795 4798/4798/4798 
f 4795/4795/4795 4799/4799/4799 4798/4798/4798 
f 4794/4794/4794 4800/4800/4800 4795/4795/4795 
f 4799/4799/4799 4795/4795/4795 4800/4800/4800 
f 4800/4800/4800 4794/4794/4794 4793/4793/4793 
f 4800/4800/4800 4801/4801/4801 4799/4799/4799 
f 4793/4793/4793 4802/4802/4802 4800/4800/4800 
f 4801/4801/4801 4800/4800/4800 4802/4802/4802 
f 4802/4802/4802 4793/4793/4793 4792/4792/4792 
f 4802/4802/4802 4750/4750/4750 4801/4801/4801 
f 4750/4750/4750 4802/4802/4802 4751/4751/4751 
f 4792/4792/4792 4751/4751/4751 4802/4802/4802 
f 4751/4751/4751 4792/4792/4792 4782/4782/4782 
f 4765/4765/4765 4751/4751/4751 4782/4782/4782 
f 4765/4765/4765 4749/4749/4749 4751/4751/4751 
f 4803/4803/4803 4804/4804/4804 4805/4805/4805 
f 4805/4805/4805 4806/4806/4806 4803/4803/4803 
f 4805/4805/4805 4807/4807/4807 4806/4806/4806 
f 4808/4808/4808 4804/4804/4804 4803/4803/4803 
f 4809/4809/4809 4803/4803/4803 4806/4806/4806 
f 4810/4810/4810 4803/4803/4803 4809/4809/4809 
f 4803/4803/4803 4810/4810/4810 4808/4808/4808 
f 4806/4806/4806 4811/4811/4811 4809/4809/4809 
f 4807/4807/4807 4812/4812/4812 4806/4806/4806 
f 4811/4811/4811 4806/4806/4806 4812/4812/4812 
f 4804/4804/4804 4808/4808/4808 4813/4813/4813 
f 4814/4814/4814 4804/4804/4804 4813/4813/4813 
f 4807/4807/4807 4815/4815/4815 4812/4812/4812 
f 4814/4814/4814 4813/4813/4813 4816/4816/4816 
f 4814/4814/4814 4816/4816/4816 4817/4817/4817 
f 4816/4816/4816 4818/4818/4818 4817/4817/4817 
f 4819/4819/4819 4817/4817/4817 4818/4818/4818 
f 4818/4818/4818 4816/4816/4816 4820/4820/4820 
f 4813/4813/4813 4821/4821/4821 4816/4816/4816 
f 4821/4821/4821 4820/4820/4820 4816/4816/4816 
f 4808/4808/4808 4821/4821/4821 4813/4813/4813 
f 4820/4820/4820 4821/4821/4821 4822/4822/4822 
f 4821/4821/4821 4808/4808/4808 4823/4823/4823 
f 4823/4823/4823 4822/4822/4822 4821/4821/4821 
f 4822/4822/4822 4823/4823/4823 4824/4824/4824 
f 4810/4810/4810 4823/4823/4823 4808/4808/4808 
f 4825/4825/4825 4824/4824/4824 4823/4823/4823 
f 4823/4823/4823 4810/4810/4810 4825/4825/4825 
f 4824/4824/4824 4825/4825/4825 4826/4826/4826 
f 4827/4827/4827 4826/4826/4826 4825/4825/4825 
f 4810/4810/4810 4828/4828/4828 4825/4825/4825 
f 4825/4825/4825 4828/4828/4828 4827/4827/4827 
f 4810/4810/4810 4829/4829/4829 4828/4828/4828 
f 4809/4809/4809 4829/4829/4829 4810/4810/4810 
f 4829/4829/4829 4809/4809/4809 4811/4811/4811 
f 4830/4830/4830 4827/4827/4827 4828/4828/4828 
f 4829/4829/4829 4830/4830/4830 4828/4828/4828 
f 4827/4827/4827 4830/4830/4830 4831/4831/4831 
f 4811/4811/4811 4832/4832/4832 4829/4829/4829 
f 4830/4830/4830 4829/4829/4829 4832/4832/4832 
f 4833/4833/4833 4831/4831/4831 4830/4830/4830 
f 4832/4832/4832 4833/4833/4833 4830/4830/4830 
f 4831/4831/4831 4833/4833/4833 4834/4834/4834 
f 4832/4832/4832 4811/4811/4811 4835/4835/4835 
f 4812/4812/4812 4835/4835/4835 4811/4811/4811 
f 4833/4833/4833 4832/4832/4832 4836/4836/4836 
f 4835/4835/4835 4836/4836/4836 4832/4832/4832 
f 4837/4837/4837 4834/4834/4834 4833/4833/4833 
f 4836/4836/4836 4837/4837/4837 4833/4833/4833 
f 4834/4834/4834 4837/4837/4837 4838/4838/4838 
f 4839/4839/4839 4838/4838/4838 4837/4837/4837 
f 4835/4835/4835 4812/4812/4812 4840/4840/4840 
f 4836/4836/4836 4835/4835/4835 4841/4841/4841 
f 4840/4840/4840 4841/4841/4841 4835/4835/4835 
f 4815/4815/4815 4840/4840/4840 4812/4812/4812 
f 4841/4841/4841 4842/4842/4842 4836/4836/4836 
f 4837/4837/4837 4836/4836/4836 4842/4842/4842 
f 4837/4837/4837 4843/4843/4843 4839/4839/4839 
f 4842/4842/4842 4843/4843/4843 4837/4837/4837 
f 4844/4844/4844 4839/4839/4839 4843/4843/4843 
f 4839/4839/4839 4844/4844/4844 4845/4845/4845 
f 4843/4843/4843 4842/4842/4842 4846/4846/4846 
f 4843/4843/4843 4846/4846/4846 4844/4844/4844 
f 4847/4847/4847 4845/4845/4845 4844/4844/4844 
f 4848/4848/4848 4846/4846/4846 4842/4842/4842 
f 4842/4842/4842 4841/4841/4841 4848/4848/4848 
f 4846/4846/4846 4849/4849/4849 4844/4844/4844 
f 4846/4846/4846 4848/4848/4848 4849/4849/4849 
f 4844/4844/4844 4850/4850/4850 4847/4847/4847 
f 4850/4850/4850 4844/4844/4844 4849/4849/4849 
f 4851/4851/4851 4847/4847/4847 4850/4850/4850 
f 4852/4852/4852 4848/4848/4848 4841/4841/4841 
f 4841/4841/4841 4840/4840/4840 4852/4852/4852 
f 4853/4853/4853 4849/4849/4849 4848/4848/4848 
f 4848/4848/4848 4852/4852/4852 4853/4853/4853 
f 4849/4849/4849 4854/4854/4854 4850/4850/4850 
f 4849/4849/4849 4853/4853/4853 4854/4854/4854 
f 4851/4851/4851 4850/4850/4850 4855/4855/4855 
f 4854/4854/4854 4855/4855/4855 4850/4850/4850 
f 4856/4856/4856 4851/4851/4851 4855/4855/4855 
f 4840/4840/4840 4857/4857/4857 4852/4852/4852 
f 4857/4857/4857 4840/4840/4840 4815/4815/4815 
f 4858/4858/4858 4853/4853/4853 4852/4852/4852 
f 4858/4858/4858 4852/4852/4852 4857/4857/4857 
f 4859/4859/4859 4854/4854/4854 4853/4853/4853 
f 4859/4859/4859 4853/4853/4853 4858/4858/4858 
f 4860/4860/4860 4854/4854/4854 4859/4859/4859 
f 4860/4860/4860 4855/4855/4855 4854/4854/4854 
f 4856/4856/4856 4855/4855/4855 4861/4861/4861 
f 4855/4855/4855 4860/4860/4860 4861/4861/4861 
f 4862/4862/4862 4856/4856/4856 4861/4861/4861 
f 4856/4856/4856 4862/4862/4862 4863/4863/4863 
f 4860/4860/4860 4864/4864/4864 4861/4861/4861 
f 4862/4862/4862 4861/4861/4861 4864/4864/4864 
f 4865/4865/4865 4860/4860/4860 4859/4859/4859 
f 4860/4860/4860 4865/4865/4865 4864/4864/4864 
f 4866/4866/4866 4863/4863/4863 4862/4862/4862 
f 4863/4863/4863 4866/4866/4866 4867/4867/4867 
f 4868/4868/4868 4867/4867/4867 4866/4866/4866 
f 4864/4864/4864 4869/4869/4869 4862/4862/4862 
f 4862/4862/4862 4869/4869/4869 4866/4866/4866 
f 4864/4864/4864 4865/4865/4865 4870/4870/4870 
f 4870/4870/4870 4869/4869/4869 4864/4864/4864 
f 4859/4859/4859 4871/4871/4871 4865/4865/4865 
f 4871/4871/4871 4859/4859/4859 4858/4858/4858 
f 4872/4872/4872 4870/4870/4870 4865/4865/4865 
f 4865/4865/4865 4871/4871/4871 4872/4872/4872 
f 4873/4873/4873 4869/4869/4869 4870/4870/4870 
f 4858/4858/4858 4874/4874/4874 4871/4871/4871 
f 4874/4874/4874 4858/4858/4858 4857/4857/4857 
f 4875/4875/4875 4872/4872/4872 4871/4871/4871 
f 4871/4871/4871 4874/4874/4874 4875/4875/4875 
f 4876/4876/4876 4870/4870/4870 4872/4872/4872 
f 4870/4870/4870 4876/4876/4876 4873/4873/4873 
f 4877/4877/4877 4872/4872/4872 4875/4875/4875 
f 4872/4872/4872 4877/4877/4877 4876/4876/4876 
f 4857/4857/4857 4878/4878/4878 4874/4874/4874 
f 4878/4878/4878 4857/4857/4857 4815/4815/4815 
f 4879/4879/4879 4875/4875/4875 4874/4874/4874 
f 4874/4874/4874 4878/4878/4878 4879/4879/4879 
f 4875/4875/4875 4880/4880/4880 4877/4877/4877 
f 4880/4880/4880 4875/4875/4875 4879/4879/4879 
f 4815/4815/4815 4881/4881/4881 4878/4878/4878 
f 4881/4881/4881 4815/4815/4815 4807/4807/4807 
f 4882/4882/4882 4879/4879/4879 4878/4878/4878 
f 4878/4878/4878 4881/4881/4881 4882/4882/4882 
f 4880/4880/4880 4879/4879/4879 4882/4882/4882 
f 4883/4883/4883 4882/4882/4882 4881/4881/4881 
f 4881/4881/4881 4884/4884/4884 4883/4883/4883 
f 4885/4885/4885 4883/4883/4883 4884/4884/4884 
f 4886/4886/4886 4882/4882/4882 4883/4883/4883 
f 4886/4886/4886 4880/4880/4880 4882/4882/4882 
f 4887/4887/4887 4883/4883/4883 4885/4885/4885 
f 4887/4887/4887 4886/4886/4886 4883/4883/4883 
f 4888/4888/4888 4887/4887/4887 4885/4885/4885 
f 4889/4889/4889 4887/4887/4887 4888/4888/4888 
f 4890/4890/4890 4886/4886/4886 4887/4887/4887 
f 4887/4887/4887 4889/4889/4889 4890/4890/4890 
f 4891/4891/4891 4880/4880/4880 4886/4886/4886 
f 4886/4886/4886 4890/4890/4890 4891/4891/4891 
f 4880/4880/4880 4891/4891/4891 4892/4892/4892 
f 4892/4892/4892 4877/4877/4877 4880/4880/4880 
f 4890/4890/4890 4893/4893/4893 4891/4891/4891 
f 4877/4877/4877 4892/4892/4892 4894/4894/4894 
f 4894/4894/4894 4876/4876/4876 4877/4877/4877 
f 4891/4891/4891 4895/4895/4895 4892/4892/4892 
f 4891/4891/4891 4893/4893/4893 4895/4895/4895 
f 4892/4892/4892 4896/4896/4896 4894/4894/4894 
f 4892/4892/4892 4895/4895/4895 4896/4896/4896 
f 4876/4876/4876 4894/4894/4894 4897/4897/4897 
f 4897/4897/4897 4873/4873/4873 4876/4876/4876 
f 4894/4894/4894 4896/4896/4896 4898/4898/4898 
f 4898/4898/4898 4897/4897/4897 4894/4894/4894 
f 4873/4873/4873 4897/4897/4897 4899/4899/4899 
f 4898/4898/4898 4899/4899/4899 4897/4897/4897 
f 4899/4899/4899 4900/4900/4900 4873/4873/4873 
f 4869/4869/4869 4873/4873/4873 4900/4900/4900 
f 4869/4869/4869 4900/4900/4900 4866/4866/4866 
f 4901/4901/4901 4866/4866/4866 4900/4900/4900 
f 4868/4868/4868 4866/4866/4866 4901/4901/4901 
f 4901/4901/4901 4902/4902/4902 4868/4868/4868 
f 4903/4903/4903 4901/4901/4901 4900/4900/4900 
f 4900/4900/4900 4899/4899/4899 4903/4903/4903 
f 4902/4902/4902 4901/4901/4901 4904/4904/4904 
f 4901/4901/4901 4903/4903/4903 4904/4904/4904 
f 4905/4905/4905 4902/4902/4902 4904/4904/4904 
f 4902/4902/4902 4905/4905/4905 4906/4906/4906 
f 4907/4907/4907 4904/4904/4904 4903/4903/4903 
f 4905/4905/4905 4904/4904/4904 4907/4907/4907 
f 4908/4908/4908 4903/4903/4903 4899/4899/4899 
f 4903/4903/4903 4908/4908/4908 4907/4907/4907 
f 4899/4899/4899 4898/4898/4898 4908/4908/4908 
f 4909/4909/4909 4908/4908/4908 4898/4898/4898 
f 4896/4896/4896 4909/4909/4909 4898/4898/4898 
f 4910/4910/4910 4907/4907/4907 4908/4908/4908 
f 4908/4908/4908 4909/4909/4909 4910/4910/4910 
f 4911/4911/4911 4905/4905/4905 4907/4907/4907 
f 4907/4907/4907 4910/4910/4910 4911/4911/4911 
f 4912/4912/4912 4906/4906/4906 4905/4905/4905 
f 4905/4905/4905 4911/4911/4911 4912/4912/4912 
f 4906/4906/4906 4912/4912/4912 4913/4913/4913 
f 4910/4910/4910 4914/4914/4914 4911/4911/4911 
f 4914/4914/4914 4912/4912/4912 4911/4911/4911 
f 4915/4915/4915 4913/4913/4913 4912/4912/4912 
f 4915/4915/4915 4912/4912/4912 4914/4914/4914 
f 4913/4913/4913 4915/4915/4915 4916/4916/4916 
f 4915/4915/4915 4917/4917/4917 4916/4916/4916 
f 4917/4917/4917 4915/4915/4915 4918/4918/4918 
f 4914/4914/4914 4918/4918/4918 4915/4915/4915 
f 4918/4918/4918 4919/4919/4919 4917/4917/4917 
f 4914/4914/4914 4910/4910/4910 4920/4920/4920 
f 4909/4909/4909 4920/4920/4920 4910/4910/4910 
f 4918/4918/4918 4914/4914/4914 4921/4921/4921 
f 4919/4919/4919 4918/4918/4918 4922/4922/4922 
f 4921/4921/4921 4922/4922/4922 4918/4918/4918 
f 4922/4922/4922 4923/4923/4923 4919/4919/4919 
f 4914/4914/4914 4924/4924/4924 4921/4921/4921 
f 4924/4924/4924 4914/4914/4914 4920/4920/4920 
f 4922/4922/4922 4921/4921/4921 4925/4925/4925 
f 4924/4924/4924 4925/4925/4925 4921/4921/4921 
f 4923/4923/4923 4922/4922/4922 4926/4926/4926 
f 4925/4925/4925 4926/4926/4926 4922/4922/4922 
f 4926/4926/4926 4927/4927/4927 4923/4923/4923 
f 4928/4928/4928 4923/4923/4923 4927/4927/4927 
f 4926/4926/4926 4925/4925/4925 4929/4929/4929 
f 4929/4929/4929 4927/4927/4927 4926/4926/4926 
f 4927/4927/4927 4930/4930/4930 4928/4928/4928 
f 4928/4928/4928 4930/4930/4930 4931/4931/4931 
f 4927/4927/4927 4929/4929/4929 4932/4932/4932 
f 4932/4932/4932 4930/4930/4930 4927/4927/4927 
f 4930/4930/4930 4933/4933/4933 4931/4931/4931 
f 4934/4934/4934 4932/4932/4932 4929/4929/4929 
f 4935/4935/4935 4929/4929/4929 4925/4925/4925 
f 4925/4925/4925 4924/4924/4924 4935/4935/4935 
f 4929/4929/4929 4935/4935/4935 4934/4934/4934 
f 4936/4936/4936 4935/4935/4935 4924/4924/4924 
f 4920/4920/4920 4936/4936/4936 4924/4924/4924 
f 4937/4937/4937 4934/4934/4934 4935/4935/4935 
f 4935/4935/4935 4936/4936/4936 4937/4937/4937 
f 4936/4936/4936 4920/4920/4920 4938/4938/4938 
f 4920/4920/4920 4909/4909/4909 4938/4938/4938 
f 4939/4939/4939 4938/4938/4938 4909/4909/4909 
f 4896/4896/4896 4939/4939/4939 4909/4909/4909 
f 4895/4895/4895 4939/4939/4939 4896/4896/4896 
f 4895/4895/4895 4940/4940/4940 4939/4939/4939 
f 4940/4940/4940 4895/4895/4895 4893/4893/4893 
f 4938/4938/4938 4939/4939/4939 4941/4941/4941 
f 4940/4940/4940 4941/4941/4941 4939/4939/4939 
f 4938/4938/4938 4942/4942/4942 4936/4936/4936 
f 4942/4942/4942 4938/4938/4938 4941/4941/4941 
f 4943/4943/4943 4936/4936/4936 4942/4942/4942 
f 4936/4936/4936 4943/4943/4943 4937/4937/4937 
f 4941/4941/4941 4944/4944/4944 4942/4942/4942 
f 4941/4941/4941 4940/4940/4940 4945/4945/4945 
f 4944/4944/4944 4941/4941/4941 4945/4945/4945 
f 4946/4946/4946 4945/4945/4945 4940/4940/4940 
f 4946/4946/4946 4940/4940/4940 4893/4893/4893 
f 4942/4942/4942 4947/4947/4947 4943/4943/4943 
f 4947/4947/4947 4942/4942/4942 4944/4944/4944 
f 4946/4946/4946 4893/4893/4893 4948/4948/4948 
f 4948/4948/4948 4893/4893/4893 4890/4890/4890 
f 4948/4948/4948 4890/4890/4890 4889/4889/4889 
f 4949/4949/4949 4948/4948/4948 4889/4889/4889 
f 4950/4950/4950 4949/4949/4949 4889/4889/4889 
f 4951/4951/4951 4946/4946/4946 4948/4948/4948 
f 4951/4951/4951 4948/4948/4948 4949/4949/4949 
f 4952/4952/4952 4949/4949/4949 4950/4950/4950 
f 4951/4951/4951 4953/4953/4953 4946/4946/4946 
f 4945/4945/4945 4946/4946/4946 4953/4953/4953 
f 4954/4954/4954 4952/4952/4952 4950/4950/4950 
f 4955/4955/4955 4951/4951/4951 4949/4949/4949 
f 4952/4952/4952 4955/4955/4955 4949/4949/4949 
f 4953/4953/4953 4951/4951/4951 4956/4956/4956 
f 4955/4955/4955 4956/4956/4956 4951/4951/4951 
f 4957/4957/4957 4945/4945/4945 4953/4953/4953 
f 4945/4945/4945 4957/4957/4957 4944/4944/4944 
f 4958/4958/4958 4953/4953/4953 4956/4956/4956 
f 4953/4953/4953 4958/4958/4958 4957/4957/4957 
f 4956/4956/4956 4955/4955/4955 4959/4959/4959 
f 4960/4960/4960 4955/4955/4955 4952/4952/4952 
f 4960/4960/4960 4959/4959/4959 4955/4955/4955 
f 4954/4954/4954 4961/4961/4961 4952/4952/4952 
f 4961/4961/4961 4960/4960/4960 4952/4952/4952 
f 4962/4962/4962 4963/4963/4963 4964/4964/4964 
f 4965/4965/4965 4964/4964/4964 4963/4963/4963 
f 4966/4966/4966 4962/4962/4962 4964/4964/4964 
f 4962/4962/4962 4966/4966/4966 4967/4967/4967 
f 4968/4968/4968 4967/4967/4967 4966/4966/4966 
f 4967/4967/4967 4968/4968/4968 4969/4969/4969 
f 4446/4446/4446 4447/4447/4447 4970/4970/4970 
f 4971/4971/4971 4970/4970/4970 4447/4447/4447 
f 4448/4448/4448 4446/4446/4446 4972/4972/4972 
f 4446/4446/4446 4970/4970/4970 4972/4972/4972 
f 4449/4449/4449 4448/4448/4448 4973/4973/4973 
f 4972/4972/4972 4973/4973/4973 4448/4448/4448 
f 4973/4973/4973 4974/4974/4974 4449/4449/4449 
f 4450/4450/4450 4449/4449/4449 4974/4974/4974 
f 4973/4973/4973 4972/4972/4972 4975/4975/4975 
f 4970/4970/4970 4975/4975/4975 4972/4972/4972 
f 4974/4974/4974 4973/4973/4973 4976/4976/4976 
f 4975/4975/4975 4976/4976/4976 4973/4973/4973 
f 4975/4975/4975 4970/4970/4970 4977/4977/4977 
f 4970/4970/4970 4971/4971/4971 4977/4977/4977 
f 4976/4976/4976 4975/4975/4975 4978/4978/4978 
f 4978/4978/4978 4975/4975/4975 4977/4977/4977 
f 4971/4971/4971 4979/4979/4979 4977/4977/4977 
f 4977/4977/4977 4979/4979/4979 4978/4978/4978 
f 4971/4971/4971 4980/4980/4980 4979/4979/4979 
f 4981/4981/4981 4979/4979/4979 4980/4980/4980 
f 4980/4980/4980 4982/4982/4982 4981/4981/4981 
f 4979/4979/4979 4983/4983/4983 4978/4978/4978 
f 4983/4983/4983 4979/4979/4979 4981/4981/4981 
f 4984/4984/4984 4976/4976/4976 4978/4978/4978 
f 4983/4983/4983 4984/4984/4984 4978/4978/4978 
f 4984/4984/4984 4985/4985/4985 4976/4976/4976 
f 4985/4985/4985 4974/4974/4974 4976/4976/4976 
f 4986/4986/4986 4981/4981/4981 4982/4982/4982 
f 4982/4982/4982 4987/4987/4987 4986/4986/4986 
f 4988/4988/4988 4983/4983/4983 4981/4981/4981 
f 4988/4988/4988 4981/4981/4981 4986/4986/4986 
f 4983/4983/4983 4989/4989/4989 4984/4984/4984 
f 4989/4989/4989 4983/4983/4983 4988/4988/4988 
f 4984/4984/4984 4990/4990/4990 4985/4985/4985 
f 4990/4990/4990 4984/4984/4984 4989/4989/4989 
f 4991/4991/4991 4986/4986/4986 4987/4987/4987 
f 4987/4987/4987 4992/4992/4992 4991/4991/4991 
f 4993/4993/4993 4991/4991/4991 4992/4992/4992 
f 4986/4986/4986 4991/4991/4991 4994/4994/4994 
f 4994/4994/4994 4988/4988/4988 4986/4986/4986 
f 4991/4991/4991 4993/4993/4993 4995/4995/4995 
f 4996/4996/4996 4988/4988/4988 4994/4994/4994 
f 4989/4989/4989 4988/4988/4988 4996/4996/4996 
f 4997/4997/4997 4994/4994/4994 4991/4991/4991 
f 4991/4991/4991 4995/4995/4995 4997/4997/4997 
f 4998/4998/4998 4995/4995/4995 4993/4993/4993 
f 4993/4993/4993 4999/4999/4999 4998/4998/4998 
f 4498/4498/4498 4998/4998/4998 4999/4999/4999 
f 5000/5000/5000 4995/4995/4995 4998/4998/4998 
f 4995/4995/4995 5000/5000/5000 4997/4997/4997 
f 4998/4998/4998 4498/4498/4498 4495/4495/4495 
f 5001/5001/5001 4994/4994/4994 4997/4997/4997 
f 4994/4994/4994 5001/5001/5001 4996/4996/4996 
f 5002/5002/5002 4997/4997/4997 5000/5000/5000 
f 4997/4997/4997 5002/5002/5002 5001/5001/5001 
f 4491/4491/4491 5000/5000/5000 4998/4998/4998 
f 4998/4998/4998 4495/4495/4495 4491/4491/4491 
f 5000/5000/5000 4493/4493/4493 5002/5002/5002 
f 4493/4493/4493 5000/5000/5000 4491/4491/4491 
f 5003/5003/5003 5001/5001/5001 5002/5002/5002 
f 5004/5004/5004 5002/5002/5002 4493/4493/4493 
f 5002/5002/5002 5004/5004/5004 5003/5003/5003 
f 5001/5001/5001 5003/5003/5003 5005/5005/5005 
f 5005/5005/5005 4996/4996/4996 5001/5001/5001 
f 5004/5004/5004 5006/5006/5006 5003/5003/5003 
f 5006/5006/5006 5005/5005/5005 5003/5003/5003 
f 5006/5006/5006 5004/5004/5004 4398/4398/4398 
f 4398/4398/4398 4394/4394/4394 5006/5006/5006 
f 4400/4400/4400 4398/4398/4398 5004/5004/5004 
f 4493/4493/4493 4400/4400/4400 5004/5004/5004 
f 4394/4394/4394 5007/5007/5007 5006/5006/5006 
f 5005/5005/5005 5006/5006/5006 5007/5007/5007 
f 5007/5007/5007 4394/4394/4394 4395/4395/4395 
f 4996/4996/4996 5005/5005/5005 5008/5008/5008 
f 5007/5007/5007 5008/5008/5008 5005/5005/5005 
f 5008/5008/5008 4989/4989/4989 4996/4996/4996 
f 4990/4990/4990 4989/4989/4989 5008/5008/5008 
f 5008/5008/5008 5007/5007/5007 5009/5009/5009 
f 5009/5009/5009 4990/4990/4990 5008/5008/5008 
f 4395/4395/4395 5009/5009/5009 5007/5007/5007 
f 5010/5010/5010 4990/4990/4990 5009/5009/5009 
f 5009/5009/5009 4395/4395/4395 5011/5011/5011 
f 5011/5011/5011 5010/5010/5010 5009/5009/5009 
f 4395/4395/4395 4397/4397/4397 5011/5011/5011 
f 5010/5010/5010 4985/4985/4985 4990/4990/4990 
f 4397/4397/4397 5012/5012/5012 5011/5011/5011 
f 5012/5012/5012 5010/5010/5010 5011/5011/5011 
f 4399/4399/4399 5012/5012/5012 4397/4397/4397 
f 4985/4985/4985 5010/5010/5010 5013/5013/5013 
f 5012/5012/5012 5013/5013/5013 5010/5010/5010 
f 4985/4985/4985 5013/5013/5013 4974/4974/4974 
f 5013/5013/5013 4450/4450/4450 4974/4974/4974 
f 5013/5013/5013 5012/5012/5012 5014/5014/5014 
f 5013/5013/5013 5014/5014/5014 4450/4450/4450 
f 4399/4399/4399 5014/5014/5014 5012/5012/5012 
f 5014/5014/5014 4439/4439/4439 4450/4450/4450 
f 5014/5014/5014 4399/4399/4399 4436/4436/4436 
f 5014/5014/5014 4436/4436/4436 4439/4439/4439 
f 5015/5015/5015 5016/5016/5016 5017/5017/5017 
f 5016/5016/5016 5015/5015/5015 5018/5018/5018 
f 5019/5019/5019 5017/5017/5017 5020/5020/5020 
f 5021/5021/5021 5020/5020/5020 5022/5022/5022 
f 5021/5021/5021 5019/5019/5019 5020/5020/5020 
f 5023/5023/5023 5021/5021/5021 5022/5022/5022 
f 5024/5024/5024 5023/5023/5023 5022/5022/5022 
f 5025/5025/5025 5018/5018/5018 5015/5015/5015 
f 5018/5018/5018 5025/5025/5025 5026/5026/5026 
f 5027/5027/5027 5026/5026/5026 5025/5025/5025 
f 5023/5023/5023 5024/5024/5024 5028/5028/5028 
f 5028/5028/5028 5024/5024/5024 5029/5029/5029 
f 5027/5027/5027 5025/5025/5025 5030/5030/5030 
f 5030/5030/5030 5031/5031/5031 5027/5027/5027 
f 5031/5031/5031 5030/5030/5030 5032/5032/5032 
f 5033/5033/5033 5030/5030/5030 5025/5025/5025 
f 5033/5033/5033 5025/5025/5025 5015/5015/5015 
f 5032/5032/5032 5030/5030/5030 5034/5034/5034 
f 5033/5033/5033 5034/5034/5034 5030/5030/5030 
f 5034/5034/5034 5035/5035/5035 5032/5032/5032 
f 5036/5036/5036 5033/5033/5033 5015/5015/5015 
f 5036/5036/5036 5015/5015/5015 5017/5017/5017 
f 5019/5019/5019 5036/5036/5036 5017/5017/5017 
f 5036/5036/5036 5037/5037/5037 5033/5033/5033 
f 5034/5034/5034 5033/5033/5033 5037/5037/5037 
f 5019/5019/5019 5038/5038/5038 5036/5036/5036 
f 5037/5037/5037 5036/5036/5036 5038/5038/5038 
f 5038/5038/5038 5019/5019/5019 5039/5039/5039 
f 5021/5021/5021 5039/5039/5039 5019/5019/5019 
f 5037/5037/5037 5038/5038/5038 5040/5040/5040 
f 5039/5039/5039 5021/5021/5021 5041/5041/5041 
f 5023/5023/5023 5041/5041/5041 5021/5021/5021 
f 5038/5038/5038 5039/5039/5039 5042/5042/5042 
f 5040/5040/5040 5038/5038/5038 5042/5042/5042 
f 5041/5041/5041 5043/5043/5043 5039/5039/5039 
f 5042/5042/5042 5039/5039/5039 5043/5043/5043 
f 5041/5041/5041 5023/5023/5023 5044/5044/5044 
f 5028/5028/5028 5044/5044/5044 5023/5023/5023 
f 5043/5043/5043 5041/5041/5041 5045/5045/5045 
f 5041/5041/5041 5044/5044/5044 5045/5045/5045 
f 5044/5044/5044 5028/5028/5028 5046/5046/5046 
f 5029/5029/5029 5046/5046/5046 5028/5028/5028 
f 5046/5046/5046 5029/5029/5029 4933/4933/4933 
f 4933/4933/4933 4930/4930/4930 5046/5046/5046 
f 5047/5047/5047 5044/5044/5044 5046/5046/5046 
f 5046/5046/5046 4930/4930/4930 5047/5047/5047 
f 5045/5045/5045 5044/5044/5044 5047/5047/5047 
f 4930/4930/4930 4932/4932/4932 5047/5047/5047 
f 5048/5048/5048 5047/5047/5047 4932/4932/4932 
f 5047/5047/5047 5048/5048/5048 5045/5045/5045 
f 4932/4932/4932 4934/4934/4934 5048/5048/5048 
f 5049/5049/5049 5048/5048/5048 4934/4934/4934 
f 4934/4934/4934 4937/4937/4937 5049/5049/5049 
f 5050/5050/5050 5045/5045/5045 5048/5048/5048 
f 5048/5048/5048 5049/5049/5049 5050/5050/5050 
f 5045/5045/5045 5050/5050/5050 5043/5043/5043 
f 4937/4937/4937 5051/5051/5051 5049/5049/5049 
f 5051/5051/5051 5050/5050/5050 5049/5049/5049 
f 5051/5051/5051 4937/4937/4937 4943/4943/4943 
f 5052/5052/5052 5043/5043/5043 5050/5050/5050 
f 5050/5050/5050 5051/5051/5051 5052/5052/5052 
f 5043/5043/5043 5052/5052/5052 5042/5042/5042 
f 4943/4943/4943 5053/5053/5053 5051/5051/5051 
f 5053/5053/5053 5052/5052/5052 5051/5051/5051 
f 5053/5053/5053 4943/4943/4943 4947/4947/4947 
f 5054/5054/5054 5042/5042/5042 5052/5052/5052 
f 5052/5052/5052 5053/5053/5053 5054/5054/5054 
f 5042/5042/5042 5054/5054/5054 5040/5040/5040 
f 4947/4947/4947 5055/5055/5055 5053/5053/5053 
f 5055/5055/5055 5054/5054/5054 5053/5053/5053 
f 5055/5055/5055 4947/4947/4947 5056/5056/5056 
f 4944/4944/4944 5056/5056/5056 4947/4947/4947 
f 5056/5056/5056 4944/4944/4944 4957/4957/4957 
f 5054/5054/5054 5057/5057/5057 5040/5040/5040 
f 5057/5057/5057 5037/5037/5037 5040/5040/5040 
f 5034/5034/5034 5037/5037/5037 5057/5057/5057 
f 5057/5057/5057 5054/5054/5054 5058/5058/5058 
f 5054/5054/5054 5055/5055/5055 5058/5058/5058 
f 5059/5059/5059 5034/5034/5034 5057/5057/5057 
f 5058/5058/5058 5059/5059/5059 5057/5057/5057 
f 5034/5034/5034 5059/5059/5059 5035/5035/5035 
f 5060/5060/5060 5035/5035/5035 5059/5059/5059 
f 5059/5059/5059 5058/5058/5058 5061/5061/5061 
f 5061/5061/5061 5060/5060/5060 5059/5059/5059 
f 5062/5062/5062 5058/5058/5058 5055/5055/5055 
f 5058/5058/5058 5062/5062/5062 5061/5061/5061 
f 5056/5056/5056 5062/5062/5062 5055/5055/5055 
f 5062/5062/5062 5056/5056/5056 5063/5063/5063 
f 4957/4957/4957 5063/5063/5063 5056/5056/5056 
f 5063/5063/5063 4957/4957/4957 4958/4958/4958 
f 5063/5063/5063 5064/5064/5064 5062/5062/5062 
f 5064/5064/5064 5061/5061/5061 5062/5062/5062 
f 4958/4958/4958 5065/5065/5065 5063/5063/5063 
f 5064/5064/5064 5063/5063/5063 5065/5065/5065 
f 5065/5065/5065 4958/4958/4958 5066/5066/5066 
f 5066/5066/5066 5067/5067/5067 5065/5065/5065 
f 5065/5065/5065 5068/5068/5068 5064/5064/5064 
f 5068/5068/5068 5065/5065/5065 5067/5067/5067 
f 5061/5061/5061 5064/5064/5064 5069/5069/5069 
f 5060/5060/5060 5061/5061/5061 5069/5069/5069 
f 5064/5064/5064 5068/5068/5068 5070/5070/5070 
f 5070/5070/5070 5069/5069/5069 5064/5064/5064 
f 5067/5067/5067 5071/5071/5071 5068/5068/5068 
f 5071/5071/5071 5070/5070/5070 5068/5068/5068 
f 5071/5071/5071 5067/5067/5067 5072/5072/5072 
f 5069/5069/5069 5073/5073/5073 5060/5060/5060 
f 5073/5073/5073 5069/5069/5069 5070/5070/5070 
f 5074/5074/5074 5060/5060/5060 5073/5073/5073 
f 5073/5073/5073 5075/5075/5075 5074/5074/5074 
f 5075/5075/5075 5073/5073/5073 5076/5076/5076 
f 5070/5070/5070 5076/5076/5076 5073/5073/5073 
f 5077/5077/5077 5075/5075/5075 5076/5076/5076 
f 5076/5076/5076 5070/5070/5070 5078/5078/5078 
f 5077/5077/5077 5076/5076/5076 5078/5078/5078 
f 5070/5070/5070 5071/5071/5071 5078/5078/5078 
f 5077/5077/5077 5078/5078/5078 5079/5079/5079 
f 5079/5079/5079 5078/5078/5078 5071/5071/5071 
f 5079/5079/5079 5080/5080/5080 5077/5077/5077 
f 5081/5081/5081 5077/5077/5077 5080/5080/5080 
f 5080/5080/5080 5082/5082/5082 5081/5081/5081 
f 5071/5071/5071 5083/5083/5083 5079/5079/5079 
f 5072/5072/5072 5083/5083/5083 5071/5071/5071 
f 5083/5083/5083 5072/5072/5072 5084/5084/5084 
f 5084/5084/5084 5085/5085/5085 5083/5083/5083 
f 5086/5086/5086 5079/5079/5079 5083/5083/5083 
f 5080/5080/5080 5079/5079/5079 5086/5086/5086 
f 5083/5083/5083 5085/5085/5085 5086/5086/5086 
f 5082/5082/5082 5080/5080/5080 5087/5087/5087 
f 5086/5086/5086 5087/5087/5087 5080/5080/5080 
f 5088/5088/5088 5082/5082/5082 5087/5087/5087 
f 5087/5087/5087 5086/5086/5086 5089/5089/5089 
f 5085/5085/5085 5089/5089/5089 5086/5086/5086 
f 5087/5087/5087 5089/5089/5089 5088/5088/5088 
f 5089/5089/5089 5085/5085/5085 5090/5090/5090 
f 5085/5085/5085 5091/5091/5091 5090/5090/5090 
f 5090/5090/5090 5092/5092/5092 5089/5089/5089 
f 5088/5088/5088 5089/5089/5089 5092/5092/5092 
f 5093/5093/5093 5090/5090/5090 5091/5091/5091 
f 5090/5090/5090 5093/5093/5093 5092/5092/5092 
f 5091/5091/5091 5094/5094/5094 5093/5093/5093 
f 5095/5095/5095 5093/5093/5093 5094/5094/5094 
f 5096/5096/5096 5092/5092/5092 5093/5093/5093 
f 5093/5093/5093 5095/5095/5095 5096/5096/5096 
f 5088/5088/5088 5092/5092/5092 5097/5097/5097 
f 5092/5092/5092 5096/5096/5096 5097/5097/5097 
f 5098/5098/5098 5096/5096/5096 5095/5095/5095 
f 5098/5098/5098 5097/5097/5097 5096/5096/5096 
f 5095/5095/5095 5099/5099/5099 5098/5098/5098 
f 5099/5099/5099 5100/5100/5100 5098/5098/5098 
f 5101/5101/5101 5098/5098/5098 5100/5100/5100 
f 5101/5101/5101 5097/5097/5097 5098/5098/5098 
f 5102/5102/5102 5101/5101/5101 5100/5100/5100 
f 5103/5103/5103 5088/5088/5088 5097/5097/5097 
f 5097/5097/5097 5101/5101/5101 5104/5104/5104 
f 5097/5097/5097 5104/5104/5104 5103/5103/5103 
f 5105/5105/5105 5104/5104/5104 5101/5101/5101 
f 5105/5105/5105 5101/5101/5101 5102/5102/5102 
f 5106/5106/5106 5103/5103/5103 5104/5104/5104 
f 5107/5107/5107 5104/5104/5104 5105/5105/5105 
f 5107/5107/5107 5106/5106/5106 5104/5104/5104 
f 5108/5108/5108 5109/5109/5109 5110/5110/5110 
f 5111/5111/5111 5110/5110/5110 5109/5109/5109 
f 5110/5110/5110 5112/5112/5112 5108/5108/5108 
f 5109/5109/5109 5108/5108/5108 5113/5113/5113 
f 5110/5110/5110 5111/5111/5111 5114/5114/5114 
f 5109/5109/5109 5115/5115/5115 5111/5111/5111 
f 5112/5112/5112 5110/5110/5110 5116/5116/5116 
f 5114/5114/5114 5116/5116/5116 5110/5110/5110 
f 5117/5117/5117 5112/5112/5112 5116/5116/5116 
f 5116/5116/5116 5114/5114/5114 5118/5118/5118 
f 5118/5118/5118 5117/5117/5117 5116/5116/5116 
f 5114/5114/5114 5111/5111/5111 5119/5119/5119 
f 5075/5075/5075 5119/5119/5119 5111/5111/5111 
f 5111/5111/5111 5115/5115/5115 5075/5075/5075 
f 5119/5119/5119 5081/5081/5081 5114/5114/5114 
f 5081/5081/5081 5118/5118/5118 5114/5114/5114 
f 5077/5077/5077 5081/5081/5081 5119/5119/5119 
f 5075/5075/5075 5077/5077/5077 5119/5119/5119 
f 5120/5120/5120 5121/5121/5121 5122/5122/5122 
f 5123/5123/5123 5122/5122/5122 5121/5121/5121 
f 5122/5122/5122 5123/5123/5123 5124/5124/5124 
f 5125/5125/5125 5124/5124/5124 5123/5123/5123 
f 5124/5124/5124 5125/5125/5125 5126/5126/5126 
f 5126/5126/5126 5125/5125/5125 5127/5127/5127 
f 5031/5031/5031 5128/5128/5128 5129/5129/5129 
f 5128/5128/5128 5130/5130/5130 5129/5129/5129 
f 5131/5131/5131 5129/5129/5129 5130/5130/5130 
f 5132/5132/5132 5131/5131/5131 5130/5130/5130 
f 5129/5129/5129 5027/5027/5027 5031/5031/5031 
f 5131/5131/5131 5132/5132/5132 5133/5133/5133 
f 5134/5134/5134 5133/5133/5133 5132/5132/5132 
f 5133/5133/5133 5134/5134/5134 5135/5135/5135 
f 5135/5135/5135 5136/5136/5136 5133/5133/5133 
f 5133/5133/5133 5137/5137/5137 5131/5131/5131 
f 5133/5133/5133 5136/5136/5136 5137/5137/5137 
f 5129/5129/5129 5131/5131/5131 5138/5138/5138 
f 5027/5027/5027 5129/5129/5129 5138/5138/5138 
f 5139/5139/5139 5131/5131/5131 5137/5137/5137 
f 5139/5139/5139 5138/5138/5138 5131/5131/5131 
f 5136/5136/5136 5140/5140/5140 5137/5137/5137 
f 5140/5140/5140 5139/5139/5139 5137/5137/5137 
f 5140/5140/5140 5136/5136/5136 5141/5141/5141 
f 5138/5138/5138 5139/5139/5139 5026/5026/5026 
f 5026/5026/5026 5027/5027/5027 5138/5138/5138 
f 5139/5139/5139 5140/5140/5140 5142/5142/5142 
f 5142/5142/5142 5026/5026/5026 5139/5139/5139 
f 5141/5141/5141 5143/5143/5143 5140/5140/5140 
f 5143/5143/5143 5142/5142/5142 5140/5140/5140 
f 5143/5143/5143 5141/5141/5141 5144/5144/5144 
f 5144/5144/5144 5145/5145/5145 5143/5143/5143 
f 5145/5145/5145 5144/5144/5144 5146/5146/5146 
f 5146/5146/5146 5147/5147/5147 5145/5145/5145 
f 5145/5145/5145 5148/5148/5148 5143/5143/5143 
f 5142/5142/5142 5143/5143/5143 5148/5148/5148 
f 5149/5149/5149 5145/5145/5145 5147/5147/5147 
f 5026/5026/5026 5142/5142/5142 5018/5018/5018 
f 5148/5148/5148 5018/5018/5018 5142/5142/5142 
f 5147/5147/5147 5150/5150/5150 5149/5149/5149 
f 5150/5150/5150 5147/5147/5147 5151/5151/5151 
f 5151/5151/5151 5152/5152/5152 5150/5150/5150 
f 5149/5149/5149 5153/5153/5153 5145/5145/5145 
f 5148/5148/5148 5145/5145/5145 5153/5153/5153 
f 5149/5149/5149 5150/5150/5150 5154/5154/5154 
f 5153/5153/5153 5149/5149/5149 5154/5154/5154 
f 5150/5150/5150 5152/5152/5152 5155/5155/5155 
f 5152/5152/5152 5156/5156/5156 5155/5155/5155 
f 5150/5150/5150 5157/5157/5157 5154/5154/5154 
f 5157/5157/5157 5150/5150/5150 5155/5155/5155 
f 5154/5154/5154 5158/5158/5158 5153/5153/5153 
f 5158/5158/5158 5154/5154/5154 5157/5157/5157 
f 5153/5153/5153 5016/5016/5016 5148/5148/5148 
f 5016/5016/5016 5153/5153/5153 5158/5158/5158 
f 5018/5018/5018 5148/5148/5148 5016/5016/5016 
f 5155/5155/5155 5156/5156/5156 5024/5024/5024 
f 5029/5029/5029 5024/5024/5024 5156/5156/5156 
f 5022/5022/5022 5157/5157/5157 5155/5155/5155 
f 5155/5155/5155 5024/5024/5024 5022/5022/5022 
f 5020/5020/5020 5157/5157/5157 5022/5022/5022 
f 5157/5157/5157 5020/5020/5020 5158/5158/5158 
f 5158/5158/5158 5017/5017/5017 5016/5016/5016 
f 5017/5017/5017 5158/5158/5158 5020/5020/5020 
f 5159/5159/5159 5160/5160/5160 5161/5161/5161 
f 4954/4954/4954 5160/5160/5160 5159/5159/5159 
f 5162/5162/5162 5163/5163/5163 5161/5161/5161 
f 5160/5160/5160 5162/5162/5162 5161/5161/5161 
f 5163/5163/5163 5162/5162/5162 5164/5164/5164 
f 5160/5160/5160 4954/4954/4954 4950/4950/4950 
f 5160/5160/5160 4888/4888/4888 5162/5162/5162 
f 4889/4889/4889 5160/5160/5160 4950/4950/4950 
f 5160/5160/5160 4889/4889/4889 4888/4888/4888 
f 4888/4888/4888 4885/4885/4885 5162/5162/5162 
f 4885/4885/4885 5164/5164/5164 5162/5162/5162 
f 5164/5164/5164 5165/5165/5165 5163/5163/5163 
f 5166/5166/5166 5163/5163/5163 5165/5165/5165 
f 5165/5165/5165 5167/5167/5167 5166/5166/5166 
f 5167/5167/5167 5165/5165/5165 5168/5168/5168 
f 5165/5165/5165 5164/5164/5164 5169/5169/5169 
f 5169/5169/5169 5168/5168/5168 5165/5165/5165 
f 5164/5164/5164 5170/5170/5170 5169/5169/5169 
f 5164/5164/5164 4885/4885/4885 5170/5170/5170 
f 5168/5168/5168 5169/5169/5169 5171/5171/5171 
f 5169/5169/5169 5170/5170/5170 5172/5172/5172 
f 5172/5172/5172 5171/5171/5171 5169/5169/5169 
f 4884/4884/4884 5170/5170/5170 4885/4885/4885 
f 5170/5170/5170 4884/4884/4884 5172/5172/5172 
f 5168/5168/5168 5171/5171/5171 5173/5173/5173 
f 5168/5168/5168 5173/5173/5173 5174/5174/5174 
f 5174/5174/5174 5173/5173/5173 5175/5175/5175 
f 5171/5171/5171 5176/5176/5176 5173/5173/5173 
f 5171/5171/5171 5172/5172/5172 5177/5177/5177 
f 5171/5171/5171 5177/5177/5177 5176/5176/5176 
f 5172/5172/5172 4884/4884/4884 5178/5178/5178 
f 5178/5178/5178 5177/5177/5177 5172/5172/5172 
f 4884/4884/4884 4881/4881/4881 5178/5178/5178 
f 5173/5173/5173 5176/5176/5176 5179/5179/5179 
f 5175/5175/5175 5173/5173/5173 5179/5179/5179 
f 5177/5177/5177 4804/4804/4804 5176/5176/5176 
f 5177/5177/5177 5178/5178/5178 4805/4805/4805 
f 5177/5177/5177 4805/4805/4805 4804/4804/4804 
f 4807/4807/4807 4805/4805/4805 5178/5178/5178 
f 5178/5178/5178 4881/4881/4881 4807/4807/4807 
f 5179/5179/5179 5176/5176/5176 4814/4814/4814 
f 5176/5176/5176 4804/4804/4804 4814/4814/4814 
f 5179/5179/5179 5180/5180/5180 5175/5175/5175 
f 5179/5179/5179 4814/4814/4814 4817/4817/4817 
f 5180/5180/5180 5179/5179/5179 4817/4817/4817 
f 4817/4817/4817 4819/4819/4819 5180/5180/5180 
f 4819/4819/4819 5181/5181/5181 5180/5180/5180 
f 5181/5181/5181 4819/4819/4819 5182/5182/5182 
f 5182/5182/5182 5183/5183/5183 5181/5181/5181 
f 5183/5183/5183 5182/5182/5182 5184/5184/5184 
f 5184/5184/5184 5185/5185/5185 5183/5183/5183 
f 5185/5185/5185 5184/5184/5184 5186/5186/5186 
f 5186/5186/5186 5187/5187/5187 5185/5185/5185 
f 5187/5187/5187 5186/5186/5186 5188/5188/5188 
f 5188/5188/5188 5189/5189/5189 5187/5187/5187 
f 5189/5189/5189 5188/5188/5188 5190/5190/5190 
f 5190/5190/5190 5191/5191/5191 5189/5189/5189 
f 5191/5191/5191 5190/5190/5190 5192/5192/5192 
f 5192/5192/5192 5193/5193/5193 5191/5191/5191 
f 5193/5193/5193 5192/5192/5192 5194/5194/5194 
f 5194/5194/5194 5195/5195/5195 5193/5193/5193 
f 5195/5195/5195 5194/5194/5194 5196/5196/5196 
f 5196/5196/5196 5197/5197/5197 5195/5195/5195 
f 5197/5197/5197 5196/5196/5196 5198/5198/5198 
f 5199/5199/5199 5197/5197/5197 5198/5198/5198 
f 5197/5197/5197 5199/5199/5199 5200/5200/5200 
f 5201/5201/5201 5200/5200/5200 5199/5199/5199 
f 5200/5200/5200 5201/5201/5201 5202/5202/5202 
f 5203/5203/5203 5202/5202/5202 5201/5201/5201 
f 5201/5201/5201 5204/5204/5204 5203/5203/5203 
f 5204/5204/5204 5205/5205/5205 5203/5203/5203 
f 5204/5204/5204 5206/5206/5206 5205/5205/5205 
f 5207/5207/5207 5205/5205/5205 5206/5206/5206 
f 5206/5206/5206 5208/5208/5208 5207/5207/5207 
f 5209/5209/5209 5207/5207/5207 5208/5208/5208 
f 5207/5207/5207 5209/5209/5209 5210/5210/5210 
f 5211/5211/5211 4961/4961/4961 4954/4954/4954 
f 4956/4956/4956 5066/5066/5066 4958/4958/4958 
f 5066/5066/5066 4956/4956/4956 4959/4959/4959 
f 5211/5211/5211 5212/5212/5212 4961/4961/4961 
f 5213/5213/5213 4960/4960/4960 4961/4961/4961 
f 5212/5212/5212 5213/5213/5213 4961/4961/4961 
f 5214/5214/5214 5212/5212/5212 5211/5211/5211 
f 5213/5213/5213 5215/5215/5215 4960/4960/4960 
f 4959/4959/4959 4960/4960/4960 5215/5215/5215 
f 4959/4959/4959 5216/5216/5216 5066/5066/5066 
f 5216/5216/5216 4959/4959/4959 5215/5215/5215 
f 5067/5067/5067 5066/5066/5066 5216/5216/5216 
f 5217/5217/5217 5213/5213/5213 5212/5212/5212 
f 5215/5215/5215 5213/5213/5213 5218/5218/5218 
f 5217/5217/5217 5218/5218/5218 5213/5213/5213 
f 5215/5215/5215 5219/5219/5219 5216/5216/5216 
f 5219/5219/5219 5215/5215/5215 5218/5218/5218 
f 5072/5072/5072 5216/5216/5216 5219/5219/5219 
f 5216/5216/5216 5072/5072/5072 5067/5067/5067 
f 5220/5220/5220 5217/5217/5217 5212/5212/5212 
f 5214/5214/5214 5220/5220/5220 5212/5212/5212 
f 5218/5218/5218 5217/5217/5217 5221/5221/5221 
f 5218/5218/5218 5222/5222/5222 5219/5219/5219 
f 5222/5222/5222 5218/5218/5218 5221/5221/5221 
f 5223/5223/5223 5221/5221/5221 5217/5217/5217 
f 5220/5220/5220 5223/5223/5223 5217/5217/5217 
f 5221/5221/5221 5224/5224/5224 5222/5222/5222 
f 5084/5084/5084 5219/5219/5219 5222/5222/5222 
f 5219/5219/5219 5084/5084/5084 5072/5072/5072 
f 5225/5225/5225 5222/5222/5222 5224/5224/5224 
f 5222/5222/5222 5225/5225/5225 5084/5084/5084 
f 5224/5224/5224 5221/5221/5221 5226/5226/5226 
f 5221/5221/5221 5223/5223/5223 5226/5226/5226 
f 5227/5227/5227 5225/5225/5225 5224/5224/5224 
f 5226/5226/5226 5227/5227/5227 5224/5224/5224 
f 5085/5085/5085 5084/5084/5084 5225/5225/5225 
f 5228/5228/5228 5226/5226/5226 5223/5223/5223 
f 5220/5220/5220 5228/5228/5228 5223/5223/5223 
f 5227/5227/5227 5226/5226/5226 5229/5229/5229 
f 5226/5226/5226 5228/5228/5228 5229/5229/5229 
f 5225/5225/5225 5227/5227/5227 5091/5091/5091 
f 5091/5091/5091 5085/5085/5085 5225/5225/5225 
f 5229/5229/5229 5094/5094/5094 5227/5227/5227 
f 5094/5094/5094 5091/5091/5091 5227/5227/5227 
f 5228/5228/5228 5220/5220/5220 5230/5230/5230 
f 5214/5214/5214 5230/5230/5230 5220/5220/5220 
f 5231/5231/5231 5229/5229/5229 5228/5228/5228 
f 5230/5230/5230 5231/5231/5231 5228/5228/5228 
f 5094/5094/5094 5229/5229/5229 5232/5232/5232 
f 5229/5229/5229 5231/5231/5231 5232/5232/5232 
f 5230/5230/5230 5214/5214/5214 5233/5233/5233 
f 5233/5233/5233 5214/5214/5214 5234/5234/5234 
f 5231/5231/5231 5230/5230/5230 5235/5235/5235 
f 5233/5233/5233 5235/5235/5235 5230/5230/5230 
f 5231/5231/5231 5236/5236/5236 5232/5232/5232 
f 5236/5236/5236 5094/5094/5094 5232/5232/5232 
f 5234/5234/5234 5237/5237/5237 5233/5233/5233 
f 5235/5235/5235 5233/5233/5233 5237/5237/5237 
f 5234/5234/5234 5238/5238/5238 5237/5237/5237 
f 5235/5235/5235 5239/5239/5239 5231/5231/5231 
f 5239/5239/5239 5236/5236/5236 5231/5231/5231 
f 5237/5237/5237 5240/5240/5240 5235/5235/5235 
f 5239/5239/5239 5235/5235/5235 5240/5240/5240 
f 5118/5118/5118 5081/5081/5081 5082/5082/5082 
f 5074/5074/5074 5075/5075/5075 5115/5115/5115 
f 5115/5115/5115 5109/5109/5109 5241/5241/5241 
f 5113/5113/5113 5241/5241/5241 5109/5109/5109 
f 5241/5241/5241 5242/5242/5242 5115/5115/5115 
f 5115/5115/5115 5242/5242/5242 5074/5074/5074 
f 5241/5241/5241 5113/5113/5113 5243/5243/5243 
f 5242/5242/5242 5241/5241/5241 5244/5244/5244 
f 5243/5243/5243 5244/5244/5244 5241/5241/5241 
f 5243/5243/5243 5113/5113/5113 5245/5245/5245 
f 5244/5244/5244 5246/5246/5246 5242/5242/5242 
f 5247/5247/5247 5074/5074/5074 5242/5242/5242 
f 5242/5242/5242 5246/5246/5246 5247/5247/5247 
f 5060/5060/5060 5074/5074/5074 5247/5247/5247 
f 5035/5035/5035 5247/5247/5247 5246/5246/5246 
f 5035/5035/5035 5060/5060/5060 5247/5247/5247 
f 5246/5246/5246 5244/5244/5244 5248/5248/5248 
f 5246/5246/5246 5032/5032/5032 5035/5035/5035 
f 5248/5248/5248 5032/5032/5032 5246/5246/5246 
f 5249/5249/5249 5248/5248/5248 5244/5244/5244 
f 5244/5244/5244 5243/5243/5243 5249/5249/5249 
f 5032/5032/5032 5248/5248/5248 5031/5031/5031 
f 5248/5248/5248 5249/5249/5249 5128/5128/5128 
f 5128/5128/5128 5031/5031/5031 5248/5248/5248 
f 5249/5249/5249 5243/5243/5243 5250/5250/5250 
f 5245/5245/5245 5250/5250/5250 5243/5243/5243 
f 5250/5250/5250 5251/5251/5251 5249/5249/5249 
f 5128/5128/5128 5249/5249/5249 5251/5251/5251 
f 5252/5252/5252 5251/5251/5251 5250/5250/5250 
f 5251/5251/5251 5253/5253/5253 5128/5128/5128 
f 5254/5254/5254 5253/5253/5253 5251/5251/5251 
f 5251/5251/5251 5252/5252/5252 5254/5254/5254 
f 5130/5130/5130 5128/5128/5128 5253/5253/5253 
f 5255/5255/5255 5254/5254/5254 5252/5252/5252 
f 5254/5254/5254 5255/5255/5255 5256/5256/5256 
f 5252/5252/5252 5257/5257/5257 5255/5255/5255 
f 5253/5253/5253 5254/5254/5254 5258/5258/5258 
f 5256/5256/5256 5258/5258/5258 5254/5254/5254 
f 5258/5258/5258 5130/5130/5130 5253/5253/5253 
f 5258/5258/5258 5256/5256/5256 5259/5259/5259 
f 5259/5259/5259 5132/5132/5132 5258/5258/5258 
f 5130/5130/5130 5258/5258/5258 5132/5132/5132 
f 5132/5132/5132 5259/5259/5259 5134/5134/5134 
f 5257/5257/5257 5252/5252/5252 5260/5260/5260 
f 5250/5250/5250 5260/5260/5260 5252/5252/5252 
f 5260/5260/5260 5261/5261/5261 5257/5257/5257 
f 5257/5257/5257 5261/5261/5261 5262/5262/5262 
f 5261/5261/5261 5263/5263/5263 5262/5262/5262 
f 5262/5262/5262 5263/5263/5263 5264/5264/5264 
f 5263/5263/5263 5265/5265/5265 5264/5264/5264 
f 5266/5266/5266 5264/5264/5264 5265/5265/5265 
f 5265/5265/5265 5267/5267/5267 5266/5266/5266 
f 5268/5268/5268 5266/5266/5266 5267/5267/5267 
f 5267/5267/5267 5269/5269/5269 5268/5268/5268 
f 5270/5270/5270 5268/5268/5268 5269/5269/5269 
f 5269/5269/5269 5271/5271/5271 5270/5270/5270 
f 5272/5272/5272 5270/5270/5270 5271/5271/5271 
f 5271/5271/5271 5273/5273/5273 5272/5272/5272 
f 5274/5274/5274 5272/5272/5272 5273/5273/5273 
f 5273/5273/5273 5275/5275/5275 5274/5274/5274 
f 5276/5276/5276 5274/5274/5274 5275/5275/5275 
f 5275/5275/5275 5277/5277/5277 5276/5276/5276 
f 5278/5278/5278 5276/5276/5276 5277/5277/5277 
f 5277/5277/5277 5279/5279/5279 5278/5278/5278 
f 5279/5279/5279 5277/5277/5277 5280/5280/5280 
f 5280/5280/5280 5281/5281/5281 5279/5279/5279 
f 5281/5281/5281 5280/5280/5280 5282/5282/5282 
f 5283/5283/5283 5281/5281/5281 5282/5282/5282 
f 5281/5281/5281 5283/5283/5283 5284/5284/5284 
f 5285/5285/5285 5284/5284/5284 5283/5283/5283 
f 5284/5284/5284 5285/5285/5285 5286/5286/5286 
f 5287/5287/5287 5286/5286/5286 5285/5285/5285 
f 5286/5286/5286 5287/5287/5287 5288/5288/5288 
f 5287/5287/5287 5289/5289/5289 5288/5288/5288 
f 5289/5289/5289 5287/5287/5287 5290/5290/5290 
f 5291/5291/5291 5292/5292/5292 5293/5293/5293 
f 5294/5294/5294 5291/5291/5291 5293/5293/5293 
f 5295/5295/5295 5296/5296/5296 5297/5297/5297 
f 5298/5298/5298 5297/5297/5297 5296/5296/5296 
f 5296/5296/5296 5295/5295/5295 5299/5299/5299 
f 5298/5298/5298 5300/5300/5300 5292/5292/5292 
f 5301/5301/5301 5293/5293/5293 5292/5292/5292 
f 5292/5292/5292 5300/5300/5300 5301/5301/5301 
f 5293/5293/5293 5301/5301/5301 5302/5302/5302 
f 5302/5302/5302 5294/5294/5294 5293/5293/5293 
f 5303/5303/5303 5302/5302/5302 5301/5301/5301 
f 5300/5300/5300 5303/5303/5303 5301/5301/5301 
f 5294/5294/5294 5302/5302/5302 5304/5304/5304 
f 5302/5302/5302 5303/5303/5303 5238/5238/5238 
f 5238/5238/5238 5304/5304/5304 5302/5302/5302 
f 5304/5304/5304 5305/5305/5305 5294/5294/5294 
f 5305/5305/5305 5306/5306/5306 5294/5294/5294 
f 5305/5305/5305 5307/5307/5307 5306/5306/5306 
f 5306/5306/5306 5307/5307/5307 5166/5166/5166 
f 5305/5305/5305 5308/5308/5308 5307/5307/5307 
f 5307/5307/5307 5163/5163/5163 5166/5166/5166 
f 5163/5163/5163 5307/5307/5307 5308/5308/5308 
f 5304/5304/5304 5309/5309/5309 5305/5305/5305 
f 5308/5308/5308 5305/5305/5305 5309/5309/5309 
f 5309/5309/5309 5304/5304/5304 5310/5310/5310 
f 5304/5304/5304 5238/5238/5238 5310/5310/5310 
f 5311/5311/5311 5308/5308/5308 5309/5309/5309 
f 5312/5312/5312 5309/5309/5309 5310/5310/5310 
f 5312/5312/5312 5311/5311/5311 5309/5309/5309 
f 5310/5310/5310 5238/5238/5238 5234/5234/5234 
f 5234/5234/5234 5312/5312/5312 5310/5310/5310 
f 5214/5214/5214 5312/5312/5312 5234/5234/5234 
f 5312/5312/5312 5211/5211/5211 5311/5311/5311 
f 5214/5214/5214 5211/5211/5211 5312/5312/5312 
f 5311/5311/5311 5159/5159/5159 5308/5308/5308 
f 5211/5211/5211 4954/4954/4954 5311/5311/5311 
f 5311/5311/5311 4954/4954/4954 5159/5159/5159 
f 5308/5308/5308 5159/5159/5159 5161/5161/5161 
f 5308/5308/5308 5161/5161/5161 5163/5163/5163 
f 5313/5313/5313 5314/5314/5314 5315/5315/5315 
f 5315/5315/5315 5316/5316/5316 5313/5313/5313 
f 5314/5314/5314 5317/5317/5317 5318/5318/5318 
f 5316/5316/5316 5315/5315/5315 5319/5319/5319 
f 5319/5319/5319 5320/5320/5320 5316/5316/5316 
f 5321/5321/5321 5315/5315/5315 5314/5314/5314 
f 5318/5318/5318 5322/5322/5322 5314/5314/5314 
f 5321/5321/5321 5314/5314/5314 5322/5322/5322 
f 5322/5322/5322 5318/5318/5318 5323/5323/5323 
f 5315/5315/5315 5321/5321/5321 5324/5324/5324 
f 5324/5324/5324 5319/5319/5319 5315/5315/5315 
f 5322/5322/5322 5325/5325/5325 5321/5321/5321 
f 5323/5323/5323 5326/5326/5326 5322/5322/5322 
f 5325/5325/5325 5322/5322/5322 5326/5326/5326 
f 5326/5326/5326 5323/5323/5323 5327/5327/5327 
f 5328/5328/5328 5321/5321/5321 5325/5325/5325 
f 5328/5328/5328 5324/5324/5324 5321/5321/5321 
f 5326/5326/5326 5329/5329/5329 5325/5325/5325 
f 5327/5327/5327 5330/5330/5330 5326/5326/5326 
f 5329/5329/5329 5326/5326/5326 5330/5330/5330 
f 5330/5330/5330 5327/5327/5327 5331/5331/5331 
f 5331/5331/5331 5332/5332/5332 5330/5330/5330 
f 5333/5333/5333 5330/5330/5330 5332/5332/5332 
f 5330/5330/5330 5333/5333/5333 5329/5329/5329 
f 5332/5332/5332 5334/5334/5334 5333/5333/5333 
f 5335/5335/5335 5325/5325/5325 5329/5329/5329 
f 5325/5325/5325 5335/5335/5335 5328/5328/5328 
f 5336/5336/5336 5329/5329/5329 5333/5333/5333 
f 5329/5329/5329 5336/5336/5336 5335/5335/5335 
f 5337/5337/5337 5333/5333/5333 5334/5334/5334 
f 5333/5333/5333 5337/5337/5337 5336/5336/5336 
f 5334/5334/5334 5338/5338/5338 5337/5337/5337 
f 5339/5339/5339 5337/5337/5337 5338/5338/5338 
f 5338/5338/5338 5340/5340/5340 5339/5339/5339 
f 5341/5341/5341 5337/5337/5337 5339/5339/5339 
f 5337/5337/5337 5341/5341/5341 5336/5336/5336 
f 5336/5336/5336 5341/5341/5341 5342/5342/5342 
f 5336/5336/5336 5342/5342/5342 5335/5335/5335 
f 5335/5335/5335 5342/5342/5342 5343/5343/5343 
f 5335/5335/5335 5343/5343/5343 5328/5328/5328 
f 5343/5343/5343 5344/5344/5344 5328/5328/5328 
f 5324/5324/5324 5328/5328/5328 5344/5344/5344 
f 5344/5344/5344 5343/5343/5343 5345/5345/5345 
f 5344/5344/5344 5346/5346/5346 5324/5324/5324 
f 5319/5319/5319 5324/5324/5324 5346/5346/5346 
f 5345/5345/5345 5347/5347/5347 5344/5344/5344 
f 5346/5346/5346 5344/5344/5344 5347/5347/5347 
f 5347/5347/5347 5345/5345/5345 5348/5348/5348 
f 5346/5346/5346 5349/5349/5349 5319/5319/5319 
f 5320/5320/5320 5319/5319/5319 5349/5349/5349 
f 5349/5349/5349 5350/5350/5350 5320/5320/5320 
f 5350/5350/5350 5349/5349/5349 5351/5351/5351 
f 5349/5349/5349 5346/5346/5346 5352/5352/5352 
f 5352/5352/5352 5351/5351/5351 5349/5349/5349 
f 5347/5347/5347 5352/5352/5352 5346/5346/5346 
f 5351/5351/5351 5352/5352/5352 5353/5353/5353 
f 5348/5348/5348 5354/5354/5354 5347/5347/5347 
f 5352/5352/5352 5347/5347/5347 5354/5354/5354 
f 5354/5354/5354 5353/5353/5353 5352/5352/5352 
f 5354/5354/5354 5348/5348/5348 5355/5355/5355 
f 5353/5353/5353 5354/5354/5354 5356/5356/5356 
f 5355/5355/5355 5356/5356/5356 5354/5354/5354 
f 5356/5356/5356 5355/5355/5355 5357/5357/5357 
f 5358/5358/5358 5167/5167/5167 5359/5359/5359 
f 5167/5167/5167 5174/5174/5174 5359/5359/5359 
f 5358/5358/5358 5359/5359/5359 5360/5360/5360 
f 5358/5358/5358 5166/5166/5166 5167/5167/5167 
f 5174/5174/5174 5361/5361/5361 5359/5359/5359 
f 5167/5167/5167 5168/5168/5168 5174/5174/5174 
f 5359/5359/5359 5361/5361/5361 5362/5362/5362 
f 5360/5360/5360 5359/5359/5359 5362/5362/5362 
f 5361/5361/5361 5174/5174/5174 5175/5175/5175 
f 5363/5363/5363 5358/5358/5358 5360/5360/5360 
f 5361/5361/5361 5364/5364/5364 5362/5362/5362 
f 5363/5363/5363 5306/5306/5306 5358/5358/5358 
f 5166/5166/5166 5358/5358/5358 5306/5306/5306 
f 5360/5360/5360 5291/5291/5291 5363/5363/5363 
f 5306/5306/5306 5363/5363/5363 5294/5294/5294 
f 5291/5291/5291 5294/5294/5294 5363/5363/5363 
f 5362/5362/5362 5365/5365/5365 5360/5360/5360 
f 5291/5291/5291 5360/5360/5360 5365/5365/5365 
f 5365/5365/5365 5362/5362/5362 5366/5366/5366 
f 5364/5364/5364 5366/5366/5366 5362/5362/5362 
f 5367/5367/5367 5291/5291/5291 5365/5365/5365 
f 5366/5366/5366 5297/5297/5297 5365/5365/5365 
f 5367/5367/5367 5365/5365/5365 5297/5297/5297 
f 5297/5297/5297 5366/5366/5366 5295/5295/5295 
f 5298/5298/5298 5367/5367/5367 5297/5297/5297 
f 5366/5366/5366 5364/5364/5364 5368/5368/5368 
f 5368/5368/5368 5295/5295/5295 5366/5366/5366 
f 5292/5292/5292 5291/5291/5291 5367/5367/5367 
f 5367/5367/5367 5298/5298/5298 5292/5292/5292 
f 5369/5369/5369 5370/5370/5370 5371/5371/5371 
f 5370/5370/5370 5369/5369/5369 5372/5372/5372 
f 5371/5371/5371 5373/5373/5373 5369/5369/5369 
f 5374/5374/5374 5371/5371/5371 5370/5370/5370 
f 5370/5370/5370 5375/5375/5375 5374/5374/5374 
f 5371/5371/5371 5374/5374/5374 5376/5376/5376 
f 5377/5377/5377 5370/5370/5370 5372/5372/5372 
f 5375/5375/5375 5370/5370/5370 5377/5377/5377 
f 5372/5372/5372 5378/5378/5378 5377/5377/5377 
f 5377/5377/5377 5379/5379/5379 5375/5375/5375 
f 5376/5376/5376 5380/5380/5380 5371/5371/5371 
f 5373/5373/5373 5371/5371/5371 5380/5380/5380 
f 5380/5380/5380 5376/5376/5376 5381/5381/5381 
f 5380/5380/5380 5382/5382/5382 5373/5373/5373 
f 5378/5378/5378 5383/5383/5383 5377/5377/5377 
f 5379/5379/5379 5377/5377/5377 5383/5383/5383 
f 5383/5383/5383 5378/5378/5378 5384/5384/5384 
f 5383/5383/5383 5385/5385/5385 5379/5379/5379 
f 5383/5383/5383 5384/5384/5384 5385/5385/5385 
f 5379/5379/5379 5385/5385/5385 5386/5386/5386 
f 5384/5384/5384 5387/5387/5387 5385/5385/5385 
f 5382/5382/5382 5380/5380/5380 5388/5388/5388 
f 5381/5381/5381 5388/5388/5388 5380/5380/5380 
f 5388/5388/5388 5389/5389/5389 5382/5382/5382 
f 5388/5388/5388 5381/5381/5381 5390/5390/5390 
f 5389/5389/5389 5388/5388/5388 5391/5391/5391 
f 5390/5390/5390 5391/5391/5391 5388/5388/5388 
f 5391/5391/5391 5390/5390/5390 5392/5392/5392 
f 5387/5387/5387 5393/5393/5393 5385/5385/5385 
f 5385/5385/5385 5393/5393/5393 5386/5386/5386 
f 5393/5393/5393 5387/5387/5387 5394/5394/5394 
f 5386/5386/5386 5393/5393/5393 5395/5395/5395 
f 5394/5394/5394 5396/5396/5396 5393/5393/5393 
f 5396/5396/5396 5395/5395/5395 5393/5393/5393 
f 5397/5397/5397 5398/5398/5398 5399/5399/5399 
f 5399/5399/5399 5398/5398/5398 5400/5400/5400 
f 5398/5398/5398 5401/5401/5401 5400/5400/5400 
f 5402/5402/5402 5397/5397/5397 5399/5399/5399 
f 5397/5397/5397 5402/5402/5402 5403/5403/5403 
f 5400/5400/5400 5404/5404/5404 5399/5399/5399 
f 5405/5405/5405 5399/5399/5399 5404/5404/5404 
f 5399/5399/5399 5405/5405/5405 5402/5402/5402 
f 5404/5404/5404 5400/5400/5400 5406/5406/5406 
f 5407/5407/5407 5402/5402/5402 5405/5405/5405 
f 5408/5408/5408 5403/5403/5403 5402/5402/5402 
f 5402/5402/5402 5407/5407/5407 5408/5408/5408 
f 5403/5403/5403 5408/5408/5408 5409/5409/5409 
f 5410/5410/5410 5406/5406/5406 5400/5400/5400 
f 5400/5400/5400 5401/5401/5401 5410/5410/5410 
f 5406/5406/5406 5410/5410/5410 5411/5411/5411 
f 5412/5412/5412 5410/5410/5410 5401/5401/5401 
f 5408/5408/5408 5413/5413/5413 5409/5409/5409 
f 5413/5413/5413 5408/5408/5408 5407/5407/5407 
f 5409/5409/5409 5413/5413/5413 5414/5414/5414 
f 5407/5407/5407 5415/5415/5415 5413/5413/5413 
f 5410/5410/5410 5412/5412/5412 5416/5416/5416 
f 5416/5416/5416 5411/5411/5411 5410/5410/5410 
f 5417/5417/5417 5416/5416/5416 5412/5412/5412 
f 5411/5411/5411 5416/5416/5416 5418/5418/5418 
f 5416/5416/5416 5417/5417/5417 5419/5419/5419 
f 5419/5419/5419 5418/5418/5418 5416/5416/5416 
f 5418/5418/5418 5419/5419/5419 5420/5420/5420 
f 5421/5421/5421 5413/5413/5413 5415/5415/5415 
f 5421/5421/5421 5414/5414/5414 5413/5413/5413 
f 5415/5415/5415 5422/5422/5422 5421/5421/5421 
f 5414/5414/5414 5421/5421/5421 5423/5423/5423 
f 5424/5424/5424 5421/5421/5421 5422/5422/5422 
f 5424/5424/5424 5423/5423/5423 5421/5421/5421 
f 5425/5425/5425 5426/5426/5426 5427/5427/5427 
f 5428/5428/5428 5427/5427/5427 5426/5426/5426 
f 5426/5426/5426 5425/5425/5425 5429/5429/5429 
f 5427/5427/5427 5428/5428/5428 4082/4082/4082 
f 4082/4082/4082 5428/5428/5428 4087/4087/4087 
f 4077/4077/4077 5425/5425/5425 5427/5427/5427 
f 4082/4082/4082 4077/4077/4077 5427/5427/5427 
f 5430/5430/5430 5429/5429/5429 5425/5425/5425 
f 5429/5429/5429 5430/5430/5430 5431/5431/5431 
f 5430/5430/5430 5432/5432/5432 5431/5431/5431 
f 5433/5433/5433 5430/5430/5430 5425/5425/5425 
f 5425/5425/5425 4077/4077/4077 5433/5433/5433 
f 5432/5432/5432 5430/5430/5430 5434/5434/5434 
f 5434/5434/5434 5435/5435/5435 5432/5432/5432 
f 5435/5435/5435 5434/5434/5434 5436/5436/5436 
f 5437/5437/5437 5434/5434/5434 5430/5430/5430 
f 5430/5430/5430 5433/5433/5433 5437/5437/5437 
f 5438/5438/5438 5436/5436/5436 5434/5434/5434 
f 5434/5434/5434 5437/5437/5437 5438/5438/5438 
f 5436/5436/5436 5438/5438/5438 5439/5439/5439 
f 5438/5438/5438 5440/5440/5440 5439/5439/5439 
f 5440/5440/5440 5438/5438/5438 5441/5441/5441 
f 5437/5437/5437 5441/5441/5441 5438/5438/5438 
f 5441/5441/5441 5442/5442/5442 5440/5440/5440 
f 5443/5443/5443 5437/5437/5437 5433/5433/5433 
f 5441/5441/5441 5437/5437/5437 5444/5444/5444 
f 5437/5437/5437 5443/5443/5443 5444/5444/5444 
f 5433/5433/5433 4074/4074/4074 5443/5443/5443 
f 4074/4074/4074 5433/5433/5433 4077/4077/4077 
f 5445/5445/5445 5444/5444/5444 5443/5443/5443 
f 4074/4074/4074 5445/5445/5445 5443/5443/5443 
f 5446/5446/5446 5441/5441/5441 5444/5444/5444 
f 5444/5444/5444 5445/5445/5445 5446/5446/5446 
f 5442/5442/5442 5441/5441/5441 5447/5447/5447 
f 5441/5441/5441 5446/5446/5446 5447/5447/5447 
f 5448/5448/5448 5442/5442/5442 5447/5447/5447 
f 5442/5442/5442 5448/5448/5448 5449/5449/5449 
f 5450/5450/5450 5447/5447/5447 5446/5446/5446 
f 5447/5447/5447 5450/5450/5450 5448/5448/5448 
f 4071/4071/4071 5446/5446/5446 5445/5445/5445 
f 5446/5446/5446 4071/4071/4071 5450/5450/5450 
f 4072/4072/4072 4071/4071/4071 5445/5445/5445 
f 5445/5445/5445 4074/4074/4074 4072/4072/4072 
f 5451/5451/5451 5449/5449/5449 5448/5448/5448 
f 5449/5449/5449 5451/5451/5451 5452/5452/5452 
f 5453/5453/5453 5448/5448/5448 5450/5450/5450 
f 5448/5448/5448 5453/5453/5453 5451/5451/5451 
f 4044/4044/4044 5450/5450/5450 4071/4071/4071 
f 5450/5450/5450 4044/4044/4044 5453/5453/5453 
f 5454/5454/5454 5452/5452/5452 5451/5451/5451 
f 5452/5452/5452 5454/5454/5454 5455/5455/5455 
f 5454/5454/5454 5456/5456/5456 5455/5455/5455 
f 5457/5457/5457 5451/5451/5451 5453/5453/5453 
f 5451/5451/5451 5457/5457/5457 5454/5454/5454 
f 5453/5453/5453 4042/4042/4042 5457/5457/5457 
f 4042/4042/4042 5453/5453/5453 4044/4044/4044 
f 5458/5458/5458 5454/5454/5454 5457/5457/5457 
f 5456/5456/5456 5454/5454/5454 5459/5459/5459 
f 5454/5454/5454 5458/5458/5458 5459/5459/5459 
f 5459/5459/5459 5460/5460/5460 5456/5456/5456 
f 5460/5460/5460 5459/5459/5459 5461/5461/5461 
f 5458/5458/5458 5461/5461/5461 5459/5459/5459 
f 5461/5461/5461 5458/5458/5458 5462/5462/5462 
f 5458/5458/5458 5463/5463/5463 5462/5462/5462 
f 5457/5457/5457 5464/5464/5464 5458/5458/5458 
f 5463/5463/5463 5458/5458/5458 5464/5464/5464 
f 5464/5464/5464 5457/5457/5457 4042/4042/4042 
f 5464/5464/5464 4046/4046/4046 5463/5463/5463 
f 4042/4042/4042 4041/4041/4041 5464/5464/5464 
f 4046/4046/4046 5464/5464/5464 4041/4041/4041 
f 5465/5465/5465 5466/5466/5466 5467/5467/5467 
f 5466/5466/5466 5468/5468/5468 5467/5467/5467 
f 5469/5469/5469 5465/5465/5465 5467/5467/5467 
f 5468/5468/5468 5469/5469/5469 5467/5467/5467 
f 5465/5465/5465 5469/5469/5469 5470/5470/5470 
f 5468/5468/5468 5466/5466/5466 5471/5471/5471 
f 5472/5472/5472 5470/5470/5470 5469/5469/5469 
f 5471/5471/5471 5473/5473/5473 5468/5468/5468 
f 5473/5473/5473 5471/5471/5471 5474/5474/5474 
f 5470/5470/5470 5472/5472/5472 5475/5475/5475 
f 5476/5476/5476 5473/5473/5473 5474/5474/5474 
f 5469/5469/5469 5468/5468/5468 5477/5477/5477 
f 5477/5477/5477 5472/5472/5472 5469/5469/5469 
f 5478/5478/5478 5468/5468/5468 5473/5473/5473 
f 5468/5468/5468 5478/5478/5478 5477/5477/5477 
f 5473/5473/5473 5476/5476/5476 5479/5479/5479 
f 5480/5480/5480 5479/5479/5479 5476/5476/5476 
f 5473/5473/5473 5481/5481/5481 5478/5478/5478 
f 5481/5481/5481 5473/5473/5473 5479/5479/5479 
f 5482/5482/5482 5477/5477/5477 5478/5478/5478 
f 5483/5483/5483 5478/5478/5478 5481/5481/5481 
f 5478/5478/5478 5483/5483/5483 5482/5482/5482 
f 5481/5481/5481 5484/5484/5484 5483/5483/5483 
f 5485/5485/5485 5482/5482/5482 5483/5483/5483 
f 5484/5484/5484 5485/5485/5485 5483/5483/5483 
f 5477/5477/5477 5482/5482/5482 5486/5486/5486 
f 5472/5472/5472 5477/5477/5477 5486/5486/5486 
f 5487/5487/5487 5486/5486/5486 5482/5482/5482 
f 5482/5482/5482 5485/5485/5485 5487/5487/5487 
f 5488/5488/5488 5472/5472/5472 5486/5486/5486 
f 5486/5486/5486 5487/5487/5487 5488/5488/5488 
f 5472/5472/5472 5488/5488/5488 5489/5489/5489 
f 5489/5489/5489 5475/5475/5475 5472/5472/5472 
f 5475/5475/5475 5489/5489/5489 5490/5490/5490 
f 5491/5491/5491 5489/5489/5489 5488/5488/5488 
f 5487/5487/5487 5491/5491/5491 5488/5488/5488 
f 5492/5492/5492 5490/5490/5490 5489/5489/5489 
f 5489/5489/5489 5491/5491/5491 5492/5492/5492 
f 5490/5490/5490 5492/5492/5492 5493/5493/5493 
f 5492/5492/5492 5494/5494/5494 5493/5493/5493 
f 5491/5491/5491 5487/5487/5487 5495/5495/5495 
f 5485/5485/5485 5495/5495/5495 5487/5487/5487 
f 5496/5496/5496 5492/5492/5492 5491/5491/5491 
f 5495/5495/5495 5496/5496/5496 5491/5491/5491 
f 5494/5494/5494 5492/5492/5492 5497/5497/5497 
f 5492/5492/5492 5496/5496/5496 5497/5497/5497 
f 5497/5497/5497 5498/5498/5498 5494/5494/5494 
f 5498/5498/5498 5497/5497/5497 5499/5499/5499 
f 5499/5499/5499 5500/5500/5500 5498/5498/5498 
f 5500/5500/5500 5499/5499/5499 5501/5501/5501 
f 5497/5497/5497 5502/5502/5502 5499/5499/5499 
f 5502/5502/5502 5501/5501/5501 5499/5499/5499 
f 5502/5502/5502 5497/5497/5497 5496/5496/5496 
f 5501/5501/5501 5502/5502/5502 5503/5503/5503 
f 5496/5496/5496 5495/5495/5495 5504/5504/5504 
f 5504/5504/5504 5502/5502/5502 5496/5496/5496 
f 5505/5505/5505 5503/5503/5503 5502/5502/5502 
f 5502/5502/5502 5504/5504/5504 5505/5505/5505 
f 5503/5503/5503 5505/5505/5505 5506/5506/5506 
f 5507/5507/5507 5504/5504/5504 5495/5495/5495 
f 5495/5495/5495 5485/5485/5485 5507/5507/5507 
f 5508/5508/5508 5505/5505/5505 5504/5504/5504 
f 5504/5504/5504 5507/5507/5507 5508/5508/5508 
f 5509/5509/5509 5506/5506/5506 5505/5505/5505 
f 5505/5505/5505 5508/5508/5508 5509/5509/5509 
f 5506/5506/5506 5509/5509/5509 5510/5510/5510 
f 5511/5511/5511 5507/5507/5507 5485/5485/5485 
f 5512/5512/5512 5508/5508/5508 5507/5507/5507 
f 5507/5507/5507 5511/5511/5511 5512/5512/5512 
f 5485/5485/5485 5484/5484/5484 5511/5511/5511 
f 5508/5508/5508 5512/5512/5512 5513/5513/5513 
f 5513/5513/5513 5509/5509/5509 5508/5508/5508 
f 5514/5514/5514 5510/5510/5510 5509/5509/5509 
f 5509/5509/5509 5513/5513/5513 5514/5514/5514 
f 5510/5510/5510 5514/5514/5514 5515/5515/5515 
f 5516/5516/5516 5512/5512/5512 5511/5511/5511 
f 5517/5517/5517 5513/5513/5513 5512/5512/5512 
f 5512/5512/5512 5516/5516/5516 5517/5517/5517 
f 5518/5518/5518 5514/5514/5514 5513/5513/5513 
f 5513/5513/5513 5517/5517/5517 5518/5518/5518 
f 5519/5519/5519 5515/5515/5515 5514/5514/5514 
f 5514/5514/5514 5518/5518/5518 5519/5519/5519 
f 5515/5515/5515 5519/5519/5519 5520/5520/5520 
f 5519/5519/5519 5521/5521/5521 5520/5520/5520 
f 5521/5521/5521 5519/5519/5519 5522/5522/5522 
f 5518/5518/5518 5522/5522/5522 5519/5519/5519 
f 5522/5522/5522 5523/5523/5523 5521/5521/5521 
f 5517/5517/5517 5524/5524/5524 5518/5518/5518 
f 5522/5522/5522 5518/5518/5518 5524/5524/5524 
f 5523/5523/5523 5522/5522/5522 5525/5525/5525 
f 5524/5524/5524 5525/5525/5525 5522/5522/5522 
f 5526/5526/5526 5523/5523/5523 5525/5525/5525 
f 5525/5525/5525 5527/5527/5527 5526/5526/5526 
f 5527/5527/5527 5525/5525/5525 5528/5528/5528 
f 5525/5525/5525 5524/5524/5524 5528/5528/5528 
f 5527/5527/5527 5528/5528/5528 5529/5529/5529 
f 5528/5528/5528 5530/5530/5530 5529/5529/5529 
f 5524/5524/5524 5517/5517/5517 5531/5531/5531 
f 5531/5531/5531 5528/5528/5528 5524/5524/5524 
f 5516/5516/5516 5531/5531/5531 5517/5517/5517 
f 5530/5530/5530 5528/5528/5528 5532/5532/5532 
f 5528/5528/5528 5531/5531/5531 5532/5532/5532 
f 5532/5532/5532 5533/5533/5533 5530/5530/5530 
f 5531/5531/5531 5516/5516/5516 5534/5534/5534 
f 5534/5534/5534 5532/5532/5532 5531/5531/5531 
f 5533/5533/5533 5532/5532/5532 5535/5535/5535 
f 5532/5532/5532 5534/5534/5534 5535/5535/5535 
f 5535/5535/5535 5536/5536/5536 5533/5533/5533 
f 5534/5534/5534 5537/5537/5537 5535/5535/5535 
f 5536/5536/5536 5535/5535/5535 5537/5537/5537 
f 5516/5516/5516 5538/5538/5538 5534/5534/5534 
f 5537/5537/5537 5534/5534/5534 5538/5538/5538 
f 5539/5539/5539 5536/5536/5536 5537/5537/5537 
f 5538/5538/5538 5539/5539/5539 5537/5537/5537 
f 5539/5539/5539 5540/5540/5540 5536/5536/5536 
f 5539/5539/5539 5541/5541/5541 5540/5540/5540 
f 5538/5538/5538 5516/5516/5516 5542/5542/5542 
f 5511/5511/5511 5542/5542/5542 5516/5516/5516 
f 5542/5542/5542 5511/5511/5511 5484/5484/5484 
f 5542/5542/5542 5543/5543/5543 5538/5538/5538 
f 5539/5539/5539 5538/5538/5538 5543/5543/5543 
f 5484/5484/5484 5544/5544/5544 5542/5542/5542 
f 5543/5543/5543 5542/5542/5542 5544/5544/5544 
f 5543/5543/5543 5545/5545/5545 5539/5539/5539 
f 5541/5541/5541 5539/5539/5539 5545/5545/5545 
f 5546/5546/5546 5541/5541/5541 5545/5545/5545 
f 5546/5546/5546 5547/5547/5547 5541/5541/5541 
f 5545/5545/5545 5543/5543/5543 5548/5548/5548 
f 5548/5548/5548 5546/5546/5546 5545/5545/5545 
f 5544/5544/5544 5548/5548/5548 5543/5543/5543 
f 5546/5546/5546 5548/5548/5548 5549/5549/5549 
f 5550/5550/5550 5549/5549/5549 5548/5548/5548 
f 5548/5548/5548 5544/5544/5544 5550/5550/5550 
f 5549/5549/5549 5550/5550/5550 5551/5551/5551 
f 5550/5550/5550 5480/5480/5480 5551/5551/5551 
f 5480/5480/5480 5550/5550/5550 5552/5552/5552 
f 5544/5544/5544 5552/5552/5552 5550/5550/5550 
f 5479/5479/5479 5480/5480/5480 5552/5552/5552 
f 5552/5552/5552 5544/5544/5544 5553/5553/5553 
f 5553/5553/5553 5479/5479/5479 5552/5552/5552 
f 5544/5544/5544 5484/5484/5484 5553/5553/5553 
f 5479/5479/5479 5553/5553/5553 5481/5481/5481 
f 5484/5484/5484 5481/5481/5481 5553/5553/5553 
f 5554/5554/5554 5555/5555/5555 5556/5556/5556 
f 5557/5557/5557 5556/5556/5556 5555/5555/5555 
f 5554/5554/5554 5556/5556/5556 5558/5558/5558 
f 5556/5556/5556 5557/5557/5557 5559/5559/5559 
f 5558/5558/5558 5560/5560/5560 5554/5554/5554 
f 5561/5561/5561 5559/5559/5559 5557/5557/5557 
f 5560/5560/5560 5558/5558/5558 5562/5562/5562 
f 5557/5557/5557 5563/5563/5563 5561/5561/5561 
f 5564/5564/5564 5561/5561/5561 5563/5563/5563 
f 5561/5561/5561 5564/5564/5564 5565/5565/5565 
f 5562/5562/5562 5566/5566/5566 5560/5560/5560 
f 5567/5567/5567 5560/5560/5560 5566/5566/5566 
f 5566/5566/5566 5568/5568/5568 5567/5567/5567 
f 5567/5567/5567 5568/5568/5568 5569/5569/5569 
f 5568/5568/5568 5570/5570/5570 5569/5569/5569 
f 5570/5570/5570 5568/5568/5568 5571/5571/5571 
f 5572/5572/5572 5570/5570/5570 5571/5571/5571 
f 5573/5573/5573 5570/5570/5570 5572/5572/5572 
f 5572/5572/5572 5574/5574/5574 5573/5573/5573 
f 5574/5574/5574 5572/5572/5572 5575/5575/5575 
f 5576/5576/5576 5577/5577/5577 5578/5578/5578 
f 5576/5576/5576 5579/5579/5579 5577/5577/5577 
f 5579/5579/5579 5576/5576/5576 3909/3909/3909 
f 5578/5578/5578 3897/3897/3897 5576/5576/5576 
f 3897/3897/3897 5578/5578/5578 5580/5580/5580 
f 3901/3901/3901 3909/3909/3909 5576/5576/5576 
f 3898/3898/3898 5576/5576/5576 3897/3897/3897 
f 5576/5576/5576 3898/3898/3898 3901/3901/3901 
f 5580/5580/5580 5581/5581/5581 3897/3897/3897 
f 5581/5581/5581 5580/5580/5580 5582/5582/5582 
f 3909/3909/3909 3901/3901/3901 3904/3904/3904 
f 5582/5582/5582 5583/5583/5583 5581/5581/5581 
f 5583/5583/5583 5582/5582/5582 5584/5584/5584 
f 3896/3896/3896 3897/3897/3897 5581/5581/5581 
f 5584/5584/5584 5585/5585/5585 5583/5583/5583 
f 5585/5585/5585 5584/5584/5584 5586/5586/5586 
f 5586/5586/5586 5587/5587/5587 5585/5585/5585 
f 5588/5588/5588 5585/5585/5585 5587/5587/5587 
f 5585/5585/5585 5588/5588/5588 5589/5589/5589 
f 5589/5589/5589 5583/5583/5583 5585/5585/5585 
f 5590/5590/5590 5589/5589/5589 5588/5588/5588 
f 5591/5591/5591 5581/5581/5581 5583/5583/5583 
f 5583/5583/5583 5589/5589/5589 5591/5591/5591 
f 5581/5581/5581 5591/5591/5591 3896/3896/3896 
f 5589/5589/5589 5590/5590/5590 5592/5592/5592 
f 5592/5592/5592 5591/5591/5591 5589/5589/5589 
f 5593/5593/5593 5592/5592/5592 5590/5590/5590 
f 5594/5594/5594 3896/3896/3896 5591/5591/5591 
f 5591/5591/5591 5592/5592/5592 5594/5594/5594 
f 5592/5592/5592 5593/5593/5593 5595/5595/5595 
f 5595/5595/5595 5594/5594/5594 5592/5592/5592 
f 5596/5596/5596 5595/5595/5595 5593/5593/5593 
f 5596/5596/5596 5593/5593/5593 5597/5597/5597 
f 5598/5598/5598 5596/5596/5596 5597/5597/5597 
f 5596/5596/5596 5598/5598/5598 5599/5599/5599 
f 5600/5600/5600 5599/5599/5599 5598/5598/5598 
f 5601/5601/5601 5595/5595/5595 5596/5596/5596 
f 5599/5599/5599 5601/5601/5601 5596/5596/5596 
f 5594/5594/5594 5595/5595/5595 3891/3891/3891 
f 5601/5601/5601 3891/3891/3891 5595/5595/5595 
f 3891/3891/3891 3893/3893/3893 5594/5594/5594 
f 3896/3896/3896 5594/5594/5594 3893/3893/3893 
f 3860/3860/3860 3891/3891/3891 5601/5601/5601 
f 5599/5599/5599 5600/5600/5600 5602/5602/5602 
f 5603/5603/5603 5602/5602/5602 5600/5600/5600 
f 5601/5601/5601 5599/5599/5599 5604/5604/5604 
f 5604/5604/5604 3860/3860/3860 5601/5601/5601 
f 5605/5605/5605 5599/5599/5599 5602/5602/5602 
f 5599/5599/5599 5605/5605/5605 5604/5604/5604 
f 5602/5602/5602 5603/5603/5603 5606/5606/5606 
f 5606/5606/5606 5605/5605/5605 5602/5602/5602 
f 5607/5607/5607 5606/5606/5606 5603/5603/5603 
f 5606/5606/5606 5607/5607/5607 5608/5608/5608 
f 5608/5608/5608 5609/5609/5609 5606/5606/5606 
f 5605/5605/5605 5606/5606/5606 5609/5609/5609 
f 5609/5609/5609 5608/5608/5608 5610/5610/5610 
f 5611/5611/5611 5604/5604/5604 5605/5605/5605 
f 5609/5609/5609 5611/5611/5611 5605/5605/5605 
f 5604/5604/5604 5611/5611/5611 3861/3861/3861 
f 3860/3860/3860 5604/5604/5604 3861/3861/3861 
f 5610/5610/5610 5612/5612/5612 5609/5609/5609 
f 5611/5611/5611 5609/5609/5609 5612/5612/5612 
f 5612/5612/5612 5610/5610/5610 5613/5613/5613 
f 5613/5613/5613 3864/3864/3864 5612/5612/5612 
f 5612/5612/5612 3862/3862/3862 5611/5611/5611 
f 3862/3862/3862 3861/3861/3861 5611/5611/5611 
f 3862/3862/3862 5612/5612/5612 3864/3864/3864 
f 5614/5614/5614 5615/5615/5615 5616/5616/5616 
f 5616/5616/5616 5615/5615/5615 5617/5617/5617 
f 5618/5618/5618 5616/5616/5616 5617/5617/5617 
f 5619/5619/5619 5617/5617/5617 5615/5615/5615 
f 5620/5620/5620 5616/5616/5616 5618/5618/5618 
f 5620/5620/5620 5614/5614/5614 5616/5616/5616 
f 5621/5621/5621 5619/5619/5619 5615/5615/5615 
f 5614/5614/5614 5620/5620/5620 5622/5622/5622 
f 5622/5622/5622 5623/5623/5623 5614/5614/5614 
f 5621/5621/5621 5615/5615/5615 5624/5624/5624 
f 5615/5615/5615 5614/5614/5614 5624/5624/5624 
f 5621/5621/5621 5624/5624/5624 5625/5625/5625 
f 5625/5625/5625 5614/5614/5614 5623/5623/5623 
f 5614/5614/5614 5625/5625/5625 5624/5624/5624 
f 5626/5626/5626 5627/5627/5627 5628/5628/5628 
f 5102/5102/5102 5629/5629/5629 5105/5105/5105 
f 5629/5629/5629 5102/5102/5102 5630/5630/5630 
f 5631/5631/5631 5629/5629/5629 5630/5630/5630 
f 5630/5630/5630 5632/5632/5632 5631/5631/5631 
f 5633/5633/5633 5105/5105/5105 5629/5629/5629 
f 5105/5105/5105 5633/5633/5633 5107/5107/5107 
f 5634/5634/5634 5629/5629/5629 5631/5631/5631 
f 5629/5629/5629 5634/5634/5634 5633/5633/5633 
f 5631/5631/5631 5635/5635/5635 5634/5634/5634 
f 5636/5636/5636 5634/5634/5634 5635/5635/5635 
f 5636/5636/5636 5635/5635/5635 5637/5637/5637 
f 5638/5638/5638 5633/5633/5633 5634/5634/5634 
f 5634/5634/5634 5636/5636/5636 5638/5638/5638 
f 5639/5639/5639 5107/5107/5107 5633/5633/5633 
f 5633/5633/5633 5638/5638/5638 5639/5639/5639 
f 5107/5107/5107 5639/5639/5639 5640/5640/5640 
f 5640/5640/5640 5106/5106/5106 5107/5107/5107 
f 5641/5641/5641 5636/5636/5636 5637/5637/5637 
f 5641/5641/5641 5637/5637/5637 5642/5642/5642 
f 5643/5643/5643 5638/5638/5638 5636/5636/5636 
f 5636/5636/5636 5641/5641/5641 5643/5643/5643 
f 5644/5644/5644 5641/5641/5641 5642/5642/5642 
f 5644/5644/5644 5643/5643/5643 5641/5641/5641 
f 5644/5644/5644 5642/5642/5642 5645/5645/5645 
f 5638/5638/5638 5643/5643/5643 5646/5646/5646 
f 5646/5646/5646 5639/5639/5639 5638/5638/5638 
f 5643/5643/5643 5644/5644/5644 5647/5647/5647 
f 5648/5648/5648 5644/5644/5644 5645/5645/5645 
f 5648/5648/5648 5647/5647/5647 5644/5644/5644 
f 5648/5648/5648 5645/5645/5645 5649/5649/5649 
f 5643/5643/5643 5647/5647/5647 5650/5650/5650 
f 5643/5643/5643 5650/5650/5650 5646/5646/5646 
f 5651/5651/5651 5648/5648/5648 5649/5649/5649 
f 5651/5651/5651 5649/5649/5649 5652/5652/5652 
f 5648/5648/5648 5653/5653/5653 5647/5647/5647 
f 5648/5648/5648 5651/5651/5651 5653/5653/5653 
f 5654/5654/5654 5650/5650/5650 5647/5647/5647 
f 5653/5653/5653 5654/5654/5654 5647/5647/5647 
f 5655/5655/5655 5651/5651/5651 5652/5652/5652 
f 5653/5653/5653 5651/5651/5651 5655/5655/5655 
f 5655/5655/5655 5652/5652/5652 5656/5656/5656 
f 5657/5657/5657 5654/5654/5654 5653/5653/5653 
f 5657/5657/5657 5653/5653/5653 5655/5655/5655 
f 5650/5650/5650 5654/5654/5654 5658/5658/5658 
f 5646/5646/5646 5650/5650/5650 5658/5658/5658 
f 5659/5659/5659 5654/5654/5654 5657/5657/5657 
f 5654/5654/5654 5659/5659/5659 5658/5658/5658 
f 5660/5660/5660 5655/5655/5655 5656/5656/5656 
f 5660/5660/5660 5657/5657/5657 5655/5655/5655 
f 5660/5660/5660 5656/5656/5656 5661/5661/5661 
f 5646/5646/5646 5658/5658/5658 5662/5662/5662 
f 5639/5639/5639 5646/5646/5646 5662/5662/5662 
f 5662/5662/5662 5640/5640/5640 5639/5639/5639 
f 5663/5663/5663 5662/5662/5662 5658/5658/5658 
f 5659/5659/5659 5663/5663/5663 5658/5658/5658 
f 5640/5640/5640 5662/5662/5662 5664/5664/5664 
f 5662/5662/5662 5663/5663/5663 5664/5664/5664 
f 5640/5640/5640 5664/5664/5664 5665/5665/5665 
f 5665/5665/5665 5106/5106/5106 5640/5640/5640 
f 5663/5663/5663 5666/5666/5666 5664/5664/5664 
f 5666/5666/5666 5665/5665/5665 5664/5664/5664 
f 5663/5663/5663 5659/5659/5659 5667/5667/5667 
f 5668/5668/5668 5666/5666/5666 5663/5663/5663 
f 5663/5663/5663 5667/5667/5667 5668/5668/5668 
f 5659/5659/5659 5669/5669/5669 5667/5667/5667 
f 5670/5670/5670 5667/5667/5667 5669/5669/5669 
f 5667/5667/5667 5670/5670/5670 5668/5668/5668 
f 5659/5659/5659 5671/5671/5671 5669/5669/5669 
f 5671/5671/5671 5670/5670/5670 5669/5669/5669 
f 5671/5671/5671 5659/5659/5659 5657/5657/5657 
f 5657/5657/5657 5660/5660/5660 5671/5671/5671 
f 5672/5672/5672 5671/5671/5671 5660/5660/5660 
f 5671/5671/5671 5672/5672/5672 5670/5670/5670 
f 5661/5661/5661 5672/5672/5672 5660/5660/5660 
f 5672/5672/5672 5661/5661/5661 5673/5673/5673 
f 5674/5674/5674 5672/5672/5672 5673/5673/5673 
f 5675/5675/5675 5670/5670/5670 5672/5672/5672 
f 5672/5672/5672 5674/5674/5674 5675/5675/5675 
f 5676/5676/5676 5670/5670/5670 5675/5675/5675 
f 5676/5676/5676 5668/5668/5668 5670/5670/5670 
f 5674/5674/5674 5677/5677/5677 5675/5675/5675 
f 5677/5677/5677 5676/5676/5676 5675/5675/5675 
f 5677/5677/5677 5674/5674/5674 5678/5678/5678 
f 5678/5678/5678 5679/5679/5679 5677/5677/5677 
f 5679/5679/5679 5678/5678/5678 5680/5680/5680 
f 5676/5676/5676 5677/5677/5677 5681/5681/5681 
f 5679/5679/5679 5681/5681/5681 5677/5677/5677 
f 5668/5668/5668 5676/5676/5676 5682/5682/5682 
f 5681/5681/5681 5682/5682/5682 5676/5676/5676 
f 5668/5668/5668 5682/5682/5682 5683/5683/5683 
f 5668/5668/5668 5683/5683/5683 5666/5666/5666 
f 5682/5682/5682 5681/5681/5681 5684/5684/5684 
f 5684/5684/5684 5683/5683/5683 5682/5682/5682 
f 5681/5681/5681 5679/5679/5679 5685/5685/5685 
f 5685/5685/5685 5684/5684/5684 5681/5681/5681 
f 5683/5683/5683 5686/5686/5686 5666/5666/5666 
f 5666/5666/5666 5686/5686/5686 5665/5665/5665 
f 5683/5683/5683 5684/5684/5684 5687/5687/5687 
f 5686/5686/5686 5683/5683/5683 5687/5687/5687 
f 5684/5684/5684 5685/5685/5685 5688/5688/5688 
f 5688/5688/5688 5687/5687/5687 5684/5684/5684 
f 5679/5679/5679 5689/5689/5689 5685/5685/5685 
f 5689/5689/5689 5688/5688/5688 5685/5685/5685 
f 5689/5689/5689 5679/5679/5679 5690/5690/5690 
f 5690/5690/5690 5679/5679/5679 5680/5680/5680 
f 5680/5680/5680 5691/5691/5691 5690/5690/5690 
f 5260/5260/5260 5690/5690/5690 5691/5691/5691 
f 5690/5690/5690 5260/5260/5260 5245/5245/5245 
f 5690/5690/5690 5245/5245/5245 5689/5689/5689 
f 5260/5260/5260 5250/5250/5250 5245/5245/5245 
f 5689/5689/5689 5245/5245/5245 5692/5692/5692 
f 5692/5692/5692 5688/5688/5688 5689/5689/5689 
f 5113/5113/5113 5692/5692/5692 5245/5245/5245 
f 5692/5692/5692 5113/5113/5113 5108/5108/5108 
f 5688/5688/5688 5692/5692/5692 5693/5693/5693 
f 5108/5108/5108 5693/5693/5693 5692/5692/5692 
f 5687/5687/5687 5688/5688/5688 5693/5693/5693 
f 5693/5693/5693 5108/5108/5108 5112/5112/5112 
f 5694/5694/5694 5687/5687/5687 5693/5693/5693 
f 5694/5694/5694 5693/5693/5693 5112/5112/5112 
f 5687/5687/5687 5694/5694/5694 5686/5686/5686 
f 5117/5117/5117 5694/5694/5694 5112/5112/5112 
f 5695/5695/5695 5686/5686/5686 5694/5694/5694 
f 5694/5694/5694 5117/5117/5117 5695/5695/5695 
f 5686/5686/5686 5695/5695/5695 5665/5665/5665 
f 5695/5695/5695 5696/5696/5696 5665/5665/5665 
f 5695/5695/5695 5117/5117/5117 5696/5696/5696 
f 5665/5665/5665 5696/5696/5696 5106/5106/5106 
f 5117/5117/5117 5697/5697/5697 5696/5696/5696 
f 5117/5117/5117 5118/5118/5118 5697/5697/5697 
f 5696/5696/5696 5698/5698/5698 5106/5106/5106 
f 5698/5698/5698 5696/5696/5696 5697/5697/5697 
f 5106/5106/5106 5698/5698/5698 5103/5103/5103 
f 5699/5699/5699 5697/5697/5697 5118/5118/5118 
f 5697/5697/5697 5699/5699/5699 5698/5698/5698 
f 5699/5699/5699 5103/5103/5103 5698/5698/5698 
f 5118/5118/5118 5082/5082/5082 5699/5699/5699 
f 5103/5103/5103 5699/5699/5699 5088/5088/5088 
f 5082/5082/5082 5088/5088/5088 5699/5699/5699 
f 5238/5238/5238 5700/5700/5700 5237/5237/5237 
f 5240/5240/5240 5237/5237/5237 5700/5700/5700 
f 5700/5700/5700 5238/5238/5238 5303/5303/5303 
f 5701/5701/5701 5239/5239/5239 5240/5240/5240 
f 5700/5700/5700 5701/5701/5701 5240/5240/5240 
f 5239/5239/5239 5702/5702/5702 5236/5236/5236 
f 5239/5239/5239 5701/5701/5701 5703/5703/5703 
f 5703/5703/5703 5702/5702/5702 5239/5239/5239 
f 5701/5701/5701 5704/5704/5704 5703/5703/5703 
f 5095/5095/5095 5236/5236/5236 5702/5702/5702 
f 5701/5701/5701 5705/5705/5705 5704/5704/5704 
f 5701/5701/5701 5700/5700/5700 5705/5705/5705 
f 5705/5705/5705 5706/5706/5706 5704/5704/5704 
f 5702/5702/5702 5099/5099/5099 5095/5095/5095 
f 5236/5236/5236 5095/5095/5095 5094/5094/5094 
f 5303/5303/5303 5707/5707/5707 5700/5700/5700 
f 5705/5705/5705 5700/5700/5700 5707/5707/5707 
f 5303/5303/5303 5300/5300/5300 5707/5707/5707 
f 5706/5706/5706 5705/5705/5705 5708/5708/5708 
f 5707/5707/5707 5708/5708/5708 5705/5705/5705 
f 5709/5709/5709 5706/5706/5706 5708/5708/5708 
f 5706/5706/5706 5709/5709/5709 5710/5710/5710 
f 5708/5708/5708 5707/5707/5707 5711/5711/5711 
f 5300/5300/5300 5711/5711/5711 5707/5707/5707 
f 5712/5712/5712 5710/5710/5710 5709/5709/5709 
f 5710/5710/5710 5712/5712/5712 5713/5713/5713 
f 5708/5708/5708 5714/5714/5714 5709/5709/5709 
f 5714/5714/5714 5708/5708/5708 5711/5711/5711 
f 5709/5709/5709 5715/5715/5715 5712/5712/5712 
f 5715/5715/5715 5709/5709/5709 5714/5714/5714 
f 5712/5712/5712 5715/5715/5715 5716/5716/5716 
f 5711/5711/5711 5300/5300/5300 5717/5717/5717 
f 5298/5298/5298 5717/5717/5717 5300/5300/5300 
f 5711/5711/5711 5718/5718/5718 5714/5714/5714 
f 5718/5718/5718 5711/5711/5711 5717/5717/5717 
f 5714/5714/5714 5719/5719/5719 5715/5715/5715 
f 5719/5719/5719 5714/5714/5714 5718/5718/5718 
f 5720/5720/5720 5716/5716/5716 5715/5715/5715 
f 5715/5715/5715 5719/5719/5719 5720/5720/5720 
f 5720/5720/5720 5721/5721/5721 5716/5716/5716 
f 5717/5717/5717 5298/5298/5298 5722/5722/5722 
f 5722/5722/5722 5298/5298/5298 5296/5296/5296 
f 5717/5717/5717 5723/5723/5723 5718/5718/5718 
f 5723/5723/5723 5717/5717/5717 5722/5722/5722 
f 5722/5722/5722 5296/5296/5296 5724/5724/5724 
f 5724/5724/5724 5723/5723/5723 5722/5722/5722 
f 5720/5720/5720 5725/5725/5725 5721/5721/5721 
f 5725/5725/5725 5726/5726/5726 5721/5721/5721 
f 5725/5725/5725 5720/5720/5720 5727/5727/5727 
f 5719/5719/5719 5727/5727/5727 5720/5720/5720 
f 5725/5725/5725 5728/5728/5728 5726/5726/5726 
f 5727/5727/5727 5728/5728/5728 5725/5725/5725 
f 5729/5729/5729 5726/5726/5726 5728/5728/5728 
f 5727/5727/5727 5719/5719/5719 5730/5730/5730 
f 5718/5718/5718 5730/5730/5730 5719/5719/5719 
f 5730/5730/5730 5718/5718/5718 5723/5723/5723 
f 5731/5731/5731 5729/5729/5729 5728/5728/5728 
f 5731/5731/5731 5732/5732/5732 5729/5729/5729 
f 5728/5728/5728 5727/5727/5727 5733/5733/5733 
f 5731/5731/5731 5728/5728/5728 5733/5733/5733 
f 5734/5734/5734 5727/5727/5727 5730/5730/5730 
f 5733/5733/5733 5727/5727/5727 5734/5734/5734 
f 5730/5730/5730 5723/5723/5723 5735/5735/5735 
f 5730/5730/5730 5735/5735/5735 5734/5734/5734 
f 5723/5723/5723 5724/5724/5724 5735/5735/5735 
f 5736/5736/5736 5732/5732/5732 5731/5731/5731 
f 5732/5732/5732 5736/5736/5736 5737/5737/5737 
f 5731/5731/5731 5733/5733/5733 5738/5738/5738 
f 5731/5731/5731 5738/5738/5738 5736/5736/5736 
f 5739/5739/5739 5733/5733/5733 5734/5734/5734 
f 5734/5734/5734 5735/5735/5735 5739/5739/5739 
f 5738/5738/5738 5733/5733/5733 5739/5739/5739 
f 5740/5740/5740 5737/5737/5737 5736/5736/5736 
f 5738/5738/5738 5740/5740/5740 5736/5736/5736 
f 5737/5737/5737 5740/5740/5740 5741/5741/5741 
f 5739/5739/5739 5735/5735/5735 5742/5742/5742 
f 5724/5724/5724 5742/5742/5742 5735/5735/5735 
f 5739/5739/5739 5743/5743/5743 5738/5738/5738 
f 5743/5743/5743 5740/5740/5740 5738/5738/5738 
f 5739/5739/5739 5742/5742/5742 5743/5743/5743 
f 5744/5744/5744 5741/5741/5741 5740/5740/5740 
f 5743/5743/5743 5744/5744/5744 5740/5740/5740 
f 5741/5741/5741 5744/5744/5744 5745/5745/5745 
f 5742/5742/5742 5746/5746/5746 5743/5743/5743 
f 5744/5744/5744 5743/5743/5743 5746/5746/5746 
f 5747/5747/5747 5745/5745/5745 5744/5744/5744 
f 5746/5746/5746 5747/5747/5747 5744/5744/5744 
f 5747/5747/5747 5748/5748/5748 5745/5745/5745 
f 5747/5747/5747 5749/5749/5749 5748/5748/5748 
f 5746/5746/5746 5742/5742/5742 5750/5750/5750 
f 5747/5747/5747 5746/5746/5746 5751/5751/5751 
f 5746/5746/5746 5750/5750/5750 5751/5751/5751 
f 5742/5742/5742 5752/5752/5752 5750/5750/5750 
f 5752/5752/5752 5751/5751/5751 5750/5750/5750 
f 5742/5742/5742 5724/5724/5724 5752/5752/5752 
f 5724/5724/5724 5299/5299/5299 5752/5752/5752 
f 5751/5751/5751 5752/5752/5752 5299/5299/5299 
f 5299/5299/5299 5724/5724/5724 5296/5296/5296 
f 5753/5753/5753 5747/5747/5747 5751/5751/5751 
f 5749/5749/5749 5747/5747/5747 5753/5753/5753 
f 5299/5299/5299 5754/5754/5754 5751/5751/5751 
f 5751/5751/5751 5754/5754/5754 5753/5753/5753 
f 5755/5755/5755 5749/5749/5749 5753/5753/5753 
f 5754/5754/5754 5755/5755/5755 5753/5753/5753 
f 5749/5749/5749 5755/5755/5755 5756/5756/5756 
f 5754/5754/5754 5299/5299/5299 5757/5757/5757 
f 5299/5299/5299 5295/5295/5295 5757/5757/5757 
f 5295/5295/5295 5368/5368/5368 5757/5757/5757 
f 5757/5757/5757 5758/5758/5758 5754/5754/5754 
f 5755/5755/5755 5754/5754/5754 5758/5758/5758 
f 5758/5758/5758 5757/5757/5757 5368/5368/5368 
f 5759/5759/5759 5756/5756/5756 5755/5755/5755 
f 5759/5759/5759 5755/5755/5755 5758/5758/5758 
f 5759/5759/5759 5760/5760/5760 5756/5756/5756 
f 5368/5368/5368 5761/5761/5761 5758/5758/5758 
f 5761/5761/5761 5759/5759/5759 5758/5758/5758 
f 5761/5761/5761 5368/5368/5368 5364/5364/5364 
f 5762/5762/5762 5761/5761/5761 5364/5364/5364 
f 5762/5762/5762 5759/5759/5759 5761/5761/5761 
f 5364/5364/5364 5361/5361/5361 5762/5762/5762 
f 5762/5762/5762 5361/5361/5361 5175/5175/5175 
f 5759/5759/5759 5762/5762/5762 5763/5763/5763 
f 5763/5763/5763 5760/5760/5760 5759/5759/5759 
f 5762/5762/5762 5175/5175/5175 5763/5763/5763 
f 5764/5764/5764 5760/5760/5760 5763/5763/5763 
f 5180/5180/5180 5763/5763/5763 5175/5175/5175 
f 5180/5180/5180 5764/5764/5764 5763/5763/5763 
f 5422/5422/5422 5765/5765/5765 5424/5424/5424 
f 5423/5423/5423 5424/5424/5424 5766/5766/5766 
f 5767/5767/5767 5424/5424/5424 5765/5765/5765 
f 5767/5767/5767 5766/5766/5766 5424/5424/5424 
f 5765/5765/5765 5768/5768/5768 5767/5767/5767 
f 5766/5766/5766 5767/5767/5767 5769/5769/5769 
f 5770/5770/5770 5767/5767/5767 5768/5768/5768 
f 5771/5771/5771 5769/5769/5769 5767/5767/5767 
f 5767/5767/5767 5770/5770/5770 5771/5771/5771 
f 5769/5769/5769 5771/5771/5771 5772/5772/5772 
f 5773/5773/5773 5771/5771/5771 5770/5770/5770 
f 5773/5773/5773 5772/5772/5772 5771/5771/5771 
f 5770/5770/5770 5774/5774/5774 5773/5773/5773 
f 5772/5772/5772 5773/5773/5773 5775/5775/5775 
f 5776/5776/5776 5773/5773/5773 5774/5774/5774 
f 5776/5776/5776 5775/5775/5775 5773/5773/5773 
f 5774/5774/5774 5777/5777/5777 5776/5776/5776 
f 5775/5775/5775 5776/5776/5776 5778/5778/5778 
f 5779/5779/5779 5776/5776/5776 5777/5777/5777 
f 5779/5779/5779 5778/5778/5778 5776/5776/5776 
f 5777/5777/5777 5780/5780/5780 5779/5779/5779 
f 5778/5778/5778 5779/5779/5779 5781/5781/5781 
f 5782/5782/5782 5779/5779/5779 5780/5780/5780 
f 5783/5783/5783 5781/5781/5781 5779/5779/5779 
f 5779/5779/5779 5782/5782/5782 5783/5783/5783 
f 5781/5781/5781 5783/5783/5783 5784/5784/5784 
f 5785/5785/5785 5783/5783/5783 5782/5782/5782 
f 5783/5783/5783 5786/5786/5786 5784/5784/5784 
f 5783/5783/5783 5785/5785/5785 5786/5786/5786 
f 5787/5787/5787 5784/5784/5784 5786/5786/5786 
f 5788/5788/5788 5786/5786/5786 5785/5785/5785 
f 5786/5786/5786 5788/5788/5788 5787/5787/5787 
f 5789/5789/5789 5787/5787/5787 5788/5788/5788 
f 5785/5785/5785 5790/5790/5790 5788/5788/5788 
f 5788/5788/5788 5791/5791/5791 5789/5789/5789 
f 5790/5790/5790 5792/5792/5792 5788/5788/5788 
f 5791/5791/5791 5788/5788/5788 5792/5792/5792 
f 5792/5792/5792 5790/5790/5790 5793/5793/5793 
f 5794/5794/5794 5792/5792/5792 5793/5793/5793 
f 5792/5792/5792 5794/5794/5794 5795/5795/5795 
f 5792/5792/5792 5795/5795/5795 5791/5791/5791 
f 5795/5795/5795 5796/5796/5796 5791/5791/5791 
f 5795/5795/5795 5797/5797/5797 5796/5796/5796 
f 5396/5396/5396 5394/5394/5394 5798/5798/5798 
f 5395/5395/5395 5396/5396/5396 5799/5799/5799 
f 5798/5798/5798 5800/5800/5800 5396/5396/5396 
f 5800/5800/5800 5799/5799/5799 5396/5396/5396 
f 5799/5799/5799 5800/5800/5800 5801/5801/5801 
f 5800/5800/5800 5798/5798/5798 5802/5802/5802 
f 5800/5800/5800 5803/5803/5803 5801/5801/5801 
f 5802/5802/5802 5804/5804/5804 5800/5800/5800 
f 5803/5803/5803 5800/5800/5800 5804/5804/5804 
f 5804/5804/5804 5802/5802/5802 5805/5805/5805 
f 5804/5804/5804 5806/5806/5806 5803/5803/5803 
f 5805/5805/5805 5806/5806/5806 5804/5804/5804 
f 5803/5803/5803 5806/5806/5806 5807/5807/5807 
f 5806/5806/5806 5805/5805/5805 5808/5808/5808 
f 5806/5806/5806 5809/5809/5809 5807/5807/5807 
f 5808/5808/5808 5809/5809/5809 5806/5806/5806 
f 5807/5807/5807 5809/5809/5809 5810/5810/5810 
f 5809/5809/5809 5808/5808/5808 5811/5811/5811 
f 5809/5809/5809 5812/5812/5812 5810/5810/5810 
f 5811/5811/5811 5812/5812/5812 5809/5809/5809 
f 5810/5810/5810 5812/5812/5812 5813/5813/5813 
f 5812/5812/5812 5811/5811/5811 5814/5814/5814 
f 5812/5812/5812 5815/5815/5815 5813/5813/5813 
f 5814/5814/5814 5816/5816/5816 5812/5812/5812 
f 5815/5815/5815 5812/5812/5812 5816/5816/5816 
f 5816/5816/5816 5814/5814/5814 5817/5817/5817 
f 5816/5816/5816 5818/5818/5818 5815/5815/5815 
f 5817/5817/5817 5819/5819/5819 5816/5816/5816 
f 5818/5818/5818 5816/5816/5816 5819/5819/5819 
f 5817/5817/5817 5820/5820/5820 5819/5819/5819 
f 5821/5821/5821 5818/5818/5818 5819/5819/5819 
f 5820/5820/5820 5821/5821/5821 5819/5819/5819 
f 5820/5820/5820 5822/5822/5822 5821/5821/5821 
f 5818/5818/5818 5821/5821/5821 5823/5823/5823 
f 5824/5824/5824 5821/5821/5821 5822/5822/5822 
f 5821/5821/5821 5825/5825/5825 5823/5823/5823 
f 5821/5821/5821 5824/5824/5824 5825/5825/5825 
f 5826/5826/5826 5823/5823/5823 5825/5825/5825 
f 5825/5825/5825 5827/5827/5827 5826/5826/5826 
f 5827/5827/5827 5825/5825/5825 5828/5828/5828 
f 5825/5825/5825 5824/5824/5824 5828/5828/5828 
f 5828/5828/5828 5824/5824/5824 5829/5829/5829 
f 5828/5828/5828 5829/5829/5829 5830/5830/5830 
f 5831/5831/5831 5832/5832/5832 5833/5833/5833 
f 5832/5832/5832 5834/5834/5834 5833/5833/5833 
f 5832/5832/5832 5835/5835/5835 5834/5834/5834 
f 5831/5831/5831 5833/5833/5833 5836/5836/5836 
f 5835/5835/5835 5832/5832/5832 5837/5837/5837 
f 5831/5831/5831 5837/5837/5837 5832/5832/5832 
f 5837/5837/5837 5838/5838/5838 5835/5835/5835 
f 5837/5837/5837 5831/5831/5831 5839/5839/5839 
f 5840/5840/5840 5831/5831/5831 5836/5836/5836 
f 5840/5840/5840 5839/5839/5839 5831/5831/5831 
f 5836/5836/5836 4597/4597/4597 5840/5840/5840 
f 5839/5839/5839 5840/5840/5840 4604/4604/4604 
f 4597/4597/4597 4596/4596/4596 5840/5840/5840 
f 4596/4596/4596 4604/4604/4604 5840/5840/5840 
f 5841/5841/5841 5842/5842/5842 5843/5843/5843 
f 5842/5842/5842 5844/5844/5844 5843/5843/5843 
f 5845/5845/5845 5843/5843/5843 5844/5844/5844 
f 5846/5846/5846 5842/5842/5842 5841/5841/5841 
f 5843/5843/5843 5845/5845/5845 5847/5847/5847 
f 5847/5847/5847 5841/5841/5841 5843/5843/5843 
f 5848/5848/5848 5847/5847/5847 5845/5845/5845 
f 5841/5841/5841 5847/5847/5847 5849/5849/5849 
f 5850/5850/5850 5846/5846/5846 5841/5841/5841 
f 5849/5849/5849 5850/5850/5850 5841/5841/5841 
f 4638/4638/4638 5846/5846/5846 5850/5850/5850 
f 5850/5850/5850 5849/5849/5849 4645/4645/4645 
f 4637/4637/4637 4638/4638/4638 5850/5850/5850 
f 4645/4645/4645 4637/4637/4637 5850/5850/5850 

g Handle4

v -320.635 4.946 109.733 
v -320.496 5.06549 109.8 
v -320.651 5.06549 109.8 
v -320.496 4.946 109.733 
v -320.358 4.946 109.733 
v -320.342 5.06549 109.8 
v -320.827 5.06549 109.827 
v -320.881 5.06549 109.739 
v -320.774 4.79824 109.703 
v -320.774 4.79824 109.703 
v -320.927 5.06549 109.665 
v -320.166 5.06549 109.827 
v -320.219 4.79824 109.703 
v -320.112 5.06549 109.739 
v -320.219 4.79824 109.703 
v -320.066 5.06549 109.665 
v -321.118 5.06549 109.427 
v -320.884 4.946 109.613 
v -320.927 5.06549 109.665 
v -321.056 4.946 109.397 
v -319.875 5.06549 109.427 
v -320.109 4.946 109.613 
v -319.937 4.946 109.397 
v -320.066 5.06549 109.665 
v -320.651 5.06549 109.8 
v -320.728 5.06549 109.811 
v -320.774 4.79824 109.703 
v -320.827 5.06549 109.827 
v -320.342 5.06549 109.8 
v -320.219 4.79824 109.703 
v -320.265 5.06549 109.811 
v -320.166 5.06549 109.827 
v -321.214 5.06549 109.211 
v -321.186 5.06549 109.127 
v -321.119 4.79824 109.269 
v -321.119 4.79824 109.269 
v -321.249 5.06549 109.308 
v -319.779 5.06549 109.211 
v -319.874 4.79824 109.269 
v -319.806 5.06549 109.127 
v -319.744 5.06549 109.308 
v -319.874 4.79824 109.269 
v -321.249 5.06549 109.308 
v -321.119 4.79824 109.269 
v -321.175 5.06549 109.375 
v -321.118 5.06549 109.427 
v -320.927 5.06549 108.588 
v -320.996 4.79824 108.729 
v -321.009 5.06549 108.618 
v -319.744 5.06549 109.308 
v -319.818 5.06549 109.375 
v -319.874 4.79824 109.269 
v -319.875 5.06549 109.427 
v -320.066 5.06549 108.588 
v -319.984 5.06549 108.618 
v -319.997 4.79824 108.729 
v -321.186 5.06549 109.127 
v -321.118 5.06549 108.828 
v -321.056 4.946 108.858 
v -321.117 4.946 109.127 
v -319.875 5.06549 108.828 
v -319.806 5.06549 109.127 
v -319.937 4.946 108.858 
v -319.876 4.946 109.127 
v -321.113 5.06549 108.751 
v -321.107 5.06549 108.651 
v -320.996 4.79824 108.729 
v -321.118 5.06549 108.828 
v -320.996 4.79824 108.729 
v -320.996 4.79824 108.729 
v -321.107 5.06549 108.651 
v -321.009 5.06549 108.618 
v -319.879 5.06549 108.751 
v -319.997 4.79824 108.729 
v -319.886 5.06549 108.651 
v -319.875 5.06549 108.828 
v -319.997 4.79824 108.729 
v -319.997 4.79824 108.729 
v -319.984 5.06549 108.618 
v -319.886 5.06549 108.651 
v -320.641 5.06549 108.397 
v -320.884 4.946 108.642 
v -320.927 5.06549 108.588 
v -320.67 4.946 108.522 
v -320.352 5.06549 108.397 
v -320.109 4.946 108.642 
v -320.323 4.946 108.522 
v -320.066 5.06549 108.588 
v -320.827 5.06549 109.827 
v -320.81 5.23585 109.786 
v -320.881 5.06549 109.739 
v -320.166 5.06549 109.827 
v -320.112 5.06549 109.739 
v -320.183 5.23585 109.786 
v -321.249 5.06549 109.308 
v -321.207 5.23585 109.295 
v -321.214 5.06549 109.211 
v -319.744 5.06549 109.308 
v -319.779 5.06549 109.211 
v -319.786 5.23585 109.295 
v -320.496 5.06549 108.247 
v -320.641 5.06549 108.397 
v -320.496 5.30334 108.253 
v -320.496 5.06549 108.247 
v -320.496 5.30334 108.253 
v -320.352 5.06549 108.397 
v -320.67 4.946 108.522 
v -320.641 5.06549 108.397 
v -320.496 4.79824 108.505 
v -320.323 4.946 108.522 
v -320.496 4.79824 108.505 
v -320.352 5.06549 108.397 
v -321.107 5.06549 108.651 
v -321.062 5.2765 108.686 
v -321.009 5.06549 108.618 
v -319.886 5.06549 108.651 
v -319.984 5.06549 108.618 
v -319.931 5.2765 108.686 
v -320.827 5.06549 109.827 
v -320.728 5.06549 109.811 
v -320.81 5.23585 109.786 
v -320.651 5.06549 109.8 
v -320.635 5.18497 109.733 
v -320.166 5.06549 109.827 
v -320.183 5.23585 109.786 
v -320.265 5.06549 109.811 
v -320.342 5.06549 109.8 
v -320.358 5.18497 109.733 
v -320.635 4.946 109.733 
v -320.651 5.06549 109.8 
v -320.774 4.79824 109.703 
v -320.358 4.946 109.733 
v -320.219 4.79824 109.703 
v -320.342 5.06549 109.8 
v -321.056 4.946 109.397 
v -321.118 5.06549 109.427 
v -321.119 4.79824 109.269 
v -321.249 5.06549 109.308 
v -321.175 5.06549 109.375 
v -321.207 5.23585 109.295 
v -321.118 5.06549 109.427 
v -321.056 5.18497 109.397 
v -319.937 4.946 109.397 
v -319.874 4.79824 109.269 
v -319.875 5.06549 109.427 
v -319.744 5.06549 109.308 
v -319.786 5.23585 109.295 
v -319.818 5.06549 109.375 
v -319.875 5.06549 109.427 
v -319.937 5.18497 109.397 
v -321.107 5.06549 108.651 
v -321.113 5.06549 108.751 
v -321.062 5.2765 108.686 
v -321.118 5.06549 108.828 
v -321.057 5.18497 108.859 
v -319.886 5.06549 108.651 
v -319.931 5.2765 108.686 
v -319.879 5.06549 108.751 
v -319.875 5.06549 108.828 
v -319.935 5.18497 108.859 
v -320.927 5.06549 109.665 
v -320.884 4.946 109.613 
v -320.774 4.79824 109.703 
v -320.066 5.06549 109.665 
v -320.219 4.79824 109.703 
v -320.109 4.946 109.613 
v -321.056 4.946 108.858 
v -321.118 5.06549 108.828 
v -320.996 4.79824 108.729 
v -319.937 4.946 108.858 
v -319.997 4.79824 108.729 
v -319.875 5.06549 108.828 
v -321.186 5.06549 109.127 
v -321.117 4.946 109.127 
v -321.119 4.79824 109.269 
v -319.806 5.06549 109.127 
v -319.874 4.79824 109.269 
v -319.876 4.946 109.127 
v -320.927 5.06549 108.588 
v -320.884 4.946 108.642 
v -320.996 4.79824 108.729 
v -320.066 5.06549 108.588 
v -319.997 4.79824 108.729 
v -320.109 4.946 108.642 
v -320.496 5.06549 108.247 
v -320.496 4.79824 108.505 
v -320.641 5.06549 108.397 
v -320.496 5.06549 108.247 
v -320.352 5.06549 108.397 
v -320.496 4.79824 108.505 
v -320.496 5.06549 109.8 
v -320.635 5.18497 109.733 
v -320.651 5.06549 109.8 
v -320.496 5.18497 109.733 
v -320.358 5.18497 109.733 
v -320.342 5.06549 109.8 
v -321.056 5.18497 109.397 
v -321.118 5.06549 109.427 
v -320.884 5.18497 109.612 
v -320.927 5.06549 109.665 
v -319.937 5.18497 109.397 
v -320.108 5.18497 109.612 
v -319.875 5.06549 109.427 
v -320.066 5.06549 109.665 
v -320.641 5.06549 108.397 
v -320.927 5.06549 108.588 
v -320.884 5.18497 108.64 
v -320.682 5.21117 108.521 
v -320.352 5.06549 108.397 
v -320.109 5.18497 108.64 
v -320.066 5.06549 108.588 
v -320.311 5.21117 108.521 
v -321.057 5.18497 108.859 
v -321.186 5.06549 109.127 
v -321.118 5.18497 109.127 
v -321.118 5.06549 108.828 
v -319.935 5.18497 108.859 
v -319.806 5.06549 109.127 
v -319.875 5.06549 108.828 
v -319.875 5.18497 109.127 
v -320.881 5.06549 109.739 
v -320.884 5.18497 109.612 
v -320.927 5.06549 109.665 
v -320.112 5.06549 109.739 
v -320.066 5.06549 109.665 
v -320.108 5.18497 109.612 
v -321.005 5.54595 108.727 
v -320.975 5.743 108.751 
v -320.95 5.55768 108.72 
v -320.93 5.41912 108.693 
v -321.026 5.43026 108.712 
v -321.062 5.2765 108.686 
v -320.884 5.18497 108.64 
v -319.988 5.54595 108.727 
v -320.043 5.55768 108.72 
v -320.018 5.743 108.751 
v -320.063 5.41912 108.693 
v -319.967 5.43026 108.712 
v -319.931 5.2765 108.686 
v -320.109 5.18497 108.64 
v -321.005 5.54595 108.727 
v -320.998 5.55768 108.781 
v -320.975 5.743 108.751 
v -321.019 5.41912 108.805 
v -321.026 5.43026 108.712 
v -321.062 5.2765 108.686 
v -321.057 5.18497 108.859 
v -319.988 5.54595 108.727 
v -320.018 5.743 108.751 
v -319.995 5.55768 108.781 
v -319.974 5.41912 108.805 
v -319.967 5.43026 108.712 
v -319.931 5.2765 108.686 
v -319.935 5.18497 108.859 
v -321.214 5.06549 109.211 
v -321.118 5.18497 109.127 
v -321.186 5.06549 109.127 
v -319.779 5.06549 109.211 
v -319.806 5.06549 109.127 
v -319.875 5.18497 109.127 
v -321.009 5.06549 108.618 
v -320.884 5.18497 108.64 
v -320.927 5.06549 108.588 
v -319.984 5.06549 108.618 
v -320.066 5.06549 108.588 
v -320.109 5.18497 108.64 
v -320.81 5.23585 109.786 
v -320.884 5.18497 109.612 
v -320.881 5.06549 109.739 
v -320.183 5.23585 109.786 
v -320.112 5.06549 109.739 
v -320.108 5.18497 109.612 
v -321.207 5.23585 109.295 
v -321.118 5.18497 109.127 
v -321.214 5.06549 109.211 
v -319.786 5.23585 109.295 
v -319.779 5.06549 109.211 
v -319.875 5.18497 109.127 
v -320.81 5.23585 109.786 
v -320.728 5.06549 109.811 
v -320.635 5.18497 109.733 
v -320.183 5.23585 109.786 
v -320.358 5.18497 109.733 
v -320.265 5.06549 109.811 
v -321.062 5.2765 108.686 
v -320.884 5.18497 108.64 
v -321.009 5.06549 108.618 
v -319.931 5.2765 108.686 
v -319.984 5.06549 108.618 
v -320.109 5.18497 108.64 
v -321.207 5.23585 109.295 
v -321.175 5.06549 109.375 
v -321.056 5.18497 109.397 
v -319.786 5.23585 109.295 
v -319.937 5.18497 109.397 
v -319.818 5.06549 109.375 
v -321.062 5.2765 108.686 
v -321.113 5.06549 108.751 
v -321.057 5.18497 108.859 
v -319.931 5.2765 108.686 
v -319.935 5.18497 108.859 
v -319.879 5.06549 108.751 
v -320.884 5.18497 109.612 
v -320.81 5.23585 109.786 
v -320.84 5.28111 109.63 
v -320.797 5.31464 109.758 
v -320.152 5.28111 109.63 
v -320.183 5.23585 109.786 
v -320.108 5.18497 109.612 
v -320.196 5.31464 109.758 
v -320.496 5.76392 108.354 
v -320.533 5.76173 108.415 
v -320.496 5.9524 108.44 
v -320.568 5.60274 108.415 
v -320.496 5.58107 108.293 
v -320.621 5.3848 108.446 
v -320.496 5.58107 108.293 
v -320.496 5.30334 108.253 
v -320.682 5.21117 108.521 
v -320.496 5.76392 108.354 
v -320.496 5.9524 108.44 
v -320.459 5.76173 108.415 
v -320.425 5.60274 108.415 
v -320.496 5.58107 108.293 
v -320.372 5.3848 108.446 
v -320.496 5.30334 108.253 
v -320.496 5.58107 108.293 
v -320.311 5.21117 108.521 
v -321.118 5.18497 109.127 
v -321.207 5.23585 109.295 
v -321.105 5.28111 109.174 
v -321.177 5.31464 109.288 
v -319.888 5.28111 109.174 
v -319.786 5.23585 109.295 
v -319.875 5.18497 109.127 
v -319.816 5.31464 109.288 
v -320.81 5.23585 109.786 
v -320.635 5.18497 109.733 
v -320.676 5.28111 109.708 
v -320.797 5.31464 109.758 
v -320.196 5.31464 109.758 
v -320.317 5.28111 109.708 
v -320.183 5.23585 109.786 
v -320.358 5.18497 109.733 
v -321.207 5.23585 109.295 
v -321.056 5.18497 109.397 
v -321.062 5.28111 109.351 
v -321.177 5.31464 109.288 
v -319.816 5.31464 109.288 
v -319.931 5.28111 109.351 
v -319.786 5.23585 109.295 
v -319.937 5.18497 109.397 
v -320.496 5.30334 108.253 
v -320.641 5.06549 108.397 
v -320.682 5.21117 108.521 
v -320.496 5.30334 108.253 
v -320.311 5.21117 108.521 
v -320.352 5.06549 108.397 
v -320.782 5.41588 109.726 
v -320.759 5.58209 109.676 
v -320.8 5.39566 109.652 
v -320.797 5.31464 109.758 
v -320.8 5.39566 109.652 
v -320.84 5.28111 109.63 
v -320.211 5.41588 109.726 
v -320.193 5.39566 109.652 
v -320.234 5.58209 109.676 
v -320.196 5.31464 109.758 
v -320.193 5.39566 109.652 
v -320.152 5.28111 109.63 
v -321.142 5.41588 109.28 
v -321.089 5.58209 109.266 
v -321.096 5.39566 109.219 
v -321.177 5.31464 109.288 
v -321.096 5.39566 109.219 
v -321.105 5.28111 109.174 
v -319.851 5.41588 109.28 
v -319.897 5.39566 109.219 
v -319.904 5.58209 109.266 
v -319.816 5.31464 109.288 
v -319.897 5.39566 109.219 
v -319.888 5.28111 109.174 
v -320.782 5.41588 109.726 
v -320.716 5.39566 109.692 
v -320.759 5.58209 109.676 
v -320.797 5.31464 109.758 
v -320.716 5.39566 109.692 
v -320.676 5.28111 109.708 
v -320.211 5.41588 109.726 
v -320.234 5.58209 109.676 
v -320.277 5.39566 109.692 
v -320.196 5.31464 109.758 
v -320.277 5.39566 109.692 
v -320.317 5.28111 109.708 
v -321.142 5.41588 109.28 
v -321.074 5.39566 109.309 
v -321.089 5.58209 109.266 
v -321.177 5.31464 109.288 
v -321.074 5.39566 109.309 
v -321.062 5.28111 109.351 
v -319.851 5.41588 109.28 
v -319.904 5.58209 109.266 
v -319.919 5.39566 109.309 
v -319.816 5.31464 109.288 
v -319.919 5.39566 109.309 
v -319.931 5.28111 109.351 
v -321.056 4.946 109.397 
v -321.117 4.946 109.127 
v -320.979 4.946 109.127 
v -321.056 4.946 108.858 
v -320.932 4.946 109.337 
v -320.932 4.946 108.918 
v -320.798 4.946 109.505 
v -320.798 4.946 108.75 
v -320.884 4.946 109.613 
v -320.884 4.946 108.642 
v -320.604 4.946 109.598 
v -320.67 4.946 108.522 
v -320.635 4.946 109.733 
v -320.604 4.946 108.657 
v -320.496 4.946 109.733 
v -320.496 4.946 108.522 
v -320.496 4.946 109.598 
v -320.496 4.946 108.657 
v -320.389 4.946 109.598 
v -320.389 4.946 108.657 
v -320.358 4.946 109.733 
v -320.323 4.946 108.522 
v -320.109 4.946 109.613 
v -320.195 4.946 108.75 
v -320.195 4.946 109.505 
v -320.109 4.946 108.642 
v -319.937 4.946 109.397 
v -319.937 4.946 108.858 
v -320.061 4.946 109.337 
v -320.061 4.946 108.918 
v -320.014 4.946 109.127 
v -319.876 4.946 109.127 
v -321.056 5.18497 109.397 
v -320.979 5.18497 109.127 
v -321.118 5.18497 109.127 
v -321.057 5.18497 108.859 
v -320.932 5.18497 109.337 
v -320.884 5.18497 109.612 
v -320.798 5.18497 109.505 
v -320.932 5.18497 108.918 
v -320.884 5.18497 108.64 
v -320.798 5.18497 108.75 
v -320.635 5.18497 109.733 
v -320.798 5.18497 109.505 
v -320.884 5.18497 109.612 
v -320.604 5.18497 109.598 
v -320.496 5.18497 109.598 
v -320.604 5.18497 109.598 
v -320.496 5.18497 109.733 
v -320.635 5.18497 109.733 
v -320.389 5.18497 109.598 
v -320.358 5.18497 109.733 
v -320.014 5.18497 109.127 
v -319.937 5.18497 109.397 
v -319.875 5.18497 109.127 
v -319.935 5.18497 108.859 
v -320.061 5.18497 109.337 
v -320.108 5.18497 109.612 
v -320.195 5.18497 109.505 
v -320.061 5.18497 108.918 
v -320.109 5.18497 108.64 
v -320.195 5.18497 108.75 
v -320.358 5.18497 109.733 
v -320.195 5.18497 109.505 
v -320.389 5.18497 109.598 
v -320.108 5.18497 109.612 
v -320.798 5.18497 108.75 
v -320.682 5.21117 108.521 
v -320.884 5.18497 108.64 
v -320.604 5.18497 108.657 
v -320.195 5.18497 108.75 
v -320.109 5.18497 108.64 
v -320.311 5.21117 108.521 
v -320.389 5.18497 108.657 
v -320.604 5.18497 108.657 
v -320.496 5.2312 108.562 
v -320.682 5.21117 108.521 
v -320.496 5.18497 108.657 
v -320.389 5.18497 108.657 
v -320.496 5.2312 108.562 
v -320.311 5.21117 108.521 
v -320.496 4.946 108.657 
v -320.589 5.06549 108.724 
v -320.604 4.946 108.657 
v -320.496 5.06549 108.724 
v -320.404 5.06549 108.724 
v -320.389 4.946 108.657 
v -320.604 4.946 108.657 
v -320.755 5.06549 108.804 
v -320.798 4.946 108.75 
v -320.589 5.06549 108.724 
v -320.389 4.946 108.657 
v -320.238 5.06549 108.804 
v -320.404 5.06549 108.724 
v -320.195 4.946 108.75 
v -320.798 4.946 108.75 
v -320.755 5.06549 108.804 
v -320.932 4.946 108.918 
v -320.869 5.06549 108.948 
v -320.195 4.946 108.75 
v -320.061 4.946 108.918 
v -320.238 5.06549 108.804 
v -320.124 5.06549 108.948 
v -320.932 4.946 108.918 
v -320.869 5.06549 108.948 
v -320.979 4.946 109.127 
v -320.91 5.06549 109.127 
v -320.061 4.946 108.918 
v -320.014 4.946 109.127 
v -320.124 5.06549 108.948 
v -320.083 5.06549 109.127 
v -320.979 4.946 109.127 
v -320.869 5.06549 109.307 
v -320.932 4.946 109.337 
v -320.91 5.06549 109.127 
v -320.014 4.946 109.127 
v -320.124 5.06549 109.307 
v -320.083 5.06549 109.127 
v -320.061 4.946 109.337 
v -320.932 4.946 109.337 
v -320.755 5.06549 109.451 
v -320.798 4.946 109.505 
v -320.869 5.06549 109.307 
v -320.061 4.946 109.337 
v -320.238 5.06549 109.451 
v -320.124 5.06549 109.307 
v -320.195 4.946 109.505 
v -320.589 5.06549 109.531 
v -320.604 4.946 109.598 
v -320.755 5.06549 109.451 
v -320.798 4.946 109.505 
v -320.404 5.06549 109.531 
v -320.238 5.06549 109.451 
v -320.389 4.946 109.598 
v -320.195 4.946 109.505 
v -320.589 5.06549 109.531 
v -320.496 4.946 109.598 
v -320.604 4.946 109.598 
v -320.496 5.06549 109.531 
v -320.404 5.06549 109.531 
v -320.389 4.946 109.598 
v -320.682 5.21117 108.521 
v -320.496 5.45022 108.473 
v -320.621 5.3848 108.446 
v -320.311 5.21117 108.521 
v -320.372 5.3848 108.446 
v -320.496 5.45022 108.473 
v -320.589 5.06549 108.724 
v -320.496 5.18497 108.657 
v -320.604 5.18497 108.657 
v -320.496 5.06549 108.724 
v -320.404 5.06549 108.724 
v -320.389 5.18497 108.657 
v -320.755 5.06549 108.804 
v -320.589 5.06549 108.724 
v -320.604 5.18497 108.657 
v -320.798 5.18497 108.75 
v -320.238 5.06549 108.804 
v -320.389 5.18497 108.657 
v -320.404 5.06549 108.724 
v -320.195 5.18497 108.75 
v -320.755 5.06549 108.804 
v -320.932 5.18497 108.918 
v -320.869 5.06549 108.948 
v -320.798 5.18497 108.75 
v -320.238 5.06549 108.804 
v -320.061 5.18497 108.918 
v -320.195 5.18497 108.75 
v -320.124 5.06549 108.948 
v -320.869 5.06549 108.948 
v -320.979 5.18497 109.127 
v -320.91 5.06549 109.127 
v -320.932 5.18497 108.918 
v -320.124 5.06549 108.948 
v -320.014 5.18497 109.127 
v -320.061 5.18497 108.918 
v -320.083 5.06549 109.127 
v -320.91 5.06549 109.127 
v -320.979 5.18497 109.127 
v -320.869 5.06549 109.307 
v -320.932 5.18497 109.337 
v -320.124 5.06549 109.307 
v -320.014 5.18497 109.127 
v -320.083 5.06549 109.127 
v -320.061 5.18497 109.337 
v -320.869 5.06549 109.307 
v -320.932 5.18497 109.337 
v -320.755 5.06549 109.451 
v -320.798 5.18497 109.505 
v -320.124 5.06549 109.307 
v -320.238 5.06549 109.451 
v -320.061 5.18497 109.337 
v -320.195 5.18497 109.505 
v -320.604 5.18497 109.598 
v -320.755 5.06549 109.451 
v -320.798 5.18497 109.505 
v -320.589 5.06549 109.531 
v -320.238 5.06549 109.451 
v -320.389 5.18497 109.598 
v -320.195 5.18497 109.505 
v -320.404 5.06549 109.531 
v -320.496 5.18497 109.598 
v -320.589 5.06549 109.531 
v -320.604 5.18497 109.598 
v -320.496 5.06549 109.531 
v -320.404 5.06549 109.531 
v -320.389 5.18497 109.598 
v -320.682 5.21117 108.521 
v -320.496 5.2312 108.562 
v -320.496 5.45022 108.473 
v -320.311 5.21117 108.521 
v -320.496 5.45022 108.473 
v -320.496 5.2312 108.562 
v -320.884 4.946 108.642 
v -321.056 4.946 108.858 
v -320.996 4.79824 108.729 
v -320.109 4.946 108.642 
v -319.997 4.79824 108.729 
v -319.937 4.946 108.858 
v -321.117 4.946 109.127 
v -321.056 4.946 109.397 
v -321.119 4.79824 109.269 
v -319.876 4.946 109.127 
v -319.874 4.79824 109.269 
v -319.937 4.946 109.397 
v -320.884 4.946 109.613 
v -320.635 4.946 109.733 
v -320.774 4.79824 109.703 
v -320.109 4.946 109.613 
v -320.219 4.79824 109.703 
v -320.358 4.946 109.733 
v -320.533 5.76173 108.415 
v -320.496 5.75769 108.432 
v -320.496 5.9524 108.44 
v -320.496 5.60999 108.435 
v -320.568 5.60274 108.415 
v -320.568 5.60274 108.415 
v -320.496 5.45022 108.473 
v -320.621 5.3848 108.446 
v -320.459 5.76173 108.415 
v -320.496 5.9524 108.44 
v -320.496 5.75769 108.432 
v -320.496 5.60999 108.435 
v -320.425 5.60274 108.415 
v -320.496 5.45022 108.473 
v -320.425 5.60274 108.415 
v -320.372 5.3848 108.446 
v -320.496 4.79824 108.505 
v -320.496 4.946 108.522 
v -320.67 4.946 108.522 
v -320.323 4.946 108.522 
v -321.019 5.41912 108.805 
v -320.884 5.18497 108.64 
v -320.93 5.41912 108.693 
v -321.057 5.18497 108.859 
v -320.95 5.55768 108.72 
v -320.998 5.55768 108.781 
v -320.975 5.743 108.751 
v -320.063 5.41912 108.693 
v -320.109 5.18497 108.64 
v -319.974 5.41912 108.805 
v -319.935 5.18497 108.859 
v -320.043 5.55768 108.72 
v -319.995 5.55768 108.781 
v -320.018 5.743 108.751 
v -321.105 5.28111 109.174 
v -321.056 5.18497 109.397 
v -321.118 5.18497 109.127 
v -321.062 5.28111 109.351 
v -321.096 5.39566 109.219 
v -321.074 5.39566 109.309 
v -321.089 5.58209 109.266 
v -319.888 5.28111 109.174 
v -319.937 5.18497 109.397 
v -319.931 5.28111 109.351 
v -319.875 5.18497 109.127 
v -319.897 5.39566 109.219 
v -319.919 5.39566 109.309 
v -319.904 5.58209 109.266 
v -320.635 5.18497 109.733 
v -320.84 5.28111 109.63 
v -320.676 5.28111 109.708 
v -320.884 5.18497 109.612 
v -320.8 5.39566 109.652 
v -320.716 5.39566 109.692 
v -320.759 5.58209 109.676 
v -320.358 5.18497 109.733 
v -320.152 5.28111 109.63 
v -320.108 5.18497 109.612 
v -320.317 5.28111 109.708 
v -320.193 5.39566 109.652 
v -320.277 5.39566 109.692 
v -320.234 5.58209 109.676 

vn 0.165354 -0.464567 0.866142 
vn 0 -0.488189 0.874016 
vn 0.102362 -0.448819 0.889764 
vn 0 -0.488189 0.874016 
vn -0.165354 -0.464567 0.866142 
vn -0.102362 -0.448819 0.889764 
vn -0.787402 -0.377953 0.480315 
vn -0.787402 -0.377953 0.488189 
vn -0.811024 -0.401575 0.425197 
vn -0.811024 -0.401575 0.425197 
vn -0.748031 -0.440945 0.488189 
vn 0.787402 -0.377953 0.480315 
vn 0.811024 -0.401575 0.425197 
vn 0.787402 -0.377953 0.488189 
vn 0.811024 -0.401575 0.425197 
vn 0.748031 -0.440945 0.488189 
vn -0.629921 -0.448819 0.637795 
vn -0.779528 -0.464567 0.409449 
vn -0.748031 -0.440945 0.488189 
vn -0.574803 -0.464567 0.669291 
vn 0.629921 -0.448819 0.637795 
vn 0.779528 -0.464567 0.409449 
vn 0.574803 -0.464567 0.669291 
vn 0.748031 -0.440945 0.488189 
vn 0.102362 -0.448819 0.889764 
vn 0.141732 -0.393701 0.913386 
vn 0.19685 -0.409449 0.889764 
vn 0.141732 -0.393701 0.905512 
vn -0.102362 -0.448819 0.889764 
vn -0.19685 -0.409449 0.889764 
vn -0.141732 -0.393701 0.913386 
vn -0.141732 -0.393701 0.905512 
vn -0.874016 -0.377953 -0.299213 
vn -0.850394 -0.440945 -0.283465 
vn -0.84252 -0.401575 -0.362205 
vn -0.84252 -0.401575 -0.362205 
vn -0.874016 -0.377953 -0.307087 
vn 0.874016 -0.377953 -0.299213 
vn 0.84252 -0.401575 -0.362205 
vn 0.850394 -0.440945 -0.283465 
vn 0.874016 -0.377953 -0.307087 
vn 0.84252 -0.401575 -0.362205 
vn -0.614173 -0.393701 0.685039 
vn -0.566929 -0.417323 0.708661 
vn -0.614173 -0.393701 0.677165 
vn -0.629921 -0.448819 0.637795 
vn -0.346457 -0.480315 -0.811024 
vn -0.23622 -0.401575 -0.88189 
vn -0.307087 -0.377953 -0.874016 
vn 0.614173 -0.393701 0.685039 
vn 0.614173 -0.393701 0.677165 
vn 0.566929 -0.417323 0.708661 
vn 0.629921 -0.448819 0.637795 
vn 0.346457 -0.480315 -0.811024 
vn 0.307087 -0.377953 -0.874016 
vn 0.23622 -0.401575 -0.88189 
vn -0.850394 -0.440945 -0.283465 
vn -0.889764 -0.448819 -0.0944882 
vn -0.88189 -0.464567 -0.0314961 
vn -0.811024 -0.464567 -0.354331 
vn 0.889764 -0.448819 -0.0944882 
vn 0.850394 -0.440945 -0.283465 
vn 0.88189 -0.464567 -0.0314961 
vn 0.811024 -0.464567 -0.354331 
vn -0.913386 -0.401575 -0.0551181 
vn -0.913386 -0.393701 -0.0629921 
vn -0.913386 -0.417323 0 
vn -0.889764 -0.448819 -0.0944882 
vn -0.913386 -0.417323 0 
vn -0.23622 -0.401575 -0.88189 
vn -0.299213 -0.377953 -0.874016 
vn -0.307087 -0.377953 -0.874016 
vn 0.913386 -0.401575 -0.0551181 
vn 0.913386 -0.417323 0 
vn 0.913386 -0.393701 -0.0629921 
vn 0.889764 -0.448819 -0.0944882 
vn 0.913386 -0.417323 0 
vn 0.23622 -0.401575 -0.88189 
vn 0.307087 -0.377953 -0.874016 
vn 0.299213 -0.377953 -0.874016 
vn -0.535433 -0.559055 -0.637795 
vn -0.251969 -0.496063 -0.826772 
vn -0.346457 -0.480315 -0.811024 
vn -0.480315 -0.551181 -0.677165 
vn 0.535433 -0.559055 -0.637795 
vn 0.251969 -0.496063 -0.826772 
vn 0.480315 -0.551181 -0.677165 
vn 0.346457 -0.480315 -0.811024 
vn -0.834646 0.204724 0.511811 
vn -0.897638 0.291339 0.322835 
vn -0.84252 0.314961 0.433071 
vn 0.834646 0.204724 0.511811 
vn 0.84252 0.314961 0.433071 
vn 0.897638 0.291339 0.322835 
vn -0.92126 0.204724 -0.330709 
vn -0.818898 0.291339 -0.496063 
vn -0.866142 0.314961 -0.385827 
vn 0.92126 0.204724 -0.330709 
vn 0.866142 0.314961 -0.385827 
vn 0.818898 0.291339 -0.496063 
vn -0.716535 0.015748 -0.692913 
vn -0.724409 0.244094 -0.645669 
vn -0.80315 0.0787402 -0.582677 
vn 0.716535 0.015748 -0.692913 
vn 0.80315 0.0787402 -0.582677 
vn 0.724409 0.244094 -0.645669 
vn -0.480315 -0.551181 -0.677165 
vn -0.535433 -0.559055 -0.637795 
vn -0.566929 -0.551181 -0.614173 
vn 0.480315 -0.551181 -0.677165 
vn 0.566929 -0.551181 -0.614173 
vn 0.535433 -0.559055 -0.637795 
vn -0.314961 0.220472 -0.92126 
vn -0.165354 0.220472 -0.96063 
vn -0.244094 0.314961 -0.92126 
vn 0.314961 0.220472 -0.92126 
vn 0.244094 0.314961 -0.92126 
vn 0.165354 0.220472 -0.96063 
vn 0.149606 0.212598 0.968504 
vn 0.220472 0.322835 0.92126 
vn 0.338583 0.299213 0.889764 
vn 0.0708661 0.480315 0.874016 
vn 0.204724 0.409449 0.889764 
vn -0.149606 0.212598 0.968504 
vn -0.338583 0.299213 0.889764 
vn -0.220472 0.322835 0.92126 
vn -0.0708661 0.480315 0.874016 
vn -0.204724 0.409449 0.889764 
vn 0.165354 -0.464567 0.866142 
vn 0.102362 -0.448819 0.889764 
vn 0.19685 -0.409449 0.889764 
vn -0.165354 -0.464567 0.866142 
vn -0.19685 -0.409449 0.889764 
vn -0.102362 -0.448819 0.889764 
vn -0.574803 -0.464567 0.669291 
vn -0.629921 -0.448819 0.637795 
vn -0.566929 -0.417323 0.708661 
vn -0.653543 0.212598 0.724409 
vn -0.574803 0.322835 0.748031 
vn -0.480315 0.299213 0.826772 
vn -0.637795 0.480315 0.606299 
vn -0.566929 0.409449 0.716535 
vn 0.574803 -0.464567 0.669291 
vn 0.566929 -0.417323 0.708661 
vn 0.629921 -0.448819 0.637795 
vn 0.653543 0.212598 0.724409 
vn 0.480315 0.299213 0.826772 
vn 0.574803 0.322835 0.748031 
vn 0.637795 0.480315 0.606299 
vn 0.566929 0.409449 0.716535 
vn -0.976378 0.220472 -0.0629921 
vn -0.952756 0.314961 0.015748 
vn -0.968504 0.220472 0.102362 
vn -0.874016 0.472441 -0.11811 
vn -0.929134 0.370079 -0.00787402 
vn 0.976378 0.220472 -0.0629921 
vn 0.968504 0.220472 0.102362 
vn 0.952756 0.314961 0.015748 
vn 0.874016 0.472441 -0.11811 
vn 0.929134 0.370079 -0.00787402 
vn -0.748031 -0.440945 0.488189 
vn -0.779528 -0.464567 0.409449 
vn -0.811024 -0.401575 0.425197 
vn 0.748031 -0.440945 0.488189 
vn 0.811024 -0.401575 0.425197 
vn 0.779528 -0.464567 0.409449 
vn -0.88189 -0.464567 -0.0314961 
vn -0.889764 -0.448819 -0.0944882 
vn -0.913386 -0.417323 0 
vn 0.88189 -0.464567 -0.0314961 
vn 0.913386 -0.417323 0 
vn 0.889764 -0.448819 -0.0944882 
vn -0.850394 -0.440945 -0.283465 
vn -0.811024 -0.464567 -0.354331 
vn -0.84252 -0.401575 -0.362205 
vn 0.850394 -0.440945 -0.283465 
vn 0.84252 -0.401575 -0.362205 
vn 0.811024 -0.464567 -0.354331 
vn -0.346457 -0.480315 -0.811024 
vn -0.251969 -0.496063 -0.826772 
vn -0.23622 -0.401575 -0.88189 
vn 0.346457 -0.480315 -0.811024 
vn 0.23622 -0.401575 -0.88189 
vn 0.251969 -0.496063 -0.826772 
vn -0.598425 -0.559055 -0.574803 
vn -0.566929 -0.551181 -0.614173 
vn -0.535433 -0.559055 -0.637795 
vn 0.598425 -0.559055 -0.574803 
vn 0.535433 -0.559055 -0.637795 
vn 0.566929 -0.551181 -0.614173 
vn 0 0.488189 0.874016 
vn 0.204724 0.409449 0.889764 
vn 0.0708661 0.480315 0.874016 
vn 0 0.488189 0.874016 
vn -0.204724 0.409449 0.889764 
vn -0.0708661 0.480315 0.874016 
vn -0.566929 0.409449 0.716535 
vn -0.637795 0.480315 0.606299 
vn -0.811024 0.401575 0.417323 
vn -0.716535 0.480315 0.503937 
vn 0.566929 0.409449 0.716535 
vn 0.811024 0.401575 0.417323 
vn 0.637795 0.480315 0.606299 
vn 0.716535 0.480315 0.503937 
vn -0.724409 0.244094 -0.645669 
vn -0.393701 0.480315 -0.787402 
vn -0.299213 0.377953 -0.874016 
vn -0.677165 0.330709 -0.653543 
vn 0.724409 0.244094 -0.645669 
vn 0.299213 0.377953 -0.874016 
vn 0.393701 0.480315 -0.787402 
vn 0.677165 0.330709 -0.653543 
vn -0.929134 0.370079 -0.00787402 
vn -0.84252 0.480315 -0.23622 
vn -0.834646 0.401575 -0.370079 
vn -0.874016 0.472441 -0.11811 
vn 0.929134 0.370079 -0.00787402 
vn 0.84252 0.480315 -0.23622 
vn 0.874016 0.472441 -0.11811 
vn 0.834646 0.401575 -0.370079 
vn -0.84252 0.314961 0.433071 
vn -0.811024 0.401575 0.417323 
vn -0.716535 0.480315 0.503937 
vn 0.84252 0.314961 0.433071 
vn 0.716535 0.480315 0.503937 
vn 0.811024 0.401575 0.417323 
vn -0.165354 0.15748 -0.976378 
vn -0.15748 0.141732 -0.976378 
vn -0.165354 0.149606 -0.976378 
vn -0.165354 0.181102 -0.968504 
vn -0.165354 0.181102 -0.968504 
vn -0.165354 0.220472 -0.96063 
vn -0.299213 0.377953 -0.874016 
vn 0.165354 0.15748 -0.976378 
vn 0.165354 0.149606 -0.976378 
vn 0.15748 0.141732 -0.976378 
vn 0.165354 0.181102 -0.968504 
vn 0.165354 0.181102 -0.968504 
vn 0.165354 0.220472 -0.96063 
vn 0.299213 0.377953 -0.874016 
vn -0.984252 0.15748 0.0944882 
vn -0.984252 0.149606 0.0944882 
vn -0.984252 0.133858 0.0944882 
vn -0.976378 0.181102 0.102362 
vn -0.976378 0.181102 0.102362 
vn -0.968504 0.220472 0.102362 
vn -0.929134 0.370079 -0.00787402 
vn 0.984252 0.15748 0.0944882 
vn 0.984252 0.133858 0.0944882 
vn 0.984252 0.149606 0.0944882 
vn 0.976378 0.181102 0.102362 
vn 0.976378 0.181102 0.102362 
vn 0.968504 0.220472 0.102362 
vn 0.929134 0.370079 -0.00787402 
vn -0.866142 0.314961 -0.385827 
vn -0.834646 0.401575 -0.370079 
vn -0.84252 0.480315 -0.23622 
vn 0.866142 0.314961 -0.385827 
vn 0.84252 0.480315 -0.23622 
vn 0.834646 0.401575 -0.370079 
vn -0.244094 0.314961 -0.92126 
vn -0.299213 0.377953 -0.874016 
vn -0.393701 0.480315 -0.787402 
vn 0.244094 0.314961 -0.92126 
vn 0.393701 0.480315 -0.787402 
vn 0.299213 0.377953 -0.874016 
vn -0.897638 0.291339 0.322835 
vn -0.811024 0.401575 0.417323 
vn -0.84252 0.314961 0.433071 
vn 0.897638 0.291339 0.322835 
vn 0.84252 0.314961 0.433071 
vn 0.811024 0.401575 0.417323 
vn -0.818898 0.291339 -0.496063 
vn -0.834646 0.401575 -0.370079 
vn -0.866142 0.314961 -0.385827 
vn 0.818898 0.291339 -0.496063 
vn 0.866142 0.314961 -0.385827 
vn 0.834646 0.401575 -0.370079 
vn 0.338583 0.299213 0.889764 
vn 0.220472 0.322835 0.92126 
vn 0.204724 0.409449 0.889764 
vn -0.338583 0.299213 0.889764 
vn -0.204724 0.409449 0.889764 
vn -0.220472 0.322835 0.92126 
vn -0.165354 0.220472 -0.96063 
vn -0.299213 0.377953 -0.874016 
vn -0.244094 0.314961 -0.92126 
vn 0.165354 0.220472 -0.96063 
vn 0.244094 0.314961 -0.92126 
vn 0.299213 0.377953 -0.874016 
vn -0.480315 0.299213 0.826772 
vn -0.574803 0.322835 0.748031 
vn -0.566929 0.409449 0.716535 
vn 0.480315 0.299213 0.826772 
vn 0.566929 0.409449 0.716535 
vn 0.574803 0.322835 0.748031 
vn -0.968504 0.220472 0.102362 
vn -0.952756 0.314961 0.015748 
vn -0.929134 0.370079 -0.00787402 
vn 0.968504 0.220472 0.102362 
vn 0.929134 0.370079 -0.00787402 
vn 0.952756 0.314961 0.015748 
vn -0.811024 0.401575 0.417323 
vn -0.897638 0.291339 0.322835 
vn -0.92126 0.291339 0.251969 
vn -0.929134 0.283465 0.244094 
vn 0.92126 0.291339 0.251969 
vn 0.897638 0.291339 0.322835 
vn 0.811024 0.401575 0.417323 
vn 0.929134 0.283465 0.244094 
vn -0.834646 0.19685 -0.511811 
vn -0.834646 0.19685 -0.503937 
vn -0.834646 0.228346 -0.496063 
vn -0.84252 0.15748 -0.519685 
vn -0.834646 0.133858 -0.535433 
vn -0.826772 0.0787402 -0.559055 
vn -0.834646 0.133858 -0.535433 
vn -0.80315 0.0787402 -0.582677 
vn -0.677165 0.330709 -0.653543 
vn 0.834646 0.19685 -0.511811 
vn 0.834646 0.228346 -0.496063 
vn 0.834646 0.19685 -0.503937 
vn 0.84252 0.15748 -0.519685 
vn 0.834646 0.133858 -0.535433 
vn 0.826772 0.0787402 -0.559055 
vn 0.80315 0.0787402 -0.582677 
vn 0.834646 0.133858 -0.535433 
vn 0.677165 0.330709 -0.653543 
vn -0.834646 0.401575 -0.370079 
vn -0.818898 0.291339 -0.496063 
vn -0.779528 0.299213 -0.559055 
vn -0.771654 0.283465 -0.566929 
vn 0.779528 0.299213 -0.559055 
vn 0.818898 0.291339 -0.496063 
vn 0.834646 0.401575 -0.370079 
vn 0.771654 0.283465 -0.566929 
vn 0.338583 0.299213 0.889764 
vn 0.204724 0.409449 0.889764 
vn 0.409449 0.291339 0.866142 
vn 0.425197 0.283465 0.858268 
vn -0.425197 0.283465 0.858268 
vn -0.409449 0.291339 0.866142 
vn -0.338583 0.299213 0.889764 
vn -0.204724 0.409449 0.889764 
vn -0.480315 0.299213 0.826772 
vn -0.566929 0.409449 0.716535 
vn -0.409449 0.291339 0.866142 
vn -0.401575 0.283465 0.874016 
vn 0.401575 0.283465 0.874016 
vn 0.409449 0.291339 0.866142 
vn 0.480315 0.299213 0.826772 
vn 0.566929 0.409449 0.716535 
vn -0.80315 0.0787402 -0.582677 
vn -0.724409 0.244094 -0.645669 
vn -0.677165 0.330709 -0.653543 
vn 0.80315 0.0787402 -0.582677 
vn 0.677165 0.330709 -0.653543 
vn 0.724409 0.244094 -0.645669 
vn -0.952756 0.220472 0.204724 
vn -0.96063 0.188976 0.188976 
vn -0.952756 0.228346 0.212598 
vn -0.929134 0.283465 0.244094 
vn -0.952756 0.228346 0.212598 
vn -0.92126 0.291339 0.251969 
vn 0.952756 0.220472 0.204724 
vn 0.952756 0.228346 0.212598 
vn 0.96063 0.188976 0.188976 
vn 0.929134 0.283465 0.244094 
vn 0.952756 0.228346 0.212598 
vn 0.92126 0.291339 0.251969 
vn -0.76378 0.220472 -0.614173 
vn -0.755906 0.188976 -0.629921 
vn -0.76378 0.228346 -0.606299 
vn -0.771654 0.283465 -0.566929 
vn -0.76378 0.228346 -0.606299 
vn -0.779528 0.299213 -0.559055 
vn 0.76378 0.220472 -0.614173 
vn 0.76378 0.228346 -0.606299 
vn 0.755906 0.188976 -0.629921 
vn 0.771654 0.283465 -0.566929 
vn 0.76378 0.228346 -0.606299 
vn 0.779528 0.299213 -0.559055 
vn 0.472441 0.212598 0.850394 
vn 0.472441 0.220472 0.850394 
vn 0.496063 0.188976 0.850394 
vn 0.425197 0.283465 0.858268 
vn 0.472441 0.220472 0.850394 
vn 0.409449 0.291339 0.866142 
vn -0.472441 0.212598 0.850394 
vn -0.496063 0.188976 0.850394 
vn -0.472441 0.220472 0.850394 
vn -0.425197 0.283465 0.858268 
vn -0.472441 0.220472 0.850394 
vn -0.409449 0.291339 0.866142 
vn -0.362205 0.212598 0.905512 
vn -0.370079 0.220472 0.905512 
vn -0.346457 0.188976 0.92126 
vn -0.401575 0.283465 0.874016 
vn -0.370079 0.220472 0.905512 
vn -0.409449 0.291339 0.866142 
vn 0.362205 0.212598 0.905512 
vn 0.346457 0.188976 0.92126 
vn 0.370079 0.220472 0.905512 
vn 0.401575 0.283465 0.874016 
vn 0.370079 0.220472 0.905512 
vn 0.409449 0.291339 0.866142 
vn 0 -1 0 
vn 0 -1 0 
vn 0 -1 0 
vn 0 -1 0 
vn 0 -1 0 
vn 0 -1 0 
vn 0 -1 0 
vn 0 -1 0 
vn 0 -1 0 
vn 0 -1 0 
vn 0 -1 0 
vn 0 -1 0 
vn 0 -1 0 
vn 0 -1 0 
vn 0 -1 0 
vn 0 -1 0 
vn 0 -1 0 
vn 0 -1 0 
vn 0 -1 0 
vn 0 -1 0 
vn 0 -1 0 
vn 0 -1 0 
vn 0 -1 0 
vn 0 -1 0 
vn 0 -1 0 
vn 0 -1 0 
vn 0 -1 0 
vn 0 -1 0 
vn 0 -1 0 
vn 0 -1 0 
vn 0 -1 0 
vn 0 -1 0 
vn 0 1 0 
vn 0 1 0 
vn 0 1 0 
vn 0 1 0 
vn 0 1 0 
vn 0 1 0 
vn 0 1 0 
vn 0 1 0 
vn 0 1 0.0551181 
vn 0 1 0.0551181 
vn 0 1 0 
vn 0 1 0 
vn 0 1 0 
vn 0 1 0 
vn 0 1 0 
vn 0 1 0 
vn 0 1 0 
vn 0 1 0 
vn 0 1 0 
vn 0 1 0 
vn 0 1 0 
vn 0 1 0 
vn 0 1 0 
vn 0 1 0 
vn 0 1 0 
vn 0 1 0 
vn 0 1 0 
vn 0 1 0 
vn 0 1 0.0551181 
vn 0 1 0.0551181 
vn 0 1 0 
vn 0 1 0 
vn 0 1 0 
vn 0 1 0 
vn 0 1 0.0551181 
vn -0.149606 0.866142 0.472441 
vn 0 1 0.0551181 
vn -0.0708661 0.968504 0.244094 
vn 0 1 0.0551181 
vn 0 1 0.0551181 
vn 0.149606 0.866142 0.472441 
vn 0.0708661 0.968504 0.244094 
vn -0.0708661 0.968504 0.244094 
vn 0 0.740157 0.677165 
vn -0.149606 0.866142 0.472441 
vn 0 0.944882 0.338583 
vn 0.0708661 0.968504 0.244094 
vn 0 0.740157 0.677165 
vn 0.149606 0.866142 0.472441 
vn 0 -0.488189 0.874016 
vn 0.188976 -0.496063 0.84252 
vn 0.188976 -0.496063 0.84252 
vn 0 -0.488189 0.874016 
vn -0.188976 -0.496063 0.84252 
vn -0.188976 -0.496063 0.84252 
vn 0.188976 -0.496063 0.84252 
vn 0.543307 -0.496063 0.677165 
vn 0.543307 -0.496063 0.677165 
vn 0.188976 -0.496063 0.84252 
vn -0.188976 -0.496063 0.84252 
vn -0.543307 -0.496063 0.677165 
vn -0.188976 -0.496063 0.84252 
vn -0.543307 -0.496063 0.677165 
vn 0.543307 -0.496063 0.677165 
vn 0.543307 -0.496063 0.677165 
vn 0.779528 -0.496063 0.377953 
vn 0.779528 -0.496063 0.377953 
vn -0.543307 -0.496063 0.677165 
vn -0.779528 -0.496063 0.377953 
vn -0.543307 -0.496063 0.677165 
vn -0.779528 -0.496063 0.377953 
vn 0.779528 -0.496063 0.377953 
vn 0.779528 -0.496063 0.377953 
vn 0.866142 -0.496063 0 
vn 0.866142 -0.496063 0 
vn -0.779528 -0.496063 0.377953 
vn -0.866142 -0.496063 0 
vn -0.779528 -0.496063 0.377953 
vn -0.866142 -0.496063 0 
vn 0.866142 -0.496063 0 
vn 0.779528 -0.496063 -0.377953 
vn 0.779528 -0.496063 -0.377953 
vn 0.866142 -0.496063 0 
vn -0.866142 -0.496063 0 
vn -0.779528 -0.496063 -0.377953 
vn -0.866142 -0.496063 0 
vn -0.779528 -0.496063 -0.377953 
vn 0.779528 -0.496063 -0.377953 
vn 0.543307 -0.496063 -0.677165 
vn 0.543307 -0.496063 -0.677165 
vn 0.779528 -0.496063 -0.377953 
vn -0.779528 -0.496063 -0.377953 
vn -0.543307 -0.496063 -0.677165 
vn -0.779528 -0.496063 -0.377953 
vn -0.543307 -0.496063 -0.677165 
vn 0.188976 -0.496063 -0.84252 
vn 0.188976 -0.496063 -0.84252 
vn 0.543307 -0.496063 -0.677165 
vn 0.543307 -0.496063 -0.677165 
vn -0.188976 -0.496063 -0.84252 
vn -0.543307 -0.496063 -0.677165 
vn -0.188976 -0.496063 -0.84252 
vn -0.543307 -0.496063 -0.677165 
vn 0.188976 -0.496063 -0.84252 
vn 0 -0.488189 -0.874016 
vn 0.188976 -0.496063 -0.84252 
vn 0 -0.488189 -0.874016 
vn -0.188976 -0.496063 -0.84252 
vn -0.188976 -0.496063 -0.84252 
vn -0.149606 0.866142 0.472441 
vn -0.314961 0.291339 0.905512 
vn -0.393701 0.409449 0.826772 
vn 0.149606 0.866142 0.472441 
vn 0.393701 0.409449 0.826772 
vn 0.314961 0.291339 0.905512 
vn 0.188976 0.496063 0.84252 
vn 0 0.488189 0.874016 
vn 0.188976 0.496063 0.84252 
vn 0 0.488189 0.874016 
vn -0.188976 0.496063 0.84252 
vn -0.188976 0.496063 0.84252 
vn 0.543307 0.496063 0.677165 
vn 0.188976 0.496063 0.84252 
vn 0.188976 0.496063 0.84252 
vn 0.543307 0.496063 0.677165 
vn -0.543307 0.496063 0.677165 
vn -0.188976 0.496063 0.84252 
vn -0.188976 0.496063 0.84252 
vn -0.543307 0.496063 0.677165 
vn 0.543307 0.496063 0.677165 
vn 0.779528 0.496063 0.377953 
vn 0.779528 0.496063 0.377953 
vn 0.543307 0.496063 0.677165 
vn -0.543307 0.496063 0.677165 
vn -0.779528 0.496063 0.377953 
vn -0.543307 0.496063 0.677165 
vn -0.779528 0.496063 0.377953 
vn 0.779528 0.496063 0.377953 
vn 0.866142 0.496063 0 
vn 0.866142 0.496063 0 
vn 0.779528 0.496063 0.377953 
vn -0.779528 0.496063 0.377953 
vn -0.866142 0.496063 0 
vn -0.779528 0.496063 0.377953 
vn -0.866142 0.496063 0 
vn 0.866142 0.496063 0 
vn 0.866142 0.496063 0 
vn 0.779528 0.496063 -0.377953 
vn 0.779528 0.496063 -0.377953 
vn -0.779528 0.496063 -0.377953 
vn -0.866142 0.496063 0 
vn -0.866142 0.496063 0 
vn -0.779528 0.496063 -0.377953 
vn 0.779528 0.496063 -0.377953 
vn 0.779528 0.496063 -0.377953 
vn 0.543307 0.496063 -0.677165 
vn 0.543307 0.496063 -0.677165 
vn -0.779528 0.496063 -0.377953 
vn -0.543307 0.496063 -0.677165 
vn -0.779528 0.496063 -0.377953 
vn -0.543307 0.496063 -0.677165 
vn 0.188976 0.496063 -0.84252 
vn 0.543307 0.496063 -0.677165 
vn 0.543307 0.496063 -0.677165 
vn 0.188976 0.496063 -0.84252 
vn -0.543307 0.496063 -0.677165 
vn -0.188976 0.496063 -0.84252 
vn -0.543307 0.496063 -0.677165 
vn -0.188976 0.496063 -0.84252 
vn 0 0.488189 -0.874016 
vn 0.188976 0.496063 -0.84252 
vn 0.188976 0.496063 -0.84252 
vn 0 0.488189 -0.874016 
vn -0.188976 0.496063 -0.84252 
vn -0.188976 0.496063 -0.84252 
vn -0.149606 0.866142 0.472441 
vn 0 0.740157 0.677165 
vn -0.314961 0.291339 0.905512 
vn 0.149606 0.866142 0.472441 
vn 0.314961 0.291339 0.905512 
vn 0 0.740157 0.677165 
vn 0.76378 -0.220472 0.606299 
vn 0.76378 -0.220472 0.606299 
vn 0.76378 -0.220472 0.606299 
vn -0.76378 -0.220472 0.606299 
vn -0.76378 -0.220472 0.606299 
vn -0.76378 -0.220472 0.606299 
vn 0.952756 -0.220472 -0.220472 
vn 0.952756 -0.220472 -0.220472 
vn 0.952756 -0.220472 -0.220472 
vn -0.952756 -0.220472 -0.220472 
vn -0.952756 -0.220472 -0.220472 
vn -0.952756 -0.220472 -0.220472 
vn 0.425197 -0.220472 -0.88189 
vn 0.425197 -0.220472 -0.88189 
vn 0.425197 -0.220472 -0.88189 
vn -0.425197 -0.220472 -0.88189 
vn -0.425197 -0.220472 -0.88189 
vn -0.425197 -0.220472 -0.88189 
vn -0.370079 0.00787402 0.929134 
vn -0.370079 0.00787402 0.929134 
vn -0.417323 -0.0393701 0.905512 
vn -0.322835 0.125984 0.937008 
vn -0.314961 0.149606 0.937008 
vn -0.314961 0.149606 0.937008 
vn -0.314961 0.291339 0.905512 
vn -0.393701 0.409449 0.826772 
vn 0.370079 0.00787402 0.929134 
vn 0.417323 -0.0393701 0.905512 
vn 0.370079 0.00787402 0.929134 
vn 0.322835 0.125984 0.937008 
vn 0.314961 0.149606 0.937008 
vn 0.314961 0.291339 0.905512 
vn 0.314961 0.149606 0.937008 
vn 0.393701 0.409449 0.826772 
vn 0 -0.110236 0.992126 
vn 0 -0.110236 0.992126 
vn 0 -0.110236 0.992126 
vn 0 -0.110236 0.992126 
vn 0.787402 0 0.622047 
vn 0.787402 0.015748 0.622047 
vn 0.787402 0 0.622047 
vn 0.787402 0.015748 0.622047 
vn 0.787402 -0.00787402 0.614173 
vn 0.787402 -0.00787402 0.614173 
vn 0.787402 0.00787402 0.614173 
vn -0.787402 0 0.622047 
vn -0.787402 0.015748 0.622047 
vn -0.787402 0 0.622047 
vn -0.787402 0.015748 0.622047 
vn -0.787402 -0.00787402 0.614173 
vn -0.787402 -0.00787402 0.614173 
vn -0.787402 0.00787402 0.614173 
vn 0.976378 -0.015748 -0.228346 
vn 0.976378 -0.0314961 -0.228346 
vn 0.976378 -0.0314961 -0.228346 
vn 0.976378 -0.015748 -0.228346 
vn 0.968504 0.023622 -0.23622 
vn 0.968504 0.023622 -0.23622 
vn 0.968504 0.023622 -0.23622 
vn -0.976378 -0.015748 -0.228346 
vn -0.976378 -0.0314961 -0.228346 
vn -0.976378 -0.015748 -0.228346 
vn -0.976378 -0.0314961 -0.228346 
vn -0.968504 0.023622 -0.23622 
vn -0.968504 0.023622 -0.23622 
vn -0.968504 0.023622 -0.23622 
vn 0.433071 -0.0314961 -0.897638 
vn 0.433071 -0.015748 -0.897638 
vn 0.433071 -0.015748 -0.897638 
vn 0.433071 -0.0314961 -0.897638 
vn 0.433071 0.023622 -0.905512 
vn 0.433071 0.023622 -0.905512 
vn 0.433071 0.023622 -0.905512 
vn -0.433071 -0.0314961 -0.897638 
vn -0.433071 -0.015748 -0.897638 
vn -0.433071 -0.0314961 -0.897638 
vn -0.433071 -0.015748 -0.897638 
vn -0.433071 0.023622 -0.905512 
vn -0.433071 0.023622 -0.905512 
vn -0.433071 0.023622 -0.905512 

vt 0.836161 0.534765 
vt 0.829349 0.613329 
vt 0.836979 0.613329 
vt 0.829349 0.534765 
vt 0.822537 0.534765 
vt 0.821719 0.613329 
vt 0.774698 0.584645 
vt 0.767564 0.584645 
vt 0.77447 0.525676 
vt 0.77447 0.525676 
vt 0.760748 0.584645 
vt 0.774463 0.584897 
vt 0.774692 0.525928 
vt 0.781597 0.584897 
vt 0.774692 0.525928 
vt 0.788413 0.584897 
vt 0.859984 0.613329 
vt 0.848436 0.534765 
vt 0.850594 0.613329 
vt 0.856931 0.534765 
vt 0.798714 0.613329 
vt 0.810262 0.534765 
vt 0.801767 0.534765 
vt 0.808103 0.613329 
vt 0.787733 0.584645 
vt 0.781667 0.584645 
vt 0.77447 0.525676 
vt 0.774698 0.584645 
vt 0.761428 0.584897 
vt 0.774692 0.525928 
vt 0.767494 0.584897 
vt 0.774463 0.584897 
vt 0.767292 0.584632 
vt 0.760187 0.584632 
vt 0.774339 0.525663 
vt 0.774339 0.525663 
vt 0.774547 0.584632 
vt 0.781817 0.583931 
vt 0.77477 0.524963 
vt 0.788922 0.583931 
vt 0.774562 0.583931 
vt 0.77477 0.524963 
vt 0.774547 0.584632 
vt 0.774339 0.525663 
vt 0.781772 0.584632 
vt 0.787934 0.584632 
vt 0.762342 0.573268 
vt 0.774315 0.525124 
vt 0.768383 0.573268 
vt 0.774562 0.583931 
vt 0.767337 0.583931 
vt 0.77477 0.524963 
vt 0.761175 0.583931 
vt 0.787674 0.573521 
vt 0.781121 0.573521 
vt 0.774687 0.525377 
vt 0.863374 0.613329 
vt 0.859996 0.613329 
vt 0.856931 0.534765 
vt 0.859963 0.534765 
vt 0.798702 0.613329 
vt 0.795324 0.613329 
vt 0.801767 0.534765 
vt 0.798735 0.534765 
vt 0.780646 0.573268 
vt 0.774531 0.573268 
vt 0.774315 0.525124 
vt 0.785884 0.573268 
vt 0.774315 0.525124 
vt 0.774315 0.525124 
vt 0.774531 0.573268 
vt 0.768383 0.573268 
vt 0.767818 0.573521 
vt 0.774687 0.525377 
vt 0.774452 0.573521 
vt 0.762136 0.573521 
vt 0.774687 0.525377 
vt 0.774687 0.525377 
vt 0.781121 0.573521 
vt 0.774452 0.573521 
vt 0.836468 0.613329 
vt 0.848436 0.534765 
vt 0.850557 0.613329 
vt 0.837907 0.534765 
vt 0.82223 0.613329 
vt 0.810262 0.534765 
vt 0.820791 0.534765 
vt 0.808141 0.613329 
vt 0.774698 0.584645 
vt 0.774553 0.622236 
vt 0.767564 0.584645 
vt 0.774463 0.584897 
vt 0.781597 0.584897 
vt 0.774609 0.622488 
vt 0.774547 0.584632 
vt 0.774463 0.622223 
vt 0.767292 0.584632 
vt 0.774562 0.583931 
vt 0.781817 0.583931 
vt 0.774646 0.621523 
vt 0.774579 0.570727 
vt 0.784715 0.570727 
vt 0.774579 0.610409 
vt 0.774579 0.570727 
vt 0.774579 0.610409 
vt 0.764444 0.570727 
vt 0.7892 0.550792 
vt 0.784715 0.570727 
vt 0.774579 0.52614 
vt 0.759958 0.550792 
vt 0.774579 0.52614 
vt 0.764444 0.570727 
vt 0.774531 0.573268 
vt 0.774611 0.611282 
vt 0.768383 0.573268 
vt 0.774452 0.573521 
vt 0.781121 0.573521 
vt 0.774365 0.611535 
vt 0.774698 0.584645 
vt 0.781667 0.584645 
vt 0.774553 0.622236 
vt 0.787733 0.584645 
vt 0.787836 0.611009 
vt 0.774463 0.584897 
vt 0.774609 0.622488 
vt 0.767494 0.584897 
vt 0.761428 0.584897 
vt 0.761326 0.611261 
vt 0.787906 0.55828 
vt 0.787733 0.584645 
vt 0.77447 0.525676 
vt 0.761255 0.558532 
vt 0.774692 0.525928 
vt 0.761428 0.584897 
vt 0.788202 0.558267 
vt 0.787934 0.584632 
vt 0.774339 0.525663 
vt 0.774547 0.584632 
vt 0.781772 0.584632 
vt 0.774463 0.622223 
vt 0.787934 0.584632 
vt 0.788249 0.610996 
vt 0.760907 0.557567 
vt 0.77477 0.524963 
vt 0.761175 0.583931 
vt 0.774562 0.583931 
vt 0.774646 0.621523 
vt 0.767337 0.583931 
vt 0.761175 0.583931 
vt 0.76086 0.610296 
vt 0.774531 0.573268 
vt 0.780646 0.573268 
vt 0.774611 0.611282 
vt 0.785884 0.573268 
vt 0.786269 0.594792 
vt 0.774452 0.573521 
vt 0.774365 0.611535 
vt 0.767818 0.573521 
vt 0.762136 0.573521 
vt 0.761719 0.595046 
vt 0.760748 0.584645 
vt 0.761047 0.55828 
vt 0.77447 0.525676 
vt 0.788413 0.584897 
vt 0.774692 0.525928 
vt 0.788114 0.558532 
vt 0.786124 0.551743 
vt 0.785884 0.573268 
vt 0.774315 0.525124 
vt 0.761877 0.551996 
vt 0.774687 0.525377 
vt 0.762136 0.573521 
vt 0.760187 0.584632 
vt 0.760499 0.558267 
vt 0.774339 0.525663 
vt 0.788922 0.583931 
vt 0.77477 0.524963 
vt 0.78861 0.557567 
vt 0.762342 0.573268 
vt 0.762513 0.551743 
vt 0.774315 0.525124 
vt 0.787674 0.573521 
vt 0.774687 0.525377 
vt 0.787489 0.551996 
vt 0.774579 0.570727 
vt 0.774579 0.52614 
vt 0.784715 0.570727 
vt 0.774579 0.570727 
vt 0.764444 0.570727 
vt 0.774579 0.52614 
vt 0.829349 0.613329 
vt 0.836198 0.691893 
vt 0.836979 0.613329 
vt 0.829349 0.691893 
vt 0.8225 0.691893 
vt 0.821719 0.613329 
vt 0.856919 0.691893 
vt 0.859984 0.613329 
vt 0.848481 0.691893 
vt 0.850594 0.613329 
vt 0.801779 0.691893 
vt 0.810217 0.691893 
vt 0.798714 0.613329 
vt 0.808103 0.613329 
vt 0.836468 0.613329 
vt 0.850557 0.613329 
vt 0.848452 0.691893 
vt 0.838504 0.70912 
vt 0.82223 0.613329 
vt 0.810246 0.691893 
vt 0.808141 0.613329 
vt 0.820194 0.70912 
vt 0.85701 0.691893 
vt 0.863374 0.613329 
vt 0.860005 0.691893 
vt 0.859996 0.613329 
vt 0.801688 0.691893 
vt 0.795324 0.613329 
vt 0.798702 0.613329 
vt 0.798693 0.691893 
vt 0.767564 0.584645 
vt 0.760922 0.611009 
vt 0.760748 0.584645 
vt 0.781597 0.584897 
vt 0.788413 0.584897 
vt 0.78824 0.611261 
vt 0.774626 0.659823 
vt 0.774752 0.695321 
vt 0.771312 0.661935 
vt 0.768429 0.636975 
vt 0.774605 0.638982 
vt 0.774611 0.611282 
vt 0.762424 0.594792 
vt 0.774348 0.660077 
vt 0.777944 0.662188 
vt 0.774212 0.695574 
vt 0.781071 0.637228 
vt 0.774372 0.639235 
vt 0.774365 0.611535 
vt 0.787585 0.595046 
vt 0.774626 0.659823 
vt 0.778039 0.661935 
vt 0.774752 0.695321 
vt 0.780714 0.636975 
vt 0.774605 0.638982 
vt 0.774611 0.611282 
vt 0.786269 0.594792 
vt 0.774348 0.660077 
vt 0.774212 0.695574 
vt 0.770647 0.662188 
vt 0.767745 0.637228 
vt 0.774372 0.639235 
vt 0.774365 0.611535 
vt 0.761719 0.595046 
vt 0.767292 0.584632 
vt 0.76045 0.610996 
vt 0.760187 0.584632 
vt 0.781817 0.583931 
vt 0.788922 0.583931 
vt 0.78866 0.610296 
vt 0.768383 0.573268 
vt 0.762424 0.594792 
vt 0.762342 0.573268 
vt 0.778375 0.573521 
vt 0.784928 0.573521 
vt 0.784839 0.595046 
vt 0.774553 0.622236 
vt 0.760922 0.611009 
vt 0.767564 0.584645 
vt 0.774609 0.622488 
vt 0.781597 0.584897 
vt 0.78824 0.611261 
vt 0.774463 0.622223 
vt 0.76045 0.610996 
vt 0.767292 0.584632 
vt 0.774646 0.621523 
vt 0.781817 0.583931 
vt 0.78866 0.610296 
vt 0.774553 0.622236 
vt 0.781667 0.584645 
vt 0.787836 0.611009 
vt 0.774609 0.622488 
vt 0.761326 0.611261 
vt 0.767494 0.584897 
vt 0.774611 0.611282 
vt 0.762424 0.594792 
vt 0.768383 0.573268 
vt 0.774365 0.611535 
vt 0.781121 0.573521 
vt 0.787585 0.595046 
vt 0.774463 0.622223 
vt 0.781772 0.584632 
vt 0.788249 0.610996 
vt 0.774646 0.621523 
vt 0.76086 0.610296 
vt 0.767337 0.583931 
vt 0.774611 0.611282 
vt 0.780646 0.573268 
vt 0.786269 0.594792 
vt 0.774365 0.611535 
vt 0.761719 0.595046 
vt 0.767818 0.573521 
vt 0.760922 0.611009 
vt 0.774553 0.622236 
vt 0.765476 0.632222 
vt 0.774616 0.63962 
vt 0.783685 0.632473 
vt 0.774609 0.622488 
vt 0.78824 0.611261 
vt 0.774545 0.639872 
vt 0.774579 0.687251 
vt 0.777282 0.686885 
vt 0.774579 0.718696 
vt 0.779783 0.660359 
vt 0.774579 0.656745 
vt 0.784033 0.624 
vt 0.774579 0.656745 
vt 0.774579 0.610409 
vt 0.790133 0.595032 
vt 0.774579 0.687251 
vt 0.774579 0.718696 
vt 0.771877 0.686885 
vt 0.769375 0.660359 
vt 0.774579 0.656745 
vt 0.765125 0.624 
vt 0.774579 0.610409 
vt 0.774579 0.656745 
vt 0.759025 0.595032 
vt 0.76045 0.610996 
vt 0.774463 0.622223 
vt 0.765312 0.632208 
vt 0.77458 0.639607 
vt 0.783797 0.631508 
vt 0.774646 0.621523 
vt 0.78866 0.610296 
vt 0.774529 0.638907 
vt 0.774553 0.622236 
vt 0.787836 0.611009 
vt 0.783416 0.632222 
vt 0.774616 0.63962 
vt 0.774545 0.639872 
vt 0.765746 0.632473 
vt 0.774609 0.622488 
vt 0.761326 0.611261 
vt 0.774463 0.622223 
vt 0.788249 0.610996 
vt 0.783819 0.632208 
vt 0.77458 0.639607 
vt 0.774529 0.638907 
vt 0.76529 0.631508 
vt 0.774646 0.621523 
vt 0.76086 0.610296 
vt 0.774579 0.610409 
vt 0.784715 0.570727 
vt 0.790133 0.595032 
vt 0.774579 0.610409 
vt 0.759025 0.595032 
vt 0.764444 0.570727 
vt 0.774668 0.66196 
vt 0.774678 0.698634 
vt 0.769996 0.657499 
vt 0.774616 0.63962 
vt 0.769996 0.657499 
vt 0.765476 0.632222 
vt 0.774493 0.662212 
vt 0.779165 0.65775 
vt 0.774483 0.698886 
vt 0.774545 0.639872 
vt 0.779165 0.65775 
vt 0.783685 0.632473 
vt 0.774697 0.661947 
vt 0.774822 0.698621 
vt 0.769992 0.657485 
vt 0.77458 0.639607 
vt 0.769992 0.657485 
vt 0.765312 0.632208 
vt 0.774412 0.661247 
vt 0.779117 0.656785 
vt 0.774287 0.697921 
vt 0.774529 0.638907 
vt 0.779117 0.656785 
vt 0.783797 0.631508 
vt 0.774668 0.66196 
vt 0.779181 0.657499 
vt 0.774678 0.698634 
vt 0.774616 0.63962 
vt 0.779181 0.657499 
vt 0.783416 0.632222 
vt 0.774493 0.662212 
vt 0.774483 0.698886 
vt 0.76998 0.65775 
vt 0.774545 0.639872 
vt 0.76998 0.65775 
vt 0.765746 0.632473 
vt 0.774697 0.661947 
vt 0.779469 0.657485 
vt 0.774822 0.698621 
vt 0.77458 0.639607 
vt 0.779469 0.657485 
vt 0.783819 0.632208 
vt 0.774412 0.661247 
vt 0.774287 0.697921 
vt 0.76964 0.656785 
vt 0.774529 0.638907 
vt 0.76964 0.656785 
vt 0.76529 0.631508 
vt 0.856931 0.534765 
vt 0.859963 0.534765 
vt 0.85316 0.534765 
vt 0.856931 0.534765 
vt 0.850802 0.534765 
vt 0.850802 0.534765 
vt 0.844195 0.534765 
vt 0.844195 0.534765 
vt 0.848436 0.534765 
vt 0.848436 0.534765 
vt 0.834647 0.534765 
vt 0.837907 0.534765 
vt 0.836161 0.534765 
vt 0.834647 0.534765 
vt 0.829349 0.534765 
vt 0.829349 0.534765 
vt 0.829349 0.534765 
vt 0.829349 0.534765 
vt 0.82405 0.534765 
vt 0.82405 0.534765 
vt 0.822537 0.534765 
vt 0.820791 0.534765 
vt 0.810262 0.534765 
vt 0.814503 0.534765 
vt 0.814503 0.534765 
vt 0.810262 0.534765 
vt 0.801767 0.534765 
vt 0.801767 0.534765 
vt 0.807896 0.534765 
vt 0.807896 0.534765 
vt 0.805538 0.534765 
vt 0.798735 0.534765 
vt 0.856919 0.691893 
vt 0.85316 0.691893 
vt 0.860005 0.691893 
vt 0.85701 0.691893 
vt 0.850802 0.691893 
vt 0.848481 0.691893 
vt 0.844195 0.691893 
vt 0.850802 0.691893 
vt 0.848452 0.691893 
vt 0.844195 0.691893 
vt 0.836198 0.691893 
vt 0.844195 0.691893 
vt 0.848481 0.691893 
vt 0.834647 0.691893 
vt 0.829349 0.691893 
vt 0.834647 0.691893 
vt 0.829349 0.691893 
vt 0.836198 0.691893 
vt 0.82405 0.691893 
vt 0.8225 0.691893 
vt 0.805538 0.691893 
vt 0.801779 0.691893 
vt 0.798693 0.691893 
vt 0.801688 0.691893 
vt 0.807896 0.691893 
vt 0.810217 0.691893 
vt 0.814503 0.691893 
vt 0.807896 0.691893 
vt 0.810246 0.691893 
vt 0.814503 0.691893 
vt 0.8225 0.691893 
vt 0.814503 0.691893 
vt 0.82405 0.691893 
vt 0.810217 0.691893 
vt 0.844195 0.691893 
vt 0.838504 0.70912 
vt 0.848452 0.691893 
vt 0.834647 0.691893 
vt 0.814503 0.691893 
vt 0.810246 0.691893 
vt 0.820194 0.70912 
vt 0.82405 0.691893 
vt 0.834647 0.691893 
vt 0.829349 0.722287 
vt 0.838504 0.70912 
vt 0.829349 0.691893 
vt 0.82405 0.691893 
vt 0.829349 0.722287 
vt 0.820194 0.70912 
vt 0.829349 0.534765 
vt 0.83389 0.613329 
vt 0.834647 0.534765 
vt 0.829349 0.613329 
vt 0.824807 0.613329 
vt 0.82405 0.534765 
vt 0.834647 0.534765 
vt 0.842074 0.613329 
vt 0.844195 0.534765 
vt 0.83389 0.613329 
vt 0.82405 0.534765 
vt 0.816624 0.613329 
vt 0.824807 0.613329 
vt 0.814503 0.534765 
vt 0.844195 0.534765 
vt 0.842074 0.613329 
vt 0.850802 0.534765 
vt 0.847737 0.613329 
vt 0.814503 0.534765 
vt 0.807896 0.534765 
vt 0.816624 0.613329 
vt 0.810961 0.613329 
vt 0.850802 0.534765 
vt 0.847737 0.613329 
vt 0.85316 0.534765 
vt 0.849758 0.613329 
vt 0.807896 0.534765 
vt 0.805538 0.534765 
vt 0.810961 0.613329 
vt 0.80894 0.613329 
vt 0.85316 0.534765 
vt 0.847737 0.613329 
vt 0.850802 0.534765 
vt 0.849758 0.613329 
vt 0.805538 0.534765 
vt 0.810961 0.613329 
vt 0.80894 0.613329 
vt 0.807896 0.534765 
vt 0.850802 0.534765 
vt 0.842074 0.613329 
vt 0.844195 0.534765 
vt 0.847737 0.613329 
vt 0.807896 0.534765 
vt 0.816624 0.613329 
vt 0.810961 0.613329 
vt 0.814503 0.534765 
vt 0.83389 0.613329 
vt 0.834647 0.534765 
vt 0.842074 0.613329 
vt 0.844195 0.534765 
vt 0.824807 0.613329 
vt 0.816624 0.613329 
vt 0.82405 0.534765 
vt 0.814503 0.534765 
vt 0.83389 0.613329 
vt 0.829349 0.534765 
vt 0.834647 0.534765 
vt 0.829349 0.613329 
vt 0.824807 0.613329 
vt 0.82405 0.534765 
vt 0.790133 0.595032 
vt 0.774579 0.634914 
vt 0.784033 0.624 
vt 0.759025 0.595032 
vt 0.765125 0.624 
vt 0.774579 0.634914 
vt 0.83389 0.613329 
vt 0.829349 0.691893 
vt 0.834647 0.691893 
vt 0.829349 0.613329 
vt 0.824807 0.613329 
vt 0.82405 0.691893 
vt 0.842074 0.613329 
vt 0.83389 0.613329 
vt 0.834647 0.691893 
vt 0.844195 0.691893 
vt 0.816624 0.613329 
vt 0.82405 0.691893 
vt 0.824807 0.613329 
vt 0.814503 0.691893 
vt 0.842074 0.613329 
vt 0.850802 0.691893 
vt 0.847737 0.613329 
vt 0.844195 0.691893 
vt 0.816624 0.613329 
vt 0.807896 0.691893 
vt 0.814503 0.691893 
vt 0.810961 0.613329 
vt 0.847737 0.613329 
vt 0.85316 0.691893 
vt 0.849758 0.613329 
vt 0.850802 0.691893 
vt 0.810961 0.613329 
vt 0.805538 0.691893 
vt 0.807896 0.691893 
vt 0.80894 0.613329 
vt 0.849758 0.613329 
vt 0.85316 0.691893 
vt 0.847737 0.613329 
vt 0.850802 0.691893 
vt 0.810961 0.613329 
vt 0.805538 0.691893 
vt 0.80894 0.613329 
vt 0.807896 0.691893 
vt 0.847737 0.613329 
vt 0.850802 0.691893 
vt 0.842074 0.613329 
vt 0.844195 0.691893 
vt 0.810961 0.613329 
vt 0.816624 0.613329 
vt 0.807896 0.691893 
vt 0.814503 0.691893 
vt 0.834647 0.691893 
vt 0.842074 0.613329 
vt 0.844195 0.691893 
vt 0.83389 0.613329 
vt 0.816624 0.613329 
vt 0.82405 0.691893 
vt 0.814503 0.691893 
vt 0.824807 0.613329 
vt 0.829349 0.691893 
vt 0.83389 0.613329 
vt 0.834647 0.691893 
vt 0.829349 0.613329 
vt 0.824807 0.613329 
vt 0.82405 0.691893 
vt 0.790133 0.595032 
vt 0.774579 0.598373 
vt 0.774579 0.634914 
vt 0.759025 0.595032 
vt 0.774579 0.634914 
vt 0.774579 0.598373 
vt 0.762513 0.551743 
vt 0.786124 0.551743 
vt 0.774315 0.525124 
vt 0.787489 0.551996 
vt 0.774687 0.525377 
vt 0.761877 0.551996 
vt 0.760499 0.558267 
vt 0.788202 0.558267 
vt 0.774339 0.525663 
vt 0.78861 0.557567 
vt 0.77477 0.524963 
vt 0.760907 0.557567 
vt 0.761047 0.55828 
vt 0.787906 0.55828 
vt 0.77447 0.525676 
vt 0.788114 0.558532 
vt 0.774692 0.525928 
vt 0.761255 0.558532 
vt 0.777282 0.686885 
vt 0.774579 0.686212 
vt 0.774579 0.718696 
vt 0.774579 0.661569 
vt 0.779783 0.660359 
vt 0.779783 0.660359 
vt 0.774579 0.634914 
vt 0.784033 0.624 
vt 0.771877 0.686885 
vt 0.774579 0.718696 
vt 0.774579 0.686212 
vt 0.774579 0.661569 
vt 0.769375 0.660359 
vt 0.774579 0.634914 
vt 0.769375 0.660359 
vt 0.765125 0.624 
vt 0.774579 0.52614 
vt 0.774579 0.550792 
vt 0.7892 0.550792 
vt 0.759958 0.550792 
vt 0.780714 0.636975 
vt 0.762424 0.594792 
vt 0.768429 0.636975 
vt 0.786269 0.594792 
vt 0.771312 0.661935 
vt 0.778039 0.661935 
vt 0.774752 0.695321 
vt 0.781071 0.637228 
vt 0.787585 0.595046 
vt 0.767745 0.637228 
vt 0.761719 0.595046 
vt 0.777944 0.662188 
vt 0.770647 0.662188 
vt 0.774212 0.695574 
vt 0.765312 0.632208 
vt 0.788249 0.610996 
vt 0.76045 0.610996 
vt 0.783819 0.632208 
vt 0.769992 0.657485 
vt 0.779469 0.657485 
vt 0.774822 0.698621 
vt 0.783797 0.631508 
vt 0.76086 0.610296 
vt 0.76529 0.631508 
vt 0.78866 0.610296 
vt 0.779117 0.656785 
vt 0.76964 0.656785 
vt 0.774287 0.697921 
vt 0.787836 0.611009 
vt 0.765476 0.632222 
vt 0.783416 0.632222 
vt 0.760922 0.611009 
vt 0.769996 0.657499 
vt 0.779181 0.657499 
vt 0.774678 0.698634 
vt 0.761326 0.611261 
vt 0.783685 0.632473 
vt 0.78824 0.611261 
vt 0.765746 0.632473 
vt 0.779165 0.65775 
vt 0.76998 0.65775 
vt 0.774483 0.698886 

usemtl Handle1Mtl

f 5851/5851/5851 5852/5852/5852 5853/5853/5853 
f 5852/5852/5852 5851/5851/5851 5854/5854/5854 
f 5855/5855/5855 5852/5852/5852 5854/5854/5854 
f 5852/5852/5852 5855/5855/5855 5856/5856/5856 
f 5857/5857/5857 5858/5858/5858 5859/5859/5859 
f 5860/5860/5860 5858/5858/5858 5861/5861/5861 
f 5862/5862/5862 5863/5863/5863 5864/5864/5864 
f 5865/5865/5865 5866/5866/5866 5864/5864/5864 
f 5867/5867/5867 5868/5868/5868 5869/5869/5869 
f 5868/5868/5868 5867/5867/5867 5870/5870/5870 
f 5871/5871/5871 5872/5872/5872 5873/5873/5873 
f 5872/5872/5872 5871/5871/5871 5874/5874/5874 
f 5875/5875/5875 5876/5876/5876 5877/5877/5877 
f 5876/5876/5876 5878/5878/5878 5877/5877/5877 
f 5879/5879/5879 5880/5880/5880 5881/5881/5881 
f 5881/5881/5881 5880/5880/5880 5882/5882/5882 
f 5883/5883/5883 5884/5884/5884 5885/5885/5885 
f 5883/5883/5883 5886/5886/5886 5887/5887/5887 
f 5888/5888/5888 5889/5889/5889 5890/5890/5890 
f 5888/5888/5888 5891/5891/5891 5892/5892/5892 
f 5893/5893/5893 5894/5894/5894 5895/5895/5895 
f 5896/5896/5896 5895/5895/5895 5894/5894/5894 
f 5897/5897/5897 5898/5898/5898 5899/5899/5899 
f 5900/5900/5900 5901/5901/5901 5902/5902/5902 
f 5903/5903/5903 5902/5902/5902 5901/5901/5901 
f 5904/5904/5904 5905/5905/5905 5906/5906/5906 
f 5907/5907/5907 5908/5908/5908 5909/5909/5909 
f 5909/5909/5909 5910/5910/5910 5907/5907/5907 
f 5911/5911/5911 5912/5912/5912 5913/5913/5913 
f 5913/5913/5913 5912/5912/5912 5914/5914/5914 
f 5915/5915/5915 5916/5916/5916 5917/5917/5917 
f 5918/5918/5918 5915/5915/5915 5919/5919/5919 
f 5920/5920/5920 5921/5921/5921 5922/5922/5922 
f 5923/5923/5923 5924/5924/5924 5925/5925/5925 
f 5926/5926/5926 5927/5927/5927 5923/5923/5923 
f 5928/5928/5928 5929/5929/5929 5930/5930/5930 
f 5931/5931/5931 5932/5932/5932 5933/5933/5933 
f 5932/5932/5932 5931/5931/5931 5934/5934/5934 
f 5935/5935/5935 5936/5936/5936 5937/5937/5937 
f 5936/5936/5936 5935/5935/5935 5938/5938/5938 
f 5939/5939/5939 5940/5940/5940 5941/5941/5941 
f 5942/5942/5942 5943/5943/5943 5944/5944/5944 
f 5945/5945/5945 5946/5946/5946 5947/5947/5947 
f 5948/5948/5948 5949/5949/5949 5950/5950/5950 
f 5951/5951/5951 5952/5952/5952 5953/5953/5953 
f 5954/5954/5954 5955/5955/5955 5956/5956/5956 
f 5957/5957/5957 5958/5958/5958 5959/5959/5959 
f 5960/5960/5960 5961/5961/5961 5962/5962/5962 
f 5963/5963/5963 5964/5964/5964 5965/5965/5965 
f 5966/5966/5966 5967/5967/5967 5968/5968/5968 
f 5969/5969/5969 5970/5970/5970 5971/5971/5971 
f 5972/5972/5972 5973/5973/5973 5970/5970/5970 
f 5974/5974/5974 5975/5975/5975 5976/5976/5976 
f 5977/5977/5977 5976/5976/5976 5978/5978/5978 
f 5979/5979/5979 5980/5980/5980 5981/5981/5981 
f 5982/5982/5982 5983/5983/5983 5984/5984/5984 
f 5985/5985/5985 5986/5986/5986 5987/5987/5987 
f 5988/5988/5988 5989/5989/5989 5990/5990/5990 
f 5991/5991/5991 5992/5992/5992 5989/5989/5989 
f 5993/5993/5993 5994/5994/5994 5995/5995/5995 
f 5996/5996/5996 5997/5997/5997 5998/5998/5998 
f 5999/5999/5999 5998/5998/5998 6000/6000/6000 
f 6001/6001/6001 6002/6002/6002 6003/6003/6003 
f 6004/6004/6004 6005/6005/6005 6002/6002/6002 
f 6006/6006/6006 6007/6007/6007 6008/6008/6008 
f 6009/6009/6009 6008/6008/6008 6010/6010/6010 
f 6011/6011/6011 6012/6012/6012 6013/6013/6013 
f 6014/6014/6014 6015/6015/6015 6016/6016/6016 
f 6017/6017/6017 6018/6018/6018 6019/6019/6019 
f 6020/6020/6020 6021/6021/6021 6022/6022/6022 
f 6023/6023/6023 6024/6024/6024 6025/6025/6025 
f 6026/6026/6026 6027/6027/6027 6028/6028/6028 
f 6029/6029/6029 6030/6030/6030 6031/6031/6031 
f 6032/6032/6032 6033/6033/6033 6034/6034/6034 
f 6035/6035/6035 6036/6036/6036 6037/6037/6037 
f 6038/6038/6038 6039/6039/6039 6040/6040/6040 
f 6041/6041/6041 6042/6042/6042 6043/6043/6043 
f 6042/6042/6042 6041/6041/6041 6044/6044/6044 
f 6041/6041/6041 6045/6045/6045 6044/6044/6044 
f 6041/6041/6041 6046/6046/6046 6045/6045/6045 
f 6047/6047/6047 6048/6048/6048 6049/6049/6049 
f 6048/6048/6048 6050/6050/6050 6049/6049/6049 
f 6051/6051/6051 6052/6052/6052 6053/6053/6053 
f 6054/6054/6054 6053/6053/6053 6052/6052/6052 
f 6055/6055/6055 6056/6056/6056 6057/6057/6057 
f 6055/6055/6055 6057/6057/6057 6058/6058/6058 
f 6059/6059/6059 6060/6060/6060 6061/6061/6061 
f 6060/6060/6060 6059/6059/6059 6062/6062/6062 
f 6063/6063/6063 6064/6064/6064 6065/6065/6065 
f 6064/6064/6064 6063/6063/6063 6066/6066/6066 
f 6067/6067/6067 6068/6068/6068 6069/6069/6069 
f 6068/6068/6068 6067/6067/6067 6070/6070/6070 
f 6071/6071/6071 6072/6072/6072 6073/6073/6073 
f 6074/6074/6074 6075/6075/6075 6076/6076/6076 
f 6077/6077/6077 6078/6078/6078 6079/6079/6079 
f 6080/6080/6080 6077/6077/6077 6079/6079/6079 
f 6077/6077/6077 6080/6080/6080 6081/6081/6081 
f 6080/6080/6080 6082/6082/6082 6081/6081/6081 
f 6080/6080/6080 6083/6083/6083 6082/6082/6082 
f 6084/6084/6084 6085/6085/6085 6086/6086/6086 
f 6084/6084/6084 6087/6087/6087 6085/6085/6085 
f 6087/6087/6087 6084/6084/6084 6088/6088/6088 
f 6089/6089/6089 6087/6087/6087 6088/6088/6088 
f 6089/6089/6089 6090/6090/6090 6087/6087/6087 
f 6091/6091/6091 6092/6092/6092 6093/6093/6093 
f 6091/6091/6091 6094/6094/6094 6092/6092/6092 
f 6094/6094/6094 6091/6091/6091 6095/6095/6095 
f 6095/6095/6095 6096/6096/6096 6094/6094/6094 
f 6096/6096/6096 6097/6097/6097 6094/6094/6094 
f 6098/6098/6098 6099/6099/6099 6100/6100/6100 
f 6101/6101/6101 6098/6098/6098 6100/6100/6100 
f 6098/6098/6098 6101/6101/6101 6102/6102/6102 
f 6101/6101/6101 6103/6103/6103 6102/6102/6102 
f 6103/6103/6103 6101/6101/6101 6104/6104/6104 
f 6105/6105/6105 6106/6106/6106 6107/6107/6107 
f 6108/6108/6108 6109/6109/6109 6110/6110/6110 
f 6111/6111/6111 6112/6112/6112 6113/6113/6113 
f 6114/6114/6114 6115/6115/6115 6116/6116/6116 
f 6117/6117/6117 6118/6118/6118 6119/6119/6119 
f 6120/6120/6120 6121/6121/6121 6122/6122/6122 
f 6123/6123/6123 6124/6124/6124 6125/6125/6125 
f 6126/6126/6126 6127/6127/6127 6128/6128/6128 
f 6129/6129/6129 6130/6130/6130 6131/6131/6131 
f 6132/6132/6132 6133/6133/6133 6134/6134/6134 
f 6135/6135/6135 6136/6136/6136 6137/6137/6137 
f 6138/6138/6138 6139/6139/6139 6140/6140/6140 
f 6141/6141/6141 6142/6142/6142 6143/6143/6143 
f 6144/6144/6144 6145/6145/6145 6146/6146/6146 
f 6147/6147/6147 6148/6148/6148 6149/6149/6149 
f 6150/6150/6150 6151/6151/6151 6152/6152/6152 
f 6153/6153/6153 6154/6154/6154 6155/6155/6155 
f 6154/6154/6154 6156/6156/6156 6155/6155/6155 
f 6157/6157/6157 6158/6158/6158 6159/6159/6159 
f 6158/6158/6158 6157/6157/6157 6160/6160/6160 
f 6161/6161/6161 6162/6162/6162 6163/6163/6163 
f 6161/6161/6161 6164/6164/6164 6162/6162/6162 
f 6164/6164/6164 6161/6161/6161 6165/6165/6165 
f 6165/6165/6165 6166/6166/6166 6164/6164/6164 
f 6166/6166/6166 6167/6167/6167 6168/6168/6168 
f 6168/6168/6168 6169/6169/6169 6166/6166/6166 
f 6170/6170/6170 6171/6171/6171 6172/6172/6172 
f 6173/6173/6173 6170/6170/6170 6172/6172/6172 
f 6170/6170/6170 6173/6173/6173 6174/6174/6174 
f 6174/6174/6174 6173/6173/6173 6175/6175/6175 
f 6175/6175/6175 6176/6176/6176 6177/6177/6177 
f 6176/6176/6176 6175/6175/6175 6178/6178/6178 
f 6179/6179/6179 6180/6180/6180 6181/6181/6181 
f 6180/6180/6180 6182/6182/6182 6181/6181/6181 
f 6183/6183/6183 6184/6184/6184 6185/6185/6185 
f 6184/6184/6184 6183/6183/6183 6186/6186/6186 
f 6187/6187/6187 6188/6188/6188 6189/6189/6189 
f 6187/6187/6187 6189/6189/6189 6190/6190/6190 
f 6191/6191/6191 6192/6192/6192 6193/6193/6193 
f 6194/6194/6194 6193/6193/6193 6192/6192/6192 
f 6195/6195/6195 6196/6196/6196 6197/6197/6197 
f 6195/6195/6195 6197/6197/6197 6198/6198/6198 
f 6199/6199/6199 6200/6200/6200 6201/6201/6201 
f 6202/6202/6202 6201/6201/6201 6200/6200/6200 
f 6203/6203/6203 6204/6204/6204 6205/6205/6205 
f 6206/6206/6206 6207/6207/6207 6208/6208/6208 
f 6209/6209/6209 6210/6210/6210 6211/6211/6211 
f 6212/6212/6212 6209/6209/6209 6213/6213/6213 
f 6213/6213/6213 6214/6214/6214 6212/6212/6212 
f 6215/6215/6215 6216/6216/6216 6217/6217/6217 
f 6218/6218/6218 6219/6219/6219 6215/6215/6215 
f 6219/6219/6219 6218/6218/6218 6220/6220/6220 
f 6221/6221/6221 6222/6222/6222 6223/6223/6223 
f 6224/6224/6224 6221/6221/6221 6225/6225/6225 
f 6225/6225/6225 6226/6226/6226 6224/6224/6224 
f 6227/6227/6227 6228/6228/6228 6229/6229/6229 
f 6230/6230/6230 6231/6231/6231 6227/6227/6227 
f 6231/6231/6231 6230/6230/6230 6232/6232/6232 
f 6233/6233/6233 6234/6234/6234 6235/6235/6235 
f 6236/6236/6236 6237/6237/6237 6233/6233/6233 
f 6238/6238/6238 6237/6237/6237 6236/6236/6236 
f 6239/6239/6239 6240/6240/6240 6241/6241/6241 
f 6242/6242/6242 6239/6239/6239 6243/6243/6243 
f 6244/6244/6244 6242/6242/6242 6243/6243/6243 
f 6245/6245/6245 6246/6246/6246 6247/6247/6247 
f 6248/6248/6248 6249/6249/6249 6245/6245/6245 
f 6250/6250/6250 6249/6249/6249 6248/6248/6248 
f 6251/6251/6251 6252/6252/6252 6253/6253/6253 
f 6254/6254/6254 6251/6251/6251 6255/6255/6255 
f 6256/6256/6256 6254/6254/6254 6255/6255/6255 
f 6257/6257/6257 6258/6258/6258 6259/6259/6259 
f 6260/6260/6260 6259/6259/6259 6258/6258/6258 
f 6257/6257/6257 6259/6259/6259 6261/6261/6261 
f 6259/6259/6259 6260/6260/6260 6262/6262/6262 
f 6263/6263/6263 6257/6257/6257 6261/6261/6261 
f 6260/6260/6260 6264/6264/6264 6262/6262/6262 
f 6257/6257/6257 6263/6263/6263 6265/6265/6265 
f 6264/6264/6264 6260/6260/6260 6266/6266/6266 
f 6267/6267/6267 6265/6265/6265 6263/6263/6263 
f 6268/6268/6268 6264/6264/6264 6266/6266/6266 
f 6265/6265/6265 6267/6267/6267 6269/6269/6269 
f 6264/6264/6264 6268/6268/6268 6270/6270/6270 
f 6267/6267/6267 6271/6271/6271 6269/6269/6269 
f 6268/6268/6268 6272/6272/6272 6270/6270/6270 
f 6271/6271/6271 6267/6267/6267 6273/6273/6273 
f 6270/6270/6270 6272/6272/6272 6274/6274/6274 
f 6275/6275/6275 6271/6271/6271 6273/6273/6273 
f 6272/6272/6272 6276/6276/6276 6274/6274/6274 
f 6271/6271/6271 6275/6275/6275 6277/6277/6277 
f 6272/6272/6272 6278/6278/6278 6276/6276/6276 
f 6275/6275/6275 6279/6279/6279 6277/6277/6277 
f 6278/6278/6278 6280/6280/6280 6276/6276/6276 
f 6279/6279/6279 6275/6275/6275 6281/6281/6281 
f 6280/6280/6280 6278/6278/6278 6282/6282/6282 
f 6281/6281/6281 6283/6283/6283 6279/6279/6279 
f 6280/6280/6280 6282/6282/6282 6284/6284/6284 
f 6283/6283/6283 6281/6281/6281 6285/6285/6285 
f 6286/6286/6286 6280/6280/6280 6284/6284/6284 
f 6287/6287/6287 6283/6283/6283 6285/6285/6285 
f 6284/6284/6284 6287/6287/6287 6286/6286/6286 
f 6288/6288/6288 6283/6283/6283 6287/6287/6287 
f 6287/6287/6287 6284/6284/6284 6288/6288/6288 
f 6289/6289/6289 6290/6290/6290 6291/6291/6291 
f 6292/6292/6292 6291/6291/6291 6290/6290/6290 
f 6290/6290/6290 6289/6289/6289 6293/6293/6293 
f 6294/6294/6294 6293/6293/6293 6289/6289/6289 
f 6293/6293/6293 6294/6294/6294 6295/6295/6295 
f 6290/6290/6290 6296/6296/6296 6292/6292/6292 
f 6296/6296/6296 6297/6297/6297 6292/6292/6292 
f 6297/6297/6297 6296/6296/6296 6298/6298/6298 
f 6299/6299/6299 6300/6300/6300 6301/6301/6301 
f 6300/6300/6300 6299/6299/6299 6302/6302/6302 
f 6303/6303/6303 6304/6304/6304 6305/6305/6305 
f 6304/6304/6304 6306/6306/6306 6305/6305/6305 
f 6303/6303/6303 6305/6305/6305 6307/6307/6307 
f 6307/6307/6307 6305/6305/6305 6308/6308/6308 
f 6309/6309/6309 6310/6310/6310 6311/6311/6311 
f 6312/6312/6312 6309/6309/6309 6311/6311/6311 
f 6310/6310/6310 6309/6309/6309 6313/6313/6313 
f 6313/6313/6313 6314/6314/6314 6310/6310/6310 
f 6314/6314/6314 6313/6313/6313 6315/6315/6315 
f 6309/6309/6309 6312/6312/6312 6316/6316/6316 
f 6317/6317/6317 6316/6316/6316 6312/6312/6312 
f 6316/6316/6316 6317/6317/6317 6318/6318/6318 
f 6319/6319/6319 6320/6320/6320 6321/6321/6321 
f 6320/6320/6320 6319/6319/6319 6322/6322/6322 
f 6323/6323/6323 6324/6324/6324 6325/6325/6325 
f 6324/6324/6324 6323/6323/6323 6326/6326/6326 
f 6327/6327/6327 6328/6328/6328 6329/6329/6329 
f 6327/6327/6327 6329/6329/6329 6330/6330/6330 
f 6331/6331/6331 6332/6332/6332 6333/6333/6333 
f 6332/6332/6332 6331/6331/6331 6334/6334/6334 
f 6335/6335/6335 6336/6336/6336 6334/6334/6334 
f 6336/6336/6336 6335/6335/6335 6337/6337/6337 
f 6338/6338/6338 6339/6339/6339 6340/6340/6340 
f 6339/6339/6339 6338/6338/6338 6341/6341/6341 
f 6338/6338/6338 6342/6342/6342 6341/6341/6341 
f 6338/6338/6338 6343/6343/6343 6342/6342/6342 
f 6344/6344/6344 6345/6345/6345 6346/6346/6346 
f 6345/6345/6345 6344/6344/6344 6347/6347/6347 
f 6348/6348/6348 6349/6349/6349 6350/6350/6350 
f 6349/6349/6349 6348/6348/6348 6351/6351/6351 
f 6352/6352/6352 6353/6353/6353 6354/6354/6354 
f 6353/6353/6353 6355/6355/6355 6354/6354/6354 
f 6356/6356/6356 6357/6357/6357 6358/6358/6358 
f 6358/6358/6358 6357/6357/6357 6359/6359/6359 
f 6360/6360/6360 6361/6361/6361 6362/6362/6362 
f 6361/6361/6361 6363/6363/6363 6362/6362/6362 
f 6364/6364/6364 6365/6365/6365 6366/6366/6366 
f 6366/6366/6366 6365/6365/6365 6367/6367/6367 
f 6368/6368/6368 6369/6369/6369 6370/6370/6370 
f 6369/6369/6369 6368/6368/6368 6371/6371/6371 
f 6372/6372/6372 6373/6373/6373 6374/6374/6374 
f 6373/6373/6373 6372/6372/6372 6375/6375/6375 
f 6376/6376/6376 6377/6377/6377 6378/6378/6378 
f 6377/6377/6377 6376/6376/6376 6379/6379/6379 
f 6380/6380/6380 6381/6381/6381 6382/6382/6382 
f 6381/6381/6381 6380/6380/6380 6383/6383/6383 
f 6384/6384/6384 6385/6385/6385 6386/6386/6386 
f 6386/6386/6386 6385/6385/6385 6387/6387/6387 
f 6388/6388/6388 6389/6389/6389 6390/6390/6390 
f 6389/6389/6389 6391/6391/6391 6390/6390/6390 
f 6392/6392/6392 6393/6393/6393 6394/6394/6394 
f 6393/6393/6393 6392/6392/6392 6395/6395/6395 
f 6396/6396/6396 6393/6393/6393 6395/6395/6395 
f 6393/6393/6393 6396/6396/6396 6397/6397/6397 
f 6398/6398/6398 6399/6399/6399 6400/6400/6400 
f 6401/6401/6401 6402/6402/6402 6403/6403/6403 
f 6404/6404/6404 6405/6405/6405 6406/6406/6406 
f 6405/6405/6405 6404/6404/6404 6407/6407/6407 
f 6408/6408/6408 6405/6405/6405 6407/6407/6407 
f 6405/6405/6405 6408/6408/6408 6409/6409/6409 
f 6410/6410/6410 6411/6411/6411 6412/6412/6412 
f 6412/6412/6412 6413/6413/6413 6410/6410/6410 
f 6414/6414/6414 6415/6415/6415 6416/6416/6416 
f 6415/6415/6415 6414/6414/6414 6417/6417/6417 
f 6418/6418/6418 6419/6419/6419 6420/6420/6420 
f 6419/6419/6419 6418/6418/6418 6421/6421/6421 
f 6422/6422/6422 6423/6423/6423 6424/6424/6424 
f 6423/6423/6423 6422/6422/6422 6425/6425/6425 
f 6426/6426/6426 6427/6427/6427 6428/6428/6428 
f 6427/6427/6427 6426/6426/6426 6429/6429/6429 
f 6430/6430/6430 6431/6431/6431 6432/6432/6432 
f 6431/6431/6431 6430/6430/6430 6433/6433/6433 
f 6434/6434/6434 6435/6435/6435 6436/6436/6436 
f 6435/6435/6435 6437/6437/6437 6436/6436/6436 
f 6438/6438/6438 6439/6439/6439 6440/6440/6440 
f 6439/6439/6439 6438/6438/6438 6441/6441/6441 
f 6442/6442/6442 6443/6443/6443 6444/6444/6444 
f 6443/6443/6443 6445/6445/6445 6444/6444/6444 
f 6446/6446/6446 6447/6447/6447 6448/6448/6448 
f 6449/6449/6449 6448/6448/6448 6447/6447/6447 
f 6450/6450/6450 6451/6451/6451 6452/6452/6452 
f 6451/6451/6451 6450/6450/6450 6453/6453/6453 
f 6454/6454/6454 6455/6455/6455 6456/6456/6456 
f 6455/6455/6455 6454/6454/6454 6457/6457/6457 
f 6458/6458/6458 6459/6459/6459 6460/6460/6460 
f 6459/6459/6459 6458/6458/6458 6461/6461/6461 
f 6458/6458/6458 6462/6462/6462 6461/6461/6461 
f 6458/6458/6458 6463/6463/6463 6462/6462/6462 
f 6464/6464/6464 6465/6465/6465 6466/6466/6466 
f 6467/6467/6467 6468/6468/6468 6469/6469/6469 
f 6470/6470/6470 6471/6471/6471 6472/6472/6472 
f 6473/6473/6473 6474/6474/6474 6475/6475/6475 
f 6476/6476/6476 6477/6477/6477 6478/6478/6478 
f 6479/6479/6479 6480/6480/6480 6481/6481/6481 
f 6482/6482/6482 6483/6483/6483 6484/6484/6484 
f 6485/6485/6485 6486/6486/6486 6487/6487/6487 
f 6488/6488/6488 6489/6489/6489 6490/6490/6490 
f 6488/6488/6488 6491/6491/6491 6489/6489/6489 
f 6491/6491/6491 6488/6488/6488 6492/6492/6492 
f 6493/6493/6493 6494/6494/6494 6491/6491/6491 
f 6494/6494/6494 6493/6493/6493 6495/6495/6495 
f 6496/6496/6496 6497/6497/6497 6498/6498/6498 
f 6499/6499/6499 6496/6496/6496 6498/6498/6498 
f 6496/6496/6496 6499/6499/6499 6500/6500/6500 
f 6501/6501/6501 6502/6502/6502 6499/6499/6499 
f 6502/6502/6502 6501/6501/6501 6503/6503/6503 
f 6504/6504/6504 6505/6505/6505 6506/6506/6506 
f 6504/6504/6504 6507/6507/6507 6505/6505/6505 
f 6508/6508/6508 6509/6509/6509 6510/6510/6510 
f 6509/6509/6509 6508/6508/6508 6511/6511/6511 
f 6512/6512/6512 6508/6508/6508 6510/6510/6510 
f 6508/6508/6508 6512/6512/6512 6513/6513/6513 
f 6514/6514/6514 6513/6513/6513 6512/6512/6512 
f 6515/6515/6515 6516/6516/6516 6517/6517/6517 
f 6516/6516/6516 6518/6518/6518 6517/6517/6517 
f 6519/6519/6519 6515/6515/6515 6517/6517/6517 
f 6519/6519/6519 6517/6517/6517 6520/6520/6520 
f 6521/6521/6521 6519/6519/6519 6520/6520/6520 
f 6522/6522/6522 6523/6523/6523 6524/6524/6524 
f 6523/6523/6523 6522/6522/6522 6525/6525/6525 
f 6526/6526/6526 6525/6525/6525 6522/6522/6522 
f 6525/6525/6525 6526/6526/6526 6527/6527/6527 
f 6528/6528/6528 6527/6527/6527 6526/6526/6526 
f 6529/6529/6529 6530/6530/6530 6531/6531/6531 
f 6530/6530/6530 6529/6529/6529 6532/6532/6532 
f 6533/6533/6533 6529/6529/6529 6531/6531/6531 
f 6533/6533/6533 6531/6531/6531 6534/6534/6534 
f 6535/6535/6535 6533/6533/6533 6534/6534/6534 
f 6536/6536/6536 6537/6537/6537 6538/6538/6538 
f 6537/6537/6537 6536/6536/6536 6539/6539/6539 
f 6538/6538/6538 6537/6537/6537 6540/6540/6540 
f 6538/6538/6538 6540/6540/6540 6541/6541/6541 
f 6542/6542/6542 6541/6541/6541 6540/6540/6540 
f 6543/6543/6543 6544/6544/6544 6545/6545/6545 
f 6544/6544/6544 6543/6543/6543 6546/6546/6546 
f 6546/6546/6546 6547/6547/6547 6544/6544/6544 
f 6547/6547/6547 6546/6546/6546 6548/6548/6548 
f 6549/6549/6549 6547/6547/6547 6548/6548/6548 

g Theandroe1

v -319.725 0.19116 108.576 
v -319.71 0.00938439 108.576 
v -319.835 0.00938439 108.442 
v -319.845 0.279776 108.442 
v -319.735 2.01432 108.874 
v -319.877 2.21148 108.884 
v -319.877 2.21148 109.29 
v -319.735 2.01432 109.313 
v -319.696 0.24584 109.331 
v -319.855 0.333161 109.503 
v -319.835 0.00938439 109.533 
v -319.673 0.00938439 109.362 
v -319.673 0.00938439 109.362 
v -319.835 0.00938439 109.533 
v -319.835 0.00938439 108.837 
v -319.673 0.00938439 108.837 
v -319.696 0.24584 109.331 
v -319.673 0.00938439 109.362 
v -319.673 0.00938439 108.837 
v -319.696 0.24584 108.846 
v -320.465 0.00938439 108.837 
v -320.465 0.00938439 109.362 
v -320.441 0.24584 109.331 
v -320.441 0.24584 108.846 
v -319.751 0.940656 108.896 
v -319.696 0.24584 108.846 
v -319.855 0.412513 108.689 
v -319.887 0.940656 108.74 
v -320.386 0.940656 109.211 
v -320.386 0.940656 108.896 
v -319.751 0.940656 109.211 
v -319.887 0.940656 109.382 
v -319.751 0.940656 109.211 
v -319.751 0.940656 108.896 
v -319.877 2.21148 108.884 
v -319.735 2.01432 108.874 
v -319.878 2.00934 108.724 
v -320.39 1.72092 108.883 
v -320.372 1.29569 108.896 
v -320.372 1.29569 109.211 
v -320.39 1.72092 109.234 
v -319.877 2.21148 109.29 
v -319.878 2.01746 109.443 
v -319.735 2.01432 109.313 
v -319.765 1.29569 109.211 
v -319.765 1.29569 108.896 
v -319.747 1.72092 108.883 
v -319.747 1.72092 109.234 
v -319.741 1.1362 108.882 
v -319.857 1.1362 108.698 
v -319.895 1.29569 108.74 
v -319.765 1.29569 108.896 
v -320.396 1.1362 108.882 
v -320.396 1.1362 109.211 
v -319.765 1.29569 109.211 
v -319.895 1.29569 109.382 
v -319.881 1.1362 109.359 
v -319.741 1.1362 109.211 
v -319.741 1.1362 109.211 
v -319.741 1.1362 108.882 
v -319.71 0.00938439 108.576 
v -319.835 0.00938439 108.442 
v -319.725 0.19116 108.576 
v -319.71 0.00938439 108.576 
v -319.855 0.412513 108.689 
v -319.696 0.24584 108.846 
v -319.725 0.19116 108.576 
v -319.845 0.279776 108.442 
v -320.413 0.19116 108.576 
v -320.428 0.00938439 108.576 
v -320.248 1.29569 108.74 
v -320.286 1.1362 108.698 
v -320.396 1.1362 108.882 
v -320.372 1.29569 108.896 
v -320.289 0.412513 108.689 
v -320.441 0.24584 108.846 
v -320.386 0.940656 108.896 
v -320.256 0.940656 108.74 
v -320.289 0.412513 108.689 
v -320.299 0.279776 108.442 
v -320.309 0.00938439 108.442 
v -320.428 0.00938439 108.576 
v -320.413 0.19116 108.576 
v -320.299 0.279776 108.442 
v -320.309 0.00938439 108.837 
v -320.465 0.00938439 108.837 
v -320.428 0.00938439 108.576 
v -320.309 0.00938439 108.442 
v -320.309 0.00938439 109.533 
v -320.465 0.00938439 109.362 
v -320.309 0.00938439 109.533 
v -320.289 0.333161 109.503 
v -320.441 0.24584 109.331 
v -320.465 0.00938439 109.362 
v -320.256 0.940656 109.382 
v -320.386 0.940656 109.211 
v -320.262 1.1362 109.359 
v -320.248 1.29569 109.382 
v -320.372 1.29569 109.211 
v -320.396 1.1362 109.211 
v -320.403 2.01432 109.313 
v -320.266 2.00419 109.441 
v -320.266 2.21148 109.29 
v -320.266 2.21148 109.29 
v -320.266 2.21148 108.884 
v -320.403 2.01432 108.874 
v -320.403 2.01432 109.313 
v -320.403 2.01432 108.874 
v -320.266 2.21148 108.884 
v -320.266 2.01226 108.724 
v -319.895 1.29569 108.74 
v -319.857 1.1362 108.698 
v -319.995 1.1362 108.659 
v -320.008 1.29569 108.716 
v -319.994 0.448174 108.654 
v -320.005 0.940656 108.716 
v -319.887 0.940656 108.74 
v -319.855 0.412513 108.689 
v -319.994 0.448174 108.654 
v -319.855 0.412513 108.689 
v -319.845 0.279776 108.442 
v -319.991 0.315436 108.404 
v -319.845 0.279776 108.442 
v -319.835 0.00938439 108.442 
v -319.987 0.00938439 108.404 
v -319.991 0.315436 108.404 
v -319.987 0.00938439 108.837 
v -319.987 0.00938439 108.404 
v -319.987 0.00938439 109.6 
v -319.994 0.333161 109.569 
v -319.987 0.00938439 109.6 
v -320.005 0.940656 109.418 
v -320.008 1.29569 109.397 
v -320.003 1.1362 109.359 
v -320.002 2.21148 109.29 
v -320.002 2.0132 109.485 
v -319.877 2.21148 108.884 
v -320.002 2.21148 108.845 
v -320.002 2.21148 109.29 
v -319.877 2.21148 109.29 
v -320.002 2.01028 108.685 
v -320.002 2.21148 108.845 
v -319.995 1.1362 108.659 
v -319.857 1.1362 108.698 
v -320.39 1.72092 108.883 
v -320.259 1.7197 108.73 
v -320.005 1.71853 108.698 
v -319.885 1.71797 108.73 
v -319.885 1.71797 108.73 
v -319.747 1.72092 108.883 
v -319.747 1.72092 109.234 
v -319.885 1.72278 109.381 
v -320.005 1.72025 109.412 
v -320.259 1.71493 109.38 
v -320.39 1.72092 109.234 
v -320.137 0.448174 108.654 
v -320.14 0.315436 108.404 
v -320.299 0.279776 108.442 
v -320.289 0.412513 108.689 
v -320.143 0.00938439 108.404 
v -320.309 0.00938439 108.442 
v -320.299 0.279776 108.442 
v -320.14 0.315436 108.404 
v -320.143 0.00938439 108.837 
v -320.143 0.00938439 108.404 
v -320.143 0.00938439 109.6 
v -320.137 0.333161 109.569 
v -320.289 0.333161 109.503 
v -320.309 0.00938439 109.533 
v -320.143 0.00938439 109.6 
v -320.127 0.940656 109.418 
v -320.256 0.940656 109.382 
v -320.129 1.1362 109.359 
v -320.262 1.1362 109.359 
v -320.124 1.29569 109.397 
v -320.248 1.29569 109.382 
v -320.127 1.71768 109.412 
v -320.259 1.71493 109.38 
v -320.13 2.21148 109.29 
v -320.13 2.00885 109.484 
v -320.13 2.21148 109.29 
v -320.13 2.21148 108.845 
v -320.266 2.21148 108.884 
v -320.266 2.21148 109.29 
v -320.13 2.21148 108.845 
v -320.13 2.01124 108.685 
v -320.127 1.7191 108.698 
v -320.124 1.29569 108.716 
v -320.248 1.29569 108.74 
v -320.259 1.7197 108.73 
v -320.136 1.1362 108.659 
v -320.286 1.1362 108.698 
v -320.136 1.1362 108.659 
v -320.127 0.940656 108.716 
v -320.256 0.940656 108.74 
v -320.286 1.1362 108.698 
v -320.137 0.448174 108.654 
v -320.289 0.412513 108.689 
v -319.878 2.00934 108.724 
v -319.735 2.01432 108.874 
v -320.002 2.01028 108.685 
v -319.878 2.00934 108.724 
v -320.13 2.01124 108.685 
v -320.266 2.01226 108.724 
v -320.266 2.01226 108.724 
v -320.403 2.01432 108.874 
v -320.403 2.01432 108.874 
v -320.403 2.01432 109.313 
v -320.266 2.00419 109.441 
v -320.403 2.01432 109.313 
v -320.13 2.00885 109.484 
v -320.266 2.00419 109.441 
v -320.002 2.0132 109.485 
v -319.878 2.01746 109.443 
v -319.735 2.01432 109.313 
v -319.735 2.01432 108.874 
v -319.735 2.01432 109.313 

vn 0.740157 0.0393701 -0.669291 
vn 0.724409 0.0629921 -0.685039 
vn 0.740157 0.0472441 -0.669291 
vn 0.755906 0.023622 -0.661417 
vn 0.811024 0.582677 0 
vn 0.811024 0.582677 0 
vn 0.811024 0.582677 0 
vn 0.811024 0.582677 0 
vn 0.748031 0.141732 0.645669 
vn 0.598425 0.15748 0.787402 
vn 0.582677 0.125984 0.80315 
vn 0.716535 0.15748 0.677165 
vn 0 -1 0 
vn 0 -1 0 
vn 0 -1 0 
vn 0 -1 0 
vn 0.992126 0.0866142 0 
vn 0.992126 0.102362 0 
vn 0.992126 0.0944882 -0.0629921 
vn 0.992126 0.0944882 -0.0393701 
vn -0.992126 0.0944882 -0.0629921 
vn -0.992126 0.102362 0 
vn -0.992126 0.0866142 0 
vn -0.976378 0.188976 -0.0708661 
vn 0.755906 0.00787402 -0.653543 
vn 0.755906 0.110236 -0.653543 
vn 0.755906 0.110236 -0.653543 
vn 0.779528 -0.0314961 -0.622047 
vn -1 0.015748 0 
vn -1 0.015748 0 
vn 0.76378 0.0787402 0.637795 
vn 0.535433 0.173228 0.826772 
vn 1 0.015748 0 
vn 1 0.015748 0 
vn 0.393701 0.566929 -0.724409 
vn 0.622047 0.480315 -0.614173 
vn 0.393701 0.566929 -0.716535 
vn -1 -0.0393701 0 
vn -1 0.0551181 0 
vn -1 0.0551181 0 
vn -1 -0.0393701 0 
vn 0.212598 0.606299 0.771654 
vn 0.338583 0.622047 0.708661 
vn 0.590551 0.496063 0.637795 
vn 1 0.0551181 0 
vn 1 0.0551181 0 
vn 1 -0.0393701 0 
vn 1 -0.0393701 0 
vn 0.80315 0.0393701 -0.598425 
vn 0.84252 0.0472441 -0.535433 
vn 0.787402 0.11811 -0.606299 
vn 0.76378 0.0708661 -0.637795 
vn -1 0.0472441 0 
vn -1 0.0472441 0 
vn 0.779528 -0.00787402 0.629921 
vn 0.472441 -0.0866142 0.874016 
vn 0.448819 0.00787402 0.889764 
vn 0.724409 0.0314961 0.685039 
vn 1 0.0472441 0 
vn 1 0.0472441 0 
vn 0 -1 0 
vn 0 -1 0 
vn 0.984252 0.0944882 -0.133858 
vn 0.984252 0.0787402 -0.141732 
vn 0.779528 0.582677 -0.23622 
vn 0.795276 0.574803 -0.19685 
vn 0.771654 0.582677 -0.244094 
vn 0.755906 0.590551 -0.283465 
vn -0.905512 0.370079 -0.19685 
vn -0.984252 0.0787402 -0.141732 
vn -0.795276 0.110236 -0.590551 
vn -0.858268 0.0472441 -0.511811 
vn -0.818898 0.0393701 -0.574803 
vn -0.779528 0.0629921 -0.622047 
vn -0.76378 0.110236 -0.629921 
vn -0.76378 0.110236 -0.629921 
vn -0.771654 0.00787402 -0.637795 
vn -0.795276 -0.0314961 -0.606299 
vn -0.795276 0.559055 -0.228346 
vn -0.771654 0.574803 -0.275591 
vn -0.755906 0.0472441 -0.645669 
vn -0.748031 0.0629921 -0.661417 
vn -0.76378 0.0393701 -0.645669 
vn -0.771654 0.0314961 -0.637795 
vn 0 -1 0 
vn 0 -1 0 
vn 0 -1 0 
vn 0 -1 0 
vn 0 -1 0 
vn 0 -1 0 
vn -0.582677 0.11811 0.80315 
vn -0.598425 0.15748 0.787402 
vn -0.76378 0.141732 0.629921 
vn -0.732283 0.15748 0.661417 
vn -0.527559 0.173228 0.826772 
vn -0.779528 0.0787402 0.622047 
vn -0.456693 0.00787402 0.889764 
vn -0.480315 -0.0708661 0.874016 
vn -0.779528 0.015748 0.622047 
vn -0.740157 0.0314961 0.669291 
vn -0.582677 0.480315 0.661417 
vn -0.338583 0.598425 0.724409 
vn -0.19685 0.574803 0.787402 
vn -0.818898 0.566929 0 
vn -0.818898 0.566929 0 
vn -0.818898 0.566929 0 
vn -0.818898 0.566929 0 
vn -0.645669 0.480315 -0.598425 
vn -0.385827 0.574803 -0.716535 
vn -0.385827 0.574803 -0.716535 
vn 0.220472 0.149606 -0.96063 
vn 0.251969 0.299213 -0.92126 
vn 0.11811 0.330709 -0.937008 
vn 0.102362 0.149606 -0.984252 
vn 0.141732 0.11811 -0.984252 
vn 0.0944882 -0.0787402 -0.992126 
vn 0.212598 -0.0787402 -0.976378 
vn 0.275591 0.110236 -0.952756 
vn 0.165354 0.874016 -0.456693 
vn 0.322835 0.834646 -0.440945 
vn 0.322835 0.834646 -0.440945 
vn 0.15748 0.874016 -0.464567 
vn 0.251969 0.00787402 -0.968504 
vn 0.244094 0.00787402 -0.968504 
vn 0.125984 0 -0.992126 
vn 0.11811 0 -0.992126 
vn 0 -1 0 
vn 0 -1 0 
vn 0 -1 0 
vn 0.212598 0.165354 0.96063 
vn 0.212598 0.102362 0.976378 
vn 0.141732 0.251969 0.952756 
vn 0.0629921 -0.133858 0.992126 
vn 0.0393701 0.015748 1 
vn 0.0314961 0.669291 0.740157 
vn 0.0866142 0.692913 0.716535 
vn 0 1 0 
vn 0 1 0 
vn 0 1 0 
vn 0 1 0 
vn 0.11811 0.622047 -0.779528 
vn 0.125984 0.622047 -0.771654 
vn 0.11811 -0.267717 -0.952756 
vn 0.259843 -0.23622 -0.937008 
vn -0.755906 -0.0393701 -0.653543 
vn -0.755906 -0.0314961 -0.653543 
vn 0.133858 -0.0393701 -0.992126 
vn 0.267717 -0.0314961 -0.96063 
vn 0.748031 -0.0393701 -0.661417 
vn 0.740157 -0.0472441 -0.669291 
vn 0.732283 -0.11811 0.669291 
vn 0.511811 -0.110236 0.850394 
vn 0.125984 -0.125984 0.984252 
vn -0.519685 -0.11811 0.850394 
vn -0.740157 -0.133858 0.661417 
vn -0.15748 0.874016 -0.456693 
vn -0.149606 0.874016 -0.464567 
vn -0.299213 0.84252 -0.440945 
vn -0.299213 0.84252 -0.440945 
vn -0.11811 0 -0.992126 
vn -0.228346 0.00787402 -0.976378 
vn -0.228346 0.00787402 -0.976378 
vn -0.110236 0 -0.992126 
vn 0 -1 0 
vn 0 -1 0 
vn 0 -1 0 
vn -0.19685 0.173228 0.968504 
vn -0.598425 0.15748 0.787402 
vn -0.582677 0.11811 0.80315 
vn -0.188976 0.0944882 0.976378 
vn -0.133858 0.251969 0.96063 
vn -0.527559 0.173228 0.826772 
vn -0.0393701 0.015748 1 
vn -0.456693 0.00787402 0.889764 
vn -0.0551181 -0.133858 0.992126 
vn -0.480315 -0.0708661 0.874016 
vn -0.11811 -0.125984 0.984252 
vn -0.519685 -0.11811 0.850394 
vn -0.0393701 0.661417 0.748031 
vn -0.125984 0.685039 0.716535 
vn 0 1 0 
vn 0 1 0 
vn 0 1 0 
vn 0 1 0 
vn -0.11811 0.622047 -0.771654 
vn -0.102362 0.622047 -0.779528 
vn -0.11811 -0.0393701 -0.992126 
vn -0.0944882 0.149606 -0.984252 
vn -0.204724 0.149606 -0.968504 
vn -0.244094 -0.0314961 -0.968504 
vn -0.110236 0.322835 -0.937008 
vn -0.23622 0.299213 -0.929134 
vn -0.110236 -0.267717 -0.96063 
vn -0.0866142 -0.0787402 -0.992126 
vn -0.19685 -0.0787402 -0.976378 
vn -0.23622 -0.23622 -0.944882 
vn -0.125984 0.11811 -0.984252 
vn -0.251969 0.110236 -0.96063 
vn 0.732283 -0.0472441 -0.685039 
vn 0.724409 -0.0551181 -0.685039 
vn 0.149606 -0.0393701 -0.992126 
vn 0.299213 -0.0314961 -0.952756 
vn -0.133858 -0.0393701 -0.992126 
vn -0.275591 -0.0314961 -0.96063 
vn -0.748031 -0.0472441 -0.669291 
vn -0.740157 -0.0551181 -0.677165 
vn -1 -0.0393701 0 
vn -1 -0.0393701 0 
vn -0.480315 -0.204724 0.858268 
vn -0.700787 -0.181102 0.692913 
vn -0.133858 -0.244094 0.96063 
vn -0.480315 -0.204724 0.858268 
vn 0.165354 -0.23622 0.96063 
vn 0.480315 -0.204724 0.850394 
vn 0.677165 -0.188976 0.708661 
vn 1 -0.0393701 0 
vn 1 -0.0393701 0 

vt 0.468806 0.624954 
vt 0.463017 0.624954 
vt 0.463017 0.594877 
vt 0.468806 0.591077 
vt 0.345868 0.2644 
vt 0.355305 0.2644 
vt 0.355305 0.336603 
vt 0.345868 0.336603 
vt 0.479383 0.702454 
vt 0.479383 0.749575 
vt 0.463017 0.749575 
vt 0.463017 0.705171 
vt 0.451007 0.234413 
vt 0.460703 0.234413 
vt 0.460563 0.313381 
vt 0.451007 0.313323 
vt 0.479383 0.702454 
vt 0.463017 0.705171 
vt 0.463017 0.637936 
vt 0.479383 0.62517 
vt 0.463017 0.481601 
vt 0.463017 0.414274 
vt 0.479383 0.416655 
vt 0.479383 0.499795 
vt 0.504713 0.62517 
vt 0.479383 0.62517 
vt 0.479383 0.601373 
vt 0.504713 0.59053 
vt 0.504713 0.427591 
vt 0.504713 0.499795 
vt 0.504713 0.690646 
vt 0.504713 0.749575 
vt 0.504713 0.690646 
vt 0.504713 0.62517 
vt 0.355305 0.2644 
vt 0.345868 0.2644 
vt 0.355305 0.23507 
vt 0.54305 0.499795 
vt 0.521768 0.499795 
vt 0.521768 0.426146 
vt 0.54305 0.423034 
vt 0.355305 0.336603 
vt 0.355305 0.359042 
vt 0.345868 0.336603 
vt 0.521768 0.691507 
vt 0.521768 0.62517 
vt 0.54305 0.62517 
vt 0.54305 0.694555 
vt 0.513946 0.62517 
vt 0.513946 0.593041 
vt 0.521768 0.590384 
vt 0.521768 0.62517 
vt 0.513946 0.499795 
vt 0.513946 0.427701 
vt 0.521768 0.691507 
vt 0.521768 0.749575 
vt 0.513946 0.749575 
vt 0.513946 0.690218 
vt 0.513946 0.690218 
vt 0.513946 0.62517 
vt 0.451007 0.358593 
vt 0.460483 0.358593 
vt 0.468806 0.624954 
vt 0.463017 0.624954 
vt 0.479383 0.601373 
vt 0.479383 0.62517 
vt 0.468806 0.624954 
vt 0.468806 0.591077 
vt 0.468806 0.499795 
vt 0.463017 0.499795 
vt 0.521768 0.530782 
vt 0.513946 0.52862 
vt 0.513946 0.499795 
vt 0.521768 0.499795 
vt 0.479383 0.518081 
vt 0.479383 0.499795 
vt 0.504713 0.499795 
vt 0.504713 0.531045 
vt 0.479383 0.518081 
vt 0.468806 0.527305 
vt 0.463017 0.520523 
vt 0.463017 0.499795 
vt 0.468806 0.499795 
vt 0.468806 0.527305 
vt 0.488406 0.313551 
vt 0.497644 0.313607 
vt 0.497644 0.358593 
vt 0.488326 0.358593 
vt 0.488547 0.234413 
vt 0.497644 0.234413 
vt 0.463017 0.37575 
vt 0.479383 0.37575 
vt 0.479383 0.416655 
vt 0.463017 0.414274 
vt 0.504713 0.37575 
vt 0.504713 0.427591 
vt 0.513946 0.37575 
vt 0.521768 0.37575 
vt 0.521768 0.426146 
vt 0.513946 0.427701 
vt 0.392161 0.336603 
vt 0.383285 0.359042 
vt 0.383285 0.336603 
vt 0.383285 0.336603 
vt 0.383285 0.2644 
vt 0.392161 0.2644 
vt 0.392161 0.336603 
vt 0.392161 0.2644 
vt 0.383285 0.2644 
vt 0.383285 0.23507 
vt 0.521768 0.590384 
vt 0.513946 0.593041 
vt 0.513946 0.572533 
vt 0.521768 0.570604 
vt 0.479383 0.573131 
vt 0.504713 0.572633 
vt 0.504713 0.59053 
vt 0.479383 0.601373 
vt 0.479383 0.573131 
vt 0.479383 0.601373 
vt 0.468806 0.591077 
vt 0.468806 0.571444 
vt 0.468806 0.591077 
vt 0.463017 0.594877 
vt 0.463017 0.571026 
vt 0.468806 0.571444 
vt 0.469496 0.313435 
vt 0.469407 0.358593 
vt 0.469649 0.234413 
vt 0.479383 0.795594 
vt 0.463017 0.79589 
vt 0.504713 0.793938 
vt 0.521768 0.791939 
vt 0.513946 0.791561 
vt 0.363331 0.336603 
vt 0.363331 0.359042 
vt 0.355305 0.2644 
vt 0.363331 0.2644 
vt 0.363331 0.336603 
vt 0.355305 0.336603 
vt 0.363331 0.23507 
vt 0.363331 0.2644 
vt 0.513946 0.572533 
vt 0.513946 0.593041 
vt 0.54305 0.499795 
vt 0.54305 0.532252 
vt 0.54305 0.572119 
vt 0.54305 0.59118 
vt 0.54305 0.59118 
vt 0.54305 0.62517 
vt 0.54305 0.694555 
vt 0.54305 0.749575 
vt 0.54305 0.78679 
vt 0.54305 0.37575 
vt 0.54305 0.423034 
vt 0.479383 0.545462 
vt 0.468806 0.550097 
vt 0.468806 0.527305 
vt 0.479383 0.518081 
vt 0.463017 0.547654 
vt 0.463017 0.520523 
vt 0.468806 0.527305 
vt 0.468806 0.550097 
vt 0.478637 0.313491 
vt 0.478549 0.358593 
vt 0.478792 0.234413 
vt 0.479383 0.840533 
vt 0.479383 0.874644 
vt 0.463017 0.874644 
vt 0.463017 0.8457 
vt 0.504713 0.832457 
vt 0.504713 0.874644 
vt 0.513946 0.831527 
vt 0.513946 0.874644 
vt 0.521768 0.828574 
vt 0.521768 0.874644 
vt 0.54305 0.825959 
vt 0.54305 0.874644 
vt 0.373667 0.336603 
vt 0.373667 0.359042 
vt 0.373667 0.336603 
vt 0.373667 0.2644 
vt 0.383285 0.2644 
vt 0.383285 0.336603 
vt 0.373667 0.2644 
vt 0.373667 0.23507 
vt 0.54305 0.553041 
vt 0.521768 0.550942 
vt 0.521768 0.530782 
vt 0.54305 0.532252 
vt 0.513946 0.550976 
vt 0.513946 0.52862 
vt 0.513946 0.550976 
vt 0.504713 0.55408 
vt 0.504713 0.531045 
vt 0.513946 0.52862 
vt 0.479383 0.545462 
vt 0.479383 0.518081 
vt 0.556399 0.593198 
vt 0.556399 0.62517 
vt 0.556399 0.572459 
vt 0.556399 0.593198 
vt 0.556399 0.55254 
vt 0.556399 0.530174 
vt 0.556399 0.530174 
vt 0.556399 0.499795 
vt 0.556399 0.499795 
vt 0.556399 0.41358 
vt 0.556399 0.37575 
vt 0.556399 0.41358 
vt 0.556399 0.823973 
vt 0.556399 0.874644 
vt 0.556399 0.783907 
vt 0.556399 0.749575 
vt 0.556399 0.703541 
vt 0.556399 0.62517 
vt 0.556399 0.703541 

usemtl Theandroe1Mtl

f 6550/6550/6550 6551/6551/6551 6552/6552/6552 
f 6552/6552/6552 6553/6553/6553 6550/6550/6550 
f 6554/6554/6554 6555/6555/6555 6556/6556/6556 
f 6556/6556/6556 6557/6557/6557 6554/6554/6554 
f 6558/6558/6558 6559/6559/6559 6560/6560/6560 
f 6560/6560/6560 6561/6561/6561 6558/6558/6558 
f 6562/6562/6562 6563/6563/6563 6564/6564/6564 
f 6564/6564/6564 6565/6565/6565 6562/6562/6562 
f 6566/6566/6566 6567/6567/6567 6568/6568/6568 
f 6568/6568/6568 6569/6569/6569 6566/6566/6566 
f 6570/6570/6570 6571/6571/6571 6572/6572/6572 
f 6572/6572/6572 6573/6573/6573 6570/6570/6570 
f 6574/6574/6574 6575/6575/6575 6576/6576/6576 
f 6576/6576/6576 6577/6577/6577 6574/6574/6574 
f 6573/6573/6573 6572/6572/6572 6578/6578/6578 
f 6578/6578/6578 6579/6579/6579 6573/6573/6573 
f 6580/6580/6580 6581/6581/6581 6559/6559/6559 
f 6559/6559/6559 6558/6558/6558 6580/6580/6580 
f 6582/6582/6582 6566/6566/6566 6569/6569/6569 
f 6569/6569/6569 6583/6583/6583 6582/6582/6582 
f 6584/6584/6584 6585/6585/6585 6586/6586/6586 
f 6587/6587/6587 6588/6588/6588 6589/6589/6589 
f 6589/6589/6589 6590/6590/6590 6587/6587/6587 
f 6591/6591/6591 6592/6592/6592 6593/6593/6593 
f 6594/6594/6594 6595/6595/6595 6596/6596/6596 
f 6596/6596/6596 6597/6597/6597 6594/6594/6594 
f 6598/6598/6598 6599/6599/6599 6600/6600/6600 
f 6600/6600/6600 6601/6601/6601 6598/6598/6598 
f 6588/6588/6588 6602/6602/6602 6603/6603/6603 
f 6603/6603/6603 6589/6589/6589 6588/6588/6588 
f 6604/6604/6604 6605/6605/6605 6606/6606/6606 
f 6606/6606/6606 6607/6607/6607 6604/6604/6604 
f 6608/6608/6608 6609/6609/6609 6595/6595/6595 
f 6595/6595/6595 6594/6594/6594 6608/6608/6608 
f 6610/6610/6610 6565/6565/6565 6564/6564/6564 
f 6564/6564/6564 6611/6611/6611 6610/6610/6610 
f 6612/6612/6612 6569/6569/6569 6568/6568/6568 
f 6568/6568/6568 6613/6613/6613 6612/6612/6612 
f 6614/6614/6614 6615/6615/6615 6616/6616/6616 
f 6616/6616/6616 6617/6617/6617 6614/6614/6614 
f 6570/6570/6570 6573/6573/6573 6618/6618/6618 
f 6618/6618/6618 6619/6619/6619 6570/6570/6570 
f 6620/6620/6620 6621/6621/6621 6622/6622/6622 
f 6622/6622/6622 6623/6623/6623 6620/6620/6620 
f 6624/6624/6624 6625/6625/6625 6626/6626/6626 
f 6626/6626/6626 6627/6627/6627 6624/6624/6624 
f 6628/6628/6628 6629/6629/6629 6618/6618/6618 
f 6618/6618/6618 6573/6573/6573 6628/6628/6628 
f 6630/6630/6630 6631/6631/6631 6632/6632/6632 
f 6632/6632/6632 6633/6633/6633 6630/6630/6630 
f 6634/6634/6634 6635/6635/6635 6636/6636/6636 
f 6636/6636/6636 6637/6637/6637 6634/6634/6634 
f 6634/6634/6634 6638/6638/6638 6639/6639/6639 
f 6639/6639/6639 6635/6635/6635 6634/6634/6634 
f 6640/6640/6640 6641/6641/6641 6642/6642/6642 
f 6642/6642/6642 6643/6643/6643 6640/6640/6640 
f 6641/6641/6641 6644/6644/6644 6645/6645/6645 
f 6645/6645/6645 6642/6642/6642 6641/6641/6641 
f 6646/6646/6646 6647/6647/6647 6648/6648/6648 
f 6648/6648/6648 6649/6649/6649 6646/6646/6646 
f 6650/6650/6650 6651/6651/6651 6652/6652/6652 
f 6653/6653/6653 6654/6654/6654 6655/6655/6655 
f 6655/6655/6655 6656/6656/6656 6653/6653/6653 
f 6657/6657/6657 6658/6658/6658 6659/6659/6659 
f 6660/6660/6660 6661/6661/6661 6662/6662/6662 
f 6662/6662/6662 6663/6663/6663 6660/6660/6660 
f 6664/6664/6664 6665/6665/6665 6666/6666/6666 
f 6666/6666/6666 6667/6667/6667 6664/6664/6664 
f 6668/6668/6668 6669/6669/6669 6670/6670/6670 
f 6670/6670/6670 6671/6671/6671 6668/6668/6668 
f 6672/6672/6672 6673/6673/6673 6674/6674/6674 
f 6674/6674/6674 6675/6675/6675 6672/6672/6672 
f 6611/6611/6611 6564/6564/6564 6676/6676/6676 
f 6676/6676/6676 6677/6677/6677 6611/6611/6611 
f 6563/6563/6563 6678/6678/6678 6676/6676/6676 
f 6676/6676/6676 6564/6564/6564 6563/6563/6563 
f 6559/6559/6559 6679/6679/6679 6680/6680/6680 
f 6680/6680/6680 6560/6560/6560 6559/6559/6559 
f 6559/6559/6559 6581/6581/6581 6681/6681/6681 
f 6681/6681/6681 6679/6679/6679 6559/6559/6559 
f 6605/6605/6605 6682/6682/6682 6683/6683/6683 
f 6683/6683/6683 6606/6606/6606 6605/6605/6605 
f 6592/6592/6592 6591/6591/6591 6684/6684/6684 
f 6684/6684/6684 6685/6685/6685 6592/6592/6592 
f 6686/6686/6686 6687/6687/6687 6688/6688/6688 
f 6688/6688/6688 6689/6689/6689 6686/6686/6686 
f 6586/6586/6586 6690/6690/6690 6691/6691/6691 
f 6691/6691/6691 6584/6584/6584 6586/6586/6586 
f 6598/6598/6598 6574/6574/6574 6577/6577/6577 
f 6577/6577/6577 6599/6599/6599 6598/6598/6598 
f 6608/6608/6608 6582/6582/6582 6583/6583/6583 
f 6583/6583/6583 6609/6609/6609 6608/6608/6608 
f 6580/6580/6580 6607/6607/6607 6606/6606/6606 
f 6606/6606/6606 6581/6581/6581 6580/6580/6580 
f 6581/6581/6581 6606/6606/6606 6683/6683/6683 
f 6683/6683/6683 6681/6681/6681 6581/6581/6581 
f 6646/6646/6646 6649/6649/6649 6645/6645/6645 
f 6645/6645/6645 6644/6644/6644 6646/6646/6646 
f 6579/6579/6579 6578/6578/6578 6603/6603/6603 
f 6603/6603/6603 6602/6602/6602 6579/6579/6579 
f 6627/6627/6627 6626/6626/6626 6622/6622/6622 
f 6622/6622/6622 6621/6621/6621 6627/6627/6627 
f 6666/6666/6666 6665/6665/6665 6692/6692/6692 
f 6692/6692/6692 6693/6693/6693 6666/6666/6666 
f 6620/6620/6620 6623/6623/6623 6694/6694/6694 
f 6694/6694/6694 6695/6695/6695 6620/6620/6620 
f 6696/6696/6696 6697/6697/6697 6660/6660/6660 
f 6660/6660/6660 6663/6663/6663 6696/6696/6696 
f 6698/6698/6698 6699/6699/6699 6601/6601/6601 
f 6601/6601/6601 6600/6600/6600 6698/6698/6698 
f 6700/6700/6700 6701/6701/6701 6605/6605/6605 
f 6605/6605/6605 6604/6604/6604 6700/6700/6700 
f 6605/6605/6605 6701/6701/6701 6702/6702/6702 
f 6702/6702/6702 6682/6682/6682 6605/6605/6605 
f 6703/6703/6703 6704/6704/6704 6648/6648/6648 
f 6648/6648/6648 6647/6647/6647 6703/6703/6703 
f 6705/6705/6705 6706/6706/6706 6707/6707/6707 
f 6707/6707/6707 6708/6708/6708 6705/6705/6705 
f 6709/6709/6709 6710/6710/6710 6711/6711/6711 
f 6711/6711/6711 6712/6712/6712 6709/6709/6709 
f 6713/6713/6713 6634/6634/6634 6637/6637/6637 
f 6637/6637/6637 6714/6714/6714 6713/6713/6713 
f 6713/6713/6713 6715/6715/6715 6638/6638/6638 
f 6638/6638/6638 6634/6634/6634 6713/6713/6713 
f 6716/6716/6716 6717/6717/6717 6718/6718/6718 
f 6718/6718/6718 6719/6719/6719 6716/6716/6716 
f 6720/6720/6720 6721/6721/6721 6717/6717/6717 
f 6717/6717/6717 6716/6716/6716 6720/6720/6720 
f 6722/6722/6722 6723/6723/6723 6721/6721/6721 
f 6721/6721/6721 6720/6720/6720 6722/6722/6722 
f 6722/6722/6722 6724/6724/6724 6725/6725/6725 
f 6725/6725/6725 6723/6723/6723 6722/6722/6722 
f 6726/6726/6726 6727/6727/6727 6725/6725/6725 
f 6725/6725/6725 6724/6724/6724 6726/6726/6726 
f 6728/6728/6728 6652/6652/6652 6651/6651/6651 
f 6651/6651/6651 6729/6729/6729 6728/6728/6728 
f 6730/6730/6730 6731/6731/6731 6732/6732/6732 
f 6732/6732/6732 6733/6733/6733 6730/6730/6730 
f 6659/6659/6659 6658/6658/6658 6734/6734/6734 
f 6734/6734/6734 6735/6735/6735 6659/6659/6659 
f 6736/6736/6736 6737/6737/6737 6738/6738/6738 
f 6738/6738/6738 6739/6739/6739 6736/6736/6736 
f 6740/6740/6740 6741/6741/6741 6738/6738/6738 
f 6738/6738/6738 6737/6737/6737 6740/6740/6740 
f 6742/6742/6742 6743/6743/6743 6744/6744/6744 
f 6744/6744/6744 6745/6745/6745 6742/6742/6742 
f 6746/6746/6746 6747/6747/6747 6744/6744/6744 
f 6744/6744/6744 6743/6743/6743 6746/6746/6746 
f 6668/6668/6668 6671/6671/6671 6706/6706/6706 
f 6706/6706/6706 6705/6705/6705 6668/6668/6668 
f 6674/6674/6674 6709/6709/6709 6712/6712/6712 
f 6712/6712/6712 6675/6675/6675 6674/6674/6674 
f 6676/6676/6676 6713/6713/6713 6714/6714/6714 
f 6714/6714/6714 6677/6677/6677 6676/6676/6676 
f 6678/6678/6678 6715/6715/6715 6713/6713/6713 
f 6713/6713/6713 6676/6676/6676 6678/6678/6678 
f 6679/6679/6679 6716/6716/6716 6719/6719/6719 
f 6719/6719/6719 6680/6680/6680 6679/6679/6679 
f 6681/6681/6681 6720/6720/6720 6716/6716/6716 
f 6716/6716/6716 6679/6679/6679 6681/6681/6681 
f 6683/6683/6683 6722/6722/6722 6720/6720/6720 
f 6720/6720/6720 6681/6681/6681 6683/6683/6683 
f 6682/6682/6682 6724/6724/6724 6722/6722/6722 
f 6722/6722/6722 6683/6683/6683 6682/6682/6682 
f 6682/6682/6682 6702/6702/6702 6726/6726/6726 
f 6726/6726/6726 6724/6724/6724 6682/6682/6682 
f 6685/6685/6685 6684/6684/6684 6728/6728/6728 
f 6728/6728/6728 6729/6729/6729 6685/6685/6685 
f 6687/6687/6687 6731/6731/6731 6730/6730/6730 
f 6730/6730/6730 6688/6688/6688 6687/6687/6687 
f 6735/6735/6735 6734/6734/6734 6691/6691/6691 
f 6691/6691/6691 6690/6690/6690 6735/6735/6735 
f 6696/6696/6696 6663/6663/6663 6737/6737/6737 
f 6737/6737/6737 6736/6736/6736 6696/6696/6696 
f 6663/6663/6663 6662/6662/6662 6740/6740/6740 
f 6740/6740/6740 6737/6737/6737 6663/6663/6663 
f 6665/6665/6665 6743/6743/6743 6742/6742/6742 
f 6742/6742/6742 6692/6692/6692 6665/6665/6665 
f 6746/6746/6746 6743/6743/6743 6665/6665/6665 
f 6665/6665/6665 6664/6664/6664 6746/6746/6746 
f 6748/6748/6748 6749/6749/6749 6699/6699/6699 
f 6699/6699/6699 6698/6698/6698 6748/6748/6748 
f 6750/6750/6750 6751/6751/6751 6697/6697/6697 
f 6697/6697/6697 6696/6696/6696 6750/6750/6750 
f 6696/6696/6696 6736/6736/6736 6752/6752/6752 
f 6752/6752/6752 6750/6750/6750 6696/6696/6696 
f 6752/6752/6752 6736/6736/6736 6739/6739/6739 
f 6739/6739/6739 6753/6753/6753 6752/6752/6752 
f 6754/6754/6754 6695/6695/6695 6694/6694/6694 
f 6694/6694/6694 6755/6755/6755 6754/6754/6754 
f 6756/6756/6756 6587/6587/6587 6590/6590/6590 
f 6590/6590/6590 6757/6757/6757 6756/6756/6756 
f 6703/6703/6703 6758/6758/6758 6759/6759/6759 
f 6759/6759/6759 6704/6704/6704 6703/6703/6703 
f 6726/6726/6726 6760/6760/6760 6761/6761/6761 
f 6761/6761/6761 6727/6727/6727 6726/6726/6726 
f 6702/6702/6702 6762/6762/6762 6760/6760/6760 
f 6760/6760/6760 6726/6726/6726 6702/6702/6702 
f 6763/6763/6763 6762/6762/6762 6702/6702/6702 
f 6702/6702/6702 6701/6701/6701 6763/6763/6763 
f 6764/6764/6764 6763/6763/6763 6701/6701/6701 
f 6701/6701/6701 6700/6700/6700 6764/6764/6764 
f 6597/6597/6597 6596/6596/6596 6765/6765/6765 
f 6765/6765/6765 6766/6766/6766 6597/6597/6597 

g Theandroe2

v -321.284 0.19116 108.576 
v -321.164 0.279776 108.442 
v -321.174 0.00938439 108.442 
v -321.299 0.00938439 108.576 
v -321.132 2.21148 109.29 
v -321.132 2.21148 108.884 
v -321.274 2.01432 108.874 
v -321.274 2.01432 109.313 
v -321.174 0.00938439 109.533 
v -321.154 0.333161 109.503 
v -321.313 0.24584 109.331 
v -321.336 0.00938439 109.362 
v -321.174 0.00938439 108.837 
v -321.174 0.00938439 109.533 
v -321.336 0.00938439 109.362 
v -321.336 0.00938439 108.837 
v -321.313 0.24584 109.331 
v -321.313 0.24584 108.846 
v -321.336 0.00938439 108.837 
v -321.336 0.00938439 109.362 
v -320.568 0.24584 109.331 
v -320.544 0.00938439 109.362 
v -320.544 0.00938439 108.837 
v -320.568 0.24584 108.846 
v -321.258 0.940656 108.896 
v -321.122 0.940656 108.74 
v -321.154 0.412513 108.689 
v -321.313 0.24584 108.846 
v -320.623 0.940656 109.211 
v -320.623 0.940656 108.896 
v -321.122 0.940656 109.382 
v -321.258 0.940656 109.211 
v -321.258 0.940656 109.211 
v -321.258 0.940656 108.896 
v -321.132 2.21148 108.884 
v -321.131 2.00934 108.724 
v -321.274 2.01432 108.874 
v -320.618 1.72092 108.883 
v -320.618 1.72092 109.234 
v -320.636 1.29569 109.211 
v -320.636 1.29569 108.896 
v -321.132 2.21148 109.29 
v -321.274 2.01432 109.313 
v -321.131 2.01746 109.443 
v -321.262 1.72092 108.883 
v -321.244 1.29569 108.896 
v -321.244 1.29569 109.211 
v -321.262 1.72092 109.234 
v -321.114 1.29569 108.74 
v -321.152 1.1362 108.698 
v -321.268 1.1362 108.882 
v -321.244 1.29569 108.896 
v -320.613 1.1362 109.211 
v -320.613 1.1362 108.882 
v -321.128 1.1362 109.359 
v -321.114 1.29569 109.382 
v -321.244 1.29569 109.211 
v -321.268 1.1362 109.211 
v -321.268 1.1362 108.882 
v -321.268 1.1362 109.211 
v -321.299 0.00938439 108.576 
v -321.174 0.00938439 108.442 
v -321.284 0.19116 108.576 
v -321.299 0.00938439 108.576 
v -321.284 0.19116 108.576 
v -321.313 0.24584 108.846 
v -321.154 0.412513 108.689 
v -321.164 0.279776 108.442 
v -320.596 0.19116 108.576 
v -320.581 0.00938439 108.576 
v -320.761 1.29569 108.74 
v -320.636 1.29569 108.896 
v -320.613 1.1362 108.882 
v -320.723 1.1362 108.698 
v -320.623 0.940656 108.896 
v -320.568 0.24584 108.846 
v -320.72 0.412513 108.689 
v -320.752 0.940656 108.74 
v -320.71 0.279776 108.442 
v -320.72 0.412513 108.689 
v -320.596 0.19116 108.576 
v -320.581 0.00938439 108.576 
v -320.7 0.00938439 108.442 
v -320.71 0.279776 108.442 
v -320.581 0.00938439 108.576 
v -320.544 0.00938439 108.837 
v -320.7 0.00938439 108.837 
v -320.7 0.00938439 108.442 
v -320.544 0.00938439 109.362 
v -320.7 0.00938439 109.533 
v -320.7 0.00938439 109.533 
v -320.544 0.00938439 109.362 
v -320.568 0.24584 109.331 
v -320.72 0.333161 109.503 
v -320.623 0.940656 109.211 
v -320.752 0.940656 109.382 
v -320.746 1.1362 109.359 
v -320.613 1.1362 109.211 
v -320.636 1.29569 109.211 
v -320.761 1.29569 109.382 
v -320.606 2.01432 109.313 
v -320.743 2.21148 109.29 
v -320.743 2.00419 109.441 
v -320.743 2.21148 109.29 
v -320.606 2.01432 109.313 
v -320.606 2.01432 108.874 
v -320.743 2.21148 108.884 
v -320.606 2.01432 108.874 
v -320.743 2.01226 108.724 
v -320.743 2.21148 108.884 
v -321.114 1.29569 108.74 
v -321.001 1.29569 108.716 
v -321.014 1.1362 108.659 
v -321.152 1.1362 108.698 
v -321.122 0.940656 108.74 
v -321.004 0.940656 108.716 
v -321.015 0.448174 108.654 
v -321.154 0.412513 108.689 
v -321.015 0.448174 108.654 
v -321.018 0.315436 108.404 
v -321.164 0.279776 108.442 
v -321.154 0.412513 108.689 
v -321.164 0.279776 108.442 
v -321.018 0.315436 108.404 
v -321.022 0.00938439 108.404 
v -321.174 0.00938439 108.442 
v -321.022 0.00938439 108.404 
v -321.022 0.00938439 108.837 
v -321.022 0.00938439 109.6 
v -321.022 0.00938439 109.6 
v -321.015 0.333161 109.569 
v -321.004 0.940656 109.418 
v -321.006 1.1362 109.359 
v -321.001 1.29569 109.397 
v -321.007 2.0132 109.485 
v -321.007 2.21148 109.29 
v -321.007 2.21148 109.29 
v -321.007 2.21148 108.845 
v -321.132 2.21148 108.884 
v -321.132 2.21148 109.29 
v -321.007 2.21148 108.845 
v -321.007 2.01028 108.685 
v -321.014 1.1362 108.659 
v -321.152 1.1362 108.698 
v -320.618 1.72092 108.883 
v -320.75 1.7197 108.73 
v -321.124 1.71797 108.73 
v -321.004 1.71853 108.698 
v -321.262 1.72092 108.883 
v -321.124 1.71797 108.73 
v -321.124 1.72278 109.381 
v -321.262 1.72092 109.234 
v -321.004 1.72025 109.412 
v -320.618 1.72092 109.234 
v -320.75 1.71493 109.38 
v -320.71 0.279776 108.442 
v -320.869 0.315436 108.404 
v -320.872 0.448174 108.654 
v -320.72 0.412513 108.689 
v -320.71 0.279776 108.442 
v -320.7 0.00938439 108.442 
v -320.866 0.00938439 108.404 
v -320.869 0.315436 108.404 
v -320.866 0.00938439 108.837 
v -320.866 0.00938439 108.404 
v -320.866 0.00938439 109.6 
v -320.7 0.00938439 109.533 
v -320.72 0.333161 109.503 
v -320.872 0.333161 109.569 
v -320.866 0.00938439 109.6 
v -320.752 0.940656 109.382 
v -320.882 0.940656 109.418 
v -320.746 1.1362 109.359 
v -320.88 1.1362 109.359 
v -320.761 1.29569 109.382 
v -320.885 1.29569 109.397 
v -320.75 1.71493 109.38 
v -320.882 1.71768 109.412 
v -320.879 2.21148 109.29 
v -320.879 2.00885 109.484 
v -320.879 2.21148 109.29 
v -320.743 2.21148 109.29 
v -320.743 2.21148 108.884 
v -320.879 2.21148 108.845 
v -320.879 2.21148 108.845 
v -320.879 2.01124 108.685 
v -320.761 1.29569 108.74 
v -320.885 1.29569 108.716 
v -320.882 1.7191 108.698 
v -320.75 1.7197 108.73 
v -320.723 1.1362 108.698 
v -320.873 1.1362 108.659 
v -320.873 1.1362 108.659 
v -320.723 1.1362 108.698 
v -320.752 0.940656 108.74 
v -320.882 0.940656 108.716 
v -320.72 0.412513 108.689 
v -320.872 0.448174 108.654 
v -321.274 2.01432 108.874 
v -321.131 2.00934 108.724 
v -321.131 2.00934 108.724 
v -321.007 2.01028 108.685 
v -320.879 2.01124 108.685 
v -320.743 2.01226 108.724 
v -320.743 2.01226 108.724 
v -320.606 2.01432 108.874 
v -320.606 2.01432 108.874 
v -320.606 2.01432 109.313 
v -320.606 2.01432 109.313 
v -320.743 2.00419 109.441 
v -320.743 2.00419 109.441 
v -320.879 2.00885 109.484 
v -321.007 2.0132 109.485 
v -321.131 2.01746 109.443 
v -321.274 2.01432 109.313 
v -321.274 2.01432 108.874 
v -321.274 2.01432 109.313 

vn -0.740157 0.0393701 -0.669291 
vn -0.755906 0.023622 -0.661417 
vn -0.740157 0.0472441 -0.669291 
vn -0.724409 0.0629921 -0.685039 
vn -0.811024 0.582677 0 
vn -0.811024 0.582677 0 
vn -0.811024 0.582677 0 
vn -0.811024 0.582677 0 
vn -0.582677 0.125984 0.80315 
vn -0.598425 0.15748 0.787402 
vn -0.748031 0.141732 0.645669 
vn -0.716535 0.15748 0.677165 
vn 0 -1 0 
vn 0 -1 0 
vn 0 -1 0 
vn 0 -1 0 
vn -0.992126 0.0866142 0 
vn -0.992126 0.0944882 -0.0393701 
vn -0.992126 0.0944882 -0.0629921 
vn -0.992126 0.102362 0 
vn 0.992126 0.0866142 0 
vn 0.992126 0.102362 0 
vn 0.992126 0.0944882 -0.0629921 
vn 0.976378 0.188976 -0.0708661 
vn -0.755906 0.00787402 -0.653543 
vn -0.779528 -0.0314961 -0.622047 
vn -0.755906 0.110236 -0.653543 
vn -0.755906 0.110236 -0.653543 
vn 1 0.015748 0 
vn 1 0.015748 0 
vn -0.535433 0.173228 0.826772 
vn -0.76378 0.0787402 0.637795 
vn -1 0.015748 0 
vn -1 0.015748 0 
vn -0.393701 0.566929 -0.724409 
vn -0.393701 0.574803 -0.716535 
vn -0.622047 0.480315 -0.614173 
vn 1 -0.0393701 0 
vn 1 -0.0393701 0 
vn 1 0.0551181 0 
vn 1 0.0551181 0 
vn -0.204724 0.606299 0.771654 
vn -0.582677 0.496063 0.637795 
vn -0.330709 0.622047 0.708661 
vn -1 -0.0393701 0 
vn -1 0.0551181 0 
vn -1 0.0551181 0 
vn -1 -0.0393701 0 
vn -0.787402 0.11811 -0.606299 
vn -0.84252 0.0472441 -0.535433 
vn -0.80315 0.0393701 -0.590551 
vn -0.76378 0.0708661 -0.637795 
vn 1 0.0472441 0 
vn 1 0.0472441 0 
vn -0.448819 0.00787402 0.889764 
vn -0.472441 -0.0866142 0.874016 
vn -0.779528 -0.00787402 0.629921 
vn -0.724409 0.0314961 0.685039 
vn -1 0.0472441 0 
vn -1 0.0472441 0 
vn 0 -1 0 
vn 0 -1 0 
vn -0.984252 0.0944882 -0.133858 
vn -0.984252 0.0787402 -0.141732 
vn -0.771654 0.582677 -0.244094 
vn -0.795276 0.574803 -0.19685 
vn -0.779528 0.582677 -0.23622 
vn -0.755906 0.590551 -0.283465 
vn 0.905512 0.370079 -0.19685 
vn 0.984252 0.0787402 -0.141732 
vn 0.795276 0.110236 -0.590551 
vn 0.779528 0.0629921 -0.622047 
vn 0.818898 0.0393701 -0.574803 
vn 0.858268 0.0472441 -0.511811 
vn 0.771654 0.00787402 -0.637795 
vn 0.76378 0.110236 -0.629921 
vn 0.76378 0.110236 -0.629921 
vn 0.795276 -0.0314961 -0.606299 
vn 0.771654 0.574803 -0.275591 
vn 0.795276 0.559055 -0.228346 
vn 0.76378 0.0393701 -0.645669 
vn 0.748031 0.0629921 -0.661417 
vn 0.755906 0.0472441 -0.645669 
vn 0.771654 0.0314961 -0.637795 
vn 0 -1 0 
vn 0 -1 0 
vn 0 -1 0 
vn 0 -1 0 
vn 0 -1 0 
vn 0 -1 0 
vn 0.582677 0.11811 0.80315 
vn 0.732283 0.15748 0.661417 
vn 0.76378 0.141732 0.629921 
vn 0.598425 0.15748 0.787402 
vn 0.779528 0.0787402 0.622047 
vn 0.527559 0.173228 0.826772 
vn 0.456693 0.00787402 0.889764 
vn 0.740157 0.0314961 0.669291 
vn 0.779528 0.015748 0.622047 
vn 0.480315 -0.0708661 0.874016 
vn 0.582677 0.480315 0.661417 
vn 0.19685 0.574803 0.787402 
vn 0.338583 0.598425 0.724409 
vn 0.818898 0.566929 0 
vn 0.818898 0.566929 0 
vn 0.818898 0.566929 0 
vn 0.818898 0.566929 0 
vn 0.645669 0.480315 -0.598425 
vn 0.385827 0.574803 -0.716535 
vn 0.385827 0.574803 -0.716535 
vn -0.220472 0.149606 -0.96063 
vn -0.102362 0.149606 -0.984252 
vn -0.11811 0.330709 -0.937008 
vn -0.251969 0.299213 -0.92126 
vn -0.212598 -0.0787402 -0.976378 
vn -0.0944882 -0.0787402 -0.992126 
vn -0.141732 0.11811 -0.984252 
vn -0.275591 0.110236 -0.952756 
vn -0.165354 0.874016 -0.456693 
vn -0.15748 0.874016 -0.464567 
vn -0.322835 0.834646 -0.440945 
vn -0.322835 0.834646 -0.440945 
vn -0.251969 0.00787402 -0.968504 
vn -0.11811 0 -0.992126 
vn -0.125984 0 -0.992126 
vn -0.244094 0.00787402 -0.968504 
vn 0 -1 0 
vn 0 -1 0 
vn 0 -1 0 
vn -0.204724 0.102362 0.976378 
vn -0.212598 0.165354 0.96063 
vn -0.141732 0.251969 0.952756 
vn -0.0393701 0.015748 1 
vn -0.0629921 -0.133858 0.992126 
vn -0.0866142 0.692913 0.716535 
vn -0.0314961 0.669291 0.740157 
vn 0 1 0 
vn 0 1 0 
vn 0 1 0 
vn 0 1 0 
vn -0.125984 0.622047 -0.771654 
vn -0.11811 0.622047 -0.779528 
vn -0.11811 -0.267717 -0.952756 
vn -0.259843 -0.23622 -0.937008 
vn 0.755906 -0.0393701 -0.653543 
vn 0.755906 -0.0314961 -0.653543 
vn -0.267717 -0.0314961 -0.96063 
vn -0.133858 -0.0393701 -0.992126 
vn -0.740157 -0.0472441 -0.669291 
vn -0.748031 -0.0393701 -0.661417 
vn -0.511811 -0.110236 0.850394 
vn -0.732283 -0.11811 0.669291 
vn -0.125984 -0.125984 0.984252 
vn 0.740157 -0.133858 0.661417 
vn 0.519685 -0.11811 0.850394 
vn 0.299213 0.84252 -0.440945 
vn 0.149606 0.874016 -0.464567 
vn 0.15748 0.874016 -0.456693 
vn 0.299213 0.84252 -0.440945 
vn 0.228346 0.00787402 -0.976378 
vn 0.228346 0.00787402 -0.976378 
vn 0.11811 0 -0.992126 
vn 0.110236 0 -0.992126 
vn 0 -1 0 
vn 0 -1 0 
vn 0 -1 0 
vn 0.582677 0.11811 0.80315 
vn 0.598425 0.15748 0.787402 
vn 0.19685 0.173228 0.968504 
vn 0.188976 0.0944882 0.976378 
vn 0.527559 0.173228 0.826772 
vn 0.133858 0.251969 0.96063 
vn 0.456693 0.00787402 0.889764 
vn 0.0393701 0.015748 1 
vn 0.480315 -0.0708661 0.874016 
vn 0.0629921 -0.133858 0.992126 
vn 0.519685 -0.11811 0.850394 
vn 0.11811 -0.125984 0.984252 
vn 0.0393701 0.661417 0.748031 
vn 0.125984 0.685039 0.716535 
vn 0 1 0 
vn 0 1 0 
vn 0 1 0 
vn 0 1 0 
vn 0.11811 0.622047 -0.771654 
vn 0.102362 0.622047 -0.779528 
vn 0.204724 0.149606 -0.968504 
vn 0.0944882 0.149606 -0.984252 
vn 0.11811 -0.0393701 -0.992126 
vn 0.244094 -0.0314961 -0.968504 
vn 0.23622 0.299213 -0.92126 
vn 0.110236 0.322835 -0.937008 
vn 0.110236 -0.267717 -0.96063 
vn 0.23622 -0.23622 -0.944882 
vn 0.19685 -0.0787402 -0.976378 
vn 0.0866142 -0.0787402 -0.992126 
vn 0.251969 0.110236 -0.96063 
vn 0.125984 0.11811 -0.984252 
vn -0.724409 -0.0551181 -0.685039 
vn -0.732283 -0.0472441 -0.677165 
vn -0.299213 -0.0314961 -0.952756 
vn -0.149606 -0.0393701 -0.992126 
vn 0.133858 -0.0393701 -0.992126 
vn 0.275591 -0.0314961 -0.96063 
vn 0.748031 -0.0472441 -0.669291 
vn 0.740157 -0.0551181 -0.677165 
vn 1 -0.0393701 0 
vn 1 -0.0393701 0 
vn 0.700787 -0.181102 0.692913 
vn 0.480315 -0.204724 0.858268 
vn 0.480315 -0.204724 0.858268 
vn 0.133858 -0.244094 0.96063 
vn -0.165354 -0.23622 0.96063 
vn -0.480315 -0.204724 0.850394 
vn -0.677165 -0.188976 0.708661 
vn -1 -0.0393701 0 
vn -1 -0.0393701 0 

vt 0.615535 0.749928 
vt 0.615535 0.783806 
vt 0.609762 0.780006 
vt 0.609762 0.749928 
vt 0.435326 0.336603 
vt 0.435326 0.2644 
vt 0.444762 0.2644 
vt 0.444762 0.336603 
vt 0.609762 0.625307 
vt 0.626081 0.625307 
vt 0.626081 0.672428 
vt 0.609762 0.669712 
vt 0.540922 0.313381 
vt 0.540781 0.234413 
vt 0.550478 0.234413 
vt 0.550478 0.313323 
vt 0.626081 0.672428 
vt 0.626081 0.749712 
vt 0.609762 0.736946 
vt 0.609762 0.669712 
vt 0.626081 0.958227 
vt 0.609762 0.960609 
vt 0.609762 0.893282 
vt 0.626081 0.875088 
vt 0.651339 0.749712 
vt 0.651339 0.784353 
vt 0.626081 0.77351 
vt 0.626081 0.749712 
vt 0.651339 0.947291 
vt 0.651339 0.875088 
vt 0.651339 0.625307 
vt 0.651339 0.684236 
vt 0.651339 0.684236 
vt 0.651339 0.749712 
vt 0.435326 0.2644 
vt 0.435326 0.23507 
vt 0.444762 0.2644 
vt 0.689565 0.875088 
vt 0.689565 0.951849 
vt 0.668344 0.948736 
vt 0.668344 0.875088 
vt 0.435326 0.336603 
vt 0.444762 0.336603 
vt 0.435326 0.359042 
vt 0.689565 0.749712 
vt 0.668344 0.749712 
vt 0.668344 0.683376 
vt 0.689565 0.680328 
vt 0.668344 0.784499 
vt 0.660545 0.781841 
vt 0.660545 0.749712 
vt 0.668344 0.749712 
vt 0.660545 0.947181 
vt 0.660545 0.875088 
vt 0.660545 0.625307 
vt 0.668344 0.625307 
vt 0.668344 0.683376 
vt 0.660545 0.684665 
vt 0.660545 0.749712 
vt 0.660545 0.684665 
vt 0.550478 0.358593 
vt 0.541003 0.358593 
vt 0.615535 0.749928 
vt 0.609762 0.749928 
vt 0.615535 0.749928 
vt 0.626081 0.749712 
vt 0.626081 0.77351 
vt 0.615535 0.783806 
vt 0.615535 0.875088 
vt 0.609762 0.875088 
vt 0.668344 0.844101 
vt 0.668344 0.875088 
vt 0.660545 0.875088 
vt 0.660545 0.846263 
vt 0.651339 0.875088 
vt 0.626081 0.875088 
vt 0.626081 0.856802 
vt 0.651339 0.843838 
vt 0.615535 0.847577 
vt 0.626081 0.856802 
vt 0.615535 0.875088 
vt 0.609762 0.875088 
vt 0.609762 0.85436 
vt 0.615535 0.847577 
vt 0.503841 0.358593 
vt 0.503841 0.313607 
vt 0.513079 0.313551 
vt 0.513159 0.358593 
vt 0.503841 0.234413 
vt 0.512938 0.234413 
vt 0.609762 0.999133 
vt 0.609762 0.960609 
vt 0.626081 0.958227 
vt 0.626081 0.999133 
vt 0.651339 0.947291 
vt 0.651339 0.999133 
vt 0.660545 0.999133 
vt 0.660545 0.947181 
vt 0.668344 0.948736 
vt 0.668344 0.999133 
vt 0.39847 0.336603 
vt 0.407346 0.336603 
vt 0.407346 0.359042 
vt 0.407346 0.336603 
vt 0.39847 0.336603 
vt 0.39847 0.2644 
vt 0.407346 0.2644 
vt 0.39847 0.2644 
vt 0.407346 0.23507 
vt 0.407346 0.2644 
vt 0.668344 0.784499 
vt 0.668344 0.804278 
vt 0.660545 0.80235 
vt 0.660545 0.781841 
vt 0.651339 0.784353 
vt 0.651339 0.802249 
vt 0.626081 0.801752 
vt 0.626081 0.77351 
vt 0.626081 0.801752 
vt 0.615535 0.803439 
vt 0.615535 0.783806 
vt 0.626081 0.77351 
vt 0.615535 0.783806 
vt 0.615535 0.803439 
vt 0.609762 0.803856 
vt 0.609762 0.780006 
vt 0.532078 0.358593 
vt 0.53199 0.313435 
vt 0.531835 0.234413 
vt 0.609762 0.578993 
vt 0.626081 0.579289 
vt 0.651339 0.580945 
vt 0.660545 0.583322 
vt 0.668344 0.582943 
vt 0.427298 0.359042 
vt 0.427298 0.336603 
vt 0.427298 0.336603 
vt 0.427298 0.2644 
vt 0.435326 0.2644 
vt 0.435326 0.336603 
vt 0.427298 0.2644 
vt 0.427298 0.23507 
vt 0.660545 0.80235 
vt 0.660545 0.781841 
vt 0.689565 0.875088 
vt 0.689565 0.84263 
vt 0.689565 0.783702 
vt 0.689565 0.802764 
vt 0.689565 0.749712 
vt 0.689565 0.783702 
vt 0.689565 0.625307 
vt 0.689565 0.680328 
vt 0.689565 0.588093 
vt 0.689565 0.951849 
vt 0.689565 0.999133 
vt 0.615535 0.847577 
vt 0.615535 0.824785 
vt 0.626081 0.829421 
vt 0.626081 0.856802 
vt 0.615535 0.847577 
vt 0.609762 0.85436 
vt 0.609762 0.827228 
vt 0.615535 0.824785 
vt 0.522848 0.313491 
vt 0.522936 0.358593 
vt 0.522693 0.234413 
vt 0.609762 0.500238 
vt 0.626081 0.500238 
vt 0.626081 0.53435 
vt 0.609762 0.529183 
vt 0.651339 0.500238 
vt 0.651339 0.542426 
vt 0.660545 0.500238 
vt 0.660545 0.543356 
vt 0.668344 0.500238 
vt 0.668344 0.546309 
vt 0.689565 0.500238 
vt 0.689565 0.548924 
vt 0.416963 0.336603 
vt 0.416963 0.359042 
vt 0.416963 0.336603 
vt 0.407346 0.336603 
vt 0.407346 0.2644 
vt 0.416963 0.2644 
vt 0.416963 0.2644 
vt 0.416963 0.23507 
vt 0.668344 0.844101 
vt 0.668344 0.823941 
vt 0.689565 0.821841 
vt 0.689565 0.84263 
vt 0.660545 0.846263 
vt 0.660545 0.823907 
vt 0.660545 0.823907 
vt 0.660545 0.846263 
vt 0.651339 0.843838 
vt 0.651339 0.820803 
vt 0.626081 0.856802 
vt 0.626081 0.829421 
vt 0.702877 0.749712 
vt 0.702877 0.781684 
vt 0.702877 0.781684 
vt 0.702877 0.802424 
vt 0.702877 0.822343 
vt 0.702877 0.844708 
vt 0.702877 0.844708 
vt 0.702877 0.875088 
vt 0.702877 0.875088 
vt 0.702877 0.961303 
vt 0.702877 0.961303 
vt 0.702877 0.999133 
vt 0.702877 0.500238 
vt 0.702877 0.550909 
vt 0.702877 0.590975 
vt 0.702877 0.625307 
vt 0.702877 0.671342 
vt 0.702877 0.749712 
vt 0.702877 0.671342 

usemtl Theandroe1Mtl

f 6767/6767/6767 6768/6768/6768 6769/6769/6769 
f 6769/6769/6769 6770/6770/6770 6767/6767/6767 
f 6771/6771/6771 6772/6772/6772 6773/6773/6773 
f 6773/6773/6773 6774/6774/6774 6771/6771/6771 
f 6775/6775/6775 6776/6776/6776 6777/6777/6777 
f 6777/6777/6777 6778/6778/6778 6775/6775/6775 
f 6779/6779/6779 6780/6780/6780 6781/6781/6781 
f 6781/6781/6781 6782/6782/6782 6779/6779/6779 
f 6783/6783/6783 6784/6784/6784 6785/6785/6785 
f 6785/6785/6785 6786/6786/6786 6783/6783/6783 
f 6787/6787/6787 6788/6788/6788 6789/6789/6789 
f 6789/6789/6789 6790/6790/6790 6787/6787/6787 
f 6791/6791/6791 6792/6792/6792 6793/6793/6793 
f 6793/6793/6793 6794/6794/6794 6791/6791/6791 
f 6795/6795/6795 6787/6787/6787 6790/6790/6790 
f 6790/6790/6790 6796/6796/6796 6795/6795/6795 
f 6776/6776/6776 6797/6797/6797 6798/6798/6798 
f 6798/6798/6798 6777/6777/6777 6776/6776/6776 
f 6799/6799/6799 6800/6800/6800 6784/6784/6784 
f 6784/6784/6784 6783/6783/6783 6799/6799/6799 
f 6801/6801/6801 6802/6802/6802 6803/6803/6803 
f 6804/6804/6804 6805/6805/6805 6806/6806/6806 
f 6806/6806/6806 6807/6807/6807 6804/6804/6804 
f 6808/6808/6808 6809/6809/6809 6810/6810/6810 
f 6811/6811/6811 6812/6812/6812 6813/6813/6813 
f 6813/6813/6813 6814/6814/6814 6811/6811/6811 
f 6815/6815/6815 6816/6816/6816 6817/6817/6817 
f 6817/6817/6817 6818/6818/6818 6815/6815/6815 
f 6807/6807/6807 6806/6806/6806 6819/6819/6819 
f 6819/6819/6819 6820/6820/6820 6807/6807/6807 
f 6821/6821/6821 6822/6822/6822 6823/6823/6823 
f 6823/6823/6823 6824/6824/6824 6821/6821/6821 
f 6812/6812/6812 6825/6825/6825 6826/6826/6826 
f 6826/6826/6826 6813/6813/6813 6812/6812/6812 
f 6827/6827/6827 6828/6828/6828 6779/6779/6779 
f 6779/6779/6779 6782/6782/6782 6827/6827/6827 
f 6829/6829/6829 6830/6830/6830 6785/6785/6785 
f 6785/6785/6785 6784/6784/6784 6829/6829/6829 
f 6831/6831/6831 6832/6832/6832 6833/6833/6833 
f 6833/6833/6833 6834/6834/6834 6831/6831/6831 
f 6835/6835/6835 6790/6790/6790 6789/6789/6789 
f 6789/6789/6789 6836/6836/6836 6835/6835/6835 
f 6837/6837/6837 6838/6838/6838 6839/6839/6839 
f 6839/6839/6839 6840/6840/6840 6837/6837/6837 
f 6841/6841/6841 6842/6842/6842 6843/6843/6843 
f 6843/6843/6843 6844/6844/6844 6841/6841/6841 
f 6835/6835/6835 6845/6845/6845 6846/6846/6846 
f 6846/6846/6846 6790/6790/6790 6835/6835/6835 
f 6847/6847/6847 6848/6848/6848 6849/6849/6849 
f 6849/6849/6849 6850/6850/6850 6847/6847/6847 
f 6851/6851/6851 6852/6852/6852 6853/6853/6853 
f 6853/6853/6853 6854/6854/6854 6851/6851/6851 
f 6853/6853/6853 6852/6852/6852 6855/6855/6855 
f 6855/6855/6855 6856/6856/6856 6853/6853/6853 
f 6857/6857/6857 6858/6858/6858 6859/6859/6859 
f 6859/6859/6859 6860/6860/6860 6857/6857/6857 
f 6860/6860/6860 6859/6859/6859 6861/6861/6861 
f 6861/6861/6861 6862/6862/6862 6860/6860/6860 
f 6863/6863/6863 6864/6864/6864 6865/6865/6865 
f 6865/6865/6865 6866/6866/6866 6863/6863/6863 
f 6867/6867/6867 6868/6868/6868 6869/6869/6869 
f 6870/6870/6870 6871/6871/6871 6872/6872/6872 
f 6872/6872/6872 6873/6873/6873 6870/6870/6870 
f 6874/6874/6874 6875/6875/6875 6876/6876/6876 
f 6877/6877/6877 6878/6878/6878 6879/6879/6879 
f 6879/6879/6879 6880/6880/6880 6877/6877/6877 
f 6881/6881/6881 6882/6882/6882 6883/6883/6883 
f 6883/6883/6883 6884/6884/6884 6881/6881/6881 
f 6885/6885/6885 6886/6886/6886 6887/6887/6887 
f 6887/6887/6887 6888/6888/6888 6885/6885/6885 
f 6889/6889/6889 6890/6890/6890 6891/6891/6891 
f 6891/6891/6891 6892/6892/6892 6889/6889/6889 
f 6828/6828/6828 6893/6893/6893 6894/6894/6894 
f 6894/6894/6894 6779/6779/6779 6828/6828/6828 
f 6894/6894/6894 6895/6895/6895 6780/6780/6780 
f 6780/6780/6780 6779/6779/6779 6894/6894/6894 
f 6896/6896/6896 6897/6897/6897 6776/6776/6776 
f 6776/6776/6776 6775/6775/6775 6896/6896/6896 
f 6776/6776/6776 6897/6897/6897 6898/6898/6898 
f 6898/6898/6898 6797/6797/6797 6776/6776/6776 
f 6899/6899/6899 6900/6900/6900 6822/6822/6822 
f 6822/6822/6822 6821/6821/6821 6899/6899/6899 
f 6810/6810/6810 6901/6901/6901 6902/6902/6902 
f 6902/6902/6902 6808/6808/6808 6810/6810/6810 
f 6903/6903/6903 6904/6904/6904 6905/6905/6905 
f 6905/6905/6905 6906/6906/6906 6903/6903/6903 
f 6802/6802/6802 6801/6801/6801 6907/6907/6907 
f 6907/6907/6907 6908/6908/6908 6802/6802/6802 
f 6817/6817/6817 6816/6816/6816 6792/6792/6792 
f 6792/6792/6792 6791/6791/6791 6817/6817/6817 
f 6826/6826/6826 6825/6825/6825 6800/6800/6800 
f 6800/6800/6800 6799/6799/6799 6826/6826/6826 
f 6798/6798/6798 6797/6797/6797 6821/6821/6821 
f 6821/6821/6821 6824/6824/6824 6798/6798/6798 
f 6797/6797/6797 6898/6898/6898 6899/6899/6899 
f 6899/6899/6899 6821/6821/6821 6797/6797/6797 
f 6861/6861/6861 6864/6864/6864 6863/6863/6863 
f 6863/6863/6863 6862/6862/6862 6861/6861/6861 
f 6819/6819/6819 6795/6795/6795 6796/6796/6796 
f 6796/6796/6796 6820/6820/6820 6819/6819/6819 
f 6839/6839/6839 6841/6841/6841 6844/6844/6844 
f 6844/6844/6844 6840/6840/6840 6839/6839/6839 
f 6909/6909/6909 6882/6882/6882 6881/6881/6881 
f 6881/6881/6881 6910/6910/6910 6909/6909/6909 
f 6911/6911/6911 6838/6838/6838 6837/6837/6837 
f 6837/6837/6837 6912/6912/6912 6911/6911/6911 
f 6877/6877/6877 6913/6913/6913 6914/6914/6914 
f 6914/6914/6914 6878/6878/6878 6877/6877/6877 
f 6818/6818/6818 6915/6915/6915 6916/6916/6916 
f 6916/6916/6916 6815/6815/6815 6818/6818/6818 
f 6822/6822/6822 6917/6917/6917 6918/6918/6918 
f 6918/6918/6918 6823/6823/6823 6822/6822/6822 
f 6822/6822/6822 6900/6900/6900 6919/6919/6919 
f 6919/6919/6919 6917/6917/6917 6822/6822/6822 
f 6865/6865/6865 6920/6920/6920 6921/6921/6921 
f 6921/6921/6921 6866/6866/6866 6865/6865/6865 
f 6922/6922/6922 6923/6923/6923 6924/6924/6924 
f 6924/6924/6924 6925/6925/6925 6922/6922/6922 
f 6926/6926/6926 6927/6927/6927 6928/6928/6928 
f 6928/6928/6928 6929/6929/6929 6926/6926/6926 
f 6854/6854/6854 6853/6853/6853 6930/6930/6930 
f 6930/6930/6930 6931/6931/6931 6854/6854/6854 
f 6930/6930/6930 6853/6853/6853 6856/6856/6856 
f 6856/6856/6856 6932/6932/6932 6930/6930/6930 
f 6933/6933/6933 6934/6934/6934 6935/6935/6935 
f 6935/6935/6935 6936/6936/6936 6933/6933/6933 
f 6934/6934/6934 6937/6937/6937 6938/6938/6938 
f 6938/6938/6938 6935/6935/6935 6934/6934/6934 
f 6937/6937/6937 6939/6939/6939 6940/6940/6940 
f 6940/6940/6940 6938/6938/6938 6937/6937/6937 
f 6940/6940/6940 6939/6939/6939 6941/6941/6941 
f 6941/6941/6941 6942/6942/6942 6940/6940/6940 
f 6941/6941/6941 6943/6943/6943 6944/6944/6944 
f 6944/6944/6944 6942/6942/6942 6941/6941/6941 
f 6869/6869/6869 6868/6868/6868 6945/6945/6945 
f 6945/6945/6945 6946/6946/6946 6869/6869/6869 
f 6947/6947/6947 6948/6948/6948 6949/6949/6949 
f 6949/6949/6949 6950/6950/6950 6947/6947/6947 
f 6951/6951/6951 6876/6876/6876 6875/6875/6875 
f 6875/6875/6875 6952/6952/6952 6951/6951/6951 
f 6953/6953/6953 6954/6954/6954 6955/6955/6955 
f 6955/6955/6955 6956/6956/6956 6953/6953/6953 
f 6953/6953/6953 6957/6957/6957 6958/6958/6958 
f 6958/6958/6958 6954/6954/6954 6953/6953/6953 
f 6959/6959/6959 6960/6960/6960 6961/6961/6961 
f 6961/6961/6961 6962/6962/6962 6959/6959/6959 
f 6961/6961/6961 6963/6963/6963 6964/6964/6964 
f 6964/6964/6964 6962/6962/6962 6961/6961/6961 
f 6923/6923/6923 6886/6886/6886 6885/6885/6885 
f 6885/6885/6885 6924/6924/6924 6923/6923/6923 
f 6929/6929/6929 6928/6928/6928 6891/6891/6891 
f 6891/6891/6891 6890/6890/6890 6929/6929/6929 
f 6931/6931/6931 6930/6930/6930 6894/6894/6894 
f 6894/6894/6894 6893/6893/6893 6931/6931/6931 
f 6930/6930/6930 6932/6932/6932 6895/6895/6895 
f 6895/6895/6895 6894/6894/6894 6930/6930/6930 
f 6936/6936/6936 6935/6935/6935 6897/6897/6897 
f 6897/6897/6897 6896/6896/6896 6936/6936/6936 
f 6935/6935/6935 6938/6938/6938 6898/6898/6898 
f 6898/6898/6898 6897/6897/6897 6935/6935/6935 
f 6938/6938/6938 6940/6940/6940 6899/6899/6899 
f 6899/6899/6899 6898/6898/6898 6938/6938/6938 
f 6940/6940/6940 6942/6942/6942 6900/6900/6900 
f 6900/6900/6900 6899/6899/6899 6940/6940/6940 
f 6900/6900/6900 6942/6942/6942 6944/6944/6944 
f 6944/6944/6944 6919/6919/6919 6900/6900/6900 
f 6901/6901/6901 6946/6946/6946 6945/6945/6945 
f 6945/6945/6945 6902/6902/6902 6901/6901/6901 
f 6947/6947/6947 6950/6950/6950 6904/6904/6904 
f 6904/6904/6904 6903/6903/6903 6947/6947/6947 
f 6907/6907/6907 6951/6951/6951 6952/6952/6952 
f 6952/6952/6952 6908/6908/6908 6907/6907/6907 
f 6954/6954/6954 6878/6878/6878 6914/6914/6914 
f 6914/6914/6914 6955/6955/6955 6954/6954/6954 
f 6878/6878/6878 6954/6954/6954 6958/6958/6958 
f 6958/6958/6958 6879/6879/6879 6878/6878/6878 
f 6959/6959/6959 6962/6962/6962 6882/6882/6882 
f 6882/6882/6882 6909/6909/6909 6959/6959/6959 
f 6882/6882/6882 6962/6962/6962 6964/6964/6964 
f 6964/6964/6964 6883/6883/6883 6882/6882/6882 
f 6915/6915/6915 6965/6965/6965 6966/6966/6966 
f 6966/6966/6966 6916/6916/6916 6915/6915/6915 
f 6913/6913/6913 6967/6967/6967 6968/6968/6968 
f 6968/6968/6968 6914/6914/6914 6913/6913/6913 
f 6969/6969/6969 6955/6955/6955 6914/6914/6914 
f 6914/6914/6914 6968/6968/6968 6969/6969/6969 
f 6969/6969/6969 6970/6970/6970 6956/6956/6956 
f 6956/6956/6956 6955/6955/6955 6969/6969/6969 
f 6971/6971/6971 6972/6972/6972 6911/6911/6911 
f 6911/6911/6911 6912/6912/6912 6971/6971/6971 
f 6973/6973/6973 6974/6974/6974 6805/6805/6805 
f 6805/6805/6805 6804/6804/6804 6973/6973/6973 
f 6921/6921/6921 6920/6920/6920 6975/6975/6975 
f 6975/6975/6975 6976/6976/6976 6921/6921/6921 
f 6944/6944/6944 6943/6943/6943 6977/6977/6977 
f 6977/6977/6977 6978/6978/6978 6944/6944/6944 
f 6919/6919/6919 6944/6944/6944 6978/6978/6978 
f 6978/6978/6978 6979/6979/6979 6919/6919/6919 
f 6919/6919/6919 6979/6979/6979 6980/6980/6980 
f 6980/6980/6980 6917/6917/6917 6919/6919/6919 
f 6917/6917/6917 6980/6980/6980 6981/6981/6981 
f 6981/6981/6981 6918/6918/6918 6917/6917/6917 
f 6982/6982/6982 6811/6811/6811 6814/6814/6814 
f 6814/6814/6814 6983/6983/6983 6982/6982/6982 

g Theandroe3

v -319.24 2.7943 108.845 
v -319.157 2.21953 108.67 
v -319.317 2.19725 108.747 
v -319.367 2.77645 108.901 
v -319.325 3.90153 108.934 
v -319.359 3.813 108.738 
v -319.504 3.85042 108.787 
v -319.504 3.94387 108.934 
v -319.376 2.88727 109.45 
v -319.266 2.90033 109.541 
v -319.358 3.31357 109.464 
v -319.504 3.36437 109.415 
v -319.192 2.21468 108.891 
v -319.425 2.18221 108.891 
v -319.317 2.19725 108.747 
v -319.157 2.21953 108.67 
v -318.66 2.28894 108.891 
v -318.792 2.2705 108.747 
v -318.958 2.83387 108.906 
v -318.846 2.84954 109.027 
v -319.425 2.18221 108.891 
v -319.448 2.76503 109.027 
v -319.504 3.36437 108.787 
v -319.504 3.29584 108.934 
v -319.504 3.658 108.925 
v -319.504 3.67097 108.759 
v -319.366 3.60646 109.484 
v -319.504 3.67097 109.432 
v -318.918 3.44337 108.925 
v -318.927 3.19738 108.934 
v -319.055 3.19738 108.812 
v -319.037 3.44571 108.784 
v -319.366 3.60646 108.718 
v -319.358 3.31357 108.738 
v -319.504 3.36437 108.787 
v -319.504 3.67097 108.759 
v -319.504 3.94387 109.27 
v -319.325 3.90153 109.27 
v -319.504 3.29837 109.27 
v -319.504 3.65935 109.279 
v -319.448 2.76503 109.027 
v -319.425 2.18221 108.891 
v -319.425 2.18221 109.313 
v -319.448 2.76503 109.303 
v -319.192 2.21468 109.313 
v -319.425 2.18221 109.313 
v -318.887 2.9474 109.019 
v -318.927 3.19738 109.27 
v -318.887 2.9474 109.312 
v -318.918 3.44337 109.279 
v -319.504 3.85042 109.415 
v -319.359 3.813 109.464 
v -319.504 3.36437 109.415 
v -319.504 3.67097 109.432 
v -319.317 2.19725 109.455 
v -319.367 2.77645 109.454 
v -319.157 2.21953 109.532 
v -319.317 2.19725 109.455 
v -319.055 3.19738 109.415 
v -318.994 2.93426 109.444 
v -319.037 3.44571 109.432 
v -319.545 3.21702 109.27 
v -319.545 3.21702 108.934 
v -319.178 3.72713 108.738 
v -319.09 3.80026 108.934 
v -319.09 3.80026 109.27 
v -319.178 3.72713 109.464 
v -319.185 3.52926 109.484 
v -319.176 3.24394 109.464 
v -319.088 2.81449 109.507 
v -319.221 2.79806 109.51 
v -319.157 2.21953 109.532 
v -318.938 2.25008 109.532 
v -318.938 2.25008 109.532 
v -318.873 2.25918 109.313 
v -318.873 2.25918 108.891 
v -318.938 2.25008 108.67 
v -319.176 3.24394 108.738 
v -319.097 2.92156 108.844 
v -319.257 2.90194 108.84 
v -319.185 3.52926 108.718 
v -319.069 3.64446 108.787 
v -318.96 3.63944 108.934 
v -318.96 3.63944 109.27 
v -319.069 3.64446 109.415 
v -319.037 3.44571 109.432 
v -319.055 3.19738 109.415 
v -318.958 2.83387 109.449 
v -318.792 2.2705 109.455 
v -318.792 2.2705 109.455 
v -318.66 2.28894 109.313 
v -318.66 2.28894 108.891 
v -318.792 2.2705 108.747 
v -319.055 3.19738 108.812 
v -318.994 2.93426 108.903 
v -319.037 3.44571 108.784 
v -319.376 2.88727 108.897 
v -319.451 2.87802 109.018 
v -319.545 3.21702 108.934 
v -319.504 3.36437 108.787 
v -319.451 2.87802 109.018 
v -319.451 2.87802 109.312 
v -319.545 3.21702 109.27 
v -319.545 3.21702 108.934 
v -318.846 2.84954 109.303 
v -319.376 2.88727 109.45 
v -319.504 3.36437 109.415 
v -319.09 2.92288 109.538 
v -319.069 2.81825 108.848 
v -319.367 2.77645 109.454 
v -319.317 2.19725 109.455 
v -318.66 2.28894 109.313 
v -318.938 2.25008 108.67 
v -319.178 3.72713 108.738 
v -319.069 3.64446 108.787 
v -319.359 3.813 108.738 
v -319.504 3.85042 108.787 
v -319.504 3.85042 108.787 
v -319.504 3.94387 108.934 
v -319.504 3.94387 109.27 
v -319.504 3.85042 109.415 
v -319.359 3.813 109.464 
v -319.504 3.85042 109.415 
v -319.178 3.72713 109.464 
v -319.069 3.64446 109.415 
v -318.96 3.63944 109.27 
v -318.96 3.63944 108.934 
v -318.882 2.27357 109.48 
v -318.697 2.25557 109.391 
v -318.927 2.60046 109.304 
v -319.007 2.56841 109.397 
v -319.262 2.49032 109.342 
v -319.31 2.4078 109.354 
v -319.231 2.36489 109.433 
v -319.182 2.51465 109.402 
v -319.31 2.4078 109.354 
v -319.262 2.49032 109.342 
v -319.338 2.46683 109.13 
v -319.338 2.48309 109.006 
v -319.392 2.39242 108.982 
v -319.4 2.3787 109.105 
v -319.159 2.51944 108.887 
v -319.206 2.3352 108.772 
v -319.392 2.39242 108.982 
v -319.338 2.48309 109.006 
v -318.984 2.57543 108.84 
v -318.834 2.23798 108.733 
v -319.117 2.26596 108.743 
v -319.077 2.54706 108.829 
v -318.675 2.24307 109.108 
v -318.687 2.25653 108.824 
v -318.93 2.60011 108.955 
v -318.877 2.6054 109.13 
v -318.697 2.25557 109.391 
v -318.927 2.60046 109.304 
v -319.274 2.23611 109.207 
v -319.177 2.16871 109.327 
v -319.253 2.27475 109.426 
v -319.334 2.33247 109.332 
v -319.332 2.19309 108.979 
v -319.196 2.15322 108.936 
v -319.192 2.14972 109.041 
v -319.304 2.23446 109.079 
v -318.923 1.66855 109.039 
v -318.915 1.68273 108.813 
v -318.862 1.67784 108.823 
v -318.883 1.66896 109.037 
v -318.901 1.67401 109.33 
v -318.946 1.68229 109.318 
v -318.828 2.04687 109.455 
v -318.651 1.96847 109.38 
v -318.95 2.03325 109.364 
v -319.09 2.11298 109.358 
v -319.075 2.10677 109.046 
v -318.923 2.04375 109.054 
v -318.793 2.0651 108.739 
v -319.098 2.13015 108.746 
v -318.636 2.01568 108.812 
v -318.637 1.97996 109.098 
v -318.651 1.96847 109.38 
v -319.076 2.09422 108.83 
v -318.928 2.0419 108.798 
v -319.121 2.2135 109.481 
v -319.09 2.11298 109.358 
v -318.95 2.03325 109.364 
v -318.828 2.04687 109.455 
v -318.901 1.67401 109.33 
v -318.722 1.76854 109.354 
v -318.858 1.79276 109.388 
v -318.946 1.68229 109.318 
v -319.4 2.3787 109.105 
v -319.392 2.39242 108.982 
v -319.296 2.11293 108.904 
v -319.342 2.15709 108.939 
v -319.386 2.18564 108.842 
v -319.332 2.1358 108.784 
v -318.703 1.78353 109.067 
v -318.722 1.76854 109.354 
v -318.901 1.67401 109.33 
v -318.883 1.66896 109.037 
v -318.862 1.67784 108.823 
v -318.703 1.80484 108.825 
v -318.95 2.03325 109.364 
v -318.952 1.82484 109.327 
v -318.858 1.79276 109.388 
v -318.828 2.04687 109.455 
v -319.386 2.18564 108.842 
v -319.342 2.15709 108.939 
v -319.296 2.11293 108.904 
v -319.196 2.15322 108.936 
v -319.332 2.19309 108.979 
v -319.342 2.15709 108.939 
v -319.238 2.10839 108.755 
v -319.386 2.18564 108.842 
v -319.332 2.1358 108.784 
v -319.182 2.51465 109.402 
v -319.231 2.36489 109.433 
v -319.108 2.32663 109.48 
v -319.077 2.54706 109.43 
v -319.177 2.16871 109.327 
v -319.253 2.27475 109.426 
v -319.205 2.09389 108.866 
v -319.076 2.09422 108.83 
v -319.205 2.09389 108.866 
v -319.238 2.10839 108.755 
v -318.636 2.01568 108.812 
v -318.703 1.80484 108.825 
v -318.838 1.8113 108.77 
v -318.793 2.0651 108.739 
v -318.703 1.80484 108.825 
v -318.703 1.78353 109.067 
v -318.722 1.76854 109.354 
v -318.952 1.82484 109.327 
v -318.95 2.03325 109.364 
v -318.923 2.04375 109.054 
v -318.918 1.82767 109.048 
v -318.928 2.0419 108.798 
v -318.933 1.83937 108.82 
v -318.98 1.723 109.301 
v -318.952 1.70606 109.04 
v -318.963 1.71941 108.849 
v -318.862 1.67784 108.823 
v -318.915 1.68273 108.813 
v -318.928 2.0419 108.798 
v -318.793 2.0651 108.739 
v -318.838 1.8113 108.77 
v -318.933 1.83937 108.82 
v -318.915 1.68273 108.813 
v -318.963 1.71941 108.849 
v -318.963 1.71941 108.849 
v -318.915 1.68273 108.813 
v -318.923 1.66855 109.039 
v -318.952 1.70606 109.04 
v -318.946 1.68229 109.318 
v -318.98 1.723 109.301 
v -318.946 1.68229 109.318 
v -318.98 1.723 109.301 
v -318.687 2.25653 108.824 
v -318.834 2.23798 108.733 
v -318.984 2.57543 108.84 
v -318.93 2.60011 108.955 
v -319.121 2.2135 109.481 
v -319.253 2.27475 109.426 
v -319.334 2.33247 109.332 
v -319.253 2.27475 109.426 
v -319.334 2.33247 109.332 
v -319.098 2.13015 108.746 
v -319.076 2.09422 108.83 
v -319.098 2.13015 108.746 
v -318.793 2.0651 108.739 
v -318.928 2.0419 108.798 
v -319.076 2.09422 108.83 

vn -0.220472 0.0944882 -0.968504 
vn -0.23622 0.251969 -0.937008 
vn -0.629921 0.149606 -0.76378 
vn -0.661417 0.0393701 -0.748031 
vn 0.299213 0.92126 -0.23622 
vn 0.0629921 0.566929 -0.818898 
vn -0.0314961 0.669291 -0.748031 
vn 0.220472 0.937008 -0.259843 
vn -0.519685 -0.0944882 0.850394 
vn -0.307087 -0.133858 0.944882 
vn -0.19685 -0.00787402 0.984252 
vn -0.338583 -0.0472441 0.937008 
vn 0.141732 -0.992126 0 
vn 0.141732 -0.992126 0 
vn 0.141732 -0.992126 0 
vn 0.141732 -0.992126 0 
vn 0.84252 0.370079 -0.377953 
vn 0.527559 0.370079 -0.76378 
vn 0.566929 0.283465 -0.771654 
vn 0.874016 0.354331 -0.322835 
vn -0.811024 0.0866142 -0.582677 
vn -0.84252 0.015748 -0.543307 
vn -1 0.0708661 0.0314961 
vn -0.96063 0.267717 0.0629921 
vn -1 0 0 
vn -1 0 0 
vn -0.165354 0.015748 0.984252 
vn -0.330709 0.0393701 0.944882 
vn 0.937008 0.0708661 -0.354331 
vn 0.905512 -0.023622 -0.425197 
vn 0.582677 -0.125984 -0.80315 
vn 0.622047 0 -0.787402 
vn -0.141732 0.00787402 -0.992126 
vn -0.228346 -0.181102 -0.96063 
vn -0.448819 -0.204724 -0.866142 
vn -0.275591 0.0472441 -0.96063 
vn 0.220472 0.937008 0.267717 
vn 0.299213 0.92126 0.23622 
vn -0.96063 0.259843 -0.0629921 
vn -1 0 0 
vn -1 -0.0314961 0 
vn -1 -0.0393701 0 
vn -0.944882 -0.0314961 0.314961 
vn -0.968504 -0.0472441 0.244094 
vn 0.141732 -0.992126 0 
vn 0.141732 -0.992126 0 
vn 0.913386 0.188976 -0.346457 
vn 0.937008 0.0787402 0.338583 
vn 0.889764 0.275591 0.362205 
vn 0.944882 0.0708661 0.330709 
vn -0.0393701 0.645669 0.76378 
vn 0.0472441 0.559055 0.826772 
vn -1 0.0787402 -0.0314961 
vn -1 0 0 
vn -0.811024 -0.0314961 0.582677 
vn -0.874016 -0.0629921 0.480315 
vn 0.141732 -0.992126 0 
vn 0.141732 -0.992126 0 
vn 0.614173 0.11811 0.779528 
vn 0.669291 0.19685 0.716535 
vn 0.598425 0.023622 0.80315 
vn -0.889764 0.448819 -0.0629921 
vn -0.889764 0.456693 0.0708661 
vn 0.370079 0.448819 -0.811024 
vn 0.590551 0.771654 -0.244094 
vn 0.590551 0.771654 0.244094 
vn 0.370079 0.448819 0.811024 
vn 0.188976 0.023622 0.984252 
vn 0.19685 0.0866142 0.976378 
vn 0.259843 -0.0393701 0.968504 
vn -0.181102 -0.133858 0.976378 
vn -0.220472 0.00787402 0.976378 
vn 0.23622 0.0944882 0.968504 
vn 0.141732 -0.992126 0 
vn 0.141732 -0.992126 0 
vn 0.141732 -0.992126 0 
vn 0.141732 -0.992126 0 
vn 0.188976 -0.173228 -0.968504 
vn 0.275591 -0.110236 -0.952756 
vn -0.188976 -0.19685 -0.96063 
vn 0.212598 0.015748 -0.976378 
vn 0.653543 0.291339 -0.700787 
vn 0.874016 0.401575 -0.283465 
vn 0.874016 0.401575 0.283465 
vn 0.637795 0.314961 0.700787 
vn 0.598425 0.023622 0.80315 
vn 0.614173 0.11811 0.779528 
vn 0.582677 0.212598 0.779528 
vn 0.598425 0.19685 0.779528 
vn 0.141732 -0.992126 0 
vn 0.141732 -0.992126 0 
vn 0.141732 -0.992126 0 
vn 0.141732 -0.992126 0 
vn 0.582677 -0.125984 -0.80315 
vn 0.614173 0.015748 -0.787402 
vn 0.622047 0 -0.787402 
vn -0.629921 -0.220472 -0.748031 
vn -0.818898 -0.19685 -0.535433 
vn -0.771654 -0.338583 -0.543307 
vn -0.448819 -0.204724 -0.866142 
vn -0.984252 -0.15748 0 
vn -0.952756 -0.133858 0.267717 
vn -0.937008 -0.23622 0.259843 
vn -0.96063 -0.267717 0 
vn 0.897638 0.314961 0.314961 
vn -0.874016 -0.11811 0.480315 
vn -0.874016 -0.204724 0.448819 
vn 0.377953 0.00787402 0.929134 
vn 0.228346 0.19685 -0.952756 
vn -0.362205 0 0.929134 
vn -0.425197 -0.0314961 0.905512 
vn 0.889764 0.299213 0.354331 
vn 0.181102 0.330709 -0.929134 
vn 0.370079 0.448819 -0.811024 
vn 0.653543 0.291339 -0.700787 
vn 0.0629921 0.566929 -0.818898 
vn -0.0314961 0.669291 -0.748031 
vn -1 0 0 
vn -1 0 0 
vn -1 0 0 
vn -1 0 0 
vn 0.0472441 0.559055 0.826772 
vn -0.0393701 0.645669 0.76378 
vn 0.370079 0.448819 0.811024 
vn 0.637795 0.314961 0.700787 
vn 0.874016 0.401575 0.283465 
vn 0.874016 0.401575 -0.283465 
vn 0.259843 0.173228 0.952756 
vn 0.433071 0.188976 0.88189 
vn 0.543307 0.456693 0.708661 
vn 0.440945 0.346457 0.826772 
vn -0.582677 0.370079 0.716535 
vn -0.629921 0.220472 0.748031 
vn -0.496063 0.188976 0.850394 
vn -0.433071 0.299213 0.850394 
vn -0.905512 0.377953 0.212598 
vn -0.826772 0.511811 0.244094 
vn -0.84252 0.496063 0.204724 
vn -0.84252 0.535433 0.0314961 
vn -0.858268 0.511811 0 
vn -0.84252 0.511811 0.173228 
vn -0.574803 0.527559 -0.622047 
vn -0.377953 0.354331 -0.858268 
vn -0.574803 0.488189 -0.661417 
vn -0.543307 0.496063 -0.677165 
vn 0.00787402 0.299213 -0.952756 
vn -0.023622 0.0866142 -1 
vn -0.0866142 0.141732 -0.984252 
vn -0.188976 0.385827 -0.905512 
vn 0.937008 0.338583 0.00787402 
vn 0.92126 0.385827 -0.015748 
vn 0.834646 0.519685 -0.173228 
vn 0.850394 0.527559 -0.0472441 
vn 0.937008 0.338583 0.0866142 
vn 0.779528 0.582677 0.23622 
vn -0.708661 -0.692913 0.141732 
vn -0.598425 -0.779528 0.204724 
vn -0.637795 -0.716535 0.275591 
vn -0.740157 -0.653543 0.15748 
vn -0.787402 -0.496063 0.362205 
vn -0.346457 -0.937008 0.00787402 
vn -0.401575 -0.913386 0.0866142 
vn -0.724409 -0.637795 0.251969 
vn 0 -1 0.00787402 
vn -0.0787402 -0.992126 -0.0629921 
vn -0.0708661 -0.992126 -0.0629921 
vn 0 -1 0 
vn -0.181102 -0.984252 0.00787402 
vn -0.165354 -0.984252 0.00787402 
vn 0.307087 -0.0944882 0.944882 
vn 0.307087 -0.149606 0.937008 
vn -0.433071 -0.834646 0.346457 
vn -0.527559 -0.811024 0.251969 
vn -0.393701 -0.92126 0.023622 
vn -0.370079 -0.929134 -0.015748 
vn -0.0314961 -0.0393701 -1 
vn -0.0472441 -0.0314961 -1 
vn 1 -0.0472441 -0.015748 
vn 0.992126 -0.0944882 0.023622 
vn 0.992126 -0.0944882 0.0472441 
vn -0.370079 -0.929134 0.0393701 
vn -0.330709 -0.944882 0.015748 
vn -0.496063 -0.732283 0.456693 
vn -0.527559 -0.811024 0.251969 
vn -0.433071 -0.834646 0.346457 
vn -0.354331 -0.724409 0.590551 
vn -0.165354 -0.377953 0.905512 
vn 0.181102 -0.283465 0.944882 
vn 0.149606 -0.354331 0.92126 
vn -0.291339 -0.330709 0.897638 
vn -0.818898 -0.566929 0.015748 
vn -0.897638 -0.409449 0.149606 
vn -0.480315 -0.874016 -0.015748 
vn -0.653543 -0.748031 0.0787402 
vn -0.645669 -0.755906 0.0551181 
vn -0.448819 -0.889764 -0.023622 
vn 0.543307 -0.84252 0 
vn 0.472441 -0.88189 -0.015748 
vn 0.496063 -0.866142 0.00787402 
vn 0.535433 -0.84252 0.0314961 
vn 0.582677 -0.811024 -0.0314961 
vn 0.622047 -0.779528 -0.0708661 
vn -0.574803 -0.141732 0.80315 
vn -0.559055 -0.110236 0.818898 
vn -0.566929 -0.11811 0.818898 
vn -0.582677 -0.141732 0.80315 
vn -0.897638 -0.244094 0.370079 
vn -0.913386 -0.15748 0.370079 
vn 0.0314961 -0.716535 0.700787 
vn 0.110236 -0.740157 0.661417 
vn -0.0393701 -0.692913 0.724409 
vn -0.173228 -0.708661 0.677165 
vn -0.19685 0.0708661 -0.976378 
vn -0.582677 0.370079 -0.724409 
vn -0.425197 0.220472 -0.88189 
vn -0.433071 0.299213 0.850394 
vn -0.496063 0.188976 0.850394 
vn -0.133858 0.149606 0.976378 
vn 0.133858 0.204724 0.968504 
vn -0.598425 -0.779528 0.204724 
vn -0.637795 -0.716535 0.275591 
vn 0.149606 -0.76378 0.622047 
vn 0.173228 -0.76378 0.622047 
vn -0.110236 -0.976378 -0.165354 
vn -0.0944882 -0.992126 -0.102362 
vn 0.409449 -0.0472441 -0.913386 
vn 0.354331 -0.244094 -0.905512 
vn 0.330709 -0.299213 -0.897638 
vn 0.440945 0 -0.897638 
vn 0.952756 -0.307087 -0.0314961 
vn 0.944882 -0.322835 0.00787402 
vn 0.944882 -0.330709 0.0393701 
vn -0.984252 0.133858 -0.110236 
vn -1 0.023622 -0.0866142 
vn -1 -0.00787402 -0.0314961 
vn -0.992126 0.125984 -0.023622 
vn -1 0.023622 0.015748 
vn -0.992126 0.110236 0.0551181 
vn -0.952756 0.283465 -0.11811 
vn -0.96063 0.275591 -0.015748 
vn -0.96063 0.259843 0.0787402 
vn 0.204724 -0.393701 -0.897638 
vn 0.133858 -0.385827 -0.913386 
vn -0.417323 -0.0551181 -0.905512 
vn -0.393701 -0.0472441 -0.92126 
vn -0.456693 -0.0472441 -0.889764 
vn -0.496063 -0.0551181 -0.866142 
vn -0.551181 -0.023622 -0.834646 
vn -0.614173 -0.0314961 -0.787402 
vn -0.653543 -0.748031 -0.0629921 
vn -0.637795 -0.76378 -0.0708661 
vn -0.771654 -0.629921 -0.023622 
vn -0.787402 -0.614173 -0.023622 
vn -0.76378 -0.645669 -0.0314961 
vn -0.76378 -0.645669 -0.0314961 
vn -0.535433 -0.0787402 0.84252 
vn -0.519685 -0.0787402 0.850394 
vn 0.456693 0.322835 -0.826772 
vn 0.496063 0.346457 -0.795276 
vn 0.748031 0.480315 -0.456693 
vn 0.661417 0.511811 -0.543307 
vn -0.141732 0 0.992126 
vn -0.527559 0.0708661 0.84252 
vn -0.708661 0.0629921 0.700787 
vn -0.527559 0.0708661 0.84252 
vn -0.92126 0.307087 0.228346 
vn -0.133858 -0.929134 -0.346457 
vn -0.244094 -0.913386 -0.330709 
vn -0.133858 -0.929134 -0.346457 
vn -0.173228 -0.716535 -0.677165 
vn -0.212598 -0.76378 -0.614173 
vn -0.244094 -0.913386 -0.330709 

vt 0.201374 0.541156 
vt 0.169636 0.535869 
vt 0.169636 0.500095 
vt 0.201885 0.500095 
vt 0.696427 0.269613 
vt 0.695737 0.234283 
vt 0.708381 0.234283 
vt 0.708381 0.269118 
vt 0.207358 0.874453 
vt 0.207202 0.838396 
vt 0.229149 0.841311 
vt 0.233083 0.874453 
vt 0.588959 0.3269 
vt 0.603171 0.32686 
vt 0.603171 0.358854 
vt 0.586852 0.358854 
vt 0.169636 0.658251 
vt 0.169636 0.625076 
vt 0.200393 0.625076 
vt 0.199563 0.677442 
vt 0.169636 0.47426 
vt 0.201349 0.454321 
vt 0.233199 0.500095 
vt 0.23003 0.471038 
vt 0.249049 0.473795 
vt 0.249156 0.500095 
vt 0.243869 0.832222 
vt 0.248485 0.874453 
vt 0.231454 0.658071 
vt 0.218869 0.659147 
vt 0.21953 0.625076 
vt 0.232415 0.625076 
vt 0.244373 0.546829 
vt 0.22929 0.53519 
vt 0.23328 0.500095 
vt 0.248892 0.500095 
vt 0.708381 0.325275 
vt 0.696337 0.324431 
vt 0.230143 0.405844 
vt 0.248915 0.403596 
vt 0.201349 0.454321 
vt 0.169636 0.47426 
vt 0.169636 0.399914 
vt 0.201617 0.399902 
vt 0.588929 0.26611 
vt 0.603171 0.266069 
vt 0.205112 0.674892 
vt 0.21864 0.726592 
vt 0.205355 0.732417 
vt 0.231459 0.724194 
vt 0.708381 0.358787 
vt 0.69538 0.358787 
vt 0.233251 0.37534 
vt 0.248886 0.37534 
vt 0.169636 0.37534 
vt 0.201573 0.37534 
vt 0.586791 0.234516 
vt 0.603171 0.234516 
vt 0.220006 0.750671 
vt 0.206212 0.750671 
vt 0.232856 0.750671 
vt 0.225516 0.406033 
vt 0.22565 0.470818 
vt 0.677732 0.234283 
vt 0.674326 0.269488 
vt 0.674626 0.322273 
vt 0.677252 0.358787 
vt 0.238309 0.799914 
vt 0.224158 0.807095 
vt 0.201374 0.806502 
vt 0.201378 0.835019 
vt 0.169636 0.838864 
vt 0.169636 0.800511 
vt 0.573421 0.234516 
vt 0.56945 0.266166 
vt 0.569481 0.326957 
vt 0.573483 0.358854 
vt 0.224155 0.57976 
vt 0.206235 0.585921 
vt 0.207025 0.542257 
vt 0.239009 0.591595 
vt 0.662215 0.234283 
vt 0.662215 0.268108 
vt 0.662215 0.323486 
vt 0.662215 0.358787 
vt 0.23293 0.750671 
vt 0.220385 0.750671 
vt 0.200813 0.750671 
vt 0.169636 0.750671 
vt 0.556425 0.234516 
vt 0.556425 0.266204 
vt 0.556425 0.326994 
vt 0.556425 0.358854 
vt 0.220524 0.625076 
vt 0.205662 0.625076 
vt 0.233111 0.625076 
vt 0.207308 0.500095 
vt 0.206984 0.456565 
vt 0.22565 0.470818 
vt 0.233199 0.500095 
vt 0.206984 0.456565 
vt 0.207544 0.398028 
vt 0.225516 0.406033 
vt 0.22565 0.470818 
vt 0.200164 0.730355 
vt 0.207358 0.37534 
vt 0.233251 0.37534 
vt 0.206965 0.805238 
vt 0.200732 0.587972 
vt 0.201573 0.874453 
vt 0.169636 0.874453 
vt 0.169636 0.732217 
vt 0.169636 0.590635 
vt 0.248933 0.603582 
vt 0.242488 0.625076 
vt 0.254791 0.558031 
vt 0.258205 0.500095 
vt 0.258205 0.500095 
vt 0.26338 0.471669 
vt 0.26338 0.404971 
vt 0.257596 0.37534 
vt 0.25423 0.824199 
vt 0.257596 0.874453 
vt 0.248066 0.791751 
vt 0.242488 0.750671 
vt 0.241988 0.722169 
vt 0.241593 0.657805 
vt 0.63874 0.251854 
vt 0.635561 0.259672 
vt 0.64924 0.259667 
vt 0.64922 0.253147 
vt 0.646982 0.292242 
vt 0.644845 0.290144 
vt 0.642559 0.294355 
vt 0.646973 0.297418 
vt 0.644845 0.290144 
vt 0.646982 0.292242 
vt 0.64825 0.280967 
vt 0.649859 0.274936 
vt 0.647092 0.273952 
vt 0.64592 0.278954 
vt 0.649121 0.343419 
vt 0.643196 0.347454 
vt 0.649992 0.356272 
vt 0.652163 0.353882 
vt 0.647599 0.333303 
vt 0.635432 0.334242 
vt 0.639844 0.345043 
vt 0.647961 0.338293 
vt 0.626566 0.312375 
vt 0.626355 0.299879 
vt 0.612566 0.303836 
vt 0.613125 0.313116 
vt 0.625843 0.324819 
vt 0.612368 0.322303 
vt 0.63941 0.282419 
vt 0.635617 0.287795 
vt 0.639841 0.292265 
vt 0.642803 0.288083 
vt 0.64031 0.271165 
vt 0.635239 0.270381 
vt 0.635456 0.274941 
vt 0.640363 0.276495 
vt 0.61259 0.280554 
vt 0.613046 0.290757 
vt 0.611203 0.290518 
vt 0.611237 0.280746 
vt 0.611203 0.267511 
vt 0.612784 0.26789 
vt 0.631746 0.248925 
vt 0.626708 0.255438 
vt 0.627882 0.289948 
vt 0.632279 0.289407 
vt 0.631311 0.275684 
vt 0.626849 0.276474 
vt 0.630242 0.336154 
vt 0.635486 0.346657 
vt 0.634041 0.299653 
vt 0.634889 0.312263 
vt 0.635026 0.324628 
vt 0.630451 0.266227 
vt 0.626032 0.265387 
vt 0.640156 0.241639 
vt 0.635741 0.238423 
vt 0.632111 0.241987 
vt 0.631746 0.248925 
vt 0.620441 0.240425 
vt 0.621647 0.249409 
vt 0.624155 0.244097 
vt 0.621045 0.238441 
vt 0.64592 0.278954 
vt 0.647092 0.273952 
vt 0.637844 0.267181 
vt 0.639909 0.268624 
vt 0.641344 0.264083 
vt 0.638506 0.261813 
vt 0.641312 0.311212 
vt 0.641681 0.323831 
vt 0.648428 0.323059 
vt 0.648335 0.310101 
vt 0.647709 0.300605 
vt 0.640948 0.300561 
vt 0.632111 0.241987 
vt 0.625819 0.239401 
vt 0.624155 0.244097 
vt 0.631746 0.248925 
vt 0.642408 0.265024 
vt 0.639909 0.268624 
vt 0.637844 0.267181 
vt 0.635239 0.270381 
vt 0.64031 0.271165 
vt 0.639909 0.268624 
vt 0.636727 0.35275 
vt 0.641747 0.358064 
vt 0.638938 0.35617 
vt 0.65011 0.243274 
vt 0.646069 0.239266 
vt 0.643327 0.243927 
vt 0.64963 0.249107 
vt 0.63832 0.234965 
vt 0.64357 0.236868 
vt 0.634826 0.266344 
vt 0.630451 0.266227 
vt 0.634826 0.266344 
vt 0.635155 0.261326 
vt 0.626695 0.329742 
vt 0.621152 0.335246 
vt 0.623053 0.341034 
vt 0.630242 0.336154 
vt 0.640948 0.300561 
vt 0.641312 0.311212 
vt 0.641681 0.323831 
vt 0.621302 0.289461 
vt 0.627882 0.289948 
vt 0.626849 0.276474 
vt 0.620334 0.277218 
vt 0.626032 0.265387 
vt 0.619846 0.267211 
vt 0.617713 0.288985 
vt 0.6162 0.277549 
vt 0.615857 0.269042 
vt 0.618741 0.343554 
vt 0.619451 0.345747 
vt 0.630605 0.342787 
vt 0.630242 0.336154 
vt 0.623053 0.341034 
vt 0.624637 0.34536 
vt 0.619451 0.345747 
vt 0.62099 0.348053 
vt 0.615046 0.28899 
vt 0.613046 0.290757 
vt 0.61259 0.280554 
vt 0.614186 0.28035 
vt 0.612784 0.26789 
vt 0.614617 0.26849 
vt 0.621045 0.238441 
vt 0.622597 0.237045 
vt 0.63408 0.326848 
vt 0.635432 0.334242 
vt 0.647599 0.333303 
vt 0.64817 0.326747 
vt 0.640156 0.241639 
vt 0.64357 0.236868 
vt 0.642803 0.288083 
vt 0.639841 0.292265 
vt 0.642803 0.288083 
vt 0.630443 0.26209 
vt 0.630451 0.266227 
vt 0.635486 0.346657 
vt 0.630242 0.336154 
vt 0.630605 0.342787 
vt 0.632572 0.348035 

usemtl Theandroe1Mtl

f 6984/6984/6984 6985/6985/6985 6986/6986/6986 
f 6986/6986/6986 6987/6987/6987 6984/6984/6984 
f 6988/6988/6988 6989/6989/6989 6990/6990/6990 
f 6990/6990/6990 6991/6991/6991 6988/6988/6988 
f 6992/6992/6992 6993/6993/6993 6994/6994/6994 
f 6994/6994/6994 6995/6995/6995 6992/6992/6992 
f 6996/6996/6996 6997/6997/6997 6998/6998/6998 
f 6998/6998/6998 6999/6999/6999 6996/6996/6996 
f 7000/7000/7000 7001/7001/7001 7002/7002/7002 
f 7002/7002/7002 7003/7003/7003 7000/7000/7000 
f 6987/6987/6987 6986/6986/6986 7004/7004/7004 
f 7004/7004/7004 7005/7005/7005 6987/6987/6987 
f 7006/7006/7006 7007/7007/7007 7008/7008/7008 
f 7008/7008/7008 7009/7009/7009 7006/7006/7006 
f 7010/7010/7010 7011/7011/7011 6995/6995/6995 
f 6995/6995/6995 6994/6994/6994 7010/7010/7010 
f 7012/7012/7012 7013/7013/7013 7014/7014/7014 
f 7014/7014/7014 7015/7015/7015 7012/7012/7012 
f 7016/7016/7016 7017/7017/7017 7018/7018/7018 
f 7018/7018/7018 7019/7019/7019 7016/7016/7016 
f 6988/6988/6988 6991/6991/6991 7020/7020/7020 
f 7020/7020/7020 7021/7021/7021 6988/6988/6988 
f 7008/7008/7008 7007/7007/7007 7022/7022/7022 
f 7022/7022/7022 7023/7023/7023 7008/7008/7008 
f 7024/7024/7024 7025/7025/7025 7026/7026/7026 
f 7026/7026/7026 7027/7027/7027 7024/7024/7024 
f 7028/7028/7028 7029/7029/7029 6997/6997/6997 
f 6997/6997/6997 6996/6996/6996 7028/7028/7028 
f 7030/7030/7030 7013/7013/7013 7031/7031/7031 
f 7031/7031/7031 7032/7032/7032 7030/7030/7030 
f 7013/7013/7013 7012/7012/7012 7033/7033/7033 
f 7033/7033/7033 7031/7031/7031 7013/7013/7013 
f 7021/7021/7021 7020/7020/7020 7034/7034/7034 
f 7034/7034/7034 7035/7035/7035 7021/7021/7021 
f 7023/7023/7023 7022/7022/7022 7036/7036/7036 
f 7036/7036/7036 7037/7037/7037 7023/7023/7023 
f 7027/7027/7027 7026/7026/7026 7038/7038/7038 
f 7038/7038/7038 7039/7039/7039 7027/7027/7027 
f 7028/7028/7028 7040/7040/7040 7041/7041/7041 
f 7041/7041/7041 7029/7029/7029 7028/7028/7028 
f 7042/7042/7042 7043/7043/7043 7032/7032/7032 
f 7032/7032/7032 7031/7031/7031 7042/7042/7042 
f 7042/7042/7042 7031/7031/7031 7033/7033/7033 
f 7033/7033/7033 7044/7044/7044 7042/7042/7042 
f 7036/7036/7036 7022/7022/7022 7045/7045/7045 
f 7046/7046/7046 7045/7045/7045 7022/7022/7022 
f 7022/7022/7022 7007/7007/7007 7046/7046/7046 
f 7046/7046/7046 7007/7007/7007 7006/7006/7006 
f 7047/7047/7047 6989/6989/6989 6988/6988/6988 
f 6988/6988/6988 7048/7048/7048 7047/7047/7047 
f 6988/6988/6988 7021/7021/7021 7049/7049/7049 
f 7049/7049/7049 7048/7048/7048 6988/6988/6988 
f 7021/7021/7021 7035/7035/7035 7050/7050/7050 
f 7050/7050/7050 7049/7049/7049 7021/7021/7021 
f 7051/7051/7051 7010/7010/7010 6994/6994/6994 
f 6994/6994/6994 7052/7052/7052 7051/7051/7051 
f 7053/7053/7053 7054/7054/7054 7055/7055/7055 
f 7055/7055/7055 7056/7056/7056 7053/7053/7053 
f 7057/7057/7057 7040/7040/7040 7028/7028/7028 
f 7028/7028/7028 7058/7058/7058 7057/7057/7057 
f 7028/7028/7028 6996/6996/6996 7059/7059/7059 
f 7059/7059/7059 7058/7058/7058 7028/7028/7028 
f 6996/6996/6996 6999/6999/6999 7060/7060/7060 
f 7060/7060/7060 7059/7059/7059 6996/6996/6996 
f 7061/7061/7061 7062/7062/7062 7063/7063/7063 
f 7063/7063/7063 7017/7017/7017 7061/7061/7061 
f 7017/7017/7017 7016/7016/7016 7064/7064/7064 
f 7064/7064/7064 7061/7061/7061 7017/7017/7017 
f 7065/7065/7065 7047/7047/7047 7048/7048/7048 
f 7048/7048/7048 7066/7066/7066 7065/7065/7065 
f 7048/7048/7048 7049/7049/7049 7067/7067/7067 
f 7067/7067/7067 7066/7066/7066 7048/7048/7048 
f 7049/7049/7049 7050/7050/7050 7068/7068/7068 
f 7068/7068/7068 7067/7067/7067 7049/7049/7049 
f 7069/7069/7069 7051/7051/7051 7052/7052/7052 
f 7052/7052/7052 7070/7070/7070 7069/7069/7069 
f 7071/7071/7071 7053/7053/7053 7056/7056/7056 
f 7056/7056/7056 7072/7072/7072 7071/7071/7071 
f 7073/7073/7073 7057/7057/7057 7058/7058/7058 
f 7058/7058/7058 7074/7074/7074 7073/7073/7073 
f 7058/7058/7058 7059/7059/7059 7075/7075/7075 
f 7075/7075/7075 7074/7074/7074 7058/7058/7058 
f 7059/7059/7059 7060/7060/7060 7076/7076/7076 
f 7076/7076/7076 7075/7075/7075 7059/7059/7059 
f 7077/7077/7077 7078/7078/7078 7062/7062/7062 
f 7062/7062/7062 7061/7061/7061 7077/7077/7077 
f 7061/7061/7061 7064/7064/7064 7079/7079/7079 
f 7079/7079/7079 7077/7077/7077 7061/7061/7061 
f 7017/7017/7017 7063/7063/7063 7080/7080/7080 
f 7080/7080/7080 7018/7018/7018 7017/7017/7017 
f 6992/6992/6992 7054/7054/7054 6993/6993/6993 
f 7013/7013/7013 7030/7030/7030 7078/7078/7078 
f 7078/7078/7078 7014/7014/7014 7013/7013/7013 
f 7080/7080/7080 7081/7081/7081 7082/7082/7082 
f 7082/7082/7082 7083/7083/7083 7080/7080/7080 
f 7084/7084/7084 7085/7085/7085 7086/7086/7086 
f 7086/7086/7086 7087/7087/7087 7084/7084/7084 
f 7030/7030/7030 7032/7032/7032 7088/7088/7088 
f 7088/7088/7088 7003/7003/7003 7030/7030/7030 
f 7086/7086/7086 7085/7085/7085 7089/7089/7089 
f 7089/7089/7089 7090/7090/7090 7086/7086/7086 
f 7032/7032/7032 7043/7043/7043 7071/7071/7071 
f 7071/7071/7071 7088/7088/7088 7032/7032/7032 
f 6993/6993/6993 7091/7091/7091 7052/7052/7052 
f 7052/7052/7052 6994/6994/6994 6993/6993/6993 
f 6984/6984/6984 7063/7063/7063 7062/7062/7062 
f 7062/7062/7062 7092/7092/7092 6984/6984/6984 
f 7091/7091/7091 7043/7043/7043 7070/7070/7070 
f 7070/7070/7070 7052/7052/7052 7091/7091/7091 
f 7092/7092/7092 7062/7062/7062 7078/7078/7078 
f 7078/7078/7078 7002/7002/7002 7092/7092/7092 
f 6984/6984/6984 6987/6987/6987 7080/7080/7080 
f 7080/7080/7080 7063/7063/7063 6984/6984/6984 
f 7030/7030/7030 7003/7003/7003 7002/7002/7002 
f 7002/7002/7002 7078/7078/7078 7030/7030/7030 
f 6987/6987/6987 7005/7005/7005 7081/7081/7081 
f 7081/7081/7081 7080/7080/7080 6987/6987/6987 
f 7024/7024/7024 7027/7027/7027 7085/7085/7085 
f 7085/7085/7085 7084/7084/7084 7024/7024/7024 
f 7085/7085/7085 7027/7027/7027 7039/7039/7039 
f 7039/7039/7039 7089/7089/7089 7085/7085/7085 
f 7054/7054/7054 7053/7053/7053 7091/7091/7091 
f 7091/7091/7091 6993/6993/6993 7054/7054/7054 
f 7043/7043/7043 7091/7091/7091 7053/7053/7053 
f 7055/7055/7055 7054/7054/7054 7093/7093/7093 
f 7093/7093/7093 7094/7094/7094 7055/7055/7055 
f 7003/7003/7003 7088/7088/7088 7095/7095/7095 
f 7095/7095/7095 7000/7000/7000 7003/7003/7003 
f 7088/7088/7088 7071/7071/7071 7072/7072/7072 
f 7072/7072/7072 7095/7095/7095 7088/7088/7088 
f 6985/6985/6985 6984/6984/6984 7092/7092/7092 
f 7092/7092/7092 7096/7096/7096 6985/6985/6985 
f 7092/7092/7092 7002/7002/7002 7001/7001/7001 
f 7001/7001/7001 7096/7096/7096 7092/7092/7092 
f 7071/7071/7071 7043/7043/7043 7053/7053/7053 
f 6992/6992/6992 7093/7093/7093 7054/7054/7054 
f 7064/7064/7064 7097/7097/7097 7098/7098/7098 
f 7098/7098/7098 7079/7079/7079 7064/7064/7064 
f 7016/7016/7016 7099/7099/7099 7097/7097/7097 
f 7097/7097/7097 7064/7064/7064 7016/7016/7016 
f 7099/7099/7099 7016/7016/7016 7019/7019/7019 
f 7019/7019/7019 7100/7100/7100 7099/7099/7099 
f 7101/7101/7101 7009/7009/7009 7008/7008/7008 
f 7008/7008/7008 7102/7102/7102 7101/7101/7101 
f 7008/7008/7008 7023/7023/7023 7103/7103/7103 
f 7103/7103/7103 7102/7102/7102 7008/7008/7008 
f 7023/7023/7023 7037/7037/7037 7104/7104/7104 
f 7104/7104/7104 7103/7103/7103 7023/7023/7023 
f 7105/7105/7105 7106/7106/7106 7011/7011/7011 
f 7011/7011/7011 7010/7010/7010 7105/7105/7105 
f 7010/7010/7010 7051/7051/7051 7107/7107/7107 
f 7107/7107/7107 7105/7105/7105 7010/7010/7010 
f 7051/7051/7051 7069/7069/7069 7108/7108/7108 
f 7108/7108/7108 7107/7107/7107 7051/7051/7051 
f 7044/7044/7044 7033/7033/7033 7109/7109/7109 
f 7109/7109/7109 7108/7108/7108 7044/7044/7044 
f 7012/7012/7012 7110/7110/7110 7109/7109/7109 
f 7109/7109/7109 7033/7033/7033 7012/7012/7012 
f 7110/7110/7110 7012/7012/7012 7015/7015/7015 
f 7015/7015/7015 7098/7098/7098 7110/7110/7110 
f 7111/7111/7111 7112/7112/7112 7113/7113/7113 
f 7113/7113/7113 7114/7114/7114 7111/7111/7111 
f 7115/7115/7115 7116/7116/7116 7117/7117/7117 
f 7117/7117/7117 7118/7118/7118 7115/7115/7115 
f 7119/7119/7119 7120/7120/7120 7121/7121/7121 
f 7122/7122/7122 7123/7123/7123 7124/7124/7124 
f 7124/7124/7124 7121/7121/7121 7122/7122/7122 
f 7125/7125/7125 7126/7126/7126 7127/7127/7127 
f 7127/7127/7127 7128/7128/7128 7125/7125/7125 
f 7129/7129/7129 7130/7130/7130 7131/7131/7131 
f 7131/7131/7131 7132/7132/7132 7129/7129/7129 
f 7133/7133/7133 7134/7134/7134 7135/7135/7135 
f 7135/7135/7135 7136/7136/7136 7133/7133/7133 
f 7137/7137/7137 7133/7133/7133 7136/7136/7136 
f 7136/7136/7136 7138/7138/7138 7137/7137/7137 
f 7139/7139/7139 7140/7140/7140 7141/7141/7141 
f 7141/7141/7141 7142/7142/7142 7139/7139/7139 
f 7143/7143/7143 7144/7144/7144 7145/7145/7145 
f 7145/7145/7145 7146/7146/7146 7143/7143/7143 
f 7147/7147/7147 7148/7148/7148 7149/7149/7149 
f 7149/7149/7149 7150/7150/7150 7147/7147/7147 
f 7150/7150/7150 7151/7151/7151 7152/7152/7152 
f 7152/7152/7152 7147/7147/7147 7150/7150/7150 
f 7112/7112/7112 7111/7111/7111 7153/7153/7153 
f 7153/7153/7153 7154/7154/7154 7112/7112/7112 
f 7155/7155/7155 7156/7156/7156 7157/7157/7157 
f 7157/7157/7157 7158/7158/7158 7155/7155/7155 
f 7130/7130/7130 7159/7159/7159 7160/7160/7160 
f 7160/7160/7160 7131/7131/7131 7130/7130/7130 
f 7161/7161/7161 7134/7134/7134 7133/7133/7133 
f 7133/7133/7133 7162/7162/7162 7161/7161/7161 
f 7133/7133/7133 7137/7137/7137 7163/7163/7163 
f 7163/7163/7163 7162/7162/7162 7133/7133/7133 
f 7158/7158/7158 7157/7157/7157 7164/7164/7164 
f 7164/7164/7164 7165/7165/7165 7158/7158/7158 
f 7166/7166/7166 7167/7167/7167 7168/7168/7168 
f 7168/7168/7168 7169/7169/7169 7166/7166/7166 
f 7170/7170/7170 7171/7171/7171 7172/7172/7172 
f 7172/7172/7172 7173/7173/7173 7170/7170/7170 
f 7145/7145/7145 7140/7140/7140 7139/7139/7139 
f 7139/7139/7139 7146/7146/7146 7145/7145/7145 
f 7146/7146/7146 7174/7174/7174 7175/7175/7175 
f 7175/7175/7175 7143/7143/7143 7146/7146/7146 
f 7139/7139/7139 7142/7142/7142 7174/7174/7174 
f 7174/7174/7174 7146/7146/7146 7139/7139/7139 
f 7176/7176/7176 7177/7177/7177 7178/7178/7178 
f 7178/7178/7178 7179/7179/7179 7176/7176/7176 
f 7180/7180/7180 7181/7181/7181 7182/7182/7182 
f 7182/7182/7182 7183/7183/7183 7180/7180/7180 
f 7184/7184/7184 7185/7185/7185 7180/7180/7180 
f 7180/7180/7180 7183/7183/7183 7184/7184/7184 
f 7186/7186/7186 7187/7187/7187 7188/7188/7188 
f 7188/7188/7188 7189/7189/7189 7186/7186/7186 
f 7143/7143/7143 7175/7175/7175 7190/7190/7190 
f 7190/7190/7190 7191/7191/7191 7143/7143/7143 
f 7192/7192/7192 7193/7193/7193 7194/7194/7194 
f 7194/7194/7194 7195/7195/7195 7192/7192/7192 
f 7196/7196/7196 7131/7131/7131 7160/7160/7160 
f 7197/7197/7197 7127/7127/7127 7126/7126/7126 
f 7126/7126/7126 7198/7198/7198 7197/7197/7197 
f 7199/7199/7199 7200/7200/7200 7201/7201/7201 
f 7201/7201/7201 7202/7202/7202 7199/7199/7199 
f 7203/7203/7203 7167/7167/7167 7166/7166/7166 
f 7166/7166/7166 7204/7204/7204 7203/7203/7203 
f 7157/7157/7157 7156/7156/7156 7140/7140/7140 
f 7140/7140/7140 7145/7145/7145 7157/7157/7157 
f 7144/7144/7144 7164/7164/7164 7157/7157/7157 
f 7157/7157/7157 7145/7145/7145 7144/7144/7144 
f 7193/7193/7193 7192/7192/7192 7205/7205/7205 
f 7205/7205/7205 7206/7206/7206 7193/7193/7193 
f 7207/7207/7207 7176/7176/7176 7179/7179/7179 
f 7179/7179/7179 7208/7208/7208 7207/7207/7207 
f 7126/7126/7126 7131/7131/7131 7196/7196/7196 
f 7196/7196/7196 7198/7198/7198 7126/7126/7126 
f 7126/7126/7126 7125/7125/7125 7132/7132/7132 
f 7132/7132/7132 7131/7131/7131 7126/7126/7126 
f 7209/7209/7209 7210/7210/7210 7211/7211/7211 
f 7211/7211/7211 7212/7212/7212 7209/7209/7209 
f 7213/7213/7213 7161/7161/7161 7162/7162/7162 
f 7162/7162/7162 7214/7214/7214 7213/7213/7213 
f 7162/7162/7162 7163/7163/7163 7215/7215/7215 
f 7215/7215/7215 7214/7214/7214 7162/7162/7162 
f 7154/7154/7154 7153/7153/7153 7172/7172/7172 
f 7172/7172/7172 7171/7171/7171 7154/7154/7154 
f 7216/7216/7216 7217/7217/7217 7218/7218/7218 
f 7218/7218/7218 7219/7219/7219 7216/7216/7216 
f 7218/7218/7218 7220/7220/7220 7221/7221/7221 
f 7221/7221/7221 7219/7219/7219 7218/7218/7218 
f 7222/7222/7222 7216/7216/7216 7219/7219/7219 
f 7219/7219/7219 7223/7223/7223 7222/7222/7222 
f 7219/7219/7219 7221/7221/7221 7224/7224/7224 
f 7224/7224/7224 7223/7223/7223 7219/7219/7219 
f 7211/7211/7211 7210/7210/7210 7225/7225/7225 
f 7225/7225/7225 7226/7226/7226 7211/7211/7211 
f 7227/7227/7227 7228/7228/7228 7229/7229/7229 
f 7229/7229/7229 7230/7230/7230 7227/7227/7227 
f 7230/7230/7230 7229/7229/7229 7231/7231/7231 
f 7231/7231/7231 7232/7232/7232 7230/7230/7230 
f 7233/7233/7233 7234/7234/7234 7235/7235/7235 
f 7235/7235/7235 7236/7236/7236 7233/7233/7233 
f 7235/7235/7235 7237/7237/7237 7238/7238/7238 
f 7238/7238/7238 7236/7236/7236 7235/7235/7235 
f 7239/7239/7239 7188/7188/7188 7187/7187/7187 
f 7187/7187/7187 7240/7240/7240 7239/7239/7239 
f 7241/7241/7241 7209/7209/7209 7212/7212/7212 
f 7212/7212/7212 7242/7242/7242 7241/7241/7241 
f 7242/7242/7242 7243/7243/7243 7244/7244/7244 
f 7244/7244/7244 7241/7241/7241 7242/7242/7242 
f 7114/7114/7114 7202/7202/7202 7201/7201/7201 
f 7201/7201/7201 7111/7111/7111 7114/7114/7114 
f 7111/7111/7111 7201/7201/7201 7245/7245/7245 
f 7245/7245/7245 7153/7153/7153 7111/7111/7111 
f 7246/7246/7246 7245/7245/7245 7201/7201/7201 
f 7201/7201/7201 7200/7200/7200 7246/7246/7246 
f 7247/7247/7247 7248/7248/7248 7117/7117/7117 
f 7117/7117/7117 7116/7116/7116 7247/7247/7247 
f 7121/7121/7121 7124/7124/7124 7249/7249/7249 
f 7249/7249/7249 7119/7119/7119 7121/7121/7121 
f 7207/7207/7207 7208/7208/7208 7250/7250/7250 
f 7250/7250/7250 7251/7251/7251 7207/7207/7207 
f 7252/7252/7252 7253/7253/7253 7254/7254/7254 
f 7254/7254/7254 7255/7255/7255 7252/7252/7252 

g Theandroe4

v -321.769 2.7943 108.845 
v -321.642 2.77645 108.901 
v -321.69 2.19725 108.746 
v -321.851 2.21953 108.669 
v -321.684 3.90153 108.934 
v -321.504 3.94387 108.934 
v -321.504 3.85042 108.787 
v -321.65 3.81301 108.738 
v -321.651 3.31357 109.464 
v -321.743 2.90033 109.541 
v -321.633 2.88727 109.45 
v -321.504 3.36437 109.415 
v -321.69 2.19725 108.746 
v -321.581 2.18221 108.891 
v -321.816 2.21468 108.891 
v -321.851 2.21953 108.669 
v -322.051 2.83388 108.906 
v -322.219 2.2705 108.746 
v -322.352 2.28894 108.891 
v -322.162 2.84954 109.027 
v -321.56 2.76504 109.027 
v -321.581 2.18221 108.891 
v -321.504 3.658 108.925 
v -321.504 3.29584 108.934 
v -321.504 3.36437 108.787 
v -321.504 3.67098 108.759 
v -321.504 3.67098 109.432 
v -321.643 3.60646 109.484 
v -322.091 3.44338 108.925 
v -321.972 3.44571 108.784 
v -321.954 3.19738 108.812 
v -322.082 3.19738 108.934 
v -321.643 3.60646 108.718 
v -321.504 3.67098 108.759 
v -321.504 3.36437 108.787 
v -321.651 3.31357 108.738 
v -321.504 3.94387 109.27 
v -321.684 3.90153 109.27 
v -321.504 3.65935 109.279 
v -321.504 3.29837 109.27 
v -321.56 2.76504 109.027 
v -321.56 2.76504 109.303 
v -321.581 2.18221 109.313 
v -321.581 2.18221 108.891 
v -321.581 2.18221 109.313 
v -321.816 2.21468 109.313 
v -322.082 3.19738 109.27 
v -322.122 2.9474 109.019 
v -322.122 2.9474 109.312 
v -322.091 3.44338 109.279 
v -321.504 3.85042 109.415 
v -321.65 3.81301 109.464 
v -321.504 3.67098 109.432 
v -321.504 3.36437 109.415 
v -321.642 2.77645 109.454 
v -321.69 2.19725 109.455 
v -321.69 2.19725 109.455 
v -321.851 2.21953 109.532 
v -321.954 3.19738 109.415 
v -322.015 2.93426 109.444 
v -321.972 3.44571 109.432 
v -321.464 3.21702 109.27 
v -321.464 3.21702 108.934 
v -321.831 3.72713 108.738 
v -321.919 3.80026 108.934 
v -321.919 3.80026 109.27 
v -321.831 3.72713 109.464 
v -321.824 3.52926 109.484 
v -321.833 3.24394 109.464 
v -321.921 2.81449 109.507 
v -322.072 2.25008 109.532 
v -321.851 2.21953 109.532 
v -321.787 2.79806 109.51 
v -322.072 2.25008 109.532 
v -322.137 2.25918 109.313 
v -322.137 2.25918 108.891 
v -322.072 2.25008 108.669 
v -321.833 3.24394 108.738 
v -321.752 2.90194 108.84 
v -321.912 2.92156 108.844 
v -321.824 3.52926 108.718 
v -321.94 3.64446 108.787 
v -322.049 3.63944 108.934 
v -322.049 3.63944 109.27 
v -321.94 3.64446 109.415 
v -321.972 3.44571 109.432 
v -321.954 3.19738 109.415 
v -322.051 2.83388 109.449 
v -322.219 2.2705 109.455 
v -322.219 2.2705 109.455 
v -322.352 2.28894 109.313 
v -322.352 2.28894 108.891 
v -322.219 2.2705 108.746 
v -321.954 3.19738 108.812 
v -322.015 2.93426 108.903 
v -321.972 3.44571 108.784 
v -321.633 2.88727 108.897 
v -321.464 3.21702 108.934 
v -321.558 2.87802 109.018 
v -321.504 3.36437 108.787 
v -321.464 3.21702 109.27 
v -321.558 2.87802 109.312 
v -321.558 2.87802 109.018 
v -321.464 3.21702 108.934 
v -322.162 2.84954 109.303 
v -321.504 3.36437 109.415 
v -321.633 2.88727 109.45 
v -321.919 2.92288 109.538 
v -321.94 2.81825 108.848 
v -321.69 2.19725 109.455 
v -321.642 2.77645 109.454 
v -322.352 2.28894 109.313 
v -322.072 2.25008 108.669 
v -321.94 3.64446 108.787 
v -321.831 3.72713 108.738 
v -321.65 3.81301 108.738 
v -321.504 3.85042 108.787 
v -321.504 3.85042 108.787 
v -321.504 3.94387 108.934 
v -321.504 3.94387 109.27 
v -321.504 3.85042 109.415 
v -321.504 3.85042 109.415 
v -321.65 3.81301 109.464 
v -321.831 3.72713 109.464 
v -321.94 3.64446 109.415 
v -322.049 3.63944 109.27 
v -322.049 3.63944 108.934 
v -322.082 2.60046 109.304 
v -322.312 2.25557 109.391 
v -322.127 2.27357 109.48 
v -322.002 2.56841 109.397 
v -321.747 2.49033 109.342 
v -321.827 2.51465 109.402 
v -321.778 2.36489 109.433 
v -321.699 2.4078 109.354 
v -321.699 2.4078 109.354 
v -321.671 2.46683 109.13 
v -321.747 2.49033 109.342 
v -321.671 2.4831 109.006 
v -321.609 2.3787 109.105 
v -321.617 2.39242 108.982 
v -321.85 2.51944 108.887 
v -321.671 2.4831 109.006 
v -321.617 2.39242 108.982 
v -321.803 2.3352 108.772 
v -322.025 2.57543 108.84 
v -321.932 2.54706 108.829 
v -321.892 2.26596 108.743 
v -322.175 2.23798 108.733 
v -322.079 2.60011 108.955 
v -322.322 2.25653 108.824 
v -322.333 2.24307 109.108 
v -322.132 2.6054 109.13 
v -322.312 2.25557 109.391 
v -322.082 2.60046 109.304 
v -321.756 2.27475 109.426 
v -321.832 2.16871 109.327 
v -321.735 2.23611 109.207 
v -321.675 2.33247 109.332 
v -321.816 2.14972 109.041 
v -321.813 2.15322 108.936 
v -321.677 2.19309 108.979 
v -321.705 2.23446 109.079 
v -322.086 1.66855 109.039 
v -322.126 1.66896 109.037 
v -322.147 1.67784 108.823 
v -322.094 1.68273 108.813 
v -322.063 1.68229 109.318 
v -322.108 1.67401 109.33 
v -322.181 2.04687 109.455 
v -322.358 1.96847 109.38 
v -322.059 2.03325 109.364 
v -322.085 2.04375 109.054 
v -321.934 2.10677 109.046 
v -321.919 2.11299 109.358 
v -321.911 2.13015 108.746 
v -322.216 2.0651 108.739 
v -322.373 2.01568 108.812 
v -322.372 1.97996 109.098 
v -322.358 1.96847 109.38 
v -321.933 2.09422 108.83 
v -322.081 2.0419 108.798 
v -321.888 2.2135 109.481 
v -322.181 2.04687 109.455 
v -322.059 2.03325 109.364 
v -321.919 2.11299 109.358 
v -322.108 1.67401 109.33 
v -322.063 1.68229 109.318 
v -322.151 1.79276 109.388 
v -322.287 1.76854 109.354 
v -321.617 2.39242 108.982 
v -321.609 2.3787 109.105 
v -321.713 2.11293 108.904 
v -321.677 2.1358 108.784 
v -321.622 2.18564 108.842 
v -321.666 2.15709 108.939 
v -322.108 1.67401 109.33 
v -322.287 1.76854 109.354 
v -322.306 1.78354 109.067 
v -322.126 1.66896 109.037 
v -322.306 1.80484 108.825 
v -322.147 1.67784 108.823 
v -322.059 2.03325 109.364 
v -322.181 2.04687 109.455 
v -322.151 1.79276 109.388 
v -322.057 1.82484 109.327 
v -321.622 2.18564 108.842 
v -321.666 2.15709 108.939 
v -321.713 2.11293 108.904 
v -321.666 2.15709 108.939 
v -321.677 2.19309 108.979 
v -321.813 2.15322 108.936 
v -321.771 2.10839 108.755 
v -321.622 2.18564 108.842 
v -321.677 2.1358 108.784 
v -321.827 2.51465 109.402 
v -321.932 2.54706 109.43 
v -321.901 2.32663 109.48 
v -321.778 2.36489 109.433 
v -321.832 2.16871 109.327 
v -321.756 2.27475 109.426 
v -321.804 2.09389 108.866 
v -321.933 2.09422 108.83 
v -321.804 2.09389 108.866 
v -321.771 2.10839 108.755 
v -322.171 1.8113 108.77 
v -322.306 1.80484 108.825 
v -322.373 2.01568 108.812 
v -322.216 2.0651 108.739 
v -322.306 1.80484 108.825 
v -322.306 1.78354 109.067 
v -322.287 1.76854 109.354 
v -322.057 1.82484 109.327 
v -322.091 1.82767 109.048 
v -322.085 2.04375 109.054 
v -322.059 2.03325 109.364 
v -322.076 1.83937 108.82 
v -322.081 2.0419 108.798 
v -322.029 1.723 109.301 
v -322.057 1.70606 109.04 
v -322.046 1.71941 108.849 
v -322.094 1.68273 108.813 
v -322.147 1.67784 108.823 
v -322.081 2.0419 108.798 
v -322.076 1.83937 108.82 
v -322.171 1.8113 108.77 
v -322.216 2.0651 108.739 
v -322.046 1.71941 108.849 
v -322.094 1.68273 108.813 
v -322.046 1.71941 108.849 
v -322.057 1.70606 109.04 
v -322.086 1.66855 109.039 
v -322.094 1.68273 108.813 
v -322.029 1.723 109.301 
v -322.063 1.68229 109.318 
v -322.063 1.68229 109.318 
v -322.029 1.723 109.301 
v -322.322 2.25653 108.824 
v -322.175 2.23798 108.733 
v -322.079 2.60011 108.955 
v -322.025 2.57543 108.84 
v -321.888 2.2135 109.481 
v -321.756 2.27475 109.426 
v -321.756 2.27475 109.426 
v -321.675 2.33247 109.332 
v -321.675 2.33247 109.332 
v -321.911 2.13015 108.746 
v -321.933 2.09422 108.83 
v -322.081 2.0419 108.798 
v -322.216 2.0651 108.739 
v -321.911 2.13015 108.746 
v -321.933 2.09422 108.83 

vn 0.220472 0.0944882 -0.968504 
vn 0.661417 0.0393701 -0.748031 
vn 0.622047 0.15748 -0.76378 
vn 0.23622 0.251969 -0.937008 
vn -0.299213 0.92126 -0.23622 
vn -0.220472 0.937008 -0.259843 
vn 0.0314961 0.669291 -0.748031 
vn -0.0629921 0.566929 -0.818898 
vn 0.19685 -0.00787402 0.984252 
vn 0.307087 -0.133858 0.944882 
vn 0.519685 -0.0944882 0.850394 
vn 0.338583 -0.0472441 0.937008 
vn -0.133858 -0.992126 0 
vn -0.133858 -0.992126 0 
vn -0.133858 -0.992126 0 
vn -0.133858 -0.992126 0 
vn -0.566929 0.283465 -0.771654 
vn -0.527559 0.370079 -0.76378 
vn -0.84252 0.377953 -0.377953 
vn -0.874016 0.354331 -0.322835 
vn 0.84252 0.015748 -0.543307 
vn 0.80315 0.0944882 -0.582677 
vn 1 0 0 
vn 0.96063 0.267717 0.0629921 
vn 1 0.0708661 0.0314961 
vn 1 0 0 
vn 0.330709 0.0393701 0.944882 
vn 0.165354 0.015748 0.984252 
vn -0.937008 0.0708661 -0.354331 
vn -0.622047 0 -0.787402 
vn -0.582677 -0.125984 -0.80315 
vn -0.905512 -0.023622 -0.425197 
vn 0.141732 0.00787402 -0.992126 
vn 0.275591 0.0472441 -0.96063 
vn 0.448819 -0.204724 -0.866142 
vn 0.228346 -0.181102 -0.96063 
vn -0.220472 0.937008 0.267717 
vn -0.299213 0.92126 0.23622 
vn 1 0 0 
vn 0.96063 0.259843 -0.0629921 
vn 1 -0.0314961 0 
vn 0.968504 -0.0472441 0.244094 
vn 0.944882 -0.0314961 0.314961 
vn 1 -0.0314961 0 
vn -0.133858 -0.992126 0 
vn -0.133858 -0.992126 0 
vn -0.937008 0.0787402 0.338583 
vn -0.913386 0.188976 -0.346457 
vn -0.889764 0.275591 0.362205 
vn -0.944882 0.0708661 0.330709 
vn 0.0393701 0.645669 0.76378 
vn -0.0472441 0.559055 0.826772 
vn 1 0 0 
vn 1 0.0787402 -0.0314961 
vn 0.874016 -0.0629921 0.480315 
vn 0.811024 -0.023622 0.582677 
vn -0.133858 -0.992126 0 
vn -0.133858 -0.992126 0 
vn -0.614173 0.11811 0.779528 
vn -0.669291 0.19685 0.716535 
vn -0.598425 0.023622 0.80315 
vn 0.889764 0.448819 -0.0629921 
vn 0.889764 0.456693 0.0708661 
vn -0.370079 0.448819 -0.811024 
vn -0.590551 0.771654 -0.244094 
vn -0.590551 0.771654 0.244094 
vn -0.370079 0.448819 0.811024 
vn -0.188976 0.023622 0.984252 
vn -0.19685 0.0866142 0.976378 
vn -0.259843 -0.0314961 0.968504 
vn -0.23622 0.102362 0.968504 
vn 0.220472 0.00787402 0.976378 
vn 0.181102 -0.133858 0.976378 
vn -0.133858 -0.992126 0 
vn -0.133858 -0.992126 0 
vn -0.133858 -0.992126 0 
vn -0.133858 -0.992126 0 
vn -0.188976 -0.173228 -0.968504 
vn 0.188976 -0.19685 -0.96063 
vn -0.275591 -0.110236 -0.952756 
vn -0.212598 0.015748 -0.976378 
vn -0.653543 0.291339 -0.700787 
vn -0.874016 0.401575 -0.283465 
vn -0.874016 0.401575 0.283465 
vn -0.637795 0.314961 0.700787 
vn -0.598425 0.023622 0.80315 
vn -0.614173 0.11811 0.779528 
vn -0.582677 0.220472 0.779528 
vn -0.590551 0.19685 0.779528 
vn -0.133858 -0.992126 0 
vn -0.133858 -0.992126 0 
vn -0.133858 -0.992126 0 
vn -0.133858 -0.992126 0 
vn -0.582677 -0.125984 -0.80315 
vn -0.614173 0.015748 -0.787402 
vn -0.622047 0 -0.787402 
vn 0.629921 -0.220472 -0.748031 
vn 0.771654 -0.338583 -0.543307 
vn 0.818898 -0.19685 -0.535433 
vn 0.448819 -0.204724 -0.866142 
vn 0.937008 -0.23622 0.259843 
vn 0.952756 -0.133858 0.267717 
vn 0.984252 -0.15748 0 
vn 0.96063 -0.267717 0 
vn -0.897638 0.322835 0.314961 
vn 0.874016 -0.204724 0.448819 
vn 0.874016 -0.11811 0.480315 
vn -0.377953 0.00787402 0.929134 
vn -0.228346 0.19685 -0.952756 
vn 0.425197 -0.0314961 0.905512 
vn 0.362205 0 0.929134 
vn -0.88189 0.307087 0.354331 
vn -0.181102 0.330709 -0.92126 
vn -0.653543 0.291339 -0.700787 
vn -0.370079 0.448819 -0.811024 
vn -0.0629921 0.566929 -0.818898 
vn 0.0314961 0.669291 -0.748031 
vn 1 0 0 
vn 1 0 0 
vn 1 0 0 
vn 1 0 0 
vn 0.0393701 0.645669 0.76378 
vn -0.0472441 0.559055 0.826772 
vn -0.370079 0.448819 0.811024 
vn -0.637795 0.314961 0.700787 
vn -0.874016 0.401575 0.283465 
vn -0.874016 0.401575 -0.283465 
vn -0.543307 0.456693 0.708661 
vn -0.433071 0.188976 0.88189 
vn -0.259843 0.173228 0.952756 
vn -0.440945 0.346457 0.826772 
vn 0.582677 0.370079 0.716535 
vn 0.433071 0.299213 0.850394 
vn 0.496063 0.188976 0.850394 
vn 0.629921 0.220472 0.748031 
vn 0.905512 0.377953 0.212598 
vn 0.84252 0.496063 0.204724 
vn 0.826772 0.511811 0.244094 
vn 0.84252 0.535433 0.0314961 
vn 0.84252 0.511811 0.173228 
vn 0.858268 0.511811 0 
vn 0.574803 0.527559 -0.622047 
vn 0.543307 0.496063 -0.677165 
vn 0.574803 0.488189 -0.661417 
vn 0.377953 0.354331 -0.858268 
vn -0.00787402 0.299213 -0.952756 
vn 0.188976 0.385827 -0.905512 
vn 0.0866142 0.141732 -0.984252 
vn 0.023622 0.0866142 -1 
vn -0.834646 0.519685 -0.173228 
vn -0.92126 0.385827 -0.015748 
vn -0.937008 0.338583 0.00787402 
vn -0.850394 0.527559 -0.0472441 
vn -0.937008 0.338583 0.0866142 
vn -0.779528 0.582677 0.23622 
vn 0.637795 -0.716535 0.275591 
vn 0.598425 -0.779528 0.204724 
vn 0.708661 -0.692913 0.141732 
vn 0.740157 -0.653543 0.15748 
vn 0.401575 -0.913386 0.0866142 
vn 0.346457 -0.937008 0.00787402 
vn 0.787402 -0.496063 0.362205 
vn 0.724409 -0.637795 0.251969 
vn 0 -1 0.00787402 
vn 0 -1 0 
vn 0.0708661 -0.992126 -0.0629921 
vn 0.0787402 -0.992126 -0.0629921 
vn 0.165354 -0.984252 0.00787402 
vn 0.181102 -0.984252 0.00787402 
vn -0.307087 -0.0944882 0.944882 
vn -0.307087 -0.149606 0.937008 
vn 0.433071 -0.834646 0.346457 
vn 0.370079 -0.929134 -0.015748 
vn 0.393701 -0.92126 0.023622 
vn 0.527559 -0.811024 0.251969 
vn 0.0472441 -0.0314961 -1 
vn 0.0314961 -0.0393701 -1 
vn -1 -0.0472441 -0.015748 
vn -0.992126 -0.0944882 0.023622 
vn -0.992126 -0.0944882 0.0472441 
vn 0.370079 -0.929134 0.0393701 
vn 0.330709 -0.944882 0.015748 
vn 0.496063 -0.732283 0.456693 
vn 0.354331 -0.724409 0.590551 
vn 0.433071 -0.834646 0.346457 
vn 0.527559 -0.811024 0.251969 
vn 0.165354 -0.377953 0.905512 
vn 0.291339 -0.330709 0.897638 
vn -0.149606 -0.354331 0.92126 
vn -0.181102 -0.283465 0.944882 
vn 0.897638 -0.409449 0.149606 
vn 0.818898 -0.566929 0.015748 
vn 0.480315 -0.874016 -0.015748 
vn 0.448819 -0.889764 -0.023622 
vn 0.645669 -0.755906 0.0551181 
vn 0.653543 -0.748031 0.0787402 
vn -0.496063 -0.866142 0.00787402 
vn -0.472441 -0.88189 -0.015748 
vn -0.543307 -0.84252 0 
vn -0.535433 -0.84252 0.0314961 
vn -0.622047 -0.779528 -0.0708661 
vn -0.582677 -0.811024 -0.0314961 
vn 0.574803 -0.141732 0.80315 
vn 0.582677 -0.141732 0.80315 
vn 0.566929 -0.11811 0.818898 
vn 0.559055 -0.110236 0.818898 
vn 0.897638 -0.244094 0.370079 
vn 0.913386 -0.15748 0.370079 
vn -0.0314961 -0.716535 0.700787 
vn 0.173228 -0.708661 0.677165 
vn 0.0393701 -0.692913 0.724409 
vn -0.110236 -0.740157 0.661417 
vn 0.19685 0.0708661 -0.976378 
vn 0.582677 0.370079 -0.724409 
vn 0.425197 0.220472 -0.88189 
vn 0.433071 0.299213 0.850394 
vn -0.133858 0.204724 0.968504 
vn 0.133858 0.149606 0.976378 
vn 0.496063 0.188976 0.850394 
vn 0.598425 -0.779528 0.204724 
vn 0.637795 -0.716535 0.275591 
vn -0.149606 -0.76378 0.622047 
vn -0.173228 -0.76378 0.622047 
vn 0.110236 -0.976378 -0.165354 
vn 0.0944882 -0.992126 -0.102362 
vn -0.330709 -0.299213 -0.897638 
vn -0.354331 -0.244094 -0.905512 
vn -0.409449 -0.0472441 -0.913386 
vn -0.440945 0 -0.897638 
vn -0.952756 -0.307087 -0.0314961 
vn -0.944882 -0.322835 0.00787402 
vn -0.944882 -0.330709 0.0393701 
vn 0.984252 0.133858 -0.110236 
vn 0.992126 0.125984 -0.023622 
vn 1 -0.00787402 -0.0314961 
vn 1 0.023622 -0.0866142 
vn 0.992126 0.110236 0.0551181 
vn 1 0.023622 0.015748 
vn 0.952756 0.283465 -0.11811 
vn 0.96063 0.275591 -0.015748 
vn 0.96063 0.259843 0.0787402 
vn -0.133858 -0.385827 -0.913386 
vn -0.204724 -0.393701 -0.897638 
vn 0.417323 -0.0551181 -0.905512 
vn 0.496063 -0.0551181 -0.866142 
vn 0.456693 -0.0472441 -0.889764 
vn 0.393701 -0.0472441 -0.92126 
vn 0.614173 -0.0314961 -0.787402 
vn 0.551181 -0.023622 -0.834646 
vn 0.653543 -0.748031 -0.0629921 
vn 0.787402 -0.614173 -0.023622 
vn 0.771654 -0.629921 -0.023622 
vn 0.637795 -0.76378 -0.0708661 
vn 0.76378 -0.645669 -0.0314961 
vn 0.76378 -0.645669 -0.0314961 
vn 0.535433 -0.0787402 0.84252 
vn 0.519685 -0.0787402 0.850394 
vn -0.456693 0.322835 -0.826772 
vn -0.496063 0.346457 -0.795276 
vn -0.661417 0.511811 -0.543307 
vn -0.748031 0.480315 -0.456693 
vn 0.141732 0 0.992126 
vn 0.527559 0.0708661 0.84252 
vn 0.527559 0.0708661 0.84252 
vn 0.708661 0.0629921 0.700787 
vn 0.92126 0.307087 0.228346 
vn 0.133858 -0.929134 -0.346457 
vn 0.244094 -0.913386 -0.330709 
vn 0.212598 -0.76378 -0.614173 
vn 0.173228 -0.716535 -0.677165 
vn 0.133858 -0.929134 -0.346457 
vn 0.244094 -0.913386 -0.330709 

vt 0.348455 0.833981 
vt 0.348967 0.875042 
vt 0.316714 0.875042 
vt 0.316714 0.839268 
vt 0.158961 0.12496 
vt 0.147005 0.124466 
vt 0.147005 0.08963 
vt 0.15965 0.08963 
vt 0.376233 0.533826 
vt 0.354285 0.536741 
vt 0.35444 0.500684 
vt 0.380167 0.500684 
vt 0.609776 0.358854 
vt 0.609776 0.32686 
vt 0.62399 0.3269 
vt 0.626097 0.358854 
vt 0.347474 0.750062 
vt 0.316714 0.750062 
vt 0.316714 0.716886 
vt 0.346645 0.697695 
vt 0.348431 0.920816 
vt 0.316714 0.900877 
vt 0.396136 0.901342 
vt 0.377115 0.904099 
vt 0.380284 0.875042 
vt 0.396243 0.875042 
vt 0.395572 0.500684 
vt 0.390955 0.542915 
vt 0.378539 0.717067 
vt 0.379499 0.750062 
vt 0.366613 0.750062 
vt 0.365952 0.71599 
vt 0.391459 0.828308 
vt 0.395978 0.875042 
vt 0.380365 0.875042 
vt 0.376374 0.839947 
vt 0.147005 0.180622 
vt 0.159049 0.179779 
vt 0.396002 0.971541 
vt 0.377227 0.969293 
vt 0.348431 0.920816 
vt 0.348698 0.975235 
vt 0.316714 0.975223 
vt 0.316714 0.900877 
vt 0.609776 0.266069 
vt 0.62402 0.26611 
vt 0.365724 0.648546 
vt 0.352194 0.700245 
vt 0.352438 0.642721 
vt 0.378545 0.650943 
vt 0.147005 0.214134 
vt 0.160008 0.214134 
vt 0.395972 0.999797 
vt 0.380336 0.999797 
vt 0.348655 0.999797 
vt 0.316714 0.999797 
vt 0.609776 0.234516 
vt 0.626159 0.234516 
vt 0.36709 0.624466 
vt 0.353294 0.624466 
vt 0.379941 0.624466 
vt 0.3726 0.969105 
vt 0.372734 0.904319 
vt 0.177658 0.08963 
vt 0.181064 0.124835 
vt 0.180763 0.177621 
vt 0.178137 0.214134 
vt 0.385394 0.575224 
vt 0.371242 0.568042 
vt 0.348455 0.568635 
vt 0.316714 0.574626 
vt 0.316714 0.536273 
vt 0.348459 0.540118 
vt 0.63953 0.234516 
vt 0.643501 0.266166 
vt 0.643471 0.326957 
vt 0.639468 0.358854 
vt 0.371239 0.795377 
vt 0.354108 0.83288 
vt 0.353317 0.789216 
vt 0.386095 0.783542 
vt 0.193176 0.08963 
vt 0.193176 0.123455 
vt 0.193176 0.178833 
vt 0.193176 0.214134 
vt 0.380015 0.624466 
vt 0.367469 0.624466 
vt 0.347895 0.624466 
vt 0.316714 0.624466 
vt 0.656528 0.234516 
vt 0.656528 0.266204 
vt 0.656528 0.326994 
vt 0.656528 0.358854 
vt 0.367608 0.750062 
vt 0.352745 0.750062 
vt 0.380196 0.750062 
vt 0.35439 0.875042 
vt 0.372734 0.904319 
vt 0.354066 0.918573 
vt 0.380284 0.875042 
vt 0.3726 0.969105 
vt 0.354625 0.977109 
vt 0.354066 0.918573 
vt 0.372734 0.904319 
vt 0.347245 0.644783 
vt 0.380336 0.999797 
vt 0.35444 0.999797 
vt 0.354047 0.5699 
vt 0.347814 0.787165 
vt 0.316714 0.500684 
vt 0.348655 0.500684 
vt 0.316714 0.64292 
vt 0.316714 0.784502 
vt 0.389573 0.750062 
vt 0.396019 0.771555 
vt 0.401879 0.817106 
vt 0.405293 0.875042 
vt 0.405293 0.875042 
vt 0.410468 0.903469 
vt 0.410468 0.970166 
vt 0.404684 0.999797 
vt 0.404684 0.500684 
vt 0.401318 0.550938 
vt 0.395152 0.583386 
vt 0.389573 0.624466 
vt 0.389075 0.652968 
vt 0.388679 0.717332 
vt 0.64924 0.259667 
vt 0.635561 0.259672 
vt 0.63874 0.251854 
vt 0.64922 0.253147 
vt 0.646982 0.292242 
vt 0.646973 0.297418 
vt 0.642559 0.294355 
vt 0.644845 0.290144 
vt 0.644845 0.290144 
vt 0.64825 0.280967 
vt 0.646982 0.292242 
vt 0.649859 0.274936 
vt 0.64592 0.278954 
vt 0.647092 0.273952 
vt 0.649121 0.343419 
vt 0.652163 0.353882 
vt 0.649992 0.356272 
vt 0.643196 0.347454 
vt 0.647599 0.333303 
vt 0.647961 0.338293 
vt 0.639844 0.345043 
vt 0.635432 0.334242 
vt 0.612566 0.303836 
vt 0.626355 0.299879 
vt 0.626566 0.312375 
vt 0.613125 0.313116 
vt 0.625843 0.324819 
vt 0.612368 0.322303 
vt 0.639841 0.292265 
vt 0.635617 0.287795 
vt 0.63941 0.282419 
vt 0.642803 0.288083 
vt 0.635456 0.274941 
vt 0.635239 0.270381 
vt 0.64031 0.271165 
vt 0.640363 0.276495 
vt 0.61259 0.280554 
vt 0.611237 0.280746 
vt 0.611203 0.290518 
vt 0.613046 0.290757 
vt 0.612784 0.26789 
vt 0.611203 0.267511 
vt 0.631746 0.248925 
vt 0.626708 0.255438 
vt 0.627882 0.289948 
vt 0.626849 0.276474 
vt 0.631311 0.275684 
vt 0.632279 0.289407 
vt 0.635486 0.346657 
vt 0.630242 0.336154 
vt 0.634041 0.299653 
vt 0.634889 0.312263 
vt 0.635026 0.324628 
vt 0.630451 0.266227 
vt 0.626032 0.265387 
vt 0.640156 0.241639 
vt 0.631746 0.248925 
vt 0.632111 0.241987 
vt 0.635741 0.238423 
vt 0.620441 0.240425 
vt 0.621045 0.238441 
vt 0.624155 0.244097 
vt 0.621647 0.249409 
vt 0.647092 0.273952 
vt 0.64592 0.278954 
vt 0.637844 0.267181 
vt 0.638506 0.261813 
vt 0.641344 0.264083 
vt 0.639909 0.268624 
vt 0.648428 0.323059 
vt 0.641681 0.323831 
vt 0.641312 0.311212 
vt 0.648335 0.310101 
vt 0.640948 0.300561 
vt 0.647709 0.300605 
vt 0.632111 0.241987 
vt 0.631746 0.248925 
vt 0.624155 0.244097 
vt 0.625819 0.239401 
vt 0.642408 0.265024 
vt 0.639909 0.268624 
vt 0.637844 0.267181 
vt 0.639909 0.268624 
vt 0.64031 0.271165 
vt 0.635239 0.270381 
vt 0.636727 0.35275 
vt 0.641747 0.358064 
vt 0.638938 0.35617 
vt 0.65011 0.243274 
vt 0.64963 0.249107 
vt 0.643327 0.243927 
vt 0.646069 0.239266 
vt 0.63832 0.234965 
vt 0.64357 0.236868 
vt 0.634826 0.266344 
vt 0.630451 0.266227 
vt 0.634826 0.266344 
vt 0.635155 0.261326 
vt 0.623053 0.341034 
vt 0.621152 0.335246 
vt 0.626695 0.329742 
vt 0.630242 0.336154 
vt 0.640948 0.300561 
vt 0.641312 0.311212 
vt 0.641681 0.323831 
vt 0.621302 0.289461 
vt 0.620334 0.277218 
vt 0.626849 0.276474 
vt 0.627882 0.289948 
vt 0.619846 0.267211 
vt 0.626032 0.265387 
vt 0.617713 0.288985 
vt 0.6162 0.277549 
vt 0.615857 0.269042 
vt 0.619451 0.345747 
vt 0.618741 0.343554 
vt 0.630605 0.342787 
vt 0.624637 0.34536 
vt 0.623053 0.341034 
vt 0.630242 0.336154 
vt 0.62099 0.348053 
vt 0.619451 0.345747 
vt 0.615046 0.28899 
vt 0.614186 0.28035 
vt 0.61259 0.280554 
vt 0.613046 0.290757 
vt 0.614617 0.26849 
vt 0.612784 0.26789 
vt 0.621045 0.238441 
vt 0.622597 0.237045 
vt 0.63408 0.326848 
vt 0.635432 0.334242 
vt 0.64817 0.326747 
vt 0.647599 0.333303 
vt 0.640156 0.241639 
vt 0.64357 0.236868 
vt 0.639841 0.292265 
vt 0.642803 0.288083 
vt 0.642803 0.288083 
vt 0.630443 0.26209 
vt 0.630451 0.266227 
vt 0.630605 0.342787 
vt 0.630242 0.336154 
vt 0.635486 0.346657 
vt 0.632572 0.348035 

usemtl Theandroe1Mtl

f 7256/7256/7256 7257/7257/7257 7258/7258/7258 
f 7258/7258/7258 7259/7259/7259 7256/7256/7256 
f 7260/7260/7260 7261/7261/7261 7262/7262/7262 
f 7262/7262/7262 7263/7263/7263 7260/7260/7260 
f 7264/7264/7264 7265/7265/7265 7266/7266/7266 
f 7266/7266/7266 7267/7267/7267 7264/7264/7264 
f 7268/7268/7268 7269/7269/7269 7270/7270/7270 
f 7270/7270/7270 7271/7271/7271 7268/7268/7268 
f 7272/7272/7272 7273/7273/7273 7274/7274/7274 
f 7274/7274/7274 7275/7275/7275 7272/7272/7272 
f 7257/7257/7257 7276/7276/7276 7277/7277/7277 
f 7277/7277/7277 7258/7258/7258 7257/7257/7257 
f 7278/7278/7278 7279/7279/7279 7280/7280/7280 
f 7280/7280/7280 7281/7281/7281 7278/7278/7278 
f 7267/7267/7267 7282/7282/7282 7283/7283/7283 
f 7283/7283/7283 7264/7264/7264 7267/7267/7267 
f 7284/7284/7284 7285/7285/7285 7286/7286/7286 
f 7286/7286/7286 7287/7287/7287 7284/7284/7284 
f 7288/7288/7288 7289/7289/7289 7290/7290/7290 
f 7290/7290/7290 7291/7291/7291 7288/7288/7288 
f 7292/7292/7292 7261/7261/7261 7260/7260/7260 
f 7260/7260/7260 7293/7293/7293 7292/7292/7292 
f 7278/7278/7278 7294/7294/7294 7295/7295/7295 
f 7295/7295/7295 7279/7279/7279 7278/7278/7278 
f 7296/7296/7296 7297/7297/7297 7298/7298/7298 
f 7298/7298/7298 7299/7299/7299 7296/7296/7296 
f 7269/7269/7269 7300/7300/7300 7301/7301/7301 
f 7301/7301/7301 7270/7270/7270 7269/7269/7269 
f 7302/7302/7302 7287/7287/7287 7303/7303/7303 
f 7303/7303/7303 7304/7304/7304 7302/7302/7302 
f 7305/7305/7305 7284/7284/7284 7287/7287/7287 
f 7287/7287/7287 7302/7302/7302 7305/7305/7305 
f 7306/7306/7306 7292/7292/7292 7293/7293/7293 
f 7293/7293/7293 7307/7307/7307 7306/7306/7306 
f 7294/7294/7294 7308/7308/7308 7309/7309/7309 
f 7309/7309/7309 7295/7295/7295 7294/7294/7294 
f 7297/7297/7297 7310/7310/7310 7311/7311/7311 
f 7311/7311/7311 7298/7298/7298 7297/7297/7297 
f 7301/7301/7301 7300/7300/7300 7312/7312/7312 
f 7312/7312/7312 7313/7313/7313 7301/7301/7301 
f 7314/7314/7314 7302/7302/7302 7304/7304/7304 
f 7304/7304/7304 7315/7315/7315 7314/7314/7314 
f 7314/7314/7314 7316/7316/7316 7305/7305/7305 
f 7305/7305/7305 7302/7302/7302 7314/7314/7314 
f 7309/7309/7309 7317/7317/7317 7295/7295/7295 
f 7295/7295/7295 7317/7317/7317 7318/7318/7318 
f 7318/7318/7318 7279/7279/7279 7295/7295/7295 
f 7318/7318/7318 7280/7280/7280 7279/7279/7279 
f 7260/7260/7260 7263/7263/7263 7319/7319/7319 
f 7319/7319/7319 7320/7320/7320 7260/7260/7260 
f 7321/7321/7321 7293/7293/7293 7260/7260/7260 
f 7260/7260/7260 7320/7320/7320 7321/7321/7321 
f 7322/7322/7322 7307/7307/7307 7293/7293/7293 
f 7293/7293/7293 7321/7321/7321 7322/7322/7322 
f 7323/7323/7323 7324/7324/7324 7264/7264/7264 
f 7264/7264/7264 7283/7283/7283 7323/7323/7323 
f 7325/7325/7325 7326/7326/7326 7327/7327/7327 
f 7327/7327/7327 7328/7328/7328 7325/7325/7325 
f 7329/7329/7329 7330/7330/7330 7301/7301/7301 
f 7301/7301/7301 7313/7313/7313 7329/7329/7329 
f 7331/7331/7331 7270/7270/7270 7301/7301/7301 
f 7301/7301/7301 7330/7330/7330 7331/7331/7331 
f 7332/7332/7332 7271/7271/7271 7270/7270/7270 
f 7270/7270/7270 7331/7331/7331 7332/7332/7332 
f 7333/7333/7333 7291/7291/7291 7334/7334/7334 
f 7334/7334/7334 7335/7335/7335 7333/7333/7333 
f 7336/7336/7336 7288/7288/7288 7291/7291/7291 
f 7291/7291/7291 7333/7333/7333 7336/7336/7336 
f 7320/7320/7320 7319/7319/7319 7337/7337/7337 
f 7337/7337/7337 7338/7338/7338 7320/7320/7320 
f 7339/7339/7339 7321/7321/7321 7320/7320/7320 
f 7320/7320/7320 7338/7338/7338 7339/7339/7339 
f 7340/7340/7340 7322/7322/7322 7321/7321/7321 
f 7321/7321/7321 7339/7339/7339 7340/7340/7340 
f 7341/7341/7341 7342/7342/7342 7324/7324/7324 
f 7324/7324/7324 7323/7323/7323 7341/7341/7341 
f 7343/7343/7343 7344/7344/7344 7326/7326/7326 
f 7326/7326/7326 7325/7325/7325 7343/7343/7343 
f 7345/7345/7345 7346/7346/7346 7330/7330/7330 
f 7330/7330/7330 7329/7329/7329 7345/7345/7345 
f 7347/7347/7347 7331/7331/7331 7330/7330/7330 
f 7330/7330/7330 7346/7346/7346 7347/7347/7347 
f 7348/7348/7348 7332/7332/7332 7331/7331/7331 
f 7331/7331/7331 7347/7347/7347 7348/7348/7348 
f 7349/7349/7349 7333/7333/7333 7335/7335/7335 
f 7335/7335/7335 7350/7350/7350 7349/7349/7349 
f 7351/7351/7351 7336/7336/7336 7333/7333/7333 
f 7333/7333/7333 7349/7349/7349 7351/7351/7351 
f 7291/7291/7291 7290/7290/7290 7352/7352/7352 
f 7352/7352/7352 7334/7334/7334 7291/7291/7291 
f 7266/7266/7266 7265/7265/7265 7328/7328/7328 
f 7287/7287/7287 7286/7286/7286 7350/7350/7350 
f 7350/7350/7350 7303/7303/7303 7287/7287/7287 
f 7353/7353/7353 7354/7354/7354 7352/7352/7352 
f 7352/7352/7352 7355/7355/7355 7353/7353/7353 
f 7356/7356/7356 7357/7357/7357 7358/7358/7358 
f 7358/7358/7358 7359/7359/7359 7356/7356/7356 
f 7360/7360/7360 7304/7304/7304 7303/7303/7303 
f 7303/7303/7303 7275/7275/7275 7360/7360/7360 
f 7356/7356/7356 7361/7361/7361 7362/7362/7362 
f 7362/7362/7362 7357/7357/7357 7356/7356/7356 
f 7343/7343/7343 7315/7315/7315 7304/7304/7304 
f 7304/7304/7304 7360/7360/7360 7343/7343/7343 
f 7324/7324/7324 7363/7363/7363 7265/7265/7265 
f 7265/7265/7265 7264/7264/7264 7324/7324/7324 
f 7256/7256/7256 7364/7364/7364 7335/7335/7335 
f 7335/7335/7335 7334/7334/7334 7256/7256/7256 
f 7342/7342/7342 7315/7315/7315 7363/7363/7363 
f 7363/7363/7363 7324/7324/7324 7342/7342/7342 
f 7364/7364/7364 7272/7272/7272 7350/7350/7350 
f 7350/7350/7350 7335/7335/7335 7364/7364/7364 
f 7352/7352/7352 7257/7257/7257 7256/7256/7256 
f 7256/7256/7256 7334/7334/7334 7352/7352/7352 
f 7303/7303/7303 7350/7350/7350 7272/7272/7272 
f 7272/7272/7272 7275/7275/7275 7303/7303/7303 
f 7354/7354/7354 7276/7276/7276 7257/7257/7257 
f 7257/7257/7257 7352/7352/7352 7354/7354/7354 
f 7357/7357/7357 7297/7297/7297 7296/7296/7296 
f 7296/7296/7296 7358/7358/7358 7357/7357/7357 
f 7357/7357/7357 7362/7362/7362 7310/7310/7310 
f 7310/7310/7310 7297/7297/7297 7357/7357/7357 
f 7363/7363/7363 7325/7325/7325 7328/7328/7328 
f 7328/7328/7328 7265/7265/7265 7363/7363/7363 
f 7315/7315/7315 7325/7325/7325 7363/7363/7363 
f 7327/7327/7327 7365/7365/7365 7366/7366/7366 
f 7366/7366/7366 7328/7328/7328 7327/7327/7327 
f 7367/7367/7367 7360/7360/7360 7275/7275/7275 
f 7275/7275/7275 7274/7274/7274 7367/7367/7367 
f 7344/7344/7344 7343/7343/7343 7360/7360/7360 
f 7360/7360/7360 7367/7367/7367 7344/7344/7344 
f 7259/7259/7259 7368/7368/7368 7364/7364/7364 
f 7364/7364/7364 7256/7256/7256 7259/7259/7259 
f 7273/7273/7273 7272/7272/7272 7364/7364/7364 
f 7364/7364/7364 7368/7368/7368 7273/7273/7273 
f 7343/7343/7343 7325/7325/7325 7315/7315/7315 
f 7266/7266/7266 7328/7328/7328 7366/7366/7366 
f 7369/7369/7369 7370/7370/7370 7336/7336/7336 
f 7336/7336/7336 7351/7351/7351 7369/7369/7369 
f 7370/7370/7370 7371/7371/7371 7288/7288/7288 
f 7288/7288/7288 7336/7336/7336 7370/7370/7370 
f 7371/7371/7371 7372/7372/7372 7289/7289/7289 
f 7289/7289/7289 7288/7288/7288 7371/7371/7371 
f 7373/7373/7373 7374/7374/7374 7278/7278/7278 
f 7278/7278/7278 7281/7281/7281 7373/7373/7373 
f 7375/7375/7375 7294/7294/7294 7278/7278/7278 
f 7278/7278/7278 7374/7374/7374 7375/7375/7375 
f 7376/7376/7376 7308/7308/7308 7294/7294/7294 
f 7294/7294/7294 7375/7375/7375 7376/7376/7376 
f 7282/7282/7282 7377/7377/7377 7378/7378/7378 
f 7378/7378/7378 7283/7283/7283 7282/7282/7282 
f 7379/7379/7379 7323/7323/7323 7283/7283/7283 
f 7283/7283/7283 7378/7378/7378 7379/7379/7379 
f 7380/7380/7380 7341/7341/7341 7323/7323/7323 
f 7323/7323/7323 7379/7379/7379 7380/7380/7380 
f 7316/7316/7316 7380/7380/7380 7381/7381/7381 
f 7381/7381/7381 7305/7305/7305 7316/7316/7316 
f 7381/7381/7381 7382/7382/7382 7284/7284/7284 
f 7284/7284/7284 7305/7305/7305 7381/7381/7381 
f 7382/7382/7382 7369/7369/7369 7285/7285/7285 
f 7285/7285/7285 7284/7284/7284 7382/7382/7382 
f 7383/7383/7383 7384/7384/7384 7385/7385/7385 
f 7385/7385/7385 7386/7386/7386 7383/7383/7383 
f 7387/7387/7387 7388/7388/7388 7389/7389/7389 
f 7389/7389/7389 7390/7390/7390 7387/7387/7387 
f 7391/7391/7391 7392/7392/7392 7393/7393/7393 
f 7394/7394/7394 7392/7392/7392 7395/7395/7395 
f 7395/7395/7395 7396/7396/7396 7394/7394/7394 
f 7397/7397/7397 7398/7398/7398 7399/7399/7399 
f 7399/7399/7399 7400/7400/7400 7397/7397/7397 
f 7401/7401/7401 7402/7402/7402 7403/7403/7403 
f 7403/7403/7403 7404/7404/7404 7401/7401/7401 
f 7405/7405/7405 7406/7406/7406 7407/7407/7407 
f 7407/7407/7407 7408/7408/7408 7405/7405/7405 
f 7408/7408/7408 7407/7407/7407 7409/7409/7409 
f 7409/7409/7409 7410/7410/7410 7408/7408/7408 
f 7411/7411/7411 7412/7412/7412 7413/7413/7413 
f 7413/7413/7413 7414/7414/7414 7411/7411/7411 
f 7415/7415/7415 7416/7416/7416 7417/7417/7417 
f 7417/7417/7417 7418/7418/7418 7415/7415/7415 
f 7419/7419/7419 7420/7420/7420 7421/7421/7421 
f 7421/7421/7421 7422/7422/7422 7419/7419/7419 
f 7423/7423/7423 7424/7424/7424 7420/7420/7420 
f 7420/7420/7420 7419/7419/7419 7423/7423/7423 
f 7425/7425/7425 7385/7385/7385 7384/7384/7384 
f 7384/7384/7384 7426/7426/7426 7425/7425/7425 
f 7427/7427/7427 7428/7428/7428 7429/7429/7429 
f 7429/7429/7429 7430/7430/7430 7427/7427/7427 
f 7431/7431/7431 7432/7432/7432 7404/7404/7404 
f 7404/7404/7404 7403/7403/7403 7431/7431/7431 
f 7433/7433/7433 7434/7434/7434 7407/7407/7407 
f 7407/7407/7407 7406/7406/7406 7433/7433/7433 
f 7435/7435/7435 7409/7409/7409 7407/7407/7407 
f 7407/7407/7407 7434/7434/7434 7435/7435/7435 
f 7436/7436/7436 7429/7429/7429 7428/7428/7428 
f 7428/7428/7428 7437/7437/7437 7436/7436/7436 
f 7438/7438/7438 7439/7439/7439 7440/7440/7440 
f 7440/7440/7440 7441/7441/7441 7438/7438/7438 
f 7442/7442/7442 7443/7443/7443 7444/7444/7444 
f 7444/7444/7444 7445/7445/7445 7442/7442/7442 
f 7413/7413/7413 7412/7412/7412 7415/7415/7415 
f 7415/7415/7415 7418/7418/7418 7413/7413/7413 
f 7446/7446/7446 7447/7447/7447 7418/7418/7418 
f 7418/7418/7418 7417/7417/7417 7446/7446/7446 
f 7413/7413/7413 7418/7418/7418 7447/7447/7447 
f 7447/7447/7447 7414/7414/7414 7413/7413/7413 
f 7448/7448/7448 7449/7449/7449 7450/7450/7450 
f 7450/7450/7450 7451/7451/7451 7448/7448/7448 
f 7452/7452/7452 7453/7453/7453 7454/7454/7454 
f 7454/7454/7454 7455/7455/7455 7452/7452/7452 
f 7454/7454/7454 7456/7456/7456 7457/7457/7457 
f 7457/7457/7457 7455/7455/7455 7454/7454/7454 
f 7458/7458/7458 7459/7459/7459 7460/7460/7460 
f 7460/7460/7460 7461/7461/7461 7458/7458/7458 
f 7462/7462/7462 7446/7446/7446 7417/7417/7417 
f 7417/7417/7417 7463/7463/7463 7462/7462/7462 
f 7464/7464/7464 7465/7465/7465 7466/7466/7466 
f 7466/7466/7466 7467/7467/7467 7464/7464/7464 
f 7468/7468/7468 7431/7431/7431 7403/7403/7403 
f 7469/7469/7469 7470/7470/7470 7400/7400/7400 
f 7400/7400/7400 7399/7399/7399 7469/7469/7469 
f 7471/7471/7471 7472/7472/7472 7473/7473/7473 
f 7473/7473/7473 7474/7474/7474 7471/7471/7471 
f 7438/7438/7438 7441/7441/7441 7475/7475/7475 
f 7475/7475/7475 7476/7476/7476 7438/7438/7438 
f 7412/7412/7412 7430/7430/7430 7429/7429/7429 
f 7429/7429/7429 7415/7415/7415 7412/7412/7412 
f 7429/7429/7429 7436/7436/7436 7416/7416/7416 
f 7416/7416/7416 7415/7415/7415 7429/7429/7429 
f 7477/7477/7477 7464/7464/7464 7467/7467/7467 
f 7467/7467/7467 7478/7478/7478 7477/7477/7477 
f 7479/7479/7479 7480/7480/7480 7449/7449/7449 
f 7449/7449/7449 7448/7448/7448 7479/7479/7479 
f 7468/7468/7468 7403/7403/7403 7400/7400/7400 
f 7400/7400/7400 7470/7470/7470 7468/7468/7468 
f 7402/7402/7402 7397/7397/7397 7400/7400/7400 
f 7400/7400/7400 7403/7403/7403 7402/7402/7402 
f 7481/7481/7481 7482/7482/7482 7483/7483/7483 
f 7483/7483/7483 7484/7484/7484 7481/7481/7481 
f 7485/7485/7485 7486/7486/7486 7434/7434/7434 
f 7434/7434/7434 7433/7433/7433 7485/7485/7485 
f 7487/7487/7487 7435/7435/7435 7434/7434/7434 
f 7434/7434/7434 7486/7486/7486 7487/7487/7487 
f 7444/7444/7444 7425/7425/7425 7426/7426/7426 
f 7426/7426/7426 7445/7445/7445 7444/7444/7444 
f 7488/7488/7488 7489/7489/7489 7490/7490/7490 
f 7490/7490/7490 7491/7491/7491 7488/7488/7488 
f 7492/7492/7492 7493/7493/7493 7490/7490/7490 
f 7490/7490/7490 7489/7489/7489 7492/7492/7492 
f 7494/7494/7494 7495/7495/7495 7489/7489/7489 
f 7489/7489/7489 7488/7488/7488 7494/7494/7494 
f 7496/7496/7496 7492/7492/7492 7489/7489/7489 
f 7489/7489/7489 7495/7495/7495 7496/7496/7496 
f 7481/7481/7481 7497/7497/7497 7498/7498/7498 
f 7498/7498/7498 7482/7482/7482 7481/7481/7481 
f 7499/7499/7499 7500/7500/7500 7501/7501/7501 
f 7501/7501/7501 7502/7502/7502 7499/7499/7499 
f 7500/7500/7500 7503/7503/7503 7504/7504/7504 
f 7504/7504/7504 7501/7501/7501 7500/7500/7500 
f 7505/7505/7505 7506/7506/7506 7507/7507/7507 
f 7507/7507/7507 7508/7508/7508 7505/7505/7505 
f 7509/7509/7509 7510/7510/7510 7507/7507/7507 
f 7507/7507/7507 7506/7506/7506 7509/7509/7509 
f 7461/7461/7461 7460/7460/7460 7511/7511/7511 
f 7511/7511/7511 7512/7512/7512 7461/7461/7461 
f 7513/7513/7513 7514/7514/7514 7484/7484/7484 
f 7484/7484/7484 7483/7483/7483 7513/7513/7513 
f 7515/7515/7515 7516/7516/7516 7514/7514/7514 
f 7514/7514/7514 7513/7513/7513 7515/7515/7515 
f 7386/7386/7386 7385/7385/7385 7473/7473/7473 
f 7473/7473/7473 7472/7472/7472 7386/7386/7386 
f 7385/7385/7385 7425/7425/7425 7517/7517/7517 
f 7517/7517/7517 7473/7473/7473 7385/7385/7385 
f 7473/7473/7473 7517/7517/7517 7518/7518/7518 
f 7518/7518/7518 7474/7474/7474 7473/7473/7473 
f 7389/7389/7389 7519/7519/7519 7520/7520/7520 
f 7520/7520/7520 7390/7390/7390 7389/7389/7389 
f 7392/7392/7392 7391/7391/7391 7521/7521/7521 
f 7521/7521/7521 7395/7395/7395 7392/7392/7392 
f 7522/7522/7522 7480/7480/7480 7479/7479/7479 
f 7479/7479/7479 7523/7523/7523 7522/7522/7522 
f 7524/7524/7524 7525/7525/7525 7526/7526/7526 
f 7526/7526/7526 7527/7527/7527 7524/7524/7524 

g Theandroe5

v -319.841 2.45654 108.915 
v -319.739 2.24296 108.915 
v -319.84 2.21718 108.728 
v -319.949 2.4569 108.75 
v -320.136 2.45735 108.611 
v -320.123 2.1936 108.621 
v -320.504 2.17957 108.566 
v -320.504 2.45735 108.556 
v -320.504 3.91268 108.546 
v -320.504 4.01925 108.681 
v -320.113 4.01925 108.776 
v -320 3.91268 108.601 
v -320.148 2.45492 109.459 
v -320.504 2.45492 109.459 
v -320.504 2.28006 109.51 
v -320.122 2.28006 109.51 
v -320.504 2.01432 108.828 
v -320.504 2.01432 108.553 
v -320.122 2.01432 108.608 
v -320.122 2.01432 108.828 
v -319.99 3.76027 109.594 
v -320.504 3.76027 109.594 
v -320.504 3.56754 109.597 
v -319.977 3.56754 109.597 
v -319.504 3.63548 108.933 
v -319.504 3.24487 108.934 
v -319.504 3.35928 108.786 
v -319.504 3.67098 108.759 
v -319.99 3.66935 108.556 
v -319.977 3.36168 108.54 
v -320.504 3.36168 108.485 
v -320.504 3.66935 108.501 
v -320.504 2.87885 109.467 
v -320.122 2.87885 109.467 
v -319.803 2.91774 108.914 
v -319.935 2.9467 108.763 
v -319.504 3.35928 108.786 
v -319.504 3.24487 108.934 
v -320.122 2.98315 108.625 
v -320.504 2.98315 108.57 
v -319.504 3.9444 108.932 
v -319.504 3.85341 108.786 
v -319.504 3.67098 109.434 
v -319.504 3.35928 109.416 
v -319.883 2.82235 109.326 
v -319.931 2.45536 109.317 
v -319.813 2.2615 109.367 
v -319.807 2.01432 108.709 
v -319.677 2.01432 108.921 
v -319.504 3.67098 108.759 
v -320.504 2.01432 109.327 
v -320.122 2.01432 109.327 
v -319.677 2.01432 109.236 
v -319.859 2.45573 109.173 
v -319.737 2.24634 109.211 
v -319.803 2.85208 109.174 
v -319.504 3.24487 109.27 
v -319.504 3.63548 109.267 
v -319.504 3.24487 109.27 
v -320.113 4.01925 108.776 
v -320.113 4.01925 109.42 
v -319.504 3.9444 109.265 
v -319.504 3.9444 108.932 
v -320.113 4.01925 108.776 
v -320.504 4.01925 108.681 
v -320.504 4.01925 109.459 
v -320.113 4.01925 109.42 
v -320.504 2.01432 109.553 
v -320.122 2.01432 109.553 
v -319.744 2.01432 109.402 
v -319.813 2.2615 109.367 
v -319.931 2.45536 109.317 
v -319.883 2.82235 109.326 
v -319.504 3.35928 109.416 
v -319.504 3.35928 109.416 
v -319.504 3.67098 109.434 
v -319.504 3.9444 109.265 
v -320.113 4.01925 109.42 
v -320 3.91268 109.566 
v -319.504 3.85341 109.416 
v -320.504 4.01925 109.459 
v -320.504 3.91268 109.566 
v -320.122 2.01432 108.608 
v -320.504 2.01432 108.553 
v -319.807 2.01432 108.709 
v -319.677 2.01432 108.921 
v -319.677 2.01432 109.236 
v -319.744 2.01432 109.402 
v -320.122 2.01432 109.553 
v -319.744 2.01432 109.402 
v -320.504 2.01432 109.553 
v -319.504 3.9444 109.265 
v -319.504 3.85341 109.416 
v -319.504 3.9444 108.932 
v -319.504 3.85341 108.786 
v -321.168 2.45654 108.915 
v -321.06 2.4569 108.75 
v -321.169 2.21718 108.728 
v -321.27 2.24296 108.915 
v -320.873 2.45735 108.611 
v -320.886 2.1936 108.621 
v -320.896 4.01925 108.776 
v -321.008 3.91268 108.601 
v -320.861 2.45492 109.459 
v -320.887 2.28006 109.51 
v -320.887 2.01432 108.608 
v -320.887 2.01432 108.828 
v -321.019 3.76027 109.594 
v -321.032 3.56754 109.597 
v -321.504 3.63548 108.933 
v -321.504 3.67098 108.759 
v -321.504 3.35928 108.786 
v -321.504 3.24487 108.934 
v -321.019 3.66935 108.556 
v -321.032 3.36168 108.54 
v -320.887 2.87885 109.467 
v -321.504 3.35928 108.786 
v -321.074 2.9467 108.763 
v -321.206 2.91774 108.914 
v -321.504 3.24487 108.934 
v -320.887 2.98315 108.625 
v -321.504 3.9444 108.932 
v -321.504 3.85341 108.786 
v -321.504 3.67098 109.434 
v -321.504 3.35928 109.416 
v -321.126 2.82235 109.326 
v -321.078 2.45536 109.317 
v -321.196 2.2615 109.367 
v -321.202 2.01432 108.709 
v -321.331 2.01432 108.921 
v -321.504 3.67098 108.759 
v -320.887 2.01432 109.327 
v -321.331 2.01432 109.236 
v -321.15 2.45573 109.173 
v -321.272 2.24634 109.211 
v -321.206 2.85208 109.174 
v -321.504 3.24487 109.27 
v -321.504 3.63548 109.267 
v -321.504 3.24487 109.27 
v -321.504 3.9444 109.265 
v -320.896 4.01925 109.42 
v -320.896 4.01925 108.776 
v -321.504 3.9444 108.932 
v -320.896 4.01925 108.776 
v -320.896 4.01925 109.42 
v -320.887 2.01432 109.553 
v -321.265 2.01432 109.402 
v -321.504 3.35928 109.416 
v -321.504 3.67098 109.434 
v -321.504 3.9444 109.265 
v -321.504 3.85341 109.416 
v -321.008 3.91268 109.566 
v -320.896 4.01925 109.42 
v -320.887 2.01432 108.608 
v -321.202 2.01432 108.709 
v -321.331 2.01432 108.921 
v -321.331 2.01432 109.236 
v -321.265 2.01432 109.402 
v -320.887 2.01432 109.553 
v -321.504 3.85341 109.416 
v -321.504 3.9444 109.265 
v -321.504 3.9444 108.932 
v -321.504 3.85341 108.786 

vn 0.937008 0.19685 -0.283465 
vn 0.905512 0.338583 -0.251969 
vn 0.629921 0.220472 -0.740157 
vn 0.685039 0.125984 -0.724409 
vn 0.346457 0.0314961 -0.937008 
vn 0.267717 0.0708661 -0.96063 
vn 0 0.023622 -1 
vn 0 0 -1 
vn 0 0.559055 -0.826772 
vn 0 0.84252 -0.543307 
vn 0.15748 0.929134 -0.338583 
vn 0.220472 0.566929 -0.795276 
vn 0.251969 0.15748 0.952756 
vn 0 0.133858 0.992126 
vn 0 0.220472 0.976378 
vn 0.212598 0.267717 0.937008 
vn 0 -1 0 
vn 0 -1 0 
vn 0 -1 0 
vn 0 -1 0 
vn 0.165354 0.0787402 0.984252 
vn 0 0.0944882 0.992126 
vn 0 -0.0866142 1 
vn 0.15748 -0.125984 0.976378 
vn 1 0 0 
vn 1 0 0 
vn 1 0 0 
vn 1 0 0 
vn 0.251969 0.102362 -0.96063 
vn 0.283465 -0.149606 -0.944882 
vn 0 -0.0944882 -0.992126 
vn 0 0.11811 -0.992126 
vn 0 -0.102362 0.992126 
vn 0.212598 -0.149606 0.968504 
vn 0.866142 -0.370079 -0.330709 
vn 0.637795 -0.259843 -0.724409 
vn 0.519685 -0.338583 -0.787402 
vn 0.716535 -0.622047 -0.314961 
vn 0.338583 -0.15748 -0.929134 
vn 0 -0.110236 -0.992126 
vn 0.188976 0.952756 -0.228346 
vn 0.338583 0.566929 -0.748031 
vn 0.322835 0.0629921 0.944882 
vn 0.488189 -0.330709 0.80315 
vn 0.653543 -0.291339 0.692913 
vn 0.716535 0.204724 0.669291 
vn 0.661417 0.370079 0.645669 
vn 0 -1 0 
vn 0 -1 0 
vn 0.401575 0.0787402 -0.913386 
vn 0 -1 0 
vn 0 -1 0 
vn 0 -1 0 
vn 0.952756 0.204724 0.228346 
vn 0.897638 0.393701 0.188976 
vn 0.897638 -0.385827 0.19685 
vn 0.76378 -0.629921 0.149606 
vn 1 0 0 
vn 1 0 0 
vn 0.15748 0.929134 -0.338583 
vn 0.133858 0.913386 0.385827 
vn 0.181102 0.952756 0.244094 
vn 0.188976 0.952756 -0.228346 
vn 0 1 0 
vn 0 1 0 
vn 0 1 0 
vn 0 1 0 
vn 0 -1 0 
vn 0 -1 0 
vn 0 -1 0 
vn 0.661417 0.370079 0.645669 
vn 0.716535 0.204724 0.669291 
vn 0.653543 -0.291339 0.692913 
vn 0.488189 -0.330709 0.80315 
vn 1 0 0 
vn 1 0 0 
vn 0.181102 0.952756 0.244094 
vn 0.133858 0.913386 0.385827 
vn 0.15748 0.527559 0.834646 
vn 0.307087 0.543307 0.779528 
vn 0 0.771654 0.637795 
vn 0 0.503937 0.866142 
vn 0.23622 0.0944882 -0.968504 
vn 0 0.0708661 -1 
vn 0.622047 0.165354 -0.76378 
vn 0.937008 0.23622 -0.259843 
vn 0.944882 0.275591 0.188976 
vn 0.685039 0.251969 0.685039 
vn 0.19685 0.181102 0.96063 
vn 0.685039 0.251969 0.685039 
vn 0 0.15748 0.984252 
vn 1 0 0 
vn 1 0 0 
vn 1 0 0 
vn 1 0 0 
vn -0.937008 0.19685 -0.283465 
vn -0.685039 0.125984 -0.724409 
vn -0.629921 0.220472 -0.740157 
vn -0.905512 0.338583 -0.251969 
vn -0.346457 0.0314961 -0.937008 
vn -0.267717 0.0708661 -0.96063 
vn -0.15748 0.929134 -0.338583 
vn -0.220472 0.566929 -0.795276 
vn -0.251969 0.15748 0.952756 
vn -0.212598 0.267717 0.937008 
vn 0 -1 0 
vn 0 -1 0 
vn -0.165354 0.0787402 0.984252 
vn -0.15748 -0.125984 0.976378 
vn -1 0 0 
vn -1 0 0 
vn -1 0 0 
vn -1 0 0 
vn -0.251969 0.102362 -0.96063 
vn -0.283465 -0.149606 -0.944882 
vn -0.212598 -0.149606 0.968504 
vn -0.519685 -0.338583 -0.787402 
vn -0.637795 -0.259843 -0.724409 
vn -0.866142 -0.370079 -0.330709 
vn -0.716535 -0.622047 -0.314961 
vn -0.338583 -0.15748 -0.929134 
vn -0.188976 0.952756 -0.228346 
vn -0.338583 0.566929 -0.748031 
vn -0.322835 0.0629921 0.944882 
vn -0.488189 -0.330709 0.80315 
vn -0.653543 -0.291339 0.692913 
vn -0.716535 0.204724 0.669291 
vn -0.661417 0.370079 0.645669 
vn 0 -1 0 
vn 0 -1 0 
vn -0.401575 0.0787402 -0.913386 
vn 0 -1 0 
vn 0 -1 0 
vn -0.952756 0.204724 0.228346 
vn -0.897638 0.393701 0.188976 
vn -0.897638 -0.385827 0.19685 
vn -0.76378 -0.629921 0.149606 
vn -1 0 0 
vn -1 0 0 
vn -0.181102 0.952756 0.244094 
vn -0.133858 0.913386 0.385827 
vn -0.15748 0.929134 -0.338583 
vn -0.188976 0.952756 -0.228346 
vn 0 1 0 
vn 0 1 0 
vn 0 -1 0 
vn 0 -1 0 
vn -1 0 0 
vn -1 0 0 
vn -0.181102 0.952756 0.244094 
vn -0.307087 0.543307 0.779528 
vn -0.15748 0.527559 0.834646 
vn -0.133858 0.913386 0.385827 
vn -0.23622 0.0944882 -0.968504 
vn -0.622047 0.165354 -0.76378 
vn -0.937008 0.23622 -0.259843 
vn -0.944882 0.275591 0.188976 
vn -0.685039 0.251969 0.685039 
vn -0.19685 0.181102 0.96063 
vn -1 0 0 
vn -1 0 0 
vn -1 0 0 
vn -1 0 0 

vt 0.0416805 0.92098 
vt 0.0312908 0.923862 
vt 0.0315292 0.874663 
vt 0.0424305 0.874663 
vt 0.0424372 0.795711 
vt 0.0307193 0.797857 
vt 0.0300375 0.751622 
vt 0.0423668 0.751546 
vt 0.107116 0.750637 
vt 0.116939 0.750383 
vt 0.116939 0.797923 
vt 0.107281 0.807352 
vt 0.0396862 0.33061 
vt 0.0398482 0.37399 
vt 0.0319215 0.374159 
vt 0.0314243 0.329049 
vt 0.292768 0.322006 
vt 0.292768 0.358035 
vt 0.271178 0.358035 
vt 0.271178 0.322006 
vt 0.0983467 0.315801 
vt 0.0984735 0.374068 
vt 0.089844 0.373988 
vt 0.0900307 0.31381 
vt 0.0999585 0.921051 
vt 0.08259 0.921669 
vt 0.0845955 0.874663 
vt 0.0986355 0.874663 
vt 0.0966015 0.808939 
vt 0.0831525 0.811196 
vt 0.082323 0.75117 
vt 0.0960278 0.750862 
vt 0.0584055 0.373994 
vt 0.0585255 0.328164 
vt 0.0630007 0.91646 
vt 0.0638775 0.874663 
vt 0.0845955 0.874663 
vt 0.08259 0.921669 
vt 0.0655305 0.798553 
vt 0.065547 0.751299 
vt 0.116939 0.874663 
vt 0.106735 0.874663 
vt 0.0959273 0.249039 
vt 0.0819518 0.249039 
vt 0.0558982 0.249039 
vt 0.0401587 0.249039 
vt 0.030771 0.249039 
vt 0.246063 0.358078 
vt 0.246063 0.322006 
vt 0.0986355 0.874663 
vt 0.292768 0.267562 
vt 0.271178 0.267562 
vt 0.246063 0.267562 
vt 0.04242 0.951855 
vt 0.031563 0.956005 
vt 0.0604747 0.948397 
vt 0.0828473 0.958267 
vt 0.100034 0.959932 
vt 0.0828473 0.958267 
vt 0.174821 0.235285 
vt 0.174874 0.358078 
vt 0.146251 0.358078 
vt 0.146223 0.235285 
vt 0.174821 0.235285 
vt 0.193103 0.235285 
vt 0.193168 0.358078 
vt 0.174874 0.358078 
vt 0.292768 0.235418 
vt 0.271178 0.235418 
vt 0.246063 0.235418 
vt 0.030771 0.999879 
vt 0.0401587 0.999879 
vt 0.0558982 0.999879 
vt 0.0819518 0.999879 
vt 0.0819518 0.999879 
vt 0.0959273 0.999879 
vt 0.116939 0.249039 
vt 0.116939 0.327849 
vt 0.104792 0.317343 
vt 0.100175 0.249039 
vt 0.116939 0.373911 
vt 0.105308 0.374017 
vt 0.023619 0.79775 
vt 0.023619 0.751713 
vt 0.023619 0.874663 
vt 0.023619 0.925659 
vt 0.023619 0.960066 
vt 0.023619 0.999879 
vt 0.023619 0.329588 
vt 0.023619 0.249039 
vt 0.023619 0.37425 
vt 0.116939 0.960575 
vt 0.106052 0.999879 
vt 0.116939 0.921041 
vt 0.106735 0.874663 
vt 0.0396068 0.582044 
vt 0.0386993 0.624857 
vt 0.0281985 0.624857 
vt 0.0290445 0.579287 
vt 0.0422302 0.707322 
vt 0.0305138 0.705413 
vt 0.116939 0.702904 
vt 0.107125 0.69398 
vt 0.0396997 0.417437 
vt 0.0314745 0.419206 
vt 0.314357 0.358035 
vt 0.314357 0.322006 
vt 0.09837 0.432436 
vt 0.0901455 0.434184 
vt 0.0975728 0.581725 
vt 0.0994043 0.624857 
vt 0.0854595 0.624857 
vt 0.080388 0.581132 
vt 0.0963143 0.692681 
vt 0.0829718 0.690842 
vt 0.0586688 0.419926 
vt 0.0854595 0.624857 
vt 0.0596557 0.624857 
vt 0.0609195 0.586392 
vt 0.080388 0.581132 
vt 0.065334 0.704066 
vt 0.116939 0.624857 
vt 0.107514 0.624857 
vt 0.0959647 0.500569 
vt 0.082248 0.500569 
vt 0.0561473 0.500569 
vt 0.040314 0.500569 
vt 0.0308835 0.500569 
vt 0.339473 0.358035 
vt 0.339473 0.322006 
vt 0.0994043 0.624857 
vt 0.314357 0.267562 
vt 0.339473 0.267562 
vt 0.0402743 0.550847 
vt 0.0292215 0.546712 
vt 0.0583995 0.554501 
vt 0.080511 0.544918 
vt 0.0976665 0.543053 
vt 0.080511 0.544918 
vt 0.240052 0.358078 
vt 0.211454 0.358078 
vt 0.2114 0.235285 
vt 0.240024 0.235285 
vt 0.2114 0.235285 
vt 0.211454 0.358078 
vt 0.314357 0.235418 
vt 0.339473 0.235418 
vt 0.082248 0.500569 
vt 0.0959647 0.500569 
vt 0.116939 0.500569 
vt 0.100175 0.500569 
vt 0.10486 0.431091 
vt 0.116939 0.420116 
vt 0.023619 0.70569 
vt 0.023619 0.624857 
vt 0.023619 0.577599 
vt 0.023619 0.542759 
vt 0.023619 0.500569 
vt 0.023619 0.418803 
vt 0.100175 0.500569 
vt 0.116939 0.54234 
vt 0.116939 0.581671 
vt 0.107514 0.624857 

usemtl Theandroe1Mtl

f 7528/7528/7528 7529/7529/7529 7530/7530/7530 
f 7530/7530/7530 7531/7531/7531 7528/7528/7528 
f 7532/7532/7532 7533/7533/7533 7534/7534/7534 
f 7534/7534/7534 7535/7535/7535 7532/7532/7532 
f 7536/7536/7536 7537/7537/7537 7538/7538/7538 
f 7538/7538/7538 7539/7539/7539 7536/7536/7536 
f 7540/7540/7540 7541/7541/7541 7542/7542/7542 
f 7542/7542/7542 7543/7543/7543 7540/7540/7540 
f 7544/7544/7544 7545/7545/7545 7546/7546/7546 
f 7546/7546/7546 7547/7547/7547 7544/7544/7544 
f 7548/7548/7548 7549/7549/7549 7550/7550/7550 
f 7550/7550/7550 7551/7551/7551 7548/7548/7548 
f 7552/7552/7552 7553/7553/7553 7554/7554/7554 
f 7554/7554/7554 7555/7555/7555 7552/7552/7552 
f 7556/7556/7556 7557/7557/7557 7558/7558/7558 
f 7558/7558/7558 7559/7559/7559 7556/7556/7556 
f 7550/7550/7550 7560/7560/7560 7561/7561/7561 
f 7561/7561/7561 7551/7551/7551 7550/7550/7550 
f 7562/7562/7562 7563/7563/7563 7564/7564/7564 
f 7564/7564/7564 7565/7565/7565 7562/7562/7562 
f 7566/7566/7566 7567/7567/7567 7558/7558/7558 
f 7558/7558/7558 7557/7557/7557 7566/7566/7566 
f 7539/7539/7539 7538/7538/7538 7568/7568/7568 
f 7568/7568/7568 7569/7569/7569 7539/7539/7539 
f 7570/7570/7570 7548/7548/7548 7551/7551/7551 
f 7551/7551/7551 7571/7571/7571 7570/7570/7570 
f 7571/7571/7571 7551/7551/7551 7561/7561/7561 
f 7561/7561/7561 7572/7572/7572 7571/7571/7571 
f 7573/7573/7573 7540/7540/7540 7543/7543/7543 
f 7543/7543/7543 7574/7574/7574 7573/7573/7573 
f 7547/7547/7547 7546/7546/7546 7575/7575/7575 
f 7575/7575/7575 7576/7576/7576 7547/7547/7547 
f 7533/7533/7533 7532/7532/7532 7531/7531/7531 
f 7531/7531/7531 7530/7530/7530 7533/7533/7533 
f 7563/7563/7563 7566/7566/7566 7557/7557/7557 
f 7557/7557/7557 7564/7564/7564 7563/7563/7563 
f 7557/7557/7557 7556/7556/7556 7577/7577/7577 
f 7577/7577/7577 7564/7564/7564 7557/7557/7557 
f 7578/7578/7578 7544/7544/7544 7547/7547/7547 
f 7547/7547/7547 7579/7579/7579 7578/7578/7578 
f 7547/7547/7547 7576/7576/7576 7580/7580/7580 
f 7580/7580/7580 7579/7579/7579 7547/7547/7547 
f 7529/7529/7529 7528/7528/7528 7581/7581/7581 
f 7581/7581/7581 7582/7582/7582 7529/7529/7529 
f 7583/7583/7583 7562/7562/7562 7565/7565/7565 
f 7565/7565/7565 7584/7584/7584 7583/7583/7583 
f 7553/7553/7553 7552/7552/7552 7585/7585/7585 
f 7585/7585/7585 7586/7586/7586 7553/7553/7553 
f 7587/7587/7587 7588/7588/7588 7589/7589/7589 
f 7589/7589/7589 7590/7590/7590 7587/7587/7587 
f 7591/7591/7591 7592/7592/7592 7593/7593/7593 
f 7593/7593/7593 7594/7594/7594 7591/7591/7591 
f 7595/7595/7595 7578/7578/7578 7579/7579/7579 
f 7579/7579/7579 7596/7596/7596 7595/7595/7595 
f 7579/7579/7579 7580/7580/7580 7597/7597/7597 
f 7597/7597/7597 7596/7596/7596 7579/7579/7579 
f 7598/7598/7598 7582/7582/7582 7581/7581/7581 
f 7581/7581/7581 7599/7599/7599 7598/7598/7598 
f 7600/7600/7600 7583/7583/7583 7584/7584/7584 
f 7584/7584/7584 7601/7601/7601 7600/7600/7600 
f 7602/7602/7602 7586/7586/7586 7585/7585/7585 
f 7585/7585/7585 7603/7603/7603 7602/7602/7602 
f 7604/7604/7604 7605/7605/7605 7606/7606/7606 
f 7606/7606/7606 7607/7607/7607 7604/7604/7604 
f 7605/7605/7605 7608/7608/7608 7609/7609/7609 
f 7609/7609/7609 7606/7606/7606 7605/7605/7605 
f 7610/7610/7610 7611/7611/7611 7534/7534/7534 
f 7534/7534/7534 7533/7533/7533 7610/7610/7610 
f 7610/7610/7610 7533/7533/7533 7530/7530/7530 
f 7530/7530/7530 7612/7612/7612 7610/7610/7610 
f 7529/7529/7529 7613/7613/7613 7612/7612/7612 
f 7612/7612/7612 7530/7530/7530 7529/7529/7529 
f 7613/7613/7613 7529/7529/7529 7582/7582/7582 
f 7582/7582/7582 7614/7614/7614 7613/7613/7613 
f 7582/7582/7582 7598/7598/7598 7615/7615/7615 
f 7615/7615/7615 7614/7614/7614 7582/7582/7582 
f 7574/7574/7574 7543/7543/7543 7616/7616/7616 
f 7616/7616/7616 7617/7617/7617 7574/7574/7574 
f 7542/7542/7542 7618/7618/7618 7616/7616/7616 
f 7616/7616/7616 7543/7543/7543 7542/7542/7542 
f 7560/7560/7560 7541/7541/7541 7540/7540/7540 
f 7540/7540/7540 7561/7561/7561 7560/7560/7560 
f 7540/7540/7540 7573/7573/7573 7572/7572/7572 
f 7572/7572/7572 7561/7561/7561 7540/7540/7540 
f 7581/7581/7581 7583/7583/7583 7600/7600/7600 
f 7600/7600/7600 7599/7599/7599 7581/7581/7581 
f 7528/7528/7528 7562/7562/7562 7583/7583/7583 
f 7583/7583/7583 7581/7581/7581 7528/7528/7528 
f 7562/7562/7562 7528/7528/7528 7531/7531/7531 
f 7531/7531/7531 7563/7563/7563 7562/7562/7562 
f 7532/7532/7532 7566/7566/7566 7563/7563/7563 
f 7563/7563/7563 7531/7531/7531 7532/7532/7532 
f 7532/7532/7532 7535/7535/7535 7567/7567/7567 
f 7567/7567/7567 7566/7566/7566 7532/7532/7532 
f 7556/7556/7556 7559/7559/7559 7536/7536/7536 
f 7536/7536/7536 7539/7539/7539 7556/7556/7556 
f 7549/7549/7549 7548/7548/7548 7606/7606/7606 
f 7606/7606/7606 7609/7609/7609 7549/7549/7549 
f 7548/7548/7548 7570/7570/7570 7607/7607/7607 
f 7607/7607/7607 7606/7606/7606 7548/7548/7548 
f 7585/7585/7585 7619/7619/7619 7620/7620/7620 
f 7620/7620/7620 7603/7603/7603 7585/7585/7585 
f 7552/7552/7552 7621/7621/7621 7619/7619/7619 
f 7619/7619/7619 7585/7585/7585 7552/7552/7552 
f 7552/7552/7552 7555/7555/7555 7622/7622/7622 
f 7622/7622/7622 7621/7621/7621 7552/7552/7552 
f 7556/7556/7556 7539/7539/7539 7569/7569/7569 
f 7569/7569/7569 7577/7577/7577 7556/7556/7556 
f 7623/7623/7623 7624/7624/7624 7625/7625/7625 
f 7625/7625/7625 7626/7626/7626 7623/7623/7623 
f 7627/7627/7627 7535/7535/7535 7534/7534/7534 
f 7534/7534/7534 7628/7628/7628 7627/7627/7627 
f 7629/7629/7629 7537/7537/7537 7536/7536/7536 
f 7536/7536/7536 7630/7630/7630 7629/7629/7629 
f 7631/7631/7631 7632/7632/7632 7542/7542/7542 
f 7542/7542/7542 7541/7541/7541 7631/7631/7631 
f 7633/7633/7633 7545/7545/7545 7544/7544/7544 
f 7544/7544/7544 7634/7634/7634 7633/7633/7633 
f 7635/7635/7635 7636/7636/7636 7550/7550/7550 
f 7550/7550/7550 7549/7549/7549 7635/7635/7635 
f 7637/7637/7637 7638/7638/7638 7639/7639/7639 
f 7639/7639/7639 7640/7640/7640 7637/7637/7637 
f 7641/7641/7641 7559/7559/7559 7558/7558/7558 
f 7558/7558/7558 7642/7642/7642 7641/7641/7641 
f 7643/7643/7643 7560/7560/7560 7550/7550/7550 
f 7550/7550/7550 7636/7636/7636 7643/7643/7643 
f 7644/7644/7644 7645/7645/7645 7646/7646/7646 
f 7646/7646/7646 7647/7647/7647 7644/7644/7644 
f 7558/7558/7558 7567/7567/7567 7648/7648/7648 
f 7648/7648/7648 7642/7642/7642 7558/7558/7558 
f 7649/7649/7649 7629/7629/7629 7630/7630/7630 
f 7630/7630/7630 7650/7650/7650 7649/7649/7649 
f 7651/7651/7651 7652/7652/7652 7636/7636/7636 
f 7636/7636/7636 7635/7635/7635 7651/7651/7651 
f 7652/7652/7652 7653/7653/7653 7643/7643/7643 
f 7643/7643/7643 7636/7636/7636 7652/7652/7652 
f 7654/7654/7654 7655/7655/7655 7632/7632/7632 
f 7632/7632/7632 7631/7631/7631 7654/7654/7654 
f 7656/7656/7656 7633/7633/7633 7634/7634/7634 
f 7634/7634/7634 7657/7657/7657 7656/7656/7656 
f 7624/7624/7624 7627/7627/7627 7628/7628/7628 
f 7628/7628/7628 7625/7625/7625 7624/7624/7624 
f 7645/7645/7645 7644/7644/7644 7642/7642/7642 
f 7642/7642/7642 7648/7648/7648 7645/7645/7645 
f 7642/7642/7642 7644/7644/7644 7658/7658/7658 
f 7658/7658/7658 7641/7641/7641 7642/7642/7642 
f 7634/7634/7634 7544/7544/7544 7578/7578/7578 
f 7578/7578/7578 7659/7659/7659 7634/7634/7634 
f 7660/7660/7660 7657/7657/7657 7634/7634/7634 
f 7634/7634/7634 7659/7659/7659 7660/7660/7660 
f 7661/7661/7661 7623/7623/7623 7626/7626/7626 
f 7626/7626/7626 7662/7662/7662 7661/7661/7661 
f 7663/7663/7663 7664/7664/7664 7647/7647/7647 
f 7647/7647/7647 7646/7646/7646 7663/7663/7663 
f 7665/7665/7665 7637/7637/7637 7640/7640/7640 
f 7640/7640/7640 7666/7666/7666 7665/7665/7665 
f 7667/7667/7667 7668/7668/7668 7669/7669/7669 
f 7669/7669/7669 7670/7670/7670 7667/7667/7667 
f 7671/7671/7671 7672/7672/7672 7593/7593/7593 
f 7593/7593/7593 7592/7592/7592 7671/7671/7671 
f 7659/7659/7659 7578/7578/7578 7595/7595/7595 
f 7595/7595/7595 7673/7673/7673 7659/7659/7659 
f 7674/7674/7674 7660/7660/7660 7659/7659/7659 
f 7659/7659/7659 7673/7673/7673 7674/7674/7674 
f 7655/7655/7655 7654/7654/7654 7661/7661/7661 
f 7661/7661/7661 7662/7662/7662 7655/7655/7655 
f 7653/7653/7653 7652/7652/7652 7664/7664/7664 
f 7664/7664/7664 7663/7663/7663 7653/7653/7653 
f 7675/7675/7675 7676/7676/7676 7665/7665/7665 
f 7665/7665/7665 7666/7666/7666 7675/7675/7675 
f 7677/7677/7677 7678/7678/7678 7679/7679/7679 
f 7679/7679/7679 7680/7680/7680 7677/7677/7677 
f 7680/7680/7680 7679/7679/7679 7609/7609/7609 
f 7609/7609/7609 7608/7608/7608 7680/7680/7680 
f 7534/7534/7534 7611/7611/7611 7681/7681/7681 
f 7681/7681/7681 7628/7628/7628 7534/7534/7534 
f 7681/7681/7681 7682/7682/7682 7625/7625/7625 
f 7625/7625/7625 7628/7628/7628 7681/7681/7681 
f 7626/7626/7626 7625/7625/7625 7682/7682/7682 
f 7682/7682/7682 7683/7683/7683 7626/7626/7626 
f 7683/7683/7683 7684/7684/7684 7662/7662/7662 
f 7662/7662/7662 7626/7626/7626 7683/7683/7683 
f 7685/7685/7685 7655/7655/7655 7662/7662/7662 
f 7662/7662/7662 7684/7684/7684 7685/7685/7685 
f 7655/7655/7655 7685/7685/7685 7686/7686/7686 
f 7686/7686/7686 7632/7632/7632 7655/7655/7655 
f 7686/7686/7686 7618/7618/7618 7542/7542/7542 
f 7542/7542/7542 7632/7632/7632 7686/7686/7686 
f 7631/7631/7631 7541/7541/7541 7560/7560/7560 
f 7560/7560/7560 7643/7643/7643 7631/7631/7631 
f 7653/7653/7653 7654/7654/7654 7631/7631/7631 
f 7631/7631/7631 7643/7643/7643 7653/7653/7653 
f 7653/7653/7653 7663/7663/7663 7661/7661/7661 
f 7661/7661/7661 7654/7654/7654 7653/7653/7653 
f 7663/7663/7663 7646/7646/7646 7623/7623/7623 
f 7623/7623/7623 7661/7661/7661 7663/7663/7663 
f 7646/7646/7646 7645/7645/7645 7624/7624/7624 
f 7624/7624/7624 7623/7623/7623 7646/7646/7646 
f 7645/7645/7645 7648/7648/7648 7627/7627/7627 
f 7627/7627/7627 7624/7624/7624 7645/7645/7645 
f 7567/7567/7567 7535/7535/7535 7627/7627/7627 
f 7627/7627/7627 7648/7648/7648 7567/7567/7567 
f 7536/7536/7536 7559/7559/7559 7641/7641/7641 
f 7641/7641/7641 7630/7630/7630 7536/7536/7536 
f 7679/7679/7679 7635/7635/7635 7549/7549/7549 
f 7549/7549/7549 7609/7609/7609 7679/7679/7679 
f 7678/7678/7678 7651/7651/7651 7635/7635/7635 
f 7635/7635/7635 7679/7679/7679 7678/7678/7678 
f 7687/7687/7687 7688/7688/7688 7665/7665/7665 
f 7665/7665/7665 7676/7676/7676 7687/7687/7687 
f 7688/7688/7688 7689/7689/7689 7637/7637/7637 
f 7637/7637/7637 7665/7665/7665 7688/7688/7688 
f 7690/7690/7690 7638/7638/7638 7637/7637/7637 
f 7637/7637/7637 7689/7689/7689 7690/7690/7690 
f 7650/7650/7650 7630/7630/7630 7641/7641/7641 
f 7641/7641/7641 7658/7658/7658 7650/7650/7650 

g Theandroe6

v -320.675 4.32804 108.557 
v -320.725 4.27249 108.608 
v -320.74 4.28033 108.601 
v -320.661 4.31089 108.573 
v -320.706 4.26298 108.617 
v -320.647 4.29478 108.588 
v -320.828 4.19872 108.676 
v -321.112 4.3971 108.503 
v -320.826 4.22839 108.649 
v -320.806 4.22509 108.652 
v -320.773 4.29705 108.586 
v -320.755 4.28817 108.594 
v -320.794 4.2232 108.654 
v -320.689 4.34519 108.541 
v -321.219 4.51432 108.386 
v -320.702 4.35985 108.528 
v -320.606 4.40268 108.489 
v -320.598 4.38264 108.507 
v -320.589 4.35982 108.528 
v -320.58 4.337 108.549 
v -320.504 4.34571 108.541 
v -320.572 4.31842 108.566 
v -320.504 4.37004 108.519 
v -320.504 4.32536 108.56 
v -320.504 4.4162 108.476 
v -320.504 4.39438 108.496 
v -320.782 4.22131 108.655 
v -320.743 3.99623 108.863 
v -320.809 4.17866 108.695 
v -320.778 4.19239 108.682 
v -320.743 3.99623 109.339 
v -321.219 4.51432 108.593 
v -320.743 3.99623 108.932 
v -320.743 3.99623 108.863 
v -321.112 4.3971 108.503 
v -321.219 4.51432 109.816 
v -320.504 4.51432 109.816 
v -320.76 4.21776 108.659 
v -320.504 3.99623 108.863 
v -320.504 3.73718 109.101 
v -320.504 3.73718 109.101 
v -320.504 3.99623 109.339 
v -320.862 4.51432 108.386 
v -320.762 4.78694 108.637 
v -320.652 4.72721 108.582 
v -320.504 4.51432 108.386 
v -321.219 4.51432 108.386 
v -320.981 4.77336 108.624 
v -320.705 4.75785 108.61 
v -320.816 4.80914 108.657 
v -320.981 4.77336 108.624 
v -320.632 4.75889 108.611 
v -320.687 4.79366 108.643 
v -320.746 4.81834 108.666 
v -320.817 4.84823 108.693 
v -320.593 4.69656 108.554 
v -320.504 4.66232 108.522 
v -320.565 4.71626 108.572 
v -320.504 4.73962 108.593 
v -320.565 4.75598 108.608 
v -320.61 4.79413 108.643 
v -320.544 4.81369 108.661 
v -320.669 4.82947 108.676 
v -320.583 4.84037 108.686 
v -320.789 4.87044 108.714 
v -320.727 4.85449 108.699 
v -320.743 5.03241 109.339 
v -320.743 5.03241 108.932 
v -320.718 4.89498 108.736 
v -320.743 5.03241 108.863 
v -320.743 5.03241 108.863 
v -320.626 4.87016 108.713 
v -320.504 4.9233 108.762 
v -320.504 5.03241 109.339 
v -320.504 5.03241 108.863 
v -320.504 5.29145 109.101 
v -320.504 5.29145 109.101 
v -320.465 4.81369 108.661 
v -320.429 4.337 108.549 
v -320.437 4.31842 108.566 
v -320.42 4.35982 108.528 
v -320.348 4.31089 108.573 
v -320.334 4.32804 108.557 
v -320.362 4.29478 108.588 
v -320.411 4.38264 108.507 
v -320.319 4.34519 108.541 
v -320.403 4.40268 108.489 
v -320.307 4.35985 108.528 
v -320.303 4.26298 108.617 
v -320.284 4.27249 108.608 
v -320.266 3.99623 108.863 
v -320.266 3.99623 109.339 
v -320.266 3.99623 108.932 
v -320.266 3.99623 108.863 
v -319.897 4.3971 108.503 
v -319.789 4.51432 108.593 
v -319.789 4.51432 109.816 
v -319.789 4.51432 108.386 
v -319.897 4.3971 108.503 
v -320.147 4.51432 108.386 
v -320.028 4.77336 108.624 
v -319.789 4.51432 108.386 
v -320.426 4.84037 108.686 
v -320.266 5.03241 109.339 
v -320.383 4.87016 108.713 
v -320.266 5.03241 108.863 
v -320.266 5.03241 108.863 
v -320.266 5.03241 108.932 
v -320.291 4.89498 108.736 
v -320.284 4.27249 108.608 
v -320.334 4.32804 108.557 
v -320.269 4.28033 108.601 
v -320.181 4.19872 108.676 
v -320.183 4.22839 108.649 
v -319.897 4.3971 108.503 
v -320.227 4.22131 108.655 
v -320.253 4.28817 108.594 
v -320.215 4.2232 108.654 
v -320.236 4.29705 108.586 
v -320.203 4.22509 108.652 
v -320.319 4.34519 108.541 
v -320.307 4.35985 108.528 
v -320.249 4.21776 108.659 
v -320.303 4.26298 108.617 
v -320.504 3.99623 108.863 
v -320.231 4.19239 108.682 
v -320.266 3.99623 108.863 
v -320.2 4.17866 108.695 
v -320.504 4.51432 108.386 
v -320.504 4.66232 108.522 
v -320.416 4.69656 108.554 
v -320.357 4.72721 108.582 
v -320.444 4.71626 108.572 
v -320.504 4.73962 108.593 
v -320.377 4.75889 108.611 
v -320.444 4.75598 108.608 
v -320.399 4.79413 108.643 
v -320.465 4.81369 108.661 
v -320.322 4.79366 108.643 
v -320.339 4.82947 108.676 
v -320.304 4.75785 108.61 
v -320.147 4.51432 108.386 
v -319.789 4.51432 108.386 
v -320.247 4.78694 108.637 
v -320.192 4.80914 108.657 
v -320.028 4.77336 108.624 
v -320.263 4.81834 108.666 
v -320.191 4.84823 108.693 
v -320.426 4.84037 108.686 
v -320.383 4.87016 108.713 
v -320.282 4.85449 108.699 
v -320.291 4.89498 108.736 
v -320.22 4.87044 108.714 
v -320.266 5.03241 108.863 

vn -0.275591 -0.393701 -0.88189 
vn -0.354331 -0.503937 -0.787402 
vn -0.370079 -0.480315 -0.795276 
vn -0.251969 -0.433071 -0.866142 
vn -0.322835 -0.527559 -0.779528 
vn -0.23622 -0.472441 -0.850394 
vn -0.480315 -0.606299 -0.629921 
vn -0.700787 -0.173228 -0.692913 
vn -0.480315 -0.559055 -0.677165 
vn -0.456693 -0.574803 -0.685039 
vn -0.417323 -0.440945 -0.795276 
vn -0.393701 -0.464567 -0.795276 
vn -0.440945 -0.582677 -0.685039 
vn -0.291339 -0.346457 -0.889764 
vn -0.708661 0 -0.708661 
vn -0.307087 -0.314961 -0.897638 
vn -0.15748 -0.228346 -0.96063 
vn -0.149606 -0.275591 -0.952756 
vn -0.133858 -0.330709 -0.937008 
vn -0.125984 -0.385827 -0.913386 
vn 0 -0.362205 -0.929134 
vn -0.110236 -0.425197 -0.897638 
vn 0 -0.307087 -0.952756 
vn 0 -0.417323 -0.913386 
vn 0 -0.19685 -0.976378 
vn 0 -0.251969 -0.968504 
vn -0.425197 -0.590551 -0.685039 
vn -0.314961 -0.897638 -0.314961 
vn -0.456693 -0.653543 -0.606299 
vn -0.417323 -0.645669 -0.645669 
vn -0.314961 -0.897638 0.314961 
vn -0.818898 0 -0.582677 
vn -0.322835 -0.92126 -0.228346 
vn -0.314961 -0.897638 -0.314961 
vn -0.700787 -0.173228 -0.692913 
vn -0.708661 0 0.708661 
vn 0 0 1 
vn -0.401575 -0.606299 -0.692913 
vn 0 -0.944882 -0.330709 
vn 0 -1 0 
vn 0 -1 0 
vn 0 -0.944882 0.330709 
vn -0.448819 0 -0.897638 
vn -0.401575 0.559055 -0.724409 
vn -0.244094 0.456693 -0.858268 
vn 0 0 -1 
vn -0.708661 0 -0.708661 
vn -0.629921 0.448819 -0.629921 
vn -0.322835 0.511811 -0.795276 
vn -0.472441 0.574803 -0.669291 
vn -0.629921 0.448819 -0.629921 
vn -0.212598 0.535433 -0.818898 
vn -0.299213 0.590551 -0.748031 
vn -0.377953 0.622047 -0.685039 
vn -0.464567 0.645669 -0.606299 
vn -0.149606 0.393701 -0.905512 
vn 0 0.314961 -0.944882 
vn -0.102362 0.440945 -0.889764 
vn 0 0.496063 -0.866142 
vn -0.102362 0.535433 -0.84252 
vn -0.181102 0.614173 -0.771654 
vn -0.0708661 0.661417 -0.748031 
vn -0.267717 0.669291 -0.692913 
vn -0.133858 0.708661 -0.692913 
vn -0.425197 0.692913 -0.582677 
vn -0.346457 0.692913 -0.629921 
vn -0.314961 0.897638 0.314961 
vn -0.322835 0.92126 -0.228346 
vn -0.330709 0.76378 -0.559055 
vn -0.314961 0.897638 -0.314961 
vn -0.314961 0.897638 -0.314961 
vn -0.19685 0.748031 -0.629921 
vn 0 0.84252 -0.535433 
vn 0 0.944882 0.330709 
vn 0 0.944882 -0.330709 
vn 0 1 0 
vn 0 1 0 
vn 0.0629921 0.661417 -0.748031 
vn 0.125984 -0.385827 -0.913386 
vn 0.110236 -0.425197 -0.897638 
vn 0.133858 -0.330709 -0.937008 
vn 0.251969 -0.433071 -0.866142 
vn 0.275591 -0.393701 -0.874016 
vn 0.23622 -0.472441 -0.850394 
vn 0.149606 -0.275591 -0.952756 
vn 0.291339 -0.346457 -0.889764 
vn 0.15748 -0.228346 -0.96063 
vn 0.307087 -0.314961 -0.897638 
vn 0.322835 -0.527559 -0.779528 
vn 0.354331 -0.503937 -0.787402 
vn 0.314961 -0.897638 -0.314961 
vn 0.314961 -0.897638 0.314961 
vn 0.322835 -0.92126 -0.228346 
vn 0.314961 -0.897638 -0.314961 
vn 0.700787 -0.173228 -0.692913 
vn 0.818898 0 -0.582677 
vn 0.708661 0 0.708661 
vn 0.708661 0 -0.708661 
vn 0.700787 -0.173228 -0.692913 
vn 0.448819 0 -0.897638 
vn 0.629921 0.448819 -0.629921 
vn 0.708661 0 -0.708661 
vn 0.133858 0.708661 -0.692913 
vn 0.314961 0.897638 0.314961 
vn 0.19685 0.748031 -0.629921 
vn 0.314961 0.897638 -0.314961 
vn 0.314961 0.897638 -0.314961 
vn 0.322835 0.92126 -0.228346 
vn 0.330709 0.76378 -0.559055 
vn 0.354331 -0.503937 -0.787402 
vn 0.275591 -0.393701 -0.874016 
vn 0.370079 -0.480315 -0.795276 
vn 0.480315 -0.606299 -0.629921 
vn 0.480315 -0.559055 -0.677165 
vn 0.700787 -0.173228 -0.692913 
vn 0.425197 -0.590551 -0.685039 
vn 0.393701 -0.464567 -0.795276 
vn 0.440945 -0.582677 -0.685039 
vn 0.417323 -0.440945 -0.795276 
vn 0.456693 -0.574803 -0.685039 
vn 0.291339 -0.346457 -0.889764 
vn 0.307087 -0.314961 -0.897638 
vn 0.401575 -0.606299 -0.692913 
vn 0.322835 -0.527559 -0.779528 
vn 0 -0.944882 -0.330709 
vn 0.417323 -0.645669 -0.645669 
vn 0.314961 -0.897638 -0.314961 
vn 0.456693 -0.653543 -0.606299 
vn 0 0 -1 
vn 0 0.314961 -0.944882 
vn 0.149606 0.393701 -0.905512 
vn 0.244094 0.456693 -0.858268 
vn 0.102362 0.440945 -0.889764 
vn 0 0.496063 -0.866142 
vn 0.212598 0.535433 -0.818898 
vn 0.102362 0.535433 -0.84252 
vn 0.181102 0.614173 -0.771654 
vn 0.0629921 0.661417 -0.748031 
vn 0.299213 0.590551 -0.748031 
vn 0.267717 0.669291 -0.692913 
vn 0.322835 0.511811 -0.795276 
vn 0.448819 0 -0.897638 
vn 0.708661 0 -0.708661 
vn 0.401575 0.559055 -0.724409 
vn 0.472441 0.574803 -0.669291 
vn 0.629921 0.448819 -0.629921 
vn 0.377953 0.622047 -0.685039 
vn 0.464567 0.645669 -0.606299 
vn 0.133858 0.708661 -0.692913 
vn 0.19685 0.748031 -0.629921 
vn 0.346457 0.692913 -0.629921 
vn 0.330709 0.76378 -0.559055 
vn 0.425197 0.692913 -0.582677 
vn 0.314961 0.897638 -0.314961 

vt 0.949932 0.848782 
vt 0.95355 0.840964 
vt 0.954673 0.842068 
vt 0.948883 0.846369 
vt 0.952189 0.839626 
vt 0.947898 0.844101 
vt 0.96108 0.830655 
vt 0.981749 0.858503 
vt 0.96096 0.834813 
vt 0.959449 0.834294 
vt 0.957068 0.844456 
vt 0.955796 0.843171 
vt 0.958583 0.834028 
vt 0.950981 0.851196 
vt 0.989609 0.875 
vt 0.951878 0.853283 
vt 0.944896 0.859288 
vt 0.944314 0.856467 
vt 0.943651 0.853255 
vt 0.942988 0.850044 
vt 0.937499 0.851269 
vt 0.942448 0.847429 
vt 0.937499 0.854694 
vt 0.937499 0.848406 
vt 0.937499 0.86119 
vt 0.937499 0.85812 
vt 0.957717 0.833761 
vt 0.954869 0.802083 
vt 0.959694 0.827808 
vt 0.957429 0.829692 
vt 0.937499 0.96355 
vt 0.937499 0.96355 
vt 0.937499 0.96355 
vt 0.937499 0.96355 
vt 0.937499 0.96355 
vt 0.937499 0.96355 
vt 0.937499 0.96355 
vt 0.956093 0.833262 
vt 0.937499 0.802083 
vt 0.937499 0.765625 
vt 0.937499 0.96355 
vt 0.937499 0.96355 
vt 0.963554 0.875 
vt 0.95629 0.913369 
vt 0.948268 0.904962 
vt 0.937499 0.875 
vt 0.937499 0.96355 
vt 0.937499 0.96355 
vt 0.952094 0.909275 
vt 0.960239 0.916494 
vt 0.972239 0.911458 
vt 0.946807 0.909421 
vt 0.95081 0.914315 
vt 0.955108 0.917788 
vt 0.960313 0.921995 
vt 0.943924 0.900649 
vt 0.937499 0.895831 
vt 0.9419 0.903421 
vt 0.937499 0.90671 
vt 0.941875 0.909011 
vt 0.945183 0.914381 
vt 0.940386 0.917134 
vt 0.949527 0.919354 
vt 0.943218 0.920889 
vt 0.958265 0.92512 
vt 0.953748 0.922876 
vt 0.937499 0.96355 
vt 0.937499 0.96355 
vt 0.953042 0.928575 
vt 0.954869 0.947917 
vt 0.937499 0.96355 
vt 0.946379 0.925081 
vt 0.937499 0.932561 
vt 0.937499 0.96355 
vt 0.937499 0.947918 
vt 0.937499 0.984375 
vt 0.937499 0.96355 
vt 0.934612 0.917134 
vt 0.93201 0.850044 
vt 0.93255 0.847429 
vt 0.931347 0.853255 
vt 0.926115 0.846369 
vt 0.925066 0.848782 
vt 0.9271 0.844101 
vt 0.930684 0.856467 
vt 0.924017 0.851196 
vt 0.930102 0.859288 
vt 0.92312 0.853283 
vt 0.922809 0.839626 
vt 0.921448 0.840964 
vt 0.920129 0.802083 
vt 0.937499 0.96355 
vt 0.937499 0.96355 
vt 0.937499 0.96355 
vt 0.937499 0.96355 
vt 0.937499 0.96355 
vt 0.937499 0.96355 
vt 0.885389 0.875 
vt 0.893249 0.858503 
vt 0.911444 0.875 
vt 0.937499 0.96355 
vt 0.937499 0.96355 
vt 0.93178 0.920889 
vt 0.937499 0.96355 
vt 0.928619 0.925081 
vt 0.920129 0.947917 
vt 0.937499 0.96355 
vt 0.937499 0.96355 
vt 0.921956 0.928575 
vt 0.921448 0.840964 
vt 0.925066 0.848782 
vt 0.920325 0.842068 
vt 0.913918 0.830655 
vt 0.914038 0.834813 
vt 0.893249 0.858503 
vt 0.917281 0.833761 
vt 0.919202 0.843171 
vt 0.916415 0.834028 
vt 0.91793 0.844456 
vt 0.915549 0.834294 
vt 0.924017 0.851196 
vt 0.92312 0.853283 
vt 0.918905 0.833262 
vt 0.922809 0.839626 
vt 0.937499 0.802083 
vt 0.917569 0.829692 
vt 0.920129 0.802083 
vt 0.915304 0.827808 
vt 0.937499 0.875 
vt 0.937499 0.895831 
vt 0.931074 0.900649 
vt 0.92673 0.904962 
vt 0.933098 0.903421 
vt 0.937499 0.90671 
vt 0.928191 0.909421 
vt 0.933123 0.909011 
vt 0.929815 0.914381 
vt 0.934612 0.917134 
vt 0.924187 0.914315 
vt 0.925471 0.919354 
vt 0.922904 0.909275 
vt 0.911444 0.875 
vt 0.885389 0.875 
vt 0.918708 0.913369 
vt 0.914759 0.916494 
vt 0.902759 0.911458 
vt 0.91989 0.917788 
vt 0.914684 0.921995 
vt 0.93178 0.920889 
vt 0.928619 0.925081 
vt 0.92125 0.922876 
vt 0.921956 0.928575 
vt 0.916733 0.92512 
vt 0.920129 0.947917 

usemtl Theandroe1Mtl

f 7721/7721/7721 7722/7722/7722 7723/7723/7723 
f 7725/7725/7725 7723/7723/7723 7722/7722/7722 
f 7724/7724/7724 7723/7723/7723 7725/7725/7725 
f 7722/7722/7722 7737/7737/7737 7725/7725/7725 
f 7723/7723/7723 7724/7724/7724 7731/7731/7731 
f 7731/7731/7731 7721/7721/7721 7723/7723/7723 
f 7738/7738/7738 7737/7737/7737 7722/7722/7722 
f 7731/7731/7731 7732/7732/7732 7721/7721/7721 
f 7722/7722/7722 7758/7758/7758 7738/7738/7738 
f 7738/7738/7738 7758/7758/7758 7761/7761/7761 
f 7726/7726/7726 7722/7722/7722 7721/7721/7721 
f 7761/7761/7761 7758/7758/7758 7767/7767/7767 
f 7722/7722/7722 7757/7757/7757 7758/7758/7758 
f 7757/7757/7757 7722/7722/7722 7726/7726/7726 
f 7767/7767/7767 7758/7758/7758 7757/7757/7757 
f 7721/7721/7721 7727/7727/7727 7726/7726/7726 
f 7757/7757/7757 7726/7726/7726 7727/7727/7727 
f 7732/7732/7732 7727/7727/7727 7721/7721/7721 
f 7757/7757/7757 7764/7764/7764 7767/7767/7767 
f 7727/7727/7727 7764/7764/7764 7757/7757/7757 
f 7794/7794/7794 7767/7767/7767 7764/7764/7764 
f 7727/7727/7727 7794/7794/7794 7764/7764/7764 
f 7767/7767/7767 7794/7794/7794 7798/7798/7798 
f 7797/7797/7797 7767/7767/7767 7798/7798/7798 
f 7791/7791/7791 7797/7797/7797 7798/7798/7798 
f 7786/7786/7786 7791/7791/7791 7798/7798/7798 
f 7794/7794/7794 7786/7786/7786 7798/7798/7798 
f 7791/7791/7791 7786/7786/7786 7792/7792/7792 
f 7787/7787/7787 7794/7794/7794 7727/7727/7727 
f 7786/7786/7786 7794/7794/7794 7787/7787/7787 
f 7786/7786/7786 7785/7785/7785 7792/7792/7792 
f 7782/7782/7782 7787/7787/7787 7727/7727/7727 
f 7786/7786/7786 7787/7787/7787 7782/7782/7782 
f 7727/7727/7727 7732/7732/7732 7782/7782/7782 
f 7731/7731/7731 7782/7782/7782 7732/7732/7732 
f 7783/7783/7783 7786/7786/7786 7782/7782/7782 
f 7731/7731/7731 7783/7783/7783 7782/7782/7782 
f 7785/7785/7785 7786/7786/7786 7783/7783/7783 
f 7783/7783/7783 7731/7731/7731 7784/7784/7784 
f 7784/7784/7784 7785/7785/7785 7783/7783/7783 
f 7691/7691/7691 7692/7692/7692 7693/7693/7693 
f 7717/7717/7717 7693/7693/7693 7692/7692/7692 
f 7693/7693/7693 7704/7704/7704 7691/7691/7691 
f 7692/7692/7692 7691/7691/7691 7694/7694/7694 
f 7693/7693/7693 7717/7717/7717 7703/7703/7703 
f 7703/7703/7703 7702/7702/7702 7693/7693/7693 
f 7704/7704/7704 7693/7693/7693 7702/7702/7702 
f 7717/7717/7717 7719/7719/7719 7703/7703/7703 
f 7702/7702/7702 7706/7706/7706 7704/7704/7704 
f 7692/7692/7692 7728/7728/7728 7717/7717/7717 
f 7702/7702/7702 7703/7703/7703 7700/7700/7700 
f 7703/7703/7703 7719/7719/7719 7700/7700/7700 
f 7700/7700/7700 7701/7701/7701 7702/7702/7702 
f 7706/7706/7706 7702/7702/7702 7701/7701/7701 
f 7701/7701/7701 7700/7700/7700 7699/7699/7699 
f 7728/7728/7728 7692/7692/7692 7695/7695/7695 
f 7694/7694/7694 7695/7695/7695 7692/7692/7692 
f 7699/7699/7699 7698/7698/7698 7701/7701/7701 
f 7701/7701/7701 7698/7698/7698 7706/7706/7706 
f 7700/7700/7700 7697/7697/7697 7699/7699/7699 
f 7697/7697/7697 7698/7698/7698 7699/7699/7699 
f 7697/7697/7697 7700/7700/7700 7719/7719/7719 
f 7697/7697/7697 7718/7718/7718 7698/7698/7698 
f 7718/7718/7718 7697/7697/7697 7719/7719/7719 
f 7705/7705/7705 7706/7706/7706 7698/7698/7698 
f 7720/7720/7720 7718/7718/7718 7719/7719/7719 
f 7719/7719/7719 7717/7717/7717 7720/7720/7720 
f 7720/7720/7720 7717/7717/7717 7728/7728/7728 
f 7729/7729/7729 7718/7718/7718 7720/7720/7720 
f 7720/7720/7720 7728/7728/7728 7729/7729/7729 
f 7730/7730/7730 7718/7718/7718 7729/7729/7729 
f 7730/7730/7730 7729/7729/7729 7781/7781/7781 
f 7728/7728/7728 7695/7695/7695 7729/7729/7729 
f 7733/7733/7733 7706/7706/7706 7705/7705/7705 
f 7695/7695/7695 7696/7696/7696 7729/7729/7729 
f 7695/7695/7695 7694/7694/7694 7696/7696/7696 
f 7710/7710/7710 7696/7696/7696 7694/7694/7694 
f 7696/7696/7696 7712/7712/7712 7729/7729/7729 
f 7696/7696/7696 7710/7710/7710 7712/7712/7712 
f 7712/7712/7712 7714/7714/7714 7729/7729/7729 
f 7694/7694/7694 7709/7709/7709 7710/7710/7710 
f 7709/7709/7709 7694/7694/7694 7691/7691/7691 
f 7711/7711/7711 7712/7712/7712 7710/7710/7710 
f 7712/7712/7712 7711/7711/7711 7714/7714/7714 
f 7713/7713/7713 7710/7710/7710 7709/7709/7709 
f 7710/7710/7710 7713/7713/7713 7711/7711/7711 
f 7691/7691/7691 7708/7708/7708 7709/7709/7709 
f 7708/7708/7708 7691/7691/7691 7704/7704/7704 
f 7711/7711/7711 7770/7770/7770 7714/7714/7714 
f 7770/7770/7770 7729/7729/7729 7714/7714/7714 
f 7713/7713/7713 7769/7769/7769 7711/7711/7711 
f 7770/7770/7770 7711/7711/7711 7769/7769/7769 
f 7774/7774/7774 7729/7729/7729 7770/7770/7770 
f 7769/7769/7769 7774/7774/7774 7770/7770/7770 
f 7779/7779/7779 7729/7729/7729 7774/7774/7774 
f 7772/7772/7772 7779/7779/7779 7774/7774/7774 
f 7774/7774/7774 7769/7769/7769 7772/7772/7772 
f 7779/7779/7779 7772/7772/7772 7780/7780/7780 
f 7773/7773/7773 7780/7780/7780 7772/7772/7772 
f 7771/7771/7771 7772/7772/7772 7769/7769/7769 
f 7772/7772/7772 7771/7771/7771 7773/7773/7773 
f 7769/7769/7769 7713/7713/7713 7771/7771/7771 
f 7775/7775/7775 7773/7773/7773 7771/7771/7771 
f 7773/7773/7773 7775/7775/7775 7776/7776/7776 
f 7716/7716/7716 7771/7771/7771 7713/7713/7713 
f 7771/7771/7771 7716/7716/7716 7775/7775/7775 
f 7709/7709/7709 7716/7716/7716 7713/7713/7713 
f 7716/7716/7716 7709/7709/7709 7708/7708/7708 
f 7715/7715/7715 7775/7775/7775 7716/7716/7716 
f 7708/7708/7708 7715/7715/7715 7716/7716/7716 
f 7777/7777/7777 7776/7776/7776 7775/7775/7775 
f 7775/7775/7775 7715/7715/7715 7777/7777/7777 
f 7776/7776/7776 7777/7777/7777 7778/7778/7778 
f 7788/7788/7788 7789/7789/7789 7778/7778/7778 
f 7790/7790/7790 7788/7788/7788 7778/7778/7778 
f 7778/7778/7778 7777/7777/7777 7790/7790/7790 
f 7777/7777/7777 7736/7736/7736 7790/7790/7790 
f 7736/7736/7736 7777/7777/7777 7715/7715/7715 
f 7715/7715/7715 7708/7708/7708 7707/7707/7707 
f 7736/7736/7736 7715/7715/7715 7707/7707/7707 
f 7704/7704/7704 7707/7707/7707 7708/7708/7708 
f 7707/7707/7707 7704/7704/7704 7706/7706/7706 
f 7706/7706/7706 7733/7733/7733 7707/7707/7707 
f 7707/7707/7707 7733/7733/7733 7736/7736/7736 
f 7733/7733/7733 7735/7735/7735 7736/7736/7736 
f 7736/7736/7736 7735/7735/7735 7746/7746/7746 
f 7736/7736/7736 7746/7746/7746 7747/7747/7747 
f 7735/7735/7735 7733/7733/7733 7739/7739/7739 
f 7742/7742/7742 7746/7746/7746 7735/7735/7735 
f 7739/7739/7739 7742/7742/7742 7735/7735/7735 
f 7747/7747/7747 7746/7746/7746 7748/7748/7748 
f 7746/7746/7746 7742/7742/7742 7748/7748/7748 
f 7748/7748/7748 7749/7749/7749 7747/7747/7747 
f 7748/7748/7748 7742/7742/7742 7750/7750/7750 
f 7750/7750/7750 7749/7749/7749 7748/7748/7748 
f 7739/7739/7739 7733/7733/7733 7734/7734/7734 
f 7705/7705/7705 7734/7734/7734 7733/7733/7733 
f 7744/7744/7744 7739/7739/7739 7734/7734/7734 
f 7734/7734/7734 7705/7705/7705 7740/7740/7740 
f 7734/7734/7734 7740/7740/7740 7744/7744/7744 
f 7740/7740/7740 7705/7705/7705 7741/7741/7741 
f 7741/7741/7741 7745/7745/7745 7740/7740/7740 
f 7745/7745/7745 7744/7744/7744 7740/7740/7740 
f 7760/7760/7760 7745/7745/7745 7741/7741/7741 
f 7739/7739/7739 7744/7744/7744 7743/7743/7743 
f 7742/7742/7742 7739/7739/7739 7743/7743/7743 
f 7744/7744/7744 7745/7745/7745 7755/7755/7755 
f 7745/7745/7745 7760/7760/7760 7755/7755/7755 
f 7756/7756/7756 7743/7743/7743 7744/7744/7744 
f 7755/7755/7755 7756/7756/7756 7744/7744/7744 
f 7751/7751/7751 7742/7742/7742 7743/7743/7743 
f 7742/7742/7742 7751/7751/7751 7750/7750/7750 
f 7743/7743/7743 7756/7756/7756 7753/7753/7753 
f 7751/7751/7751 7743/7743/7743 7753/7753/7753 
f 7756/7756/7756 7755/7755/7755 7759/7759/7759 
f 7753/7753/7753 7756/7756/7756 7759/7759/7759 
f 7755/7755/7755 7760/7760/7760 7759/7759/7759 
f 7759/7759/7759 7762/7762/7762 7753/7753/7753 
f 7762/7762/7762 7759/7759/7759 7760/7760/7760 
f 7762/7762/7762 7751/7751/7751 7753/7753/7753 
f 7752/7752/7752 7750/7750/7750 7751/7751/7751 
f 7749/7749/7749 7750/7750/7750 7752/7752/7752 
f 7751/7751/7751 7762/7762/7762 7754/7754/7754 
f 7752/7752/7752 7751/7751/7751 7754/7754/7754 
f 7760/7760/7760 7765/7765/7765 7762/7762/7762 
f 7765/7765/7765 7754/7754/7754 7762/7762/7762 
f 7765/7765/7765 7760/7760/7760 7766/7766/7766 
f 7752/7752/7752 7754/7754/7754 7763/7763/7763 
f 7763/7763/7763 7749/7749/7749 7752/7752/7752 
f 7763/7763/7763 7754/7754/7754 7765/7765/7765 
f 7749/7749/7749 7763/7763/7763 7768/7768/7768 
f 7768/7768/7768 7763/7763/7763 7793/7793/7793 
f 7763/7763/7763 7765/7765/7765 7793/7793/7793 
f 7765/7765/7765 7766/7766/7766 7796/7796/7796 
f 7765/7765/7765 7795/7795/7795 7793/7793/7793 
f 7796/7796/7796 7795/7795/7795 7765/7765/7765 
f 7795/7795/7795 7796/7796/7796 7799/7799/7799 
f 7800/7800/7800 7801/7801/7801 7802/7802/7802 
f 7811/7811/7811 7802/7802/7802 7801/7801/7801 
f 7802/7802/7802 7811/7811/7811 7807/7807/7807 
f 7812/7812/7812 7807/7807/7807 7811/7811/7811 
f 7807/7807/7807 7812/7812/7812 7809/7809/7809 
f 7809/7809/7809 7812/7812/7812 7805/7805/7805 
f 7804/7804/7804 7809/7809/7809 7805/7805/7805 
f 7809/7809/7809 7810/7810/7810 7807/7807/7807 
f 7810/7810/7810 7809/7809/7809 7804/7804/7804 
f 7803/7803/7803 7804/7804/7804 7805/7805/7805 
f 7810/7810/7810 7804/7804/7804 7803/7803/7803 
f 7805/7805/7805 7817/7817/7817 7803/7803/7803 
f 7808/7808/7808 7807/7807/7807 7810/7810/7810 
f 7807/7807/7807 7808/7808/7808 7802/7802/7802 
f 7803/7803/7803 7818/7818/7818 7810/7810/7810 
f 7803/7803/7803 7817/7817/7817 7818/7818/7818 
f 7808/7808/7808 7810/7810/7810 7818/7818/7818 
f 7806/7806/7806 7802/7802/7802 7808/7808/7808 
f 7806/7806/7806 7808/7808/7808 7818/7818/7818 
f 7802/7802/7802 7806/7806/7806 7800/7800/7800 
f 7816/7816/7816 7818/7818/7818 7817/7817/7817 
f 7818/7818/7818 7816/7816/7816 7806/7806/7806 
f 7815/7815/7815 7816/7816/7816 7817/7817/7817 
f 7813/7813/7813 7800/7800/7800 7806/7806/7806 
f 7816/7816/7816 7813/7813/7813 7806/7806/7806 
f 7816/7816/7816 7815/7815/7815 7813/7813/7813 
f 7800/7800/7800 7813/7813/7813 7814/7814/7814 
f 7813/7813/7813 7815/7815/7815 7814/7814/7814 
f 7819/7819/7819 7820/7820/7820 7821/7821/7821 
f 7820/7820/7820 7823/7823/7823 7821/7821/7821 
f 7823/7823/7823 7820/7820/7820 7824/7824/7824 
f 7819/7819/7819 7821/7821/7821 7822/7822/7822 
f 7832/7832/7832 7819/7819/7819 7822/7822/7822 
f 7825/7825/7825 7821/7821/7821 7823/7823/7823 
f 7821/7821/7821 7825/7825/7825 7822/7822/7822 
f 7826/7826/7826 7823/7823/7823 7824/7824/7824 
f 7826/7826/7826 7825/7825/7825 7823/7823/7823 
f 7824/7824/7824 7828/7828/7828 7826/7826/7826 
f 7828/7828/7828 7827/7827/7827 7826/7826/7826 
f 7825/7825/7825 7826/7826/7826 7827/7827/7827 
f 7827/7827/7827 7828/7828/7828 7839/7839/7839 
f 7827/7827/7827 7839/7839/7839 7840/7840/7840 
f 7822/7822/7822 7825/7825/7825 7831/7831/7831 
f 7822/7822/7822 7831/7831/7831 7832/7832/7832 
f 7827/7827/7827 7829/7829/7829 7825/7825/7825 
f 7825/7825/7825 7829/7829/7829 7831/7831/7831 
f 7827/7827/7827 7840/7840/7840 7830/7830/7830 
f 7829/7829/7829 7827/7827/7827 7830/7830/7830 
f 7840/7840/7840 7842/7842/7842 7830/7830/7830 
f 7841/7841/7841 7829/7829/7829 7830/7830/7830 
f 7830/7830/7830 7842/7842/7842 7841/7841/7841 
f 7837/7837/7837 7831/7831/7831 7829/7829/7829 
f 7829/7829/7829 7841/7841/7841 7837/7837/7837 
f 7841/7841/7841 7842/7842/7842 7843/7843/7843 
f 7841/7841/7841 7843/7843/7843 7837/7837/7837 
f 7843/7843/7843 7842/7842/7842 7844/7844/7844 
f 7838/7838/7838 7843/7843/7843 7844/7844/7844 
f 7838/7838/7838 7837/7837/7837 7843/7843/7843 
f 7844/7844/7844 7836/7836/7836 7838/7838/7838 
f 7831/7831/7831 7837/7837/7837 7834/7834/7834 
f 7831/7831/7831 7834/7834/7834 7832/7832/7832 
f 7833/7833/7833 7832/7832/7832 7834/7834/7834 
f 7837/7837/7837 7835/7835/7835 7834/7834/7834 
f 7834/7834/7834 7835/7835/7835 7833/7833/7833 
f 7837/7837/7837 7838/7838/7838 7835/7835/7835 
f 7835/7835/7835 7836/7836/7836 7833/7833/7833 
f 7836/7836/7836 7835/7835/7835 7838/7838/7838 

