# This file is brought to you by Roblox Corporation
# Generated by Roblox Studio

mtllib androeofficial.mtl

g Handle1

v -325.899 4.01383 109.408 
v -325.611 4.03582 109.661 
v -325.868 4.30081 109.615 
v -324.317 4.01456 109.408 
v -324.348 4.30158 109.615 
v -324.612 4.03582 109.661 
v -325.899 4.01383 109.408 
v -325.868 4.30081 109.615 
v -326.056 4.29668 109.195 
v -325.868 4.30081 109.615 
v -325.611 4.03582 109.661 
v -325.41 4.34532 109.797 
v -324.348 4.30158 109.615 
v -324.813 4.34529 109.797 
v -324.612 4.03582 109.661 
v -325.899 4.01383 109.408 
v -326.056 4.29668 109.195 
v -326.005 4.08055 108.764 
v -324.317 4.01456 109.408 
v -324.2 4.08062 108.764 
v -324.153 4.29795 109.195 
v -326.005 4.08055 108.764 
v -325.99 4.0868 108.437 
v -325.928 4.01031 108.582 
v -324.2 4.08062 108.764 
v -324.274 4.01031 108.582 
v -324.208 4.0868 108.437 
v -324.813 4.34529 109.797 
v -325.41 4.34532 109.797 
v -325.114 3.95408 109.559 
v -324.813 4.34529 109.797 
v -325.114 3.95408 109.559 
v -324.612 4.03582 109.661 
v -325.41 4.34532 109.797 
v -325.611 4.03582 109.661 
v -325.114 3.95408 109.559 
v -325.1 5.37655 109.705 
v -325.256 4.89627 109.751 
v -324.957 4.89595 109.751 
v -325.256 4.89627 109.751 
v -325.41 4.34532 109.797 
v -325.185 4.63435 109.774 
v -325.185 4.63435 109.774 
v -324.957 4.89595 109.751 
v -325.256 4.89627 109.751 
v -324.957 4.89595 109.751 
v -325.185 4.63435 109.774 
v -324.813 4.34529 109.797 
v -325.41 4.34532 109.797 
v -324.813 4.34529 109.797 
v -325.094 5.73098 109.7 
v -324.715 5.35301 109.578 
v -324.79 5.51094 109.428 
v -325.484 5.35301 109.578 
v -325.094 5.73098 109.7 
v -325.404 5.51094 109.428 
v -324.715 5.35301 109.578 
v -325.094 5.73098 109.7 
v -325.095 5.65098 109.882 
v -325.094 5.73098 109.7 
v -325.484 5.35301 109.578 
v -325.095 5.65098 109.882 
v -325.868 4.30081 109.615 
v -325.41 4.34532 109.797 
v -325.455 4.96986 109.624 
v -325.1 5.37655 109.705 
v -325.455 4.96986 109.624 
v -325.256 4.89627 109.751 
v -324.348 4.30158 109.615 
v -324.756 4.96969 109.624 
v -324.813 4.34529 109.797 
v -325.41 4.34532 109.797 
v -325.256 4.89627 109.751 
v -325.455 4.96986 109.624 
v -324.756 4.96969 109.624 
v -325.1 5.37655 109.705 
v -324.957 4.89595 109.751 
v -324.813 4.34529 109.797 
v -324.756 4.96969 109.624 
v -324.957 4.89595 109.751 
v -325.484 5.35301 109.578 
v -325.455 4.96986 109.624 
v -325.1 5.37655 109.705 
v -324.715 5.35301 109.578 
v -325.1 5.37655 109.705 
v -324.756 4.96969 109.624 
v -325.928 4.01031 108.582 
v -325.817 4.01216 108.968 
v -326.005 4.08055 108.764 
v -324.2 4.08062 108.764 
v -324.219 4.47318 108.578 
v -324.153 4.29795 109.195 
v -326.005 4.08055 108.764 
v -326.056 4.29668 109.195 
v -325.98 4.47318 108.578 
v -324.274 4.01031 108.582 
v -324.2 4.08062 108.764 
v -324.396 4.0125 108.968 
v -325.092 5.18248 108.058 
v -324.934 5.04261 107.994 
v -325.02 4.94029 107.885 
v -325.092 5.18248 108.058 
v -325.165 4.94029 107.885 
v -325.251 5.04261 107.994 
v -325.092 5.18248 108.058 
v -324.747 5.2334 108.224 
v -324.934 5.04261 107.994 
v -324.747 5.2334 108.224 
v -325.092 5.18248 108.058 
v -325.092 5.46786 108.345 
v -325.439 5.2334 108.224 
v -325.092 5.18248 108.058 
v -325.251 5.04261 107.994 
v -325.092 5.18248 108.058 
v -325.439 5.2334 108.224 
v -325.092 5.46786 108.345 
v -325.98 4.47318 108.578 
v -325.99 4.0868 108.437 
v -326.005 4.08055 108.764 
v -325.092 4.83261 107.766 
v -325.092 5.18248 108.058 
v -325.02 4.94029 107.885 
v -325.092 5.18248 108.058 
v -325.092 4.83261 107.766 
v -325.165 4.94029 107.885 
v -324.317 4.01456 109.408 
v -324.153 4.29795 109.195 
v -324.348 4.30158 109.615 
v -324.471 4.94396 109.167 
v -324.153 4.29795 109.195 
v -324.715 5.35301 109.578 
v -324.617 5.31743 109.249 
v -324.79 5.51094 109.428 
v -325.484 5.35301 109.578 
v -325.404 5.51094 109.428 
v -325.581 5.31743 109.249 
v -324.615 5.33121 108.853 
v -325.094 5.60696 108.921 
v -324.79 5.51094 109.428 
v -324.615 5.33121 108.853 
v -324.79 5.51094 109.428 
v -324.617 5.31743 109.249 
v -324.219 4.47318 108.578 
v -324.208 4.0868 108.437 
v -324.396 4.45492 108.263 
v -325.563 3.96768 109.371 
v -325.114 3.95408 109.559 
v -325.611 4.03582 109.661 
v -325.563 3.96768 109.371 
v -325.611 4.03582 109.661 
v -325.899 4.01383 109.408 
v -325.094 5.60696 108.921 
v -325.404 5.51094 109.428 
v -325.094 5.73098 109.7 
v -325.094 5.60696 108.921 
v -325.578 5.33121 108.853 
v -324.66 3.96769 109.371 
v -324.612 4.03582 109.661 
v -325.114 3.95408 109.559 
v -324.66 3.96769 109.371 
v -324.317 4.01456 109.408 
v -324.612 4.03582 109.661 
v -325.578 5.33121 108.853 
v -325.581 5.31743 109.249 
v -325.404 5.51094 109.428 
v -325.094 5.60696 108.921 
v -325.094 5.73098 109.7 
v -324.79 5.51094 109.428 
v -325.99 4.0868 108.437 
v -325.98 4.47318 108.578 
v -325.798 4.45492 108.263 
v -325.094 5.60696 108.921 
v -324.615 5.33121 108.853 
v -324.74 5.35531 108.66 
v -324.74 5.35531 108.66 
v -325.092 5.46786 108.345 
v -325.094 5.60696 108.921 
v -325.092 5.46786 108.345 
v -324.74 5.35531 108.66 
v -324.747 5.2334 108.224 
v -324.705 4.88123 108.118 
v -324.934 5.04261 107.994 
v -324.747 5.2334 108.224 
v -324.747 5.2334 108.224 
v -324.74 5.35531 108.66 
v -324.615 5.33121 108.853 
v -325.578 5.33121 108.853 
v -325.094 5.60696 108.921 
v -325.451 5.35531 108.66 
v -325.092 5.46786 108.345 
v -325.451 5.35531 108.66 
v -325.092 5.46786 108.345 
v -325.439 5.2334 108.224 
v -324.862 4.75583 108.004 
v -324.934 5.04261 107.994 
v -324.705 4.88123 108.118 
v -325.484 4.88123 108.118 
v -325.439 5.2334 108.224 
v -325.251 5.04261 107.994 
v -325.439 5.2334 108.224 
v -325.578 5.33121 108.853 
v -325.451 5.35531 108.66 
v -325.251 5.04261 107.994 
v -325.327 4.75583 108.004 
v -325.484 4.88123 108.118 
v -325.817 4.01216 108.968 
v -325.899 4.01383 109.408 
v -326.005 4.08055 108.764 
v -324.593 4.07452 108.526 
v -324.562 4.14033 108.464 
v -324.555 4.13715 108.476 
v -325.614 4.07452 108.526 
v -325.649 4.13715 108.476 
v -325.642 4.14033 108.464 
v -324.348 4.30158 109.615 
v -324.471 4.94396 109.167 
v -324.756 4.96969 109.624 
v -325.868 4.30081 109.615 
v -325.455 4.96986 109.624 
v -325.734 4.94389 109.167 
v -324.396 4.0125 108.968 
v -324.2 4.08062 108.764 
v -324.317 4.01456 109.408 
v -325.868 4.30081 109.615 
v -325.734 4.94389 109.167 
v -326.056 4.29668 109.195 
v -324.617 5.31743 109.249 
v -324.756 4.96969 109.624 
v -324.471 4.94396 109.167 
v -324.934 5.04261 107.994 
v -324.862 4.75583 108.004 
v -325.02 4.94029 107.885 
v -324.208 4.0868 108.437 
v -324.219 4.47318 108.578 
v -324.2 4.08062 108.764 
v -324.471 4.94396 109.167 
v -324.153 4.29795 109.195 
v -325.327 4.75583 108.004 
v -325.251 5.04261 107.994 
v -325.165 4.94029 107.885 
v -324.862 4.75583 108.004 
v -324.705 4.88123 108.118 
v -324.733 4.55844 108.155 
v -325.455 4.96986 109.624 
v -325.581 5.31743 109.249 
v -325.734 4.94389 109.167 
v -325.581 5.31743 109.249 
v -325.484 5.35301 109.578 
v -325.327 4.75583 108.004 
v -325.462 4.55844 108.155 
v -325.484 4.88123 108.118 
v -324.733 4.55844 108.155 
v -324.705 4.88123 108.118 
v -324.396 4.45492 108.263 
v -325.462 4.55844 108.155 
v -325.798 4.45492 108.263 
v -325.484 4.88123 108.118 
v -325.817 4.01216 108.968 
v -325.563 3.96768 109.371 
v -325.899 4.01383 109.408 
v -324.396 4.0125 108.968 
v -324.317 4.01456 109.408 
v -324.66 3.96769 109.371 
v -325.734 4.94389 109.167 
v -325.98 4.47318 108.578 
v -326.056 4.29668 109.195 
v -324.471 4.94396 109.167 
v -324.615 5.33121 108.853 
v -324.617 5.31743 109.249 
v -325.734 4.94389 109.167 
v -325.581 5.31743 109.249 
v -325.578 5.33121 108.853 
v -324.615 5.33121 108.853 
v -324.505 4.95315 108.608 
v -324.747 5.2334 108.224 
v -325.578 5.33121 108.853 
v -325.439 5.2334 108.224 
v -325.692 4.95315 108.608 
v -324.505 4.95315 108.608 
v -324.396 4.45492 108.263 
v -324.705 4.88123 108.118 
v -325.692 4.95315 108.608 
v -325.484 4.88123 108.118 
v -325.798 4.45492 108.263 
v -324.396 4.45492 108.263 
v -324.505 4.95315 108.608 
v -324.219 4.47318 108.578 
v -324.471 4.94396 109.167 
v -324.219 4.47318 108.578 
v -324.505 4.95315 108.608 
v -325.98 4.47318 108.578 
v -325.692 4.95315 108.608 
v -325.798 4.45492 108.263 
v -325.98 4.47318 108.578 
v -325.734 4.94389 109.167 
v -325.692 4.95315 108.608 
v -324.505 4.95315 108.608 
v -324.705 4.88123 108.118 
v -324.747 5.2334 108.224 
v -324.471 4.94396 109.167 
v -324.505 4.95315 108.608 
v -324.615 5.33121 108.853 
v -325.734 4.94389 109.167 
v -325.578 5.33121 108.853 
v -325.692 4.95315 108.608 
v -325.692 4.95315 108.608 
v -325.439 5.2334 108.224 
v -325.484 4.88123 108.118 
v -325.768 4.13785 108.399 
v -325.798 4.45492 108.263 
v -325.462 4.55844 108.155 
v -324.433 4.13785 108.399 
v -324.396 4.45492 108.263 
v -324.208 4.0868 108.437 
v -324.733 4.55844 108.155 
v -324.396 4.45492 108.263 
v -325.662 4.14606 108.453 
v -325.642 4.14033 108.464 
v -325.649 4.13715 108.476 
v -324.542 4.14606 108.453 
v -324.555 4.13715 108.476 
v -324.562 4.14033 108.464 
v -325.768 4.13785 108.399 
v -325.99 4.0868 108.437 
v -325.798 4.45492 108.263 
v -324.518 4.05168 108.544 
v -324.433 4.13785 108.399 
v -324.274 4.01031 108.582 
v -325.768 4.13785 108.399 
v -325.688 4.05168 108.544 
v -325.928 4.01031 108.582 
v -324.593 4.07452 108.526 
v -324.555 4.13715 108.476 
v -324.518 4.05168 108.544 
v -325.614 4.07452 108.526 
v -325.688 4.05168 108.544 
v -325.649 4.13715 108.476 
v -324.542 4.14606 108.453 
v -324.562 4.14033 108.464 
v -324.542 4.15745 108.437 
v -325.661 4.15745 108.437 
v -325.642 4.14033 108.464 
v -325.662 4.14606 108.453 
v -324.274 4.01031 108.582 
v -324.433 4.13785 108.399 
v -324.208 4.0868 108.437 
v -325.928 4.01031 108.582 
v -325.99 4.0868 108.437 
v -325.768 4.13785 108.399 
v -324.756 4.96969 109.624 
v -324.617 5.31743 109.249 
v -324.715 5.35301 109.578 
v -324.433 4.13785 108.399 
v -324.555 4.13715 108.476 
v -324.542 4.14606 108.453 
v -325.649 4.13715 108.476 
v -325.768 4.13785 108.399 
v -325.662 4.14606 108.453 
v -324.542 4.14606 108.453 
v -324.542 4.15745 108.437 
v -324.433 4.13785 108.399 
v -325.662 4.14606 108.453 
v -325.768 4.13785 108.399 
v -325.661 4.15745 108.437 
v -324.274 4.01031 108.582 
v -324.396 4.0125 108.968 
v -324.457 4.04406 108.844 
v -325.1 5.37655 109.705 
v -325.095 5.65098 109.882 
v -325.484 5.35301 109.578 
v -325.817 4.01216 108.968 
v -325.928 4.01031 108.582 
v -325.755 4.04389 108.844 
v -325.1 5.37655 109.705 
v -324.715 5.35301 109.578 
v -325.095 5.65098 109.882 
v -324.433 4.13785 108.399 
v -324.518 4.05168 108.544 
v -324.555 4.13715 108.476 
v -325.688 4.05168 108.544 
v -325.768 4.13785 108.399 
v -325.649 4.13715 108.476 
v -325.396 5.03035 108.526 
v -325.107 5.03494 108.379 
v -325.453 4.92942 108.61 
v -324.747 4.92942 108.61 
v -325.087 5.03494 108.379 
v -324.801 5.03035 108.526 
v -324.433 4.13785 108.399 
v -324.608 4.20783 108.472 
v -324.658 4.44485 108.48 
v -324.457 4.04406 108.844 
v -324.396 4.0125 108.968 
v -324.495 4.08074 108.931 
v -324.667 4.20533 109.112 
v -324.495 4.08074 108.931 
v -325.72 4.08058 108.931 
v -325.553 4.20537 109.112 
v -325.817 4.01216 108.968 
v -325.817 4.01216 108.968 
v -325.755 4.04389 108.844 
v -325.72 4.08058 108.931 
v -325.768 4.13785 108.399 
v -325.535 4.39658 108.514 
v -325.597 4.20783 108.472 
v -324.274 4.01031 108.582 
v -324.527 4.20307 108.76 
v -324.552 4.19245 108.659 
v -324.518 4.05168 108.544 
v -324.274 4.01031 108.582 
v -324.552 4.19245 108.659 
v -325.928 4.01031 108.582 
v -325.657 4.19245 108.659 
v -325.683 4.20301 108.76 
v -325.657 4.19245 108.659 
v -325.928 4.01031 108.582 
v -325.688 4.05168 108.544 
v -324.593 4.07452 108.526 
v -324.608 4.20783 108.472 
v -324.562 4.14033 108.464 
v -324.608 4.20783 108.472 
v -324.542 4.15745 108.437 
v -325.597 4.20783 108.472 
v -325.614 4.07452 108.526 
v -325.642 4.14033 108.464 
v -325.597 4.20783 108.472 
v -325.642 4.14033 108.464 
v -325.661 4.15745 108.437 
v -324.608 4.20783 108.472 
v -324.433 4.13785 108.399 
v -324.542 4.15745 108.437 
v -325.768 4.13785 108.399 
v -325.597 4.20783 108.472 
v -325.661 4.15745 108.437 
v -324.658 4.44485 108.48 
v -324.566 4.48027 108.382 
v -324.433 4.13785 108.399 
v -324.518 4.05168 108.544 
v -324.552 4.19245 108.659 
v -324.593 4.07452 108.526 
v -325.688 4.05168 108.544 
v -325.614 4.07452 108.526 
v -325.657 4.19245 108.659 
v -325.545 4.44485 108.48 
v -325.768 4.13785 108.399 
v -325.634 4.48027 108.382 
v -325.535 4.39658 108.514 
v -325.768 4.13785 108.399 
v -325.545 4.44485 108.48 
v -324.731 4.74917 108.534 
v -324.566 4.48027 108.382 
v -324.733 4.70189 108.534 
v -325.634 4.48027 108.382 
v -325.47 4.74917 108.534 
v -325.469 4.70189 108.534 
v -325.469 4.70189 108.534 
v -325.545 4.44485 108.48 
v -325.634 4.48027 108.382 
v -325.324 5.03906 108.45 
v -325.233 5.05946 108.377 
v -325.14 5.03681 108.374 
v -324.871 5.03906 108.45 
v -325.053 5.03681 108.374 
v -324.96 5.05946 108.377 
v -324.658 4.44485 108.48 
v -324.733 4.70189 108.534 
v -324.566 4.48027 108.382 
v -324.708 4.56346 108.544 
v -324.733 4.70189 108.534 
v -324.676 4.44683 108.516 
v -324.67 4.39658 108.514 
v -324.527 4.20307 108.76 
v -324.274 4.01031 108.582 
v -324.457 4.04406 108.844 
v -325.928 4.01031 108.582 
v -325.683 4.20301 108.76 
v -325.755 4.04389 108.844 
v -324.667 4.20533 109.112 
v -324.396 4.0125 108.968 
v -324.66 3.96769 109.371 
v -325.097 5.04356 108.365 
v -325.056 5.02819 108.373 
v -325.087 5.03494 108.379 
v -325.138 5.02819 108.373 
v -325.097 5.04356 108.365 
v -325.107 5.03494 108.379 
v -324.667 4.20533 109.112 
v -324.66 3.96769 109.371 
v -324.729 4.19237 109.215 
v -325.553 4.20537 109.112 
v -325.563 3.96768 109.371 
v -325.817 4.01216 108.968 
v -325.563 3.96768 109.371 
v -325.494 4.1924 109.215 
v -325.436 4.19683 109.282 
v -324.708 4.56346 108.544 
v -324.658 4.44485 108.48 
v -324.688 4.50282 108.522 
v -325.553 4.20537 109.112 
v -325.494 4.1924 109.215 
v -325.563 3.96768 109.371 
v -324.688 4.50282 108.522 
v -324.658 4.44485 108.48 
v -324.676 4.44683 108.516 
v -325.545 4.44485 108.48 
v -325.496 4.56346 108.544 
v -325.516 4.50282 108.522 
v -324.746 4.99839 109.181 
v -324.709 4.93585 108.71 
v -324.704 4.99284 109.092 
v -325.529 4.95371 108.801 
v -325.536 4.9833 109 
v -325.554 4.97184 108.9 
v -325.563 3.96768 109.371 
v -325.436 4.19683 109.282 
v -325.366 4.19943 109.344 
v -324.669 4.9833 109 
v -324.673 4.95371 108.801 
v -324.649 4.97184 108.9 
v -325.529 4.44683 108.516 
v -325.535 4.39658 108.514 
v -325.545 4.44485 108.48 
v -325.516 4.50282 108.522 
v -324.658 4.44485 108.48 
v -324.608 4.20783 108.472 
v -324.67 4.39658 108.514 
v -324.608 4.20783 108.472 
v -324.644 4.31463 108.531 
v -325.094 5.02435 108.132 
v -325.327 4.75583 108.004 
v -325.165 4.94029 107.885 
v -324.862 4.75583 108.004 
v -325.094 5.02435 108.132 
v -325.02 4.94029 107.885 
v -324.673 4.95371 108.801 
v -324.704 4.99284 109.092 
v -324.709 4.93585 108.71 
v -325.493 4.93585 108.71 
v -325.502 4.99284 109.092 
v -325.529 4.95371 108.801 
v -325.496 4.56346 108.544 
v -325.545 4.44485 108.48 
v -325.469 4.70189 108.534 
v -324.704 4.99284 109.092 
v -324.673 4.95371 108.801 
v -324.669 4.9833 109 
v -324.66 3.96769 109.371 
v -324.788 4.19688 109.282 
v -324.729 4.19237 109.215 
v -324.66 3.96769 109.371 
v -324.859 4.19975 109.344 
v -324.968 4.19859 109.402 
v -325.493 4.93585 108.71 
v -325.106 5.00696 109.442 
v -325.502 4.99284 109.092 
v -324.733 4.70189 108.534 
v -324.747 4.92942 108.61 
v -324.731 4.74917 108.534 
v -325.453 4.92942 108.61 
v -325.469 4.70189 108.534 
v -325.47 4.74917 108.534 
v -325.097 5.04356 108.365 
v -325.017 5.02055 108.35 
v -325.056 5.02819 108.373 
v -325.176 5.02055 108.35 
v -325.097 5.04356 108.365 
v -325.138 5.02819 108.373 
v -325.246 5.03859 108.365 
v -325.094 5.02435 108.132 
v -325.176 5.02055 108.35 
v -325.094 5.02435 108.132 
v -324.947 5.03859 108.365 
v -325.017 5.02055 108.35 
v -325.087 5.03494 108.379 
v -325.106 5.00696 109.442 
v -325.097 5.04356 108.365 
v -325.502 4.99284 109.092 
v -325.462 4.9984 109.181 
v -324.608 4.20783 108.472 
v -324.593 4.07452 108.526 
v -324.644 4.31463 108.531 
v -325.324 5.03906 108.45 
v -325.107 5.03494 108.379 
v -325.396 5.03035 108.526 
v -325.634 4.48027 108.382 
v -325.457 4.79148 108.509 
v -325.47 4.74917 108.534 
v -325.597 4.20783 108.472 
v -325.562 4.31463 108.531 
v -325.614 4.07452 108.526 
v -325.535 4.39658 108.514 
v -325.562 4.31463 108.531 
v -325.597 4.20783 108.472 
v -324.538 4.23219 108.872 
v -324.527 4.20307 108.76 
v -324.457 4.04406 108.844 
v -324.743 4.79148 108.509 
v -324.566 4.48027 108.382 
v -324.731 4.74917 108.534 
v -324.731 4.74917 108.534 
v -324.801 5.03035 108.526 
v -325.675 4.23211 108.872 
v -325.755 4.04389 108.844 
v -325.683 4.20301 108.76 
v -324.871 5.03906 108.45 
v -325.087 5.03494 108.379 
v -325.053 5.03681 108.374 
v -325.107 5.03494 108.379 
v -325.324 5.03906 108.45 
v -325.14 5.03681 108.374 
v -325.516 4.50282 108.522 
v -325.53 4.44028 108.536 
v -325.529 4.44683 108.516 
v -325.462 4.9984 109.181 
v -325.158 5.00508 109.432 
v -325.413 4.99932 109.266 
v -324.796 4.99926 109.266 
v -325.053 5.0051 109.432 
v -324.746 4.99839 109.181 
v -325.114 4.03334 109.52 
v -324.968 4.19859 109.402 
v -325.114 3.95408 109.559 
v -325.158 5.00508 109.432 
v -325.462 4.9984 109.181 
v -325.106 5.00696 109.442 
v -325.097 5.04356 108.365 
v -325.107 5.03494 108.379 
v -325.106 5.00696 109.442 
v -325.493 4.93585 108.71 
v -325.107 5.03494 108.379 
v -325.106 5.00696 109.442 
v -324.746 4.99839 109.181 
v -325.053 5.0051 109.432 
v -324.538 4.23219 108.872 
v -324.457 4.04406 108.844 
v -324.495 4.08074 108.931 
v -325.638 4.25986 108.962 
v -325.72 4.08058 108.931 
v -325.675 4.23211 108.872 
v -324.746 4.99839 109.181 
v -325.106 5.00696 109.442 
v -325.087 5.03494 108.379 
v -324.495 4.08074 108.931 
v -324.667 4.20533 109.112 
v -324.617 4.23007 109.032 
v -324.578 4.2599 108.962 
v -324.538 4.23219 108.872 
v -325.675 4.23211 108.872 
v -325.72 4.08058 108.931 
v -325.755 4.04389 108.844 
v -324.676 4.44683 108.516 
v -324.67 4.39658 108.514 
v -324.676 4.44028 108.536 
v -324.578 4.2599 108.962 
v -324.495 4.08074 108.931 
v -324.617 4.23007 109.032 
v -325.396 5.03035 108.526 
v -325.47 4.74917 108.534 
v -325.457 4.79148 108.509 
v -325.529 4.44683 108.516 
v -325.53 4.44028 108.536 
v -325.535 4.39658 108.514 
v -325.346 4.99737 109.343 
v -325.158 5.00508 109.432 
v -325.259 5.00003 109.401 
v -325.053 5.0051 109.432 
v -324.864 4.99727 109.343 
v -324.952 4.99993 109.401 
v -325.563 3.96768 109.371 
v -325.366 4.19943 109.344 
v -325.258 4.19846 109.402 
v -325.114 3.95408 109.559 
v -325.563 3.96768 109.371 
v -325.114 4.03334 109.52 
v -325.114 3.95408 109.559 
v -325.258 4.19846 109.402 
v -325.258 4.19846 109.402 
v -325.172 4.21046 109.429 
v -325.601 4.23008 109.032 
v -325.72 4.08058 108.931 
v -325.638 4.25986 108.962 
v -324.644 4.31463 108.531 
v -324.676 4.44028 108.536 
v -324.67 4.39658 108.514 
v -325.553 4.20537 109.112 
v -325.72 4.08058 108.931 
v -325.601 4.23008 109.032 
v -325.054 4.2105 109.429 
v -325.114 4.03334 109.52 
v -325.113 4.22446 109.441 
v -324.709 4.93585 108.71 
v -324.746 4.99839 109.181 
v -325.087 5.03494 108.379 
v -325.562 4.31463 108.531 
v -325.535 4.39658 108.514 
v -325.53 4.44028 108.536 
v -324.66 3.96769 109.371 
v -325.114 3.95408 109.559 
v -324.968 4.19859 109.402 
v -325.496 4.56346 108.544 
v -325.53 4.44028 108.536 
v -325.516 4.50282 108.522 
v -325.657 4.19245 108.659 
v -325.53 4.44028 108.536 
v -325.172 4.21046 109.429 
v -325.113 4.22446 109.441 
v -325.114 4.03334 109.52 
v -325.094 5.02435 108.132 
v -325.097 5.04356 108.365 
v -325.176 5.02055 108.35 
v -325.054 4.2105 109.429 
v -324.968 4.19859 109.402 
v -325.114 4.03334 109.52 
v -325.094 5.02435 108.132 
v -325.017 5.02055 108.35 
v -325.097 5.04356 108.365 
v -324.709 4.93585 108.71 
v -325.087 5.03494 108.379 
v -324.747 4.92942 108.61 
v -324.871 5.03906 108.45 
v -324.801 5.03035 108.526 
v -325.017 5.02055 108.35 
v -325.053 5.03681 108.374 
v -325.056 5.02819 108.373 
v -325.176 5.02055 108.35 
v -325.138 5.02819 108.373 
v -325.14 5.03681 108.374 
v -324.743 4.79148 108.509 
v -324.801 5.03035 108.526 
v -324.789 4.94128 108.468 
v -325.675 4.23211 108.872 
v -325.493 4.93585 108.71 
v -325.529 4.95371 108.801 
v -325.158 5.00508 109.432 
v -325.346 4.99737 109.343 
v -325.413 4.99932 109.266 
v -325.396 5.03035 108.526 
v -325.457 4.79148 108.509 
v -325.408 4.94128 108.468 
v -324.709 4.93585 108.71 
v -324.538 4.23219 108.872 
v -324.673 4.95371 108.801 
v -324.864 4.99727 109.343 
v -325.053 5.0051 109.432 
v -324.796 4.99926 109.266 
v -325.53 4.44028 108.536 
v -325.657 4.19245 108.659 
v -325.562 4.31463 108.531 
v -324.552 4.19245 108.659 
v -324.676 4.44028 108.536 
v -324.644 4.31463 108.531 
v -324.781 4.87403 108.446 
v -324.733 4.55844 108.155 
v -324.743 4.79148 108.509 
v -324.789 4.94128 108.468 
v -324.781 4.87403 108.446 
v -324.673 4.95371 108.801 
v -324.578 4.2599 108.962 
v -324.649 4.97184 108.9 
v -325.554 4.97184 108.9 
v -325.638 4.25986 108.962 
v -325.529 4.95371 108.801 
v -325.453 4.92942 108.61 
v -325.107 5.03494 108.379 
v -325.493 4.93585 108.71 
v -325.657 4.19245 108.659 
v -325.453 4.92942 108.61 
v -325.683 4.20301 108.76 
v -325.493 4.93585 108.71 
v -325.683 4.20301 108.76 
v -325.453 4.92942 108.61 
v -324.527 4.20307 108.76 
v -324.747 4.92942 108.61 
v -324.552 4.19245 108.659 
v -325.408 4.94128 108.468 
v -325.457 4.79148 108.509 
v -325.417 4.87403 108.446 
v -325.469 4.70189 108.534 
v -325.657 4.19245 108.659 
v -325.496 4.56346 108.544 
v -324.747 4.92942 108.61 
v -324.527 4.20307 108.76 
v -324.709 4.93585 108.71 
v -325.47 4.74917 108.534 
v -325.396 5.03035 108.526 
v -325.453 4.92942 108.61 
v -325.657 4.19245 108.659 
v -325.469 4.70189 108.534 
v -325.453 4.92942 108.61 
v -324.538 4.23219 108.872 
v -324.709 4.93585 108.71 
v -324.527 4.20307 108.76 
v -324.688 4.50282 108.522 
v -324.676 4.44683 108.516 
v -324.676 4.44028 108.536 
v -324.708 4.56346 108.544 
v -324.688 4.50282 108.522 
v -324.552 4.19245 108.659 
v -324.708 4.56346 108.544 
v -324.733 4.70189 108.534 
v -324.708 4.56346 108.544 
v -324.552 4.19245 108.659 
v -324.747 4.92942 108.61 
v -324.747 4.92942 108.61 
v -324.801 5.03035 108.526 
v -324.731 4.74917 108.534 
v -325.493 4.93585 108.71 
v -325.675 4.23211 108.872 
v -325.683 4.20301 108.76 
v -324.552 4.19245 108.659 
v -324.644 4.31463 108.531 
v -324.593 4.07452 108.526 
v -324.566 4.48027 108.382 
v -324.743 4.79148 108.509 
v -324.733 4.55844 108.155 
v -325.562 4.31463 108.531 
v -325.657 4.19245 108.659 
v -325.614 4.07452 108.526 
v -325.056 5.02819 108.373 
v -325.053 5.03681 108.374 
v -325.087 5.03494 108.379 
v -325.138 5.02819 108.373 
v -325.107 5.03494 108.379 
v -325.14 5.03681 108.374 
v -325.457 4.79148 108.509 
v -325.634 4.48027 108.382 
v -325.462 4.55844 108.155 
v -325.462 4.55844 108.155 
v -325.417 4.87403 108.446 
v -325.675 4.23211 108.872 
v -325.529 4.95371 108.801 
v -325.638 4.25986 108.962 
v -325.327 4.75583 108.004 
v -325.417 4.87403 108.446 
v -325.462 4.55844 108.155 
v -324.781 4.87403 108.446 
v -324.862 4.75583 108.004 
v -324.733 4.55844 108.155 
v -325.529 4.95371 108.801 
v -325.502 4.99284 109.092 
v -325.536 4.9833 109 
v -325.638 4.25986 108.962 
v -325.601 4.23008 109.032 
v -325.312 4.97437 108.371 
v -325.417 4.87403 108.446 
v -325.327 4.75583 108.004 
v -324.781 4.87403 108.446 
v -324.882 4.97437 108.371 
v -324.862 4.75583 108.004 
v -324.578 4.2599 108.962 
v -324.673 4.95371 108.801 
v -324.538 4.23219 108.872 
v -324.669 4.9833 109 
v -324.649 4.97184 108.9 
v -324.669 4.9833 109 
v -324.578 4.2599 108.962 
v -324.617 4.23007 109.032 
v -325.536 4.9833 109 
v -325.638 4.25986 108.962 
v -325.554 4.97184 108.9 
v -324.617 4.23007 109.032 
v -324.704 4.99284 109.092 
v -324.669 4.9833 109 
v -324.667 4.20533 109.112 
v -324.746 4.99839 109.181 
v -324.704 4.99284 109.092 
v -325.502 4.99284 109.092 
v -325.601 4.23008 109.032 
v -325.536 4.9833 109 
v -325.345 4.98112 108.433 
v -325.417 4.87403 108.446 
v -325.312 4.97437 108.371 
v -324.746 4.99839 109.181 
v -324.788 4.19688 109.282 
v -324.796 4.99926 109.266 
v -325.462 4.9984 109.181 
v -325.553 4.20537 109.112 
v -325.502 4.99284 109.092 
v -325.413 4.99932 109.266 
v -325.436 4.19683 109.282 
v -324.704 4.99284 109.092 
v -324.617 4.23007 109.032 
v -324.667 4.20533 109.112 
v -324.882 4.97437 108.371 
v -324.781 4.87403 108.446 
v -324.85 4.98112 108.433 
v -325.327 4.75583 108.004 
v -325.246 5.03859 108.365 
v -325.312 4.97437 108.371 
v -324.947 5.03859 108.365 
v -324.862 4.75583 108.004 
v -324.882 4.97437 108.371 
v -324.746 4.99839 109.181 
v -324.667 4.20533 109.112 
v -324.729 4.19237 109.215 
v -325.601 4.23008 109.032 
v -325.502 4.99284 109.092 
v -325.553 4.20537 109.112 
v -325.417 4.87403 108.446 
v -325.345 4.98112 108.433 
v -325.408 4.94128 108.468 
v -325.462 4.9984 109.181 
v -325.494 4.1924 109.215 
v -325.553 4.20537 109.112 
v -324.85 4.98112 108.433 
v -324.781 4.87403 108.446 
v -324.789 4.94128 108.468 
v -325.345 4.98112 108.433 
v -325.312 4.97437 108.371 
v -325.246 5.03859 108.365 
v -325.396 5.03035 108.526 
v -325.345 4.98112 108.433 
v -325.324 5.03906 108.45 
v -325.246 5.03859 108.365 
v -325.324 5.03906 108.45 
v -325.345 4.98112 108.433 
v -324.85 4.98112 108.433 
v -324.801 5.03035 108.526 
v -324.871 5.03906 108.45 
v -324.85 4.98112 108.433 
v -324.947 5.03859 108.365 
v -324.882 4.97437 108.371 
v -324.871 5.03906 108.45 
v -324.947 5.03859 108.365 
v -324.85 4.98112 108.433 
v -324.788 4.19688 109.282 
v -324.746 4.99839 109.181 
v -324.729 4.19237 109.215 
v -325.345 4.98112 108.433 
v -325.396 5.03035 108.526 
v -325.408 4.94128 108.468 
v -325.494 4.1924 109.215 
v -325.462 4.9984 109.181 
v -325.436 4.19683 109.282 
v -324.801 5.03035 108.526 
v -324.85 4.98112 108.433 
v -324.789 4.94128 108.468 
v -324.788 4.19688 109.282 
v -324.864 4.99727 109.343 
v -324.796 4.99926 109.266 
v -325.246 5.03859 108.365 
v -325.327 4.75583 108.004 
v -325.094 5.02435 108.132 
v -324.862 4.75583 108.004 
v -324.947 5.03859 108.365 
v -325.094 5.02435 108.132 
v -325.346 4.99737 109.343 
v -325.436 4.19683 109.282 
v -325.413 4.99932 109.266 
v -325.324 5.03906 108.45 
v -325.246 5.03859 108.365 
v -325.233 5.05946 108.377 
v -324.947 5.03859 108.365 
v -324.871 5.03906 108.45 
v -324.96 5.05946 108.377 
v -325.017 5.02055 108.35 
v -324.96 5.05946 108.377 
v -325.053 5.03681 108.374 
v -325.094 5.02435 108.132 
v -325.092 4.83261 107.766 
v -325.02 4.94029 107.885 
v -325.233 5.05946 108.377 
v -325.176 5.02055 108.35 
v -325.14 5.03681 108.374 
v -325.092 4.83261 107.766 
v -325.094 5.02435 108.132 
v -325.165 4.94029 107.885 
v -325.436 4.19683 109.282 
v -325.346 4.99737 109.343 
v -325.366 4.19943 109.344 
v -324.864 4.99727 109.343 
v -324.788 4.19688 109.282 
v -324.859 4.19975 109.344 
v -324.968 4.19859 109.402 
v -324.864 4.99727 109.343 
v -324.864 4.99727 109.343 
v -324.968 4.19859 109.402 
v -324.952 4.99993 109.401 
v -325.176 5.02055 108.35 
v -325.233 5.05946 108.377 
v -325.246 5.03859 108.365 
v -324.96 5.05946 108.377 
v -325.017 5.02055 108.35 
v -324.947 5.03859 108.365 
v -325.258 4.19846 109.402 
v -325.346 4.99737 109.343 
v -325.259 5.00003 109.401 
v -325.768 4.13785 108.399 
v -325.462 4.55844 108.155 
v -325.634 4.48027 108.382 
v -324.433 4.13785 108.399 
v -324.566 4.48027 108.382 
v -324.733 4.55844 108.155 
v -325.346 4.99737 109.343 
v -325.258 4.19846 109.402 
v -325.366 4.19943 109.344 
v -324.952 4.99993 109.401 
v -324.968 4.19859 109.402 
v -325.054 4.2105 109.429 
v -325.054 4.2105 109.429 
v -325.053 5.0051 109.432 
v -324.952 4.99993 109.401 
v -325.258 4.19846 109.402 
v -325.259 5.00003 109.401 
v -325.172 4.21046 109.429 
v -325.172 4.21046 109.429 
v -325.259 5.00003 109.401 
v -325.158 5.00508 109.432 
v -325.113 4.22446 109.441 
v -325.053 5.0051 109.432 
v -325.054 4.2105 109.429 
v -325.053 5.0051 109.432 
v -325.113 4.22446 109.441 
v -325.106 5.00696 109.442 
v -325.158 5.00508 109.432 
v -325.113 4.22446 109.441 
v -325.172 4.21046 109.429 
v -325.113 4.22446 109.441 
v -325.158 5.00508 109.432 
v -325.106 5.00696 109.442 

vn -0.606299 -0.732283 0.307087 
vn -0.228346 -0.669291 0.700787 
vn -0.708661 0.0393701 0.708661 
vn 0.598425 -0.732283 0.314961 
vn 0.700787 0.0314961 0.708661 
vn 0.228346 -0.677165 0.700787 
vn -0.606299 -0.732283 0.307087 
vn -0.708661 0.0393701 0.708661 
vn -0.984252 0.0629921 0.188976 
vn -0.708661 0.0393701 0.708661 
vn -0.228346 -0.669291 0.700787 
vn -0.165354 -0.11811 0.976378 
vn 0.700787 0.0314961 0.708661 
vn 0.15748 -0.11811 0.976378 
vn 0.228346 -0.677165 0.700787 
vn -0.606299 -0.732283 0.307087 
vn -0.984252 0.0629921 0.188976 
vn -0.866142 -0.503937 -0.0472441 
vn 0.598425 -0.732283 0.314961 
vn 0.858268 -0.503937 -0.0314961 
vn 0.976378 0.0551181 0.19685 
vn -0.866142 -0.503937 -0.0472441 
vn -0.629921 -0.496063 -0.598425 
vn -0.173228 -0.968504 -0.165354 
vn 0.858268 -0.503937 -0.0314961 
vn 0.173228 -0.968504 -0.165354 
vn 0.637795 -0.496063 -0.590551 
vn 0.15748 -0.11811 0.976378 
vn -0.165354 -0.11811 0.976378 
vn 0 -1 0.0472441 
vn 0.15748 -0.11811 0.976378 
vn 0 -1 0.0472441 
vn 0.228346 -0.677165 0.700787 
vn -0.15748 -0.11811 0.976378 
vn -0.228346 -0.669291 0.700787 
vn 0 -1 0.0472441 
vn 0 -0.251969 0.968504 
vn -0.244094 0.15748 0.96063 
vn 0.244094 0.149606 0.96063 
vn -0.244094 0.15748 0.96063 
vn -0.165354 -0.11811 0.976378 
vn 0 0.0866142 1 
vn 0 0.0866142 1 
vn 0.244094 0.149606 0.96063 
vn -0.244094 0.15748 0.96063 
vn 0.244094 0.149606 0.96063 
vn 0 0.0866142 1 
vn 0.15748 -0.11811 0.976378 
vn -0.165354 -0.11811 0.976378 
vn 0.15748 -0.11811 0.976378 
vn 0.00787402 0.976378 0.220472 
vn 0.748031 0.275591 0.606299 
vn 0.669291 0.740157 0.0629921 
vn -0.740157 0.291339 0.606299 
vn 0.00787402 0.976378 0.220472 
vn -0.661417 0.748031 0.0629921 
vn 0.748031 0.275591 0.606299 
vn 0.00787402 0.976378 0.220472 
vn 0 0.385827 0.92126 
vn 0.00787402 0.976378 0.220472 
vn -0.740157 0.291339 0.606299 
vn 0 0.385827 0.92126 
vn -0.708661 0.0393701 0.708661 
vn -0.165354 -0.11811 0.976378 
vn -0.637795 0.23622 0.732283 
vn 0 -0.251969 0.968504 
vn -0.637795 0.23622 0.732283 
vn -0.244094 0.15748 0.96063 
vn 0.700787 0.0314961 0.708661 
vn 0.629921 0.228346 0.740157 
vn 0.15748 -0.11811 0.976378 
vn -0.165354 -0.11811 0.976378 
vn -0.244094 0.15748 0.96063 
vn -0.637795 0.23622 0.732283 
vn 0.629921 0.228346 0.740157 
vn 0 -0.251969 0.968504 
vn 0.244094 0.149606 0.96063 
vn 0.15748 -0.11811 0.976378 
vn 0.629921 0.228346 0.740157 
vn 0.244094 0.149606 0.96063 
vn -0.740157 0.291339 0.606299 
vn -0.637795 0.23622 0.732283 
vn 0 -0.251969 0.968504 
vn 0.748031 0.275591 0.606299 
vn 0 -0.251969 0.968504 
vn 0.629921 0.228346 0.740157 
vn -0.173228 -0.968504 -0.165354 
vn 0.204724 -0.968504 -0.133858 
vn -0.866142 -0.503937 -0.0472441 
vn 0.858268 -0.503937 -0.0314961 
vn 0.929134 0.299213 -0.212598 
vn 0.976378 0.0551181 0.19685 
vn -0.866142 -0.503937 -0.0472441 
vn -0.984252 0.0629921 0.188976 
vn -0.929134 0.307087 -0.220472 
vn 0.173228 -0.968504 -0.165354 
vn 0.858268 -0.503937 -0.0314961 
vn -0.204724 -0.968504 -0.133858 
vn 0 0.677165 -0.740157 
vn 0.448819 0.433071 -0.779528 
vn 0.267717 0.165354 -0.944882 
vn 0 0.677165 -0.740157 
vn -0.267717 0.173228 -0.944882 
vn -0.440945 0.440945 -0.779528 
vn 0 0.677165 -0.740157 
vn 0.622047 0.590551 -0.511811 
vn 0.448819 0.433071 -0.779528 
vn 0.622047 0.590551 -0.511811 
vn 0 0.677165 -0.740157 
vn 0 0.905512 -0.433071 
vn -0.614173 0.598425 -0.511811 
vn 0 0.677165 -0.740157 
vn -0.440945 0.440945 -0.779528 
vn 0 0.677165 -0.740157 
vn -0.614173 0.598425 -0.511811 
vn 0 0.905512 -0.433071 
vn -0.929134 0.307087 -0.220472 
vn -0.629921 -0.496063 -0.598425 
vn -0.866142 -0.503937 -0.0472441 
vn -0.00787402 -0.519685 -0.850394 
vn 0 0.677165 -0.740157 
vn 0.267717 0.165354 -0.944882 
vn 0 0.677165 -0.740157 
vn -0.00787402 -0.519685 -0.850394 
vn -0.267717 0.173228 -0.944882 
vn 0.598425 -0.732283 0.314961 
vn 0.976378 0.0551181 0.19685 
vn 0.700787 0.0314961 0.708661 
vn 0.905512 0.370079 0.19685 
vn 0.976378 0.0551181 0.19685 
vn 0.748031 0.275591 0.606299 
vn 0.889764 0.417323 0.165354 
vn 0.669291 0.740157 0.0629921 
vn -0.740157 0.291339 0.606299 
vn -0.661417 0.748031 0.0629921 
vn -0.889764 0.433071 0.15748 
vn 0.771654 0.622047 -0.133858 
vn 0 0.984252 -0.188976 
vn 0.669291 0.740157 0.0629921 
vn 0.771654 0.622047 -0.133858 
vn 0.669291 0.740157 0.0629921 
vn 0.889764 0.417323 0.165354 
vn 0.929134 0.299213 -0.212598 
vn 0.637795 -0.496063 -0.590551 
vn 0.622047 0.00787402 -0.779528 
vn 0.212598 -0.952756 -0.228346 
vn 0 -1 0.0472441 
vn -0.228346 -0.669291 0.700787 
vn 0.212598 -0.952756 -0.228346 
vn -0.228346 -0.669291 0.700787 
vn -0.606299 -0.732283 0.307087 
vn 0 0.984252 -0.188976 
vn -0.661417 0.748031 0.0629921 
vn 0.00787402 0.976378 0.220472 
vn 0 0.984252 -0.188976 
vn -0.76378 0.629921 -0.141732 
vn -0.212598 -0.952756 -0.228346 
vn 0.228346 -0.677165 0.700787 
vn 0 -1 0.0472441 
vn -0.212598 -0.952756 -0.228346 
vn 0.598425 -0.732283 0.314961 
vn 0.228346 -0.677165 0.700787 
vn -0.76378 0.629921 -0.141732 
vn -0.889764 0.433071 0.15748 
vn -0.661417 0.748031 0.0629921 
vn 0 0.984252 -0.188976 
vn 0.00787402 0.976378 0.220472 
vn 0.669291 0.740157 0.0629921 
vn -0.629921 -0.496063 -0.598425 
vn -0.929134 0.307087 -0.220472 
vn -0.614173 0.00787402 -0.787402 
vn 0 0.984252 -0.188976 
vn 0.771654 0.622047 -0.133858 
vn 0.496063 0.84252 -0.212598 
vn 0.496063 0.84252 -0.212598 
vn 0 0.905512 -0.433071 
vn 0 0.984252 -0.188976 
vn 0 0.905512 -0.433071 
vn 0.496063 0.84252 -0.212598 
vn 0.622047 0.590551 -0.511811 
vn 0.708661 0.19685 -0.677165 
vn 0.448819 0.433071 -0.779528 
vn 0.622047 0.590551 -0.511811 
vn 0.622047 0.590551 -0.511811 
vn 0.496063 0.84252 -0.212598 
vn 0.771654 0.622047 -0.133858 
vn -0.76378 0.629921 -0.141732 
vn 0 0.984252 -0.188976 
vn -0.488189 0.84252 -0.212598 
vn 0 0.905512 -0.433071 
vn -0.488189 0.84252 -0.212598 
vn 0 0.905512 -0.433071 
vn -0.614173 0.598425 -0.511811 
vn -0.0472441 -0.755906 -0.653543 
vn 0.448819 0.433071 -0.779528 
vn 0.708661 0.19685 -0.677165 
vn -0.700787 0.204724 -0.677165 
vn -0.614173 0.598425 -0.511811 
vn -0.440945 0.440945 -0.779528 
vn -0.614173 0.598425 -0.511811 
vn -0.76378 0.629921 -0.141732 
vn -0.488189 0.84252 -0.212598 
vn -0.440945 0.440945 -0.779528 
vn 0.0472441 -0.755906 -0.653543 
vn -0.700787 0.204724 -0.677165 
vn 0.204724 -0.968504 -0.133858 
vn -0.606299 -0.732283 0.307087 
vn -0.866142 -0.503937 -0.0472441 
vn -0.645669 -0.76378 -0.015748 
vn -0.488189 -0.574803 -0.661417 
vn -0.314961 -0.708661 -0.629921 
vn 0.645669 -0.76378 -0.00787402 
vn 0.322835 -0.716535 -0.622047 
vn 0.496063 -0.574803 -0.653543 
vn 0.700787 0.0314961 0.708661 
vn 0.905512 0.370079 0.19685 
vn 0.629921 0.228346 0.740157 
vn -0.708661 0.0393701 0.708661 
vn -0.637795 0.23622 0.732283 
vn -0.905512 0.385827 0.188976 
vn -0.204724 -0.968504 -0.133858 
vn 0.858268 -0.503937 -0.0314961 
vn 0.598425 -0.732283 0.314961 
vn -0.708661 0.0393701 0.708661 
vn -0.905512 0.385827 0.188976 
vn -0.984252 0.0629921 0.188976 
vn 0.889764 0.417323 0.165354 
vn 0.629921 0.228346 0.740157 
vn 0.905512 0.370079 0.19685 
vn 0.448819 0.433071 -0.779528 
vn -0.0472441 -0.755906 -0.653543 
vn 0.267717 0.165354 -0.944882 
vn 0.637795 -0.496063 -0.590551 
vn 0.929134 0.299213 -0.212598 
vn 0.858268 -0.503937 -0.0314961 
vn 0.905512 0.370079 0.19685 
vn 0.976378 0.0551181 0.19685 
vn 0.0472441 -0.755906 -0.653543 
vn -0.440945 0.440945 -0.779528 
vn -0.267717 0.173228 -0.944882 
vn -0.0472441 -0.755906 -0.653543 
vn 0.708661 0.19685 -0.677165 
vn -0.535433 -0.606299 -0.590551 
vn -0.637795 0.23622 0.732283 
vn -0.889764 0.433071 0.15748 
vn -0.905512 0.385827 0.188976 
vn -0.889764 0.433071 0.15748 
vn -0.740157 0.291339 0.606299 
vn 0.0472441 -0.755906 -0.653543 
vn 0.527559 -0.614173 -0.582677 
vn -0.700787 0.204724 -0.677165 
vn -0.535433 -0.606299 -0.590551 
vn 0.708661 0.19685 -0.677165 
vn 0.622047 0.00787402 -0.779528 
vn 0.527559 -0.614173 -0.582677 
vn -0.614173 0.00787402 -0.787402 
vn -0.700787 0.204724 -0.677165 
vn 0.204724 -0.968504 -0.133858 
vn 0.212598 -0.952756 -0.228346 
vn -0.606299 -0.732283 0.307087 
vn -0.204724 -0.968504 -0.133858 
vn 0.598425 -0.732283 0.314961 
vn -0.212598 -0.952756 -0.228346 
vn -0.905512 0.385827 0.188976 
vn -0.929134 0.307087 -0.220472 
vn -0.984252 0.0629921 0.188976 
vn 0.905512 0.370079 0.19685 
vn 0.771654 0.622047 -0.133858 
vn 0.889764 0.417323 0.165354 
vn -0.905512 0.385827 0.188976 
vn -0.889764 0.433071 0.15748 
vn -0.76378 0.629921 -0.141732 
vn 0.771654 0.622047 -0.133858 
vn 0.889764 0.409449 -0.220472 
vn 0.622047 0.590551 -0.511811 
vn -0.76378 0.629921 -0.141732 
vn -0.614173 0.598425 -0.511811 
vn -0.88189 0.417323 -0.228346 
vn 0.889764 0.409449 -0.220472 
vn 0.622047 0.00787402 -0.779528 
vn 0.708661 0.19685 -0.677165 
vn -0.88189 0.417323 -0.228346 
vn -0.700787 0.204724 -0.677165 
vn -0.614173 0.00787402 -0.787402 
vn 0.622047 0.00787402 -0.779528 
vn 0.889764 0.409449 -0.220472 
vn 0.929134 0.299213 -0.212598 
vn 0.905512 0.370079 0.19685 
vn 0.929134 0.299213 -0.212598 
vn 0.889764 0.409449 -0.220472 
vn -0.929134 0.307087 -0.220472 
vn -0.88189 0.417323 -0.228346 
vn -0.614173 0.00787402 -0.787402 
vn -0.929134 0.307087 -0.220472 
vn -0.905512 0.385827 0.188976 
vn -0.88189 0.417323 -0.228346 
vn 0.889764 0.409449 -0.220472 
vn 0.708661 0.19685 -0.677165 
vn 0.622047 0.590551 -0.511811 
vn 0.905512 0.370079 0.19685 
vn 0.889764 0.409449 -0.220472 
vn 0.771654 0.622047 -0.133858 
vn -0.905512 0.385827 0.188976 
vn -0.76378 0.629921 -0.141732 
vn -0.88189 0.417323 -0.228346 
vn -0.88189 0.417323 -0.228346 
vn -0.614173 0.598425 -0.511811 
vn -0.700787 0.204724 -0.677165 
vn 0.204724 -0.606299 -0.771654 
vn -0.614173 0.00787402 -0.787402 
vn 0.527559 -0.614173 -0.582677 
vn -0.204724 -0.606299 -0.771654 
vn 0.622047 0.00787402 -0.779528 
vn 0.637795 -0.496063 -0.590551 
vn -0.535433 -0.606299 -0.590551 
vn 0.622047 0.00787402 -0.779528 
vn 0.401575 -0.716535 -0.566929 
vn 0.496063 -0.574803 -0.653543 
vn 0.322835 -0.716535 -0.622047 
vn -0.393701 -0.716535 -0.574803 
vn -0.314961 -0.708661 -0.629921 
vn -0.488189 -0.574803 -0.661417 
vn 0.204724 -0.606299 -0.771654 
vn -0.629921 -0.496063 -0.598425 
vn -0.614173 0.00787402 -0.787402 
vn -0.362205 -0.92126 -0.149606 
vn -0.204724 -0.606299 -0.771654 
vn 0.173228 -0.968504 -0.165354 
vn 0.204724 -0.606299 -0.771654 
vn 0.362205 -0.92126 -0.141732 
vn -0.173228 -0.968504 -0.165354 
vn -0.645669 -0.76378 -0.015748 
vn -0.314961 -0.708661 -0.629921 
vn -0.362205 -0.92126 -0.149606 
vn 0.645669 -0.76378 -0.00787402 
vn 0.362205 -0.92126 -0.141732 
vn 0.322835 -0.716535 -0.622047 
vn -0.393701 -0.716535 -0.574803 
vn -0.488189 -0.574803 -0.661417 
vn -0.496063 -0.385827 -0.779528 
vn 0.511811 -0.385827 -0.771654 
vn 0.496063 -0.574803 -0.653543 
vn 0.401575 -0.716535 -0.566929 
vn 0.173228 -0.968504 -0.165354 
vn -0.204724 -0.606299 -0.771654 
vn 0.637795 -0.496063 -0.590551 
vn -0.173228 -0.968504 -0.165354 
vn -0.629921 -0.496063 -0.598425 
vn 0.204724 -0.606299 -0.771654 
vn 0.629921 0.228346 0.740157 
vn 0.889764 0.417323 0.165354 
vn 0.748031 0.275591 0.606299 
vn -0.204724 -0.606299 -0.771654 
vn -0.314961 -0.708661 -0.629921 
vn -0.393701 -0.716535 -0.574803 
vn 0.322835 -0.716535 -0.622047 
vn 0.204724 -0.606299 -0.771654 
vn 0.401575 -0.716535 -0.566929 
vn -0.393701 -0.716535 -0.574803 
vn -0.496063 -0.385827 -0.779528 
vn -0.204724 -0.606299 -0.771654 
vn 0.401575 -0.716535 -0.566929 
vn 0.204724 -0.606299 -0.771654 
vn 0.511811 -0.385827 -0.771654 
vn 0.173228 -0.968504 -0.165354 
vn -0.204724 -0.968504 -0.133858 
vn -0.708661 -0.700787 -0.00787402 
vn 0 -0.251969 0.968504 
vn 0 0.385827 0.92126 
vn -0.740157 0.291339 0.606299 
vn 0.204724 -0.968504 -0.133858 
vn -0.173228 -0.968504 -0.165354 
vn 0.716535 -0.700787 0.00787402 
vn 0 -0.251969 0.968504 
vn 0.748031 0.275591 0.606299 
vn 0 0.385827 0.92126 
vn -0.204724 -0.606299 -0.771654 
vn -0.362205 -0.92126 -0.149606 
vn -0.314961 -0.708661 -0.629921 
vn 0.362205 -0.92126 -0.141732 
vn 0.204724 -0.606299 -0.771654 
vn 0.322835 -0.716535 -0.622047 
vn 0.559055 -0.787402 0.244094 
vn 0.181102 -0.976378 0.0787402 
vn 0.76378 -0.598425 0.228346 
vn -0.771654 -0.590551 0.220472 
vn -0.181102 -0.976378 0.0787402 
vn -0.566929 -0.787402 0.23622 
vn -0.204724 -0.606299 -0.771654 
vn -0.755906 -0.204724 -0.622047 
vn -0.740157 -0.125984 -0.661417 
vn -0.708661 -0.700787 -0.00787402 
vn -0.204724 -0.968504 -0.133858 
vn -0.779528 -0.559055 -0.283465 
vn -0.818898 -0.330709 -0.472441 
vn -0.779528 -0.559055 -0.283465 
vn 0.787402 -0.551181 -0.267717 
vn 0.818898 -0.338583 -0.464567 
vn 0.204724 -0.968504 -0.133858 
vn 0.204724 -0.968504 -0.133858 
vn 0.716535 -0.700787 0.00787402 
vn 0.787402 -0.551181 -0.267717 
vn 0.204724 -0.606299 -0.771654 
vn 0.937008 -0.188976 -0.291339 
vn 0.76378 -0.204724 -0.606299 
vn 0.173228 -0.968504 -0.165354 
vn -0.866142 -0.480315 0.141732 
vn -0.795276 -0.503937 0.330709 
vn -0.362205 -0.92126 -0.149606 
vn 0.173228 -0.968504 -0.165354 
vn -0.795276 -0.503937 0.330709 
vn -0.173228 -0.968504 -0.165354 
vn 0.795276 -0.503937 0.338583 
vn 0.858268 -0.480315 0.15748 
vn 0.795276 -0.503937 0.338583 
vn -0.173228 -0.968504 -0.165354 
vn 0.362205 -0.92126 -0.141732 
vn -0.645669 -0.76378 -0.015748 
vn -0.755906 -0.204724 -0.622047 
vn -0.488189 -0.574803 -0.661417 
vn -0.755906 -0.204724 -0.622047 
vn -0.496063 -0.385827 -0.779528 
vn 0.76378 -0.204724 -0.606299 
vn 0.645669 -0.76378 -0.00787402 
vn 0.496063 -0.574803 -0.653543 
vn 0.76378 -0.204724 -0.606299 
vn 0.496063 -0.574803 -0.653543 
vn 0.511811 -0.385827 -0.771654 
vn -0.755906 -0.204724 -0.622047 
vn -0.204724 -0.606299 -0.771654 
vn -0.496063 -0.385827 -0.779528 
vn 0.204724 -0.606299 -0.771654 
vn 0.76378 -0.204724 -0.606299 
vn 0.511811 -0.385827 -0.771654 
vn -0.740157 -0.125984 -0.661417 
vn -0.92126 -0.377953 -0.0866142 
vn -0.204724 -0.606299 -0.771654 
vn -0.362205 -0.92126 -0.149606 
vn -0.795276 -0.503937 0.330709 
vn -0.645669 -0.76378 -0.015748 
vn 0.362205 -0.92126 -0.141732 
vn 0.645669 -0.76378 -0.00787402 
vn 0.795276 -0.503937 0.338583 
vn 0.755906 -0.133858 -0.645669 
vn 0.204724 -0.606299 -0.771654 
vn 0.92126 -0.385827 -0.0708661 
vn 0.937008 -0.188976 -0.291339 
vn 0.204724 -0.606299 -0.771654 
vn 0.755906 -0.133858 -0.645669 
vn -0.929134 -0.322835 0.15748 
vn -0.92126 -0.377953 -0.0866142 
vn -0.976378 -0.15748 -0.149606 
vn 0.92126 -0.385827 -0.0708661 
vn 0.92126 -0.338583 0.173228 
vn 0.976378 -0.165354 -0.141732 
vn 0.976378 -0.165354 -0.141732 
vn 0.755906 -0.133858 -0.645669 
vn 0.92126 -0.385827 -0.0708661 
vn 0.448819 -0.834646 0.322835 
vn 0.19685 -0.874016 0.440945 
vn -0.023622 -0.834646 0.543307 
vn -0.456693 -0.834646 0.314961 
vn 0.023622 -0.84252 0.543307 
vn -0.19685 -0.874016 0.440945 
vn -0.740157 -0.125984 -0.661417 
vn -0.976378 -0.15748 -0.149606 
vn -0.92126 -0.377953 -0.0866142 
vn -0.976378 -0.212598 0.0629921 
vn -0.976378 -0.15748 -0.149606 
vn -0.96063 -0.149606 -0.23622 
vn -0.937008 -0.181102 -0.307087 
vn -0.866142 -0.480315 0.141732 
vn 0.173228 -0.968504 -0.165354 
vn -0.708661 -0.700787 -0.00787402 
vn -0.173228 -0.968504 -0.165354 
vn 0.858268 -0.480315 0.15748 
vn 0.716535 -0.700787 0.00787402 
vn -0.818898 -0.330709 -0.472441 
vn -0.204724 -0.968504 -0.133858 
vn -0.212598 -0.952756 -0.228346 
vn 0 -1 0.0314961 
vn -0.0629921 -0.795276 0.598425 
vn -0.181102 -0.976378 0.0787402 
vn 0.0629921 -0.795276 0.606299 
vn 0 -1 0.0314961 
vn 0.181102 -0.976378 0.0787402 
vn -0.818898 -0.330709 -0.472441 
vn -0.212598 -0.952756 -0.228346 
vn -0.771654 -0.322835 -0.543307 
vn 0.818898 -0.338583 -0.464567 
vn 0.212598 -0.952756 -0.228346 
vn 0.204724 -0.968504 -0.133858 
vn 0.212598 -0.952756 -0.228346 
vn 0.779528 -0.330709 -0.535433 
vn 0.716535 -0.299213 -0.629921 
vn -0.976378 -0.212598 0.0629921 
vn -0.740157 -0.125984 -0.661417 
vn -0.937008 -0.204724 -0.291339 
vn 0.818898 -0.338583 -0.464567 
vn 0.779528 -0.330709 -0.535433 
vn 0.212598 -0.952756 -0.228346 
vn -0.937008 -0.204724 -0.291339 
vn -0.740157 -0.125984 -0.661417 
vn -0.96063 -0.149606 -0.23622 
vn 0.755906 -0.133858 -0.637795 
vn 0.968504 -0.220472 0.0866142 
vn 0.937008 -0.220472 -0.267717 
vn -0.637795 -0.677165 -0.370079 
vn -0.677165 -0.724409 0.141732 
vn -0.661417 -0.685039 -0.314961 
vn 0.692913 -0.724409 0.0393701 
vn 0.677165 -0.685039 -0.259843 
vn 0.724409 -0.677165 -0.133858 
vn 0.212598 -0.952756 -0.228346 
vn 0.716535 -0.299213 -0.629921 
vn 0.574803 -0.267717 -0.779528 
vn -0.677165 -0.677165 -0.275591 
vn -0.692913 -0.716535 0.023622 
vn -0.724409 -0.669291 -0.149606 
vn 0.96063 -0.15748 -0.212598 
vn 0.937008 -0.188976 -0.291339 
vn 0.755906 -0.133858 -0.645669 
vn 0.937008 -0.220472 -0.267717 
vn -0.740157 -0.125984 -0.661417 
vn -0.755906 -0.204724 -0.622047 
vn -0.937008 -0.181102 -0.307087 
vn -0.755906 -0.204724 -0.622047 
vn -0.937008 -0.251969 0.228346 
vn 0 -0.952756 0.314961 
vn 0.0472441 -0.755906 -0.653543 
vn -0.267717 0.173228 -0.944882 
vn -0.0472441 -0.755906 -0.653543 
vn 0 -0.952756 0.314961 
vn 0.267717 0.165354 -0.944882 
vn -0.692913 -0.716535 0.023622 
vn -0.661417 -0.685039 -0.314961 
vn -0.677165 -0.724409 0.141732 
vn 0.669291 -0.724409 0.149606 
vn 0.661417 -0.685039 -0.307087 
vn 0.692913 -0.724409 0.0393701 
vn 0.968504 -0.220472 0.0866142 
vn 0.755906 -0.133858 -0.637795 
vn 0.976378 -0.165354 -0.141732 
vn -0.661417 -0.685039 -0.314961 
vn -0.692913 -0.716535 0.023622 
vn -0.677165 -0.677165 -0.275591 
vn -0.212598 -0.952756 -0.228346 
vn -0.708661 -0.299213 -0.637795 
vn -0.771654 -0.322835 -0.543307 
vn -0.212598 -0.952756 -0.228346 
vn -0.566929 -0.259843 -0.779528 
vn -0.385827 -0.19685 -0.897638 
vn 0.669291 -0.724409 0.149606 
vn 0 -0.669291 -0.748031 
vn 0.661417 -0.685039 -0.307087 
vn -0.976378 -0.15748 -0.149606 
vn -0.771654 -0.590551 0.220472 
vn -0.929134 -0.322835 0.15748 
vn 0.76378 -0.598425 0.228346 
vn 0.976378 -0.165354 -0.141732 
vn 0.92126 -0.338583 0.173228 
vn 0 -1 0.0314961 
vn -0.251969 -0.84252 0.472441 
vn -0.0629921 -0.795276 0.598425 
vn 0.251969 -0.84252 0.480315 
vn 0 -1 0.0314961 
vn 0.0629921 -0.795276 0.606299 
vn 0.472441 -0.677165 0.566929 
vn 0 -0.952756 0.314961 
vn 0.251969 -0.84252 0.480315 
vn 0 -0.952756 0.314961 
vn -0.480315 -0.669291 0.559055 
vn -0.251969 -0.84252 0.472441 
vn -0.181102 -0.976378 0.0787402 
vn 0 -0.669291 -0.748031 
vn 0 -1 0.0314961 
vn 0.661417 -0.685039 -0.307087 
vn 0.637795 -0.677165 -0.354331 
vn -0.755906 -0.204724 -0.622047 
vn -0.645669 -0.76378 -0.015748 
vn -0.937008 -0.251969 0.228346 
vn 0.448819 -0.834646 0.322835 
vn 0.181102 -0.976378 0.0787402 
vn 0.559055 -0.787402 0.244094 
vn 0.92126 -0.385827 -0.0708661 
vn 0.905512 -0.362205 0.228346 
vn 0.92126 -0.338583 0.173228 
vn 0.76378 -0.204724 -0.606299 
vn 0.937008 -0.259843 0.244094 
vn 0.645669 -0.76378 -0.00787402 
vn 0.937008 -0.188976 -0.291339 
vn 0.937008 -0.259843 0.244094 
vn 0.76378 -0.204724 -0.606299 
vn -0.952756 -0.307087 -0.0393701 
vn -0.866142 -0.480315 0.141732 
vn -0.708661 -0.700787 -0.00787402 
vn -0.913386 -0.346457 0.212598 
vn -0.92126 -0.377953 -0.0866142 
vn -0.929134 -0.322835 0.15748 
vn -0.929134 -0.322835 0.15748 
vn -0.566929 -0.787402 0.23622 
vn 0.952756 -0.307087 -0.023622 
vn 0.716535 -0.700787 0.00787402 
vn 0.858268 -0.480315 0.15748 
vn -0.456693 -0.834646 0.314961 
vn -0.181102 -0.976378 0.0787402 
vn 0.023622 -0.84252 0.543307 
vn 0.181102 -0.976378 0.0787402 
vn 0.448819 -0.834646 0.322835 
vn -0.023622 -0.834646 0.543307 
vn 0.937008 -0.220472 -0.267717 
vn 0.944882 -0.19685 0.259843 
vn 0.96063 -0.15748 -0.212598 
vn 0.637795 -0.677165 -0.354331 
vn 0.251969 -0.677165 -0.692913 
vn 0.598425 -0.669291 -0.448819 
vn -0.598425 -0.661417 -0.456693 
vn -0.251969 -0.677165 -0.692913 
vn -0.637795 -0.677165 -0.370079 
vn 0 -0.425197 -0.905512 
vn -0.385827 -0.19685 -0.897638 
vn 0 -1 0.0472441 
vn 0.251969 -0.677165 -0.692913 
vn 0.637795 -0.677165 -0.354331 
vn 0 -0.669291 -0.748031 
vn 0 -1 0.0314961 
vn 0.181102 -0.976378 0.0787402 
vn 0 -0.669291 -0.748031 
vn 0.669291 -0.724409 0.149606 
vn 0.181102 -0.976378 0.0787402 
vn 0 -0.669291 -0.748031 
vn -0.637795 -0.677165 -0.370079 
vn -0.251969 -0.677165 -0.692913 
vn -0.952756 -0.307087 -0.0393701 
vn -0.708661 -0.700787 -0.00787402 
vn -0.779528 -0.559055 -0.283465 
vn 0.92126 -0.291339 -0.259843 
vn 0.787402 -0.551181 -0.267717 
vn 0.952756 -0.307087 -0.023622 
vn -0.637795 -0.677165 -0.370079 
vn 0 -0.669291 -0.748031 
vn -0.181102 -0.976378 0.0787402 
vn -0.779528 -0.559055 -0.283465 
vn -0.818898 -0.330709 -0.472441 
vn -0.834646 -0.330709 -0.440945 
vn -0.92126 -0.283465 -0.283465 
vn -0.952756 -0.307087 -0.0393701 
vn 0.952756 -0.307087 -0.023622 
vn 0.787402 -0.551181 -0.267717 
vn 0.716535 -0.700787 0.00787402 
vn -0.96063 -0.149606 -0.23622 
vn -0.937008 -0.181102 -0.307087 
vn -0.952756 -0.188976 0.244094 
vn -0.92126 -0.283465 -0.283465 
vn -0.779528 -0.559055 -0.283465 
vn -0.834646 -0.330709 -0.440945 
vn 0.559055 -0.787402 0.244094 
vn 0.92126 -0.338583 0.173228 
vn 0.905512 -0.362205 0.228346 
vn 0.96063 -0.15748 -0.212598 
vn 0.944882 -0.19685 0.259843 
vn 0.937008 -0.188976 -0.291339 
vn 0.511811 -0.645669 -0.566929 
vn 0.251969 -0.677165 -0.692913 
vn 0.362205 -0.653543 -0.669291 
vn -0.251969 -0.677165 -0.692913 
vn -0.511811 -0.645669 -0.574803 
vn -0.362205 -0.645669 -0.669291 
vn 0.212598 -0.952756 -0.228346 
vn 0.574803 -0.267717 -0.779528 
vn 0.385827 -0.204724 -0.897638 
vn 0 -1 0.0472441 
vn 0.212598 -0.952756 -0.228346 
vn 0 -0.425197 -0.905512 
vn 0 -1 0.0472441 
vn 0.385827 -0.204724 -0.897638 
vn 0.385827 -0.204724 -0.897638 
vn 0.283465 -0.188976 -0.937008 
vn 0.84252 -0.338583 -0.425197 
vn 0.787402 -0.551181 -0.267717 
vn 0.92126 -0.291339 -0.259843 
vn -0.937008 -0.251969 0.228346 
vn -0.952756 -0.188976 0.244094 
vn -0.937008 -0.181102 -0.307087 
vn 0.818898 -0.338583 -0.464567 
vn 0.787402 -0.551181 -0.267717 
vn 0.84252 -0.338583 -0.425197 
vn -0.283465 -0.188976 -0.944882 
vn 0 -0.425197 -0.905512 
vn 0 -0.173228 -0.984252 
vn -0.677165 -0.724409 0.141732 
vn -0.637795 -0.677165 -0.370079 
vn -0.181102 -0.976378 0.0787402 
vn 0.937008 -0.259843 0.244094 
vn 0.937008 -0.188976 -0.291339 
vn 0.944882 -0.19685 0.259843 
vn -0.212598 -0.952756 -0.228346 
vn 0 -1 0.0472441 
vn -0.385827 -0.19685 -0.897638 
vn 0.968504 -0.220472 0.0866142 
vn 0.944882 -0.19685 0.259843 
vn 0.937008 -0.220472 -0.267717 
vn 0.795276 -0.503937 0.338583 
vn 0.944882 -0.19685 0.259843 
vn 0.283465 -0.188976 -0.937008 
vn 0 -0.173228 -0.984252 
vn 0 -0.425197 -0.905512 
vn 0 -0.952756 0.314961 
vn 0 -1 0.0314961 
vn 0.251969 -0.84252 0.480315 
vn -0.283465 -0.188976 -0.944882 
vn -0.385827 -0.19685 -0.897638 
vn 0 -0.425197 -0.905512 
vn 0 -0.952756 0.314961 
vn -0.251969 -0.84252 0.472441 
vn 0 -1 0.0314961 
vn -0.677165 -0.724409 0.141732 
vn -0.181102 -0.976378 0.0787402 
vn -0.771654 -0.590551 0.220472 
vn -0.456693 -0.834646 0.314961 
vn -0.566929 -0.787402 0.23622 
vn -0.251969 -0.84252 0.472441 
vn 0.023622 -0.84252 0.543307 
vn -0.0629921 -0.795276 0.598425 
vn 0.251969 -0.84252 0.480315 
vn 0.0629921 -0.795276 0.606299 
vn -0.023622 -0.834646 0.543307 
vn -0.913386 -0.346457 0.212598 
vn -0.566929 -0.787402 0.23622 
vn -0.858268 -0.385827 0.322835 
vn 0.952756 -0.307087 -0.023622 
vn 0.669291 -0.724409 0.149606 
vn 0.692913 -0.724409 0.0393701 
vn 0.251969 -0.677165 -0.692913 
vn 0.511811 -0.645669 -0.566929 
vn 0.598425 -0.669291 -0.448819 
vn 0.559055 -0.787402 0.244094 
vn 0.905512 -0.362205 0.228346 
vn 0.850394 -0.401575 0.338583 
vn -0.677165 -0.724409 0.141732 
vn -0.952756 -0.307087 -0.0393701 
vn -0.692913 -0.716535 0.023622 
vn -0.511811 -0.645669 -0.574803 
vn -0.251969 -0.677165 -0.692913 
vn -0.598425 -0.661417 -0.456693 
vn 0.944882 -0.19685 0.259843 
vn 0.795276 -0.503937 0.338583 
vn 0.937008 -0.259843 0.244094 
vn -0.795276 -0.503937 0.330709 
vn -0.952756 -0.188976 0.244094 
vn -0.937008 -0.251969 0.228346 
vn -0.88189 -0.370079 0.291339 
vn -0.535433 -0.606299 -0.590551 
vn -0.913386 -0.346457 0.212598 
vn -0.858268 -0.385827 0.322835 
vn -0.88189 -0.370079 0.291339 
vn -0.692913 -0.716535 0.023622 
vn -0.92126 -0.283465 -0.283465 
vn -0.724409 -0.669291 -0.149606 
vn 0.724409 -0.677165 -0.133858 
vn 0.92126 -0.291339 -0.259843 
vn 0.692913 -0.724409 0.0393701 
vn 0.76378 -0.598425 0.228346 
vn 0.181102 -0.976378 0.0787402 
vn 0.669291 -0.724409 0.149606 
vn 0.795276 -0.503937 0.338583 
vn 0.76378 -0.598425 0.228346 
vn 0.858268 -0.480315 0.15748 
vn 0.669291 -0.724409 0.149606 
vn 0.858268 -0.480315 0.15748 
vn 0.76378 -0.598425 0.228346 
vn -0.866142 -0.480315 0.141732 
vn -0.771654 -0.590551 0.220472 
vn -0.795276 -0.503937 0.330709 
vn 0.850394 -0.401575 0.338583 
vn 0.905512 -0.362205 0.228346 
vn 0.874016 -0.377953 0.307087 
vn 0.976378 -0.165354 -0.141732 
vn 0.795276 -0.503937 0.338583 
vn 0.968504 -0.220472 0.0866142 
vn -0.771654 -0.590551 0.220472 
vn -0.866142 -0.480315 0.141732 
vn -0.677165 -0.724409 0.141732 
vn 0.92126 -0.338583 0.173228 
vn 0.559055 -0.787402 0.244094 
vn 0.76378 -0.598425 0.228346 
vn 0.795276 -0.503937 0.338583 
vn 0.976378 -0.165354 -0.141732 
vn 0.76378 -0.598425 0.228346 
vn -0.952756 -0.307087 -0.0393701 
vn -0.677165 -0.724409 0.141732 
vn -0.866142 -0.480315 0.141732 
vn -0.937008 -0.204724 -0.291339 
vn -0.96063 -0.149606 -0.23622 
vn -0.952756 -0.188976 0.244094 
vn -0.976378 -0.212598 0.0629921 
vn -0.937008 -0.204724 -0.291339 
vn -0.795276 -0.503937 0.330709 
vn -0.976378 -0.212598 0.0629921 
vn -0.976378 -0.15748 -0.149606 
vn -0.976378 -0.212598 0.0629921 
vn -0.795276 -0.503937 0.330709 
vn -0.771654 -0.590551 0.220472 
vn -0.771654 -0.590551 0.220472 
vn -0.566929 -0.787402 0.23622 
vn -0.929134 -0.322835 0.15748 
vn 0.669291 -0.724409 0.149606 
vn 0.952756 -0.307087 -0.023622 
vn 0.858268 -0.480315 0.15748 
vn -0.795276 -0.503937 0.330709 
vn -0.937008 -0.251969 0.228346 
vn -0.645669 -0.76378 -0.015748 
vn -0.92126 -0.377953 -0.0866142 
vn -0.913386 -0.346457 0.212598 
vn -0.535433 -0.606299 -0.590551 
vn 0.937008 -0.259843 0.244094 
vn 0.795276 -0.503937 0.338583 
vn 0.645669 -0.76378 -0.00787402 
vn -0.0629921 -0.795276 0.598425 
vn 0.023622 -0.84252 0.543307 
vn -0.181102 -0.976378 0.0787402 
vn 0.0629921 -0.795276 0.606299 
vn 0.181102 -0.976378 0.0787402 
vn -0.023622 -0.834646 0.543307 
vn 0.905512 -0.362205 0.228346 
vn 0.92126 -0.385827 -0.0708661 
vn 0.527559 -0.614173 -0.582677 
vn 0.527559 -0.614173 -0.582677 
vn 0.874016 -0.377953 0.307087 
vn 0.952756 -0.307087 -0.023622 
vn 0.692913 -0.724409 0.0393701 
vn 0.92126 -0.291339 -0.259843 
vn 0.0472441 -0.755906 -0.653543 
vn 0.874016 -0.377953 0.307087 
vn 0.527559 -0.614173 -0.582677 
vn -0.88189 -0.370079 0.291339 
vn -0.0472441 -0.755906 -0.653543 
vn -0.535433 -0.606299 -0.590551 
vn 0.692913 -0.724409 0.0393701 
vn 0.661417 -0.685039 -0.307087 
vn 0.677165 -0.685039 -0.259843 
vn 0.92126 -0.291339 -0.259843 
vn 0.84252 -0.338583 -0.425197 
vn 0.669291 -0.614173 0.417323 
vn 0.874016 -0.377953 0.307087 
vn 0.0472441 -0.755906 -0.653543 
vn -0.88189 -0.370079 0.291339 
vn -0.677165 -0.614173 0.409449 
vn -0.0472441 -0.755906 -0.653543 
vn -0.92126 -0.283465 -0.283465 
vn -0.692913 -0.716535 0.023622 
vn -0.952756 -0.307087 -0.0393701 
vn -0.677165 -0.677165 -0.275591 
vn -0.724409 -0.669291 -0.149606 
vn -0.677165 -0.677165 -0.275591 
vn -0.92126 -0.283465 -0.283465 
vn -0.834646 -0.330709 -0.440945 
vn 0.677165 -0.685039 -0.259843 
vn 0.92126 -0.291339 -0.259843 
vn 0.724409 -0.677165 -0.133858 
vn -0.834646 -0.330709 -0.440945 
vn -0.661417 -0.685039 -0.314961 
vn -0.677165 -0.677165 -0.275591 
vn -0.818898 -0.330709 -0.472441 
vn -0.637795 -0.677165 -0.370079 
vn -0.661417 -0.685039 -0.314961 
vn 0.661417 -0.685039 -0.307087 
vn 0.84252 -0.338583 -0.425197 
vn 0.677165 -0.685039 -0.259843 
vn 0.700787 -0.519685 0.488189 
vn 0.874016 -0.377953 0.307087 
vn 0.669291 -0.614173 0.417323 
vn -0.637795 -0.677165 -0.370079 
vn -0.708661 -0.291339 -0.637795 
vn -0.598425 -0.661417 -0.456693 
vn 0.637795 -0.677165 -0.354331 
vn 0.818898 -0.338583 -0.464567 
vn 0.661417 -0.685039 -0.307087 
vn 0.598425 -0.669291 -0.448819 
vn 0.716535 -0.299213 -0.629921 
vn -0.661417 -0.685039 -0.314961 
vn -0.834646 -0.330709 -0.440945 
vn -0.818898 -0.330709 -0.472441 
vn -0.677165 -0.614173 0.409449 
vn -0.88189 -0.370079 0.291339 
vn -0.708661 -0.511811 0.480315 
vn 0.0472441 -0.755906 -0.653543 
vn 0.472441 -0.677165 0.566929 
vn 0.669291 -0.614173 0.417323 
vn -0.480315 -0.669291 0.559055 
vn -0.0472441 -0.755906 -0.653543 
vn -0.677165 -0.614173 0.409449 
vn -0.637795 -0.677165 -0.370079 
vn -0.818898 -0.330709 -0.472441 
vn -0.771654 -0.322835 -0.543307 
vn 0.84252 -0.338583 -0.425197 
vn 0.661417 -0.685039 -0.307087 
vn 0.818898 -0.338583 -0.464567 
vn 0.874016 -0.377953 0.307087 
vn 0.700787 -0.519685 0.488189 
vn 0.850394 -0.401575 0.338583 
vn 0.637795 -0.677165 -0.354331 
vn 0.779528 -0.330709 -0.535433 
vn 0.818898 -0.338583 -0.464567 
vn -0.708661 -0.511811 0.480315 
vn -0.88189 -0.370079 0.291339 
vn -0.858268 -0.385827 0.322835 
vn 0.700787 -0.519685 0.488189 
vn 0.669291 -0.614173 0.417323 
vn 0.472441 -0.677165 0.566929 
vn 0.559055 -0.787402 0.244094 
vn 0.700787 -0.519685 0.488189 
vn 0.448819 -0.834646 0.322835 
vn 0.472441 -0.677165 0.566929 
vn 0.448819 -0.834646 0.322835 
vn 0.700787 -0.519685 0.488189 
vn -0.708661 -0.511811 0.488189 
vn -0.566929 -0.787402 0.23622 
vn -0.456693 -0.834646 0.314961 
vn -0.708661 -0.511811 0.480315 
vn -0.480315 -0.669291 0.559055 
vn -0.677165 -0.614173 0.409449 
vn -0.456693 -0.834646 0.314961 
vn -0.480315 -0.669291 0.559055 
vn -0.708661 -0.511811 0.480315 
vn -0.708661 -0.291339 -0.637795 
vn -0.637795 -0.677165 -0.370079 
vn -0.771654 -0.322835 -0.543307 
vn 0.700787 -0.519685 0.488189 
vn 0.559055 -0.787402 0.244094 
vn 0.850394 -0.401575 0.338583 
vn 0.779528 -0.330709 -0.535433 
vn 0.637795 -0.677165 -0.354331 
vn 0.716535 -0.299213 -0.629921 
vn -0.566929 -0.787402 0.23622 
vn -0.708661 -0.511811 0.488189 
vn -0.858268 -0.385827 0.322835 
vn -0.708661 -0.291339 -0.637795 
vn -0.511811 -0.645669 -0.574803 
vn -0.598425 -0.661417 -0.456693 
vn 0.472441 -0.677165 0.566929 
vn 0.0472441 -0.755906 -0.653543 
vn 0 -0.952756 0.314961 
vn -0.0472441 -0.755906 -0.653543 
vn -0.480315 -0.669291 0.559055 
vn 0 -0.952756 0.314961 
vn 0.511811 -0.645669 -0.566929 
vn 0.716535 -0.299213 -0.629921 
vn 0.598425 -0.669291 -0.448819 
vn 0.448819 -0.834646 0.322835 
vn 0.472441 -0.677165 0.566929 
vn 0.19685 -0.874016 0.440945 
vn -0.480315 -0.669291 0.559055 
vn -0.456693 -0.834646 0.314961 
vn -0.19685 -0.874016 0.440945 
vn -0.251969 -0.84252 0.472441 
vn -0.19685 -0.874016 0.440945 
vn 0.023622 -0.84252 0.543307 
vn 0 -0.952756 0.314961 
vn -0.00787402 -0.519685 -0.850394 
vn 0.267717 0.165354 -0.944882 
vn 0.19685 -0.874016 0.440945 
vn 0.251969 -0.84252 0.480315 
vn -0.023622 -0.834646 0.543307 
vn -0.00787402 -0.519685 -0.850394 
vn 0 -0.952756 0.314961 
vn -0.267717 0.173228 -0.944882 
vn 0.716535 -0.299213 -0.629921 
vn 0.511811 -0.645669 -0.566929 
vn 0.574803 -0.267717 -0.779528 
vn -0.511811 -0.645669 -0.574803 
vn -0.708661 -0.291339 -0.637795 
vn -0.566929 -0.259843 -0.779528 
vn -0.385827 -0.19685 -0.897638 
vn -0.511811 -0.645669 -0.574803 
vn -0.511811 -0.645669 -0.574803 
vn -0.385827 -0.19685 -0.897638 
vn -0.362205 -0.645669 -0.669291 
vn 0.251969 -0.84252 0.480315 
vn 0.19685 -0.874016 0.440945 
vn 0.472441 -0.677165 0.566929 
vn -0.19685 -0.874016 0.440945 
vn -0.251969 -0.84252 0.472441 
vn -0.480315 -0.669291 0.559055 
vn 0.385827 -0.204724 -0.897638 
vn 0.511811 -0.645669 -0.566929 
vn 0.362205 -0.653543 -0.669291 
vn 0.204724 -0.606299 -0.771654 
vn 0.527559 -0.614173 -0.582677 
vn 0.92126 -0.385827 -0.0708661 
vn -0.204724 -0.606299 -0.771654 
vn -0.92126 -0.377953 -0.0866142 
vn -0.535433 -0.606299 -0.590551 
vn 0.511811 -0.645669 -0.566929 
vn 0.385827 -0.204724 -0.897638 
vn 0.574803 -0.267717 -0.779528 
vn -0.362205 -0.645669 -0.669291 
vn -0.385827 -0.19685 -0.897638 
vn -0.283465 -0.188976 -0.944882 
vn -0.283465 -0.188976 -0.944882 
vn -0.251969 -0.677165 -0.692913 
vn -0.362205 -0.645669 -0.669291 
vn 0.385827 -0.204724 -0.897638 
vn 0.362205 -0.653543 -0.669291 
vn 0.283465 -0.188976 -0.944882 
vn 0.283465 -0.188976 -0.944882 
vn 0.362205 -0.653543 -0.669291 
vn 0.251969 -0.677165 -0.692913 
vn 0 -0.173228 -0.984252 
vn -0.251969 -0.677165 -0.692913 
vn -0.283465 -0.188976 -0.944882 
vn -0.251969 -0.677165 -0.692913 
vn 0 -0.173228 -0.984252 
vn 0 -0.669291 -0.748031 
vn 0.251969 -0.677165 -0.692913 
vn 0 -0.173228 -0.984252 
vn 0.283465 -0.188976 -0.937008 
vn 0 -0.173228 -0.984252 
vn 0.251969 -0.677165 -0.692913 
vn 0 -0.669291 -0.748031 

vt 0.933883 0.709599 
vt 0.923541 0.708772 
vt 0.929051 0.696564 
vt 0.891694 0.662004 
vt 0.89997 0.663643 
vt 0.897232 0.679256 
vt 0.933883 0.709599 
vt 0.929051 0.696564 
vt 0.938696 0.695116 
vt 0.929051 0.696564 
vt 0.923541 0.708772 
vt 0.918407 0.693096 
vt 0.89997 0.663643 
vt 0.906847 0.680106 
vt 0.897232 0.679256 
vt 0.933883 0.709599 
vt 0.938696 0.695116 
vt 0.952488 0.701202 
vt 0.891694 0.662004 
vt 0.886257 0.626466 
vt 0.895848 0.646592 
vt 0.952488 0.701202 
vt 0.960334 0.688485 
vt 0.960314 0.700087 
vt 0.886257 0.626466 
vt 0.882848 0.612766 
vt 0.888159 0.607 
vt 0.906847 0.680106 
vt 0.918407 0.693096 
vt 0.902793 0.719813 
vt 0.906847 0.680106 
vt 0.902793 0.719813 
vt 0.897232 0.679256 
vt 0.918407 0.693096 
vt 0.923541 0.708772 
vt 0.902793 0.719813 
vt 0.920421 0.660343 
vt 0.919582 0.673173 
vt 0.915158 0.668305 
vt 0.919582 0.673173 
vt 0.918407 0.693096 
vt 0.916409 0.679782 
vt 0.916409 0.679782 
vt 0.915158 0.668305 
vt 0.919582 0.673173 
vt 0.915158 0.668305 
vt 0.916409 0.679782 
vt 0.906847 0.680106 
vt 0.918407 0.693096 
vt 0.906847 0.680106 
vt 0.921833 0.655583 
vt 0.917791 0.654425 
vt 0.91947 0.651406 
vt 0.924382 0.661946 
vt 0.921833 0.655583 
vt 0.924905 0.657582 
vt 0.917791 0.654425 
vt 0.921833 0.655583 
vt 0.921332 0.657245 
vt 0.921833 0.655583 
vt 0.924382 0.661946 
vt 0.921332 0.657245 
vt 0.929051 0.696564 
vt 0.918407 0.693096 
vt 0.923777 0.672877 
vt 0.920421 0.660343 
vt 0.923777 0.672877 
vt 0.919582 0.673173 
vt 0.89997 0.663643 
vt 0.913194 0.660969 
vt 0.906847 0.680106 
vt 0.918407 0.693096 
vt 0.919582 0.673173 
vt 0.923777 0.672877 
vt 0.913194 0.660969 
vt 0.920421 0.660343 
vt 0.915158 0.668305 
vt 0.906847 0.680106 
vt 0.913194 0.660969 
vt 0.915158 0.668305 
vt 0.924382 0.661946 
vt 0.923777 0.672877 
vt 0.920421 0.660343 
vt 0.917791 0.654425 
vt 0.920421 0.660343 
vt 0.913194 0.660969 
vt 0.960314 0.700087 
vt 0.947661 0.715867 
vt 0.952488 0.701202 
vt 0.886257 0.626466 
vt 0.898137 0.616255 
vt 0.895848 0.646592 
vt 0.952488 0.701202 
vt 0.938696 0.695116 
vt 0.951224 0.676269 
vt 0.882848 0.612766 
vt 0.886257 0.626466 
vt 0.881912 0.642177 
vt 0.935229 0.610992 
vt 0.931976 0.597283 
vt 0.938268 0.58657 
vt 0.935229 0.610992 
vt 0.944667 0.593722 
vt 0.943014 0.609639 
vt 0.935229 0.610992 
vt 0.924428 0.613398 
vt 0.931976 0.597283 
vt 0.924428 0.613398 
vt 0.935229 0.610992 
vt 0.930106 0.628043 
vt 0.939548 0.630363 
vt 0.935229 0.610992 
vt 0.943014 0.609639 
vt 0.935229 0.610992 
vt 0.939548 0.630363 
vt 0.930106 0.628043 
vt 0.951224 0.676269 
vt 0.960334 0.688485 
vt 0.952488 0.701202 
vt 0.945335 0.577116 
vt 0.935229 0.610992 
vt 0.938268 0.58657 
vt 0.935229 0.610992 
vt 0.945335 0.577116 
vt 0.944667 0.593722 
vt 0.891694 0.662004 
vt 0.895848 0.646592 
vt 0.89997 0.663643 
vt 0.909845 0.643288 
vt 0.895848 0.646592 
vt 0.917791 0.654425 
vt 0.916506 0.64641 
vt 0.91947 0.651406 
vt 0.924382 0.661946 
vt 0.924905 0.657582 
vt 0.928636 0.660159 
vt 0.917841 0.635067 
vt 0.925286 0.644139 
vt 0.91947 0.651406 
vt 0.917841 0.635067 
vt 0.91947 0.651406 
vt 0.916506 0.64641 
vt 0.898137 0.616255 
vt 0.888159 0.607 
vt 0.900188 0.594915 
vt 0.927915 0.732536 
vt 0.902793 0.719813 
vt 0.923541 0.708772 
vt 0.927915 0.732536 
vt 0.923541 0.708772 
vt 0.933883 0.709599 
vt 0.925286 0.644139 
vt 0.924905 0.657582 
vt 0.921833 0.655583 
vt 0.925286 0.644139 
vt 0.933083 0.652279 
vt 0.884398 0.684011 
vt 0.897232 0.679256 
vt 0.902793 0.719813 
vt 0.884398 0.684011 
vt 0.891694 0.662004 
vt 0.897232 0.679256 
vt 0.933083 0.652279 
vt 0.928636 0.660159 
vt 0.924905 0.657582 
vt 0.925286 0.644139 
vt 0.921833 0.655583 
vt 0.91947 0.651406 
vt 0.960334 0.688485 
vt 0.951224 0.676269 
vt 0.959819 0.662195 
vt 0.925286 0.644139 
vt 0.917841 0.635067 
vt 0.921403 0.630721 
vt 0.921403 0.630721 
vt 0.930106 0.628043 
vt 0.925286 0.644139 
vt 0.930106 0.628043 
vt 0.921403 0.630721 
vt 0.924428 0.613398 
vt 0.920227 0.59244 
vt 0.931976 0.597283 
vt 0.924428 0.613398 
vt 0.924428 0.613398 
vt 0.921403 0.630721 
vt 0.917841 0.635067 
vt 0.933083 0.652279 
vt 0.925286 0.644139 
vt 0.933265 0.644108 
vt 0.930106 0.628043 
vt 0.933265 0.644108 
vt 0.930106 0.628043 
vt 0.939548 0.630363 
vt 0.924756 0.573669 
vt 0.931976 0.597283 
vt 0.920227 0.59244 
vt 0.951074 0.627122 
vt 0.939548 0.630363 
vt 0.943014 0.609639 
vt 0.939548 0.630363 
vt 0.933083 0.652279 
vt 0.933265 0.644108 
vt 0.943014 0.609639 
vt 0.957239 0.610216 
vt 0.951074 0.627122 
vt 0.947661 0.715867 
vt 0.933883 0.709599 
vt 0.952488 0.701202 
vt 0.95517 0.592143 
vt 0.956139 0.594742 
vt 0.955842 0.594506 
vt 0.986261 0.529511 
vt 0.987489 0.530737 
vt 0.987624 0.531306 
vt 0.89997 0.663643 
vt 0.909845 0.643288 
vt 0.913194 0.660969 
vt 0.929051 0.696564 
vt 0.923777 0.672877 
vt 0.933353 0.669886 
vt 0.881912 0.642177 
vt 0.886257 0.626466 
vt 0.891694 0.662004 
vt 0.929051 0.696564 
vt 0.933353 0.669886 
vt 0.938696 0.695116 
vt 0.916506 0.64641 
vt 0.913194 0.660969 
vt 0.909845 0.643288 
vt 0.931976 0.597283 
vt 0.924756 0.573669 
vt 0.938268 0.58657 
vt 0.888159 0.607 
vt 0.898137 0.616255 
vt 0.886257 0.626466 
vt 0.909845 0.643288 
vt 0.895848 0.646592 
vt 0.957239 0.610216 
vt 0.943014 0.609639 
vt 0.944667 0.593722 
vt 0.924756 0.573669 
vt 0.920227 0.59244 
vt 0.909801 0.57317 
vt 0.923777 0.672877 
vt 0.928636 0.660159 
vt 0.933353 0.669886 
vt 0.928636 0.660159 
vt 0.924382 0.661946 
vt 0.957239 0.610216 
vt 0.964771 0.635386 
vt 0.951074 0.627122 
vt 0.909801 0.57317 
vt 0.920227 0.59244 
vt 0.900188 0.594915 
vt 0.964771 0.635386 
vt 0.959819 0.662195 
vt 0.951074 0.627122 
vt 0.947661 0.715867 
vt 0.927915 0.732536 
vt 0.933883 0.709599 
vt 0.881912 0.642177 
vt 0.891694 0.662004 
vt 0.884398 0.684011 
vt 0.933353 0.669886 
vt 0.951224 0.676269 
vt 0.938696 0.695116 
vt 0.909845 0.643288 
vt 0.917841 0.635067 
vt 0.916506 0.64641 
vt 0.933353 0.669886 
vt 0.928636 0.660159 
vt 0.933083 0.652279 
vt 0.917841 0.635067 
vt 0.912228 0.620476 
vt 0.924428 0.613398 
vt 0.933083 0.652279 
vt 0.939548 0.630363 
vt 0.942429 0.654585 
vt 0.912228 0.620476 
vt 0.900188 0.594915 
vt 0.920227 0.59244 
vt 0.942429 0.654585 
vt 0.951074 0.627122 
vt 0.959819 0.662195 
vt 0.900188 0.594915 
vt 0.912228 0.620476 
vt 0.898137 0.616255 
vt 0.909845 0.643288 
vt 0.898137 0.616255 
vt 0.912228 0.620476 
vt 0.951224 0.676269 
vt 0.942429 0.654585 
vt 0.959819 0.662195 
vt 0.951224 0.676269 
vt 0.933353 0.669886 
vt 0.942429 0.654585 
vt 0.912228 0.620476 
vt 0.920227 0.59244 
vt 0.924428 0.613398 
vt 0.909845 0.643288 
vt 0.912228 0.620476 
vt 0.917841 0.635067 
vt 0.933353 0.669886 
vt 0.933083 0.652279 
vt 0.942429 0.654585 
vt 0.942429 0.654585 
vt 0.939548 0.630363 
vt 0.951074 0.627122 
vt 0.967777 0.68286 
vt 0.959819 0.662195 
vt 0.964771 0.635386 
vt 0.886878 0.591494 
vt 0.900188 0.594915 
vt 0.888159 0.607 
vt 0.909801 0.57317 
vt 0.900188 0.594915 
vt 0.98807 0.531173 
vt 0.987624 0.531306 
vt 0.987489 0.530737 
vt 0.956087 0.595631 
vt 0.955842 0.594506 
vt 0.956139 0.594742 
vt 0.967777 0.68286 
vt 0.960334 0.688485 
vt 0.959819 0.662195 
vt 0.953701 0.592713 
vt 0.955326 0.601248 
vt 0.948004 0.596784 
vt 0.990881 0.529516 
vt 0.986486 0.526675 
vt 0.988237 0.515625 
vt 0.95517 0.592143 
vt 0.955842 0.594506 
vt 0.953701 0.592713 
vt 0.986261 0.529511 
vt 0.986486 0.526675 
vt 0.987489 0.530737 
vt 0.956087 0.595631 
vt 0.956139 0.594742 
vt 0.956458 0.596097 
vt 0.988321 0.531875 
vt 0.987624 0.531306 
vt 0.98807 0.531173 
vt 0.882848 0.612766 
vt 0.886878 0.591494 
vt 0.888159 0.607 
vt 0.960314 0.700087 
vt 0.960334 0.688485 
vt 0.967777 0.68286 
vt 0.913194 0.660969 
vt 0.916506 0.64641 
vt 0.917791 0.654425 
vt 0.955326 0.601248 
vt 0.955842 0.594506 
vt 0.956087 0.595631 
vt 0.987489 0.530737 
vt 0.990881 0.529516 
vt 0.98807 0.531173 
vt 0.956087 0.595631 
vt 0.956458 0.596097 
vt 0.955326 0.601248 
vt 0.98807 0.531173 
vt 0.990881 0.529516 
vt 0.988321 0.531875 
vt 0.948004 0.596784 
vt 0.947658 0.57583 
vt 0.950226 0.580674 
vt 0.920421 0.660343 
vt 0.921332 0.657245 
vt 0.924382 0.661946 
vt 0.977472 0.515625 
vt 0.988237 0.515625 
vt 0.980112 0.520364 
vt 0.920421 0.660343 
vt 0.917791 0.654425 
vt 0.921332 0.657245 
vt 0.955326 0.601248 
vt 0.953701 0.592713 
vt 0.955842 0.594506 
vt 0.986486 0.526675 
vt 0.990881 0.529516 
vt 0.987489 0.530737 
vt 0.98024 0.564938 
vt 0.979565 0.576769 
vt 0.979879 0.560186 
vt 0.97077 0.578645 
vt 0.979269 0.577364 
vt 0.973216 0.579167 
vt 0.955326 0.601248 
vt 0.957408 0.59321 
vt 0.962268 0.590869 
vt 0.950226 0.580674 
vt 0.947658 0.57583 
vt 0.950906 0.575604 
vt 0.954913 0.564439 
vt 0.950906 0.575604 
vt 0.977532 0.521853 
vt 0.971986 0.529982 
vt 0.977472 0.515625 
vt 0.977472 0.515625 
vt 0.980112 0.520364 
vt 0.977532 0.521853 
vt 0.990881 0.529516 
vt 0.985234 0.541065 
vt 0.986892 0.533811 
vt 0.948004 0.596784 
vt 0.954729 0.581748 
vt 0.955354 0.585958 
vt 0.953701 0.592713 
vt 0.948004 0.596784 
vt 0.955354 0.585958 
vt 0.988237 0.515625 
vt 0.983065 0.530081 
vt 0.980855 0.529016 
vt 0.983065 0.530081 
vt 0.988237 0.515625 
vt 0.986486 0.526675 
vt 0.95517 0.592143 
vt 0.957408 0.59321 
vt 0.956139 0.594742 
vt 0.957408 0.59321 
vt 0.956458 0.596097 
vt 0.986892 0.533811 
vt 0.986261 0.529511 
vt 0.987624 0.531306 
vt 0.986892 0.533811 
vt 0.987624 0.531306 
vt 0.988321 0.531875 
vt 0.957408 0.59321 
vt 0.955326 0.601248 
vt 0.956458 0.596097 
vt 0.990881 0.529516 
vt 0.986892 0.533811 
vt 0.988321 0.531875 
vt 0.962268 0.590869 
vt 0.96361 0.596322 
vt 0.955326 0.601248 
vt 0.953701 0.592713 
vt 0.955354 0.585958 
vt 0.95517 0.592143 
vt 0.986486 0.526675 
vt 0.986261 0.529511 
vt 0.983065 0.530081 
vt 0.985857 0.543285 
vt 0.990881 0.529516 
vt 0.988671 0.54564 
vt 0.985234 0.541065 
vt 0.990881 0.529516 
vt 0.985857 0.543285 
vt 0.967874 0.58452 
vt 0.96361 0.596322 
vt 0.966911 0.585226 
vt 0.988671 0.54564 
vt 0.982799 0.554377 
vt 0.983128 0.5525 
vt 0.983128 0.5525 
vt 0.985857 0.543285 
vt 0.988671 0.54564 
vt 0.980736 0.568145 
vt 0.980995 0.572259 
vt 0.980045 0.575662 
vt 0.974872 0.580003 
vt 0.978715 0.578346 
vt 0.976985 0.580343 
vt 0.962268 0.590869 
vt 0.966911 0.585226 
vt 0.96361 0.596322 
vt 0.964299 0.586594 
vt 0.966911 0.585226 
vt 0.96212 0.589112 
vt 0.961096 0.589723 
vt 0.954729 0.581748 
vt 0.948004 0.596784 
vt 0.950226 0.580674 
vt 0.988237 0.515625 
vt 0.980855 0.529016 
vt 0.980112 0.520364 
vt 0.954913 0.564439 
vt 0.947658 0.57583 
vt 0.949995 0.553023 
vt 0.979637 0.577482 
vt 0.9789 0.578488 
vt 0.979269 0.577364 
vt 0.980129 0.576007 
vt 0.979637 0.577482 
vt 0.979565 0.576769 
vt 0.954913 0.564439 
vt 0.949995 0.553023 
vt 0.955319 0.559089 
vt 0.971986 0.529982 
vt 0.965876 0.520916 
vt 0.977472 0.515625 
vt 0.965876 0.520916 
vt 0.969254 0.530955 
vt 0.967424 0.532434 
vt 0.964299 0.586594 
vt 0.962268 0.590869 
vt 0.963253 0.588175 
vt 0.971986 0.529982 
vt 0.969254 0.530955 
vt 0.965876 0.520916 
vt 0.963253 0.588175 
vt 0.962268 0.590869 
vt 0.96212 0.589112 
vt 0.985857 0.543285 
vt 0.983734 0.547393 
vt 0.984511 0.545298 
vt 0.967503 0.563704 
vt 0.969657 0.575302 
vt 0.967581 0.565969 
vt 0.976718 0.556126 
vt 0.974338 0.554422 
vt 0.975497 0.554702 
vt 0.965876 0.520916 
vt 0.967424 0.532434 
vt 0.965533 0.53435 
vt 0.96759 0.568144 
vt 0.968563 0.572677 
vt 0.967776 0.570373 
vt 0.984954 0.543068 
vt 0.985234 0.541065 
vt 0.985857 0.543285 
vt 0.984511 0.545298 
vt 0.962268 0.590869 
vt 0.957408 0.59321 
vt 0.961096 0.589723 
vt 0.957408 0.59321 
vt 0.959282 0.589935 
vt 0.983799 0.58532 
vt 0.994141 0.574548 
vt 0.991243 0.592088 
vt 0.978642 0.605683 
vt 0.983799 0.58532 
vt 0.987527 0.599555 
vt 0.968563 0.572677 
vt 0.967581 0.565969 
vt 0.969657 0.575302 
vt 0.978113 0.558127 
vt 0.97322 0.554486 
vt 0.976718 0.556126 
vt 0.983734 0.547393 
vt 0.985857 0.543285 
vt 0.983128 0.5525 
vt 0.967581 0.565969 
vt 0.968563 0.572677 
vt 0.96759 0.568144 
vt 0.949995 0.553023 
vt 0.956015 0.555469 
vt 0.955319 0.559089 
vt 0.949995 0.553023 
vt 0.956935 0.551712 
vt 0.958546 0.546906 
vt 0.978113 0.558127 
vt 0.968846 0.557297 
vt 0.97322 0.554486 
vt 0.966911 0.585226 
vt 0.97077 0.578645 
vt 0.967874 0.58452 
vt 0.979879 0.560186 
vt 0.983128 0.5525 
vt 0.982799 0.554377 
vt 0.979637 0.577482 
vt 0.978549 0.580631 
vt 0.9789 0.578488 
vt 0.981213 0.575247 
vt 0.979637 0.577482 
vt 0.980129 0.576007 
vt 0.981446 0.572082 
vt 0.983799 0.58532 
vt 0.981213 0.575247 
vt 0.983799 0.58532 
vt 0.976914 0.58122 
vt 0.978549 0.580631 
vt 0.979269 0.577364 
vt 0.968846 0.557297 
vt 0.979637 0.577482 
vt 0.97322 0.554486 
vt 0.972057 0.554424 
vt 0.957408 0.59321 
vt 0.95517 0.592143 
vt 0.959282 0.589935 
vt 0.980736 0.568145 
vt 0.979565 0.576769 
vt 0.98024 0.564938 
vt 0.988671 0.54564 
vt 0.982841 0.556827 
vt 0.982799 0.554377 
vt 0.986892 0.533811 
vt 0.985274 0.537543 
vt 0.986261 0.529511 
vt 0.985234 0.541065 
vt 0.985274 0.537543 
vt 0.986892 0.533811 
vt 0.954924 0.576556 
vt 0.954729 0.581748 
vt 0.950226 0.580674 
vt 0.96914 0.584507 
vt 0.96361 0.596322 
vt 0.967874 0.58452 
vt 0.967874 0.58452 
vt 0.973216 0.579167 
vt 0.978187 0.529568 
vt 0.980112 0.520364 
vt 0.980855 0.529016 
vt 0.974872 0.580003 
vt 0.979269 0.577364 
vt 0.978715 0.578346 
vt 0.979565 0.576769 
vt 0.980736 0.568145 
vt 0.980045 0.575662 
vt 0.984511 0.545298 
vt 0.98456 0.542593 
vt 0.984954 0.543068 
vt 0.972057 0.554424 
vt 0.969144 0.556621 
vt 0.971197 0.5545 
vt 0.967504 0.56202 
vt 0.96851 0.557909 
vt 0.967503 0.563704 
vt 0.957915 0.536828 
vt 0.958546 0.546906 
vt 0.956491 0.534194 
vt 0.969144 0.556621 
vt 0.972057 0.554424 
vt 0.968846 0.557297 
vt 0.979637 0.577482 
vt 0.979565 0.576769 
vt 0.968846 0.557297 
vt 0.978113 0.558127 
vt 0.979565 0.576769 
vt 0.968846 0.557297 
vt 0.967503 0.563704 
vt 0.96851 0.557909 
vt 0.954924 0.576556 
vt 0.950226 0.580674 
vt 0.950906 0.575604 
vt 0.975864 0.530965 
vt 0.977532 0.521853 
vt 0.978187 0.529568 
vt 0.967503 0.563704 
vt 0.968846 0.557297 
vt 0.979269 0.577364 
vt 0.950906 0.575604 
vt 0.954913 0.564439 
vt 0.95511 0.568558 
vt 0.955564 0.57197 
vt 0.954924 0.576556 
vt 0.978187 0.529568 
vt 0.977532 0.521853 
vt 0.980112 0.520364 
vt 0.96212 0.589112 
vt 0.961096 0.589723 
vt 0.961862 0.588369 
vt 0.955564 0.57197 
vt 0.950906 0.575604 
vt 0.95511 0.568558 
vt 0.98024 0.564938 
vt 0.982799 0.554377 
vt 0.982841 0.556827 
vt 0.984954 0.543068 
vt 0.98456 0.542593 
vt 0.985234 0.541065 
vt 0.970401 0.554822 
vt 0.969144 0.556621 
vt 0.969705 0.55555 
vt 0.96851 0.557909 
vt 0.967641 0.560451 
vt 0.967979 0.559059 
vt 0.965876 0.520916 
vt 0.965533 0.53435 
vt 0.963131 0.537643 
vt 0.956491 0.534194 
vt 0.965876 0.520916 
vt 0.957915 0.536828 
vt 0.956491 0.534194 
vt 0.963131 0.537643 
vt 0.963131 0.537643 
vt 0.961717 0.540514 
vt 0.974102 0.530215 
vt 0.977532 0.521853 
vt 0.975864 0.530965 
vt 0.959282 0.589935 
vt 0.961862 0.588369 
vt 0.961096 0.589723 
vt 0.971986 0.529982 
vt 0.977532 0.521853 
vt 0.974102 0.530215 
vt 0.959973 0.544041 
vt 0.957915 0.536828 
vt 0.960983 0.54253 
vt 0.969657 0.575302 
vt 0.967503 0.563704 
vt 0.979269 0.577364 
vt 0.985274 0.537543 
vt 0.985234 0.541065 
vt 0.98456 0.542593 
vt 0.949995 0.553023 
vt 0.956491 0.534194 
vt 0.958546 0.546906 
vt 0.983734 0.547393 
vt 0.98456 0.542593 
vt 0.984511 0.545298 
vt 0.983065 0.530081 
vt 0.98456 0.542593 
vt 0.961717 0.540514 
vt 0.960983 0.54253 
vt 0.957915 0.536828 
vt 0.983799 0.58532 
vt 0.979637 0.577482 
vt 0.981213 0.575247 
vt 0.959973 0.544041 
vt 0.958546 0.546906 
vt 0.957915 0.536828 
vt 0.983799 0.58532 
vt 0.978549 0.580631 
vt 0.979637 0.577482 
vt 0.969657 0.575302 
vt 0.979269 0.577364 
vt 0.97077 0.578645 
vt 0.974872 0.580003 
vt 0.973216 0.579167 
vt 0.978549 0.580631 
vt 0.978715 0.578346 
vt 0.9789 0.578488 
vt 0.981213 0.575247 
vt 0.980129 0.576007 
vt 0.980045 0.575662 
vt 0.96914 0.584507 
vt 0.973216 0.579167 
vt 0.972654 0.582306 
vt 0.978187 0.529568 
vt 0.978113 0.558127 
vt 0.976718 0.556126 
vt 0.969144 0.556621 
vt 0.970401 0.554822 
vt 0.971197 0.5545 
vt 0.98024 0.564938 
vt 0.982841 0.556827 
vt 0.981844 0.563722 
vt 0.969657 0.575302 
vt 0.954924 0.576556 
vt 0.968563 0.572677 
vt 0.967641 0.560451 
vt 0.96851 0.557909 
vt 0.967504 0.56202 
vt 0.98456 0.542593 
vt 0.983065 0.530081 
vt 0.985274 0.537543 
vt 0.955354 0.585958 
vt 0.961862 0.588369 
vt 0.959282 0.589935 
vt 0.971811 0.584874 
vt 0.9696 0.605356 
vt 0.96914 0.584507 
vt 0.972654 0.582306 
vt 0.971811 0.584874 
vt 0.968563 0.572677 
vt 0.955564 0.57197 
vt 0.967776 0.570373 
vt 0.975497 0.554702 
vt 0.975864 0.530965 
vt 0.976718 0.556126 
vt 0.979879 0.560186 
vt 0.979565 0.576769 
vt 0.978113 0.558127 
vt 0.983065 0.530081 
vt 0.979879 0.560186 
vt 0.980855 0.529016 
vt 0.978113 0.558127 
vt 0.980855 0.529016 
vt 0.979879 0.560186 
vt 0.954729 0.581748 
vt 0.97077 0.578645 
vt 0.955354 0.585958 
vt 0.981844 0.563722 
vt 0.982841 0.556827 
vt 0.983138 0.561993 
vt 0.983128 0.5525 
vt 0.983065 0.530081 
vt 0.983734 0.547393 
vt 0.97077 0.578645 
vt 0.954729 0.581748 
vt 0.969657 0.575302 
vt 0.982799 0.554377 
vt 0.98024 0.564938 
vt 0.979879 0.560186 
vt 0.983065 0.530081 
vt 0.983128 0.5525 
vt 0.979879 0.560186 
vt 0.954924 0.576556 
vt 0.969657 0.575302 
vt 0.954729 0.581748 
vt 0.963253 0.588175 
vt 0.96212 0.589112 
vt 0.961862 0.588369 
vt 0.964299 0.586594 
vt 0.963253 0.588175 
vt 0.955354 0.585958 
vt 0.964299 0.586594 
vt 0.966911 0.585226 
vt 0.964299 0.586594 
vt 0.955354 0.585958 
vt 0.97077 0.578645 
vt 0.97077 0.578645 
vt 0.973216 0.579167 
vt 0.967874 0.58452 
vt 0.978113 0.558127 
vt 0.978187 0.529568 
vt 0.980855 0.529016 
vt 0.955354 0.585958 
vt 0.959282 0.589935 
vt 0.95517 0.592143 
vt 0.96361 0.596322 
vt 0.96914 0.584507 
vt 0.9696 0.605356 
vt 0.985274 0.537543 
vt 0.983065 0.530081 
vt 0.986261 0.529511 
vt 0.9789 0.578488 
vt 0.978715 0.578346 
vt 0.979269 0.577364 
vt 0.980129 0.576007 
vt 0.979565 0.576769 
vt 0.980045 0.575662 
vt 0.982841 0.556827 
vt 0.988671 0.54564 
vt 0.993616 0.55695 
vt 0.993616 0.55695 
vt 0.983138 0.561993 
vt 0.978187 0.529568 
vt 0.976718 0.556126 
vt 0.975864 0.530965 
vt 0.994141 0.574548 
vt 0.983138 0.561993 
vt 0.993616 0.55695 
vt 0.971811 0.584874 
vt 0.978642 0.605683 
vt 0.9696 0.605356 
vt 0.976718 0.556126 
vt 0.97322 0.554486 
vt 0.974338 0.554422 
vt 0.975864 0.530965 
vt 0.974102 0.530215 
vt 0.983026 0.569707 
vt 0.983138 0.561993 
vt 0.994141 0.574548 
vt 0.971811 0.584874 
vt 0.975767 0.584362 
vt 0.978642 0.605683 
vt 0.955564 0.57197 
vt 0.968563 0.572677 
vt 0.954924 0.576556 
vt 0.96759 0.568144 
vt 0.967776 0.570373 
vt 0.96759 0.568144 
vt 0.955564 0.57197 
vt 0.95511 0.568558 
vt 0.974338 0.554422 
vt 0.975864 0.530965 
vt 0.975497 0.554702 
vt 0.95511 0.568558 
vt 0.967581 0.565969 
vt 0.96759 0.568144 
vt 0.954913 0.564439 
vt 0.967503 0.563704 
vt 0.967581 0.565969 
vt 0.97322 0.554486 
vt 0.974102 0.530215 
vt 0.974338 0.554422 
vt 0.981943 0.567048 
vt 0.983138 0.561993 
vt 0.983026 0.569707 
vt 0.967503 0.563704 
vt 0.956015 0.555469 
vt 0.967504 0.56202 
vt 0.972057 0.554424 
vt 0.971986 0.529982 
vt 0.97322 0.554486 
vt 0.971197 0.5545 
vt 0.967424 0.532434 
vt 0.967581 0.565969 
vt 0.95511 0.568558 
vt 0.954913 0.564439 
vt 0.975767 0.584362 
vt 0.971811 0.584874 
vt 0.974361 0.582371 
vt 0.994141 0.574548 
vt 0.981446 0.572082 
vt 0.983026 0.569707 
vt 0.976914 0.58122 
vt 0.978642 0.605683 
vt 0.975767 0.584362 
vt 0.967503 0.563704 
vt 0.954913 0.564439 
vt 0.955319 0.559089 
vt 0.974102 0.530215 
vt 0.97322 0.554486 
vt 0.971986 0.529982 
vt 0.983138 0.561993 
vt 0.981943 0.567048 
vt 0.981844 0.563722 
vt 0.972057 0.554424 
vt 0.969254 0.530955 
vt 0.971986 0.529982 
vt 0.974361 0.582371 
vt 0.971811 0.584874 
vt 0.972654 0.582306 
vt 0.981943 0.567048 
vt 0.983026 0.569707 
vt 0.981446 0.572082 
vt 0.98024 0.564938 
vt 0.981943 0.567048 
vt 0.980736 0.568145 
vt 0.981446 0.572082 
vt 0.980736 0.568145 
vt 0.981943 0.567048 
vt 0.974361 0.582371 
vt 0.973216 0.579167 
vt 0.974872 0.580003 
vt 0.974361 0.582371 
vt 0.976914 0.58122 
vt 0.975767 0.584362 
vt 0.974872 0.580003 
vt 0.976914 0.58122 
vt 0.974361 0.582371 
vt 0.956015 0.555469 
vt 0.967503 0.563704 
vt 0.955319 0.559089 
vt 0.981943 0.567048 
vt 0.98024 0.564938 
vt 0.981844 0.563722 
vt 0.969254 0.530955 
vt 0.972057 0.554424 
vt 0.967424 0.532434 
vt 0.973216 0.579167 
vt 0.974361 0.582371 
vt 0.972654 0.582306 
vt 0.956015 0.555469 
vt 0.967641 0.560451 
vt 0.967504 0.56202 
vt 0.981446 0.572082 
vt 0.994141 0.574548 
vt 0.983799 0.58532 
vt 0.978642 0.605683 
vt 0.976914 0.58122 
vt 0.983799 0.58532 
vt 0.970401 0.554822 
vt 0.967424 0.532434 
vt 0.971197 0.5545 
vt 0.980736 0.568145 
vt 0.981446 0.572082 
vt 0.980995 0.572259 
vt 0.976914 0.58122 
vt 0.974872 0.580003 
vt 0.976985 0.580343 
vt 0.978549 0.580631 
vt 0.976985 0.580343 
vt 0.978715 0.578346 
vt 0.983799 0.58532 
vt 0.993033 0.602626 
vt 0.987527 0.599555 
vt 0.980995 0.572259 
vt 0.981213 0.575247 
vt 0.980045 0.575662 
vt 0.993033 0.602626 
vt 0.983799 0.58532 
vt 0.991243 0.592088 
vt 0.967424 0.532434 
vt 0.970401 0.554822 
vt 0.965533 0.53435 
vt 0.967641 0.560451 
vt 0.956015 0.555469 
vt 0.956935 0.551712 
vt 0.958546 0.546906 
vt 0.967641 0.560451 
vt 0.967641 0.560451 
vt 0.958546 0.546906 
vt 0.967979 0.559059 
vt 0.981213 0.575247 
vt 0.980995 0.572259 
vt 0.981446 0.572082 
vt 0.976985 0.580343 
vt 0.978549 0.580631 
vt 0.976914 0.58122 
vt 0.963131 0.537643 
vt 0.970401 0.554822 
vt 0.969705 0.55555 
vt 0.990881 0.529516 
vt 0.993616 0.55695 
vt 0.988671 0.54564 
vt 0.955326 0.601248 
vt 0.96361 0.596322 
vt 0.9696 0.605356 
vt 0.970401 0.554822 
vt 0.963131 0.537643 
vt 0.965533 0.53435 
vt 0.967979 0.559059 
vt 0.958546 0.546906 
vt 0.959973 0.544041 
vt 0.959973 0.544041 
vt 0.96851 0.557909 
vt 0.967979 0.559059 
vt 0.963131 0.537643 
vt 0.969705 0.55555 
vt 0.961717 0.540514 
vt 0.961717 0.540514 
vt 0.969705 0.55555 
vt 0.969144 0.556621 
vt 0.960983 0.54253 
vt 0.96851 0.557909 
vt 0.959973 0.544041 
vt 0.96851 0.557909 
vt 0.960983 0.54253 
vt 0.968846 0.557297 
vt 0.969144 0.556621 
vt 0.960983 0.54253 
vt 0.961717 0.540514 
vt 0.960983 0.54253 
vt 0.969144 0.556621 
vt 0.968846 0.557297 

usemtl Handle1Mtl

f 1/1/1 2/2/2 3/3/3 
f 4/4/4 5/5/5 6/6/6 
f 7/7/7 8/8/8 9/9/9 
f 10/10/10 11/11/11 12/12/12 
f 13/13/13 14/14/14 15/15/15 
f 16/16/16 17/17/17 18/18/18 
f 19/19/19 20/20/20 21/21/21 
f 22/22/22 23/23/23 24/24/24 
f 25/25/25 26/26/26 27/27/27 
f 28/28/28 29/29/29 30/30/30 
f 31/31/31 32/32/32 33/33/33 
f 34/34/34 35/35/35 36/36/36 
f 37/37/37 38/38/38 39/39/39 
f 40/40/40 41/41/41 42/42/42 
f 43/43/43 44/44/44 45/45/45 
f 46/46/46 47/47/47 48/48/48 
f 49/49/49 50/50/50 47/47/47 
f 51/51/51 52/52/52 53/53/53 
f 54/54/54 55/55/55 56/56/56 
f 57/57/57 58/58/58 59/59/59 
f 60/60/60 61/61/61 62/62/62 
f 63/63/63 64/64/64 65/65/65 
f 66/66/66 67/67/67 68/68/68 
f 69/69/69 70/70/70 71/71/71 
f 72/72/72 73/73/73 74/74/74 
f 75/75/75 76/76/76 77/77/77 
f 78/78/78 79/79/79 80/80/80 
f 81/81/81 82/82/82 83/83/83 
f 84/84/84 85/85/85 86/86/86 
f 87/87/87 88/88/88 89/89/89 
f 90/90/90 91/91/91 92/92/92 
f 93/93/93 94/94/94 95/95/95 
f 96/96/96 97/97/97 98/98/98 
f 99/99/99 100/100/100 101/101/101 
f 102/102/102 103/103/103 104/104/104 
f 105/105/105 106/106/106 107/107/107 
f 108/108/108 109/109/109 110/110/110 
f 111/111/111 112/112/112 113/113/113 
f 114/114/114 115/115/115 116/116/116 
f 117/117/117 118/118/118 119/119/119 
f 120/120/120 121/121/121 122/122/122 
f 123/123/123 124/124/124 125/125/125 
f 126/126/126 127/127/127 128/128/128 
f 129/129/129 128/128/128 130/130/130 
f 131/131/131 132/132/132 133/133/133 
f 134/134/134 135/135/135 136/136/136 
f 137/137/137 138/138/138 139/139/139 
f 140/140/140 141/141/141 142/142/142 
f 143/143/143 144/144/144 145/145/145 
f 146/146/146 147/147/147 148/148/148 
f 149/149/149 150/150/150 151/151/151 
f 152/152/152 153/153/153 154/154/154 
f 155/155/155 156/156/156 153/153/153 
f 157/157/157 158/158/158 159/159/159 
f 160/160/160 161/161/161 162/162/162 
f 163/163/163 164/164/164 165/165/165 
f 166/166/166 167/167/167 168/168/168 
f 169/169/169 170/170/170 171/171/171 
f 172/172/172 173/173/173 174/174/174 
f 175/175/175 176/176/176 177/177/177 
f 178/178/178 179/179/179 180/180/180 
f 181/181/181 182/182/182 183/183/183 
f 184/184/184 185/185/185 186/186/186 
f 187/187/187 188/188/188 189/189/189 
f 189/189/189 188/188/188 190/190/190 
f 191/191/191 192/192/192 193/193/193 
f 194/194/194 195/195/195 196/196/196 
f 197/197/197 198/198/198 199/199/199 
f 200/200/200 201/201/201 202/202/202 
f 203/203/203 204/204/204 205/205/205 
f 206/206/206 207/207/207 208/208/208 
f 209/209/209 210/210/210 211/211/211 
f 212/212/212 213/213/213 214/214/214 
f 215/215/215 216/216/216 217/217/217 
f 218/218/218 219/219/219 220/220/220 
f 221/221/221 222/222/222 223/223/223 
f 224/224/224 225/225/225 226/226/226 
f 227/227/227 228/228/228 229/229/229 
f 230/230/230 231/231/231 232/232/232 
f 233/233/233 234/234/234 235/235/235 
f 236/236/236 237/237/237 234/234/234 
f 238/238/238 239/239/239 240/240/240 
f 241/241/241 242/242/242 243/243/243 
f 244/244/244 245/245/245 246/246/246 
f 247/247/247 244/244/244 248/248/248 
f 249/249/249 250/250/250 251/251/251 
f 252/252/252 253/253/253 254/254/254 
f 255/255/255 256/256/256 257/257/257 
f 258/258/258 259/259/259 260/260/260 
f 261/261/261 262/262/262 263/263/263 
f 264/264/264 265/265/265 266/266/266 
f 267/267/267 268/268/268 269/269/269 
f 270/270/270 271/271/271 272/272/272 
f 273/273/273 274/274/274 275/275/275 
f 276/276/276 277/277/277 278/278/278 
f 279/279/279 280/280/280 281/281/281 
f 282/282/282 283/283/283 284/284/284 
f 285/285/285 286/286/286 287/287/287 
f 288/288/288 289/289/289 290/290/290 
f 291/291/291 292/292/292 293/293/293 
f 294/294/294 295/295/295 296/296/296 
f 297/297/297 298/298/298 299/299/299 
f 300/300/300 301/301/301 302/302/302 
f 303/303/303 304/304/304 305/305/305 
f 306/306/306 307/307/307 308/308/308 
f 309/309/309 310/310/310 311/311/311 
f 312/312/312 313/313/313 314/314/314 
f 312/312/312 315/315/315 316/316/316 
f 317/317/317 318/318/318 319/319/319 
f 320/320/320 321/321/321 322/322/322 
f 323/323/323 324/324/324 325/325/325 
f 326/326/326 327/327/327 328/328/328 
f 329/329/329 330/330/330 331/331/331 
f 332/332/332 333/333/333 334/334/334 
f 335/335/335 336/336/336 337/337/337 
f 338/338/338 339/339/339 340/340/340 
f 341/341/341 342/342/342 343/343/343 
f 344/344/344 345/345/345 346/346/346 
f 347/347/347 348/348/348 349/349/349 
f 350/350/350 351/351/351 352/352/352 
f 353/353/353 354/354/354 355/355/355 
f 356/356/356 357/357/357 358/358/358 
f 359/359/359 360/360/360 361/361/361 
f 362/362/362 363/363/363 364/364/364 
f 365/365/365 366/366/366 367/367/367 
f 368/368/368 369/369/369 370/370/370 
f 371/371/371 372/372/372 373/373/373 
f 374/374/374 375/375/375 376/376/376 
f 377/377/377 378/378/378 379/379/379 
f 380/380/380 381/381/381 382/382/382 
f 383/383/383 384/384/384 385/385/385 
f 386/386/386 387/387/387 388/388/388 
f 389/389/389 390/390/390 391/391/391 
f 392/392/392 393/393/393 394/394/394 
f 395/395/395 396/396/396 393/393/393 
f 397/397/397 398/398/398 399/399/399 
f 400/400/400 401/401/401 402/402/402 
f 403/403/403 404/404/404 405/405/405 
f 406/406/406 407/407/407 408/408/408 
f 409/409/409 410/410/410 411/411/411 
f 412/412/412 413/413/413 414/414/414 
f 415/415/415 416/416/416 417/417/417 
f 418/418/418 419/419/419 420/420/420 
f 420/420/420 421/421/421 422/422/422 
f 423/423/423 424/424/424 425/425/425 
f 426/426/426 427/427/427 428/428/428 
f 429/429/429 430/430/430 431/431/431 
f 432/432/432 433/433/433 434/434/434 
f 435/435/435 436/436/436 437/437/437 
f 438/438/438 439/439/439 440/440/440 
f 441/441/441 442/442/442 443/443/443 
f 444/444/444 445/445/445 446/446/446 
f 447/447/447 448/448/448 449/449/449 
f 450/450/450 451/451/451 452/452/452 
f 453/453/453 454/454/454 455/455/455 
f 456/456/456 457/457/457 458/458/458 
f 459/459/459 460/460/460 461/461/461 
f 462/462/462 463/463/463 464/464/464 
f 465/465/465 466/466/466 467/467/467 
f 465/465/465 468/468/468 469/469/469 
f 470/470/470 465/465/465 471/471/471 
f 472/472/472 473/473/473 474/474/474 
f 475/475/475 476/476/476 477/477/477 
f 478/478/478 479/479/479 480/480/480 
f 481/481/481 482/482/482 483/483/483 
f 484/484/484 485/485/485 486/486/486 
f 487/487/487 488/488/488 489/489/489 
f 490/490/490 491/491/491 492/492/492 
f 493/493/493 494/494/494 495/495/495 
f 496/496/496 497/497/497 498/498/498 
f 499/499/499 500/500/500 501/501/501 
f 502/502/502 503/503/503 504/504/504 
f 505/505/505 506/506/506 507/507/507 
f 508/508/508 509/509/509 510/510/510 
f 511/511/511 512/512/512 513/513/513 
f 514/514/514 515/515/515 516/516/516 
f 517/517/517 518/518/518 519/519/519 
f 520/520/520 521/521/521 522/522/522 
f 523/523/523 520/520/520 522/522/522 
f 524/524/524 525/525/525 526/526/526 
f 526/526/526 527/527/527 528/528/528 
f 529/529/529 530/530/530 531/531/531 
f 532/532/532 533/533/533 534/534/534 
f 535/535/535 536/536/536 537/537/537 
f 538/538/538 539/539/539 540/540/540 
f 541/541/541 542/542/542 543/543/543 
f 544/544/544 545/545/545 546/546/546 
f 547/547/547 548/548/548 549/549/549 
f 548/548/548 550/550/550 551/551/551 
f 547/547/547 552/552/552 551/551/551 
f 553/553/553 554/554/554 555/555/555 
f 556/556/556 557/557/557 558/558/558 
f 559/559/559 560/560/560 561/561/561 
f 562/562/562 563/563/563 564/564/564 
f 565/565/565 566/566/566 567/567/567 
f 568/568/568 569/569/569 570/570/570 
f 571/571/571 572/572/572 573/573/573 
f 574/574/574 575/575/575 576/576/576 
f 577/577/577 575/575/575 578/578/578 
f 579/579/579 580/580/580 581/581/581 
f 582/582/582 583/583/583 584/584/584 
f 585/585/585 586/586/586 587/587/587 
f 588/588/588 589/589/589 590/590/590 
f 591/591/591 592/592/592 593/593/593 
f 594/594/594 595/595/595 596/596/596 
f 597/597/597 598/598/598 599/599/599 
f 600/600/600 601/601/601 597/597/597 
f 602/602/602 603/603/603 604/604/604 
f 605/605/605 606/606/606 607/607/607 
f 608/608/608 609/609/609 610/610/610 
f 611/611/611 612/612/612 613/613/613 
f 614/614/614 615/615/615 616/616/616 
f 617/617/617 618/618/618 619/619/619 
f 620/620/620 621/621/621 622/622/622 
f 623/623/623 624/624/624 625/625/625 
f 626/626/626 625/625/625 627/627/627 
f 628/628/628 629/629/629 630/630/630 
f 631/631/631 632/632/632 633/633/633 
f 634/634/634 635/635/635 636/636/636 
f 637/637/637 638/638/638 639/639/639 
f 640/640/640 641/641/641 642/642/642 
f 643/643/643 644/644/644 645/645/645 
f 646/646/646 647/647/647 643/643/643 
f 648/648/648 649/649/649 650/650/650 
f 651/651/651 652/652/652 653/653/653 
f 654/654/654 655/655/655 656/656/656 
f 657/657/657 658/658/658 659/659/659 
f 660/660/660 661/661/661 662/662/662 
f 663/663/663 664/664/664 665/665/665 
f 666/666/666 667/667/667 668/668/668 
f 669/669/669 670/670/670 671/671/671 
f 671/671/671 672/672/672 673/673/673 
f 674/674/674 675/675/675 676/676/676 
f 677/677/677 678/678/678 674/674/674 
f 679/679/679 680/680/680 681/681/681 
f 682/682/682 683/683/683 684/684/684 
f 685/685/685 686/686/686 687/687/687 
f 688/688/688 689/689/689 690/690/690 
f 691/691/691 692/692/692 693/693/693 
f 694/694/694 695/695/695 696/696/696 
f 697/697/697 698/698/698 699/699/699 
f 700/700/700 701/701/701 702/702/702 
f 703/703/703 704/704/704 700/700/700 
f 705/705/705 706/706/706 707/707/707 
f 708/708/708 709/709/709 710/710/710 
f 711/711/711 712/712/712 713/713/713 
f 714/714/714 715/715/715 716/716/716 
f 717/717/717 718/718/718 719/719/719 
f 718/718/718 720/720/720 721/721/721 
f 722/722/722 723/723/723 724/724/724 
f 725/725/725 726/726/726 727/727/727 
f 728/728/728 729/729/729 730/730/730 
f 731/731/731 732/732/732 733/733/733 
f 734/734/734 735/735/735 736/736/736 
f 737/737/737 738/738/738 739/739/739 
f 740/740/740 741/741/741 742/742/742 
f 743/743/743 744/744/744 745/745/745 
f 746/746/746 747/747/747 748/748/748 
f 749/749/749 750/750/750 751/751/751 
f 752/752/752 753/753/753 754/754/754 
f 755/755/755 756/756/756 754/754/754 
f 757/757/757 758/758/758 759/759/759 
f 760/760/760 761/761/761 762/762/762 
f 763/763/763 764/764/764 765/765/765 
f 766/766/766 767/767/767 768/768/768 
f 769/769/769 770/770/770 771/771/771 
f 772/772/772 773/773/773 774/774/774 
f 775/775/775 776/776/776 777/777/777 
f 778/778/778 779/779/779 780/780/780 
f 781/781/781 782/782/782 783/783/783 
f 784/784/784 785/785/785 786/786/786 
f 787/787/787 788/788/788 789/789/789 
f 790/790/790 791/791/791 792/792/792 
f 793/793/793 794/794/794 795/795/795 
f 796/796/796 797/797/797 795/795/795 
f 798/798/798 799/799/799 795/795/795 
f 798/798/798 800/800/800 801/801/801 
f 802/802/802 803/803/803 800/800/800 
f 804/804/804 805/805/805 806/806/806 
f 807/807/807 808/808/808 809/809/809 
f 810/810/810 811/811/811 812/812/812 
f 813/813/813 814/814/814 815/815/815 
f 816/816/816 817/817/817 818/818/818 
f 819/819/819 820/820/820 821/821/821 
f 822/822/822 823/823/823 824/824/824 
f 825/825/825 826/826/826 827/827/827 
f 825/825/825 828/828/828 829/829/829 
f 830/830/830 831/831/831 832/832/832 
f 833/833/833 834/834/834 835/835/835 
f 836/836/836 837/837/837 838/838/838 
f 839/839/839 840/840/840 841/841/841 
f 842/842/842 841/841/841 843/843/843 
f 844/844/844 845/845/845 846/846/846 
f 847/847/847 848/848/848 849/849/849 
f 850/850/850 851/851/851 852/852/852 
f 850/850/850 853/853/853 854/854/854 
f 855/855/855 856/856/856 857/857/857 
f 858/858/858 859/859/859 860/860/860 
f 861/861/861 862/862/862 863/863/863 
f 864/864/864 865/865/865 866/866/866 
f 867/867/867 868/868/868 869/869/869 
f 870/870/870 871/871/871 872/872/872 
f 873/873/873 874/874/874 875/875/875 
f 876/876/876 877/877/877 878/878/878 
f 879/879/879 880/880/880 876/876/876 
f 881/881/881 882/882/882 883/883/883 
f 884/884/884 885/885/885 886/886/886 
f 887/887/887 888/888/888 889/889/889 
f 890/890/890 891/891/891 892/892/892 
f 893/893/893 894/894/894 895/895/895 
f 896/896/896 897/897/897 898/898/898 
f 899/899/899 900/900/900 901/901/901 
f 902/902/902 903/903/903 904/904/904 
f 905/905/905 906/906/906 907/907/907 
f 908/908/908 909/909/909 910/910/910 
f 911/911/911 912/912/912 913/913/913 
f 914/914/914 915/915/915 916/916/916 
f 917/917/917 918/918/918 919/919/919 
f 920/920/920 921/921/921 922/922/922 
f 923/923/923 924/924/924 925/925/925 
f 926/926/926 927/927/927 928/928/928 
f 929/929/929 930/930/930 931/931/931 
f 932/932/932 933/933/933 934/934/934 
f 935/935/935 936/936/936 937/937/937 
f 938/938/938 939/939/939 940/940/940 
f 941/941/941 942/942/942 943/943/943 
f 944/944/944 945/945/945 946/946/946 
f 947/947/947 948/948/948 949/949/949 
f 950/950/950 951/951/951 952/952/952 
f 953/953/953 954/954/954 955/955/955 
f 956/956/956 957/957/957 958/958/958 
f 959/959/959 960/960/960 961/961/961 
f 962/962/962 963/963/963 964/964/964 
f 965/965/965 966/966/966 967/967/967 
f 968/968/968 969/969/969 970/970/970 
f 971/971/971 972/972/972 973/973/973 
f 974/974/974 975/975/975 973/973/973 
f 976/976/976 977/977/977 978/978/978 
f 979/979/979 980/980/980 981/981/981 
f 982/982/982 983/983/983 984/984/984 
f 985/985/985 986/986/986 987/987/987 
f 988/988/988 989/989/989 990/990/990 
f 991/991/991 992/992/992 993/993/993 
f 994/994/994 995/995/995 996/996/996 
f 997/997/997 998/998/998 999/999/999 
f 1000/1000/1000 1001/1001/1001 1002/1002/1002 
f 1003/1003/1003 1004/1004/1004 1005/1005/1005 
f 1006/1006/1006 1007/1007/1007 1008/1008/1008 
f 1009/1009/1009 1010/1010/1010 1011/1011/1011 
f 1012/1012/1012 1013/1013/1013 1014/1014/1014 
f 1015/1015/1015 1016/1016/1016 1017/1017/1017 
f 1018/1018/1018 1019/1019/1019 1020/1020/1020 

g Handle2

v -325.376 0.0555795 111.755 
v -325.671 0.0453008 111.663 
v -325.361 0.0753897 111.688 
v -325.104 0.0277133 111.778 
v -325.104 0.0535561 111.725 
v -325.104 0.0386672 111.8 
v -325.38 0.0669066 111.776 
v -325.68 0.056013 111.683 
v -325.651 0.0773097 111.596 
v -326.012 0.00803089 111.525 
v -326.003 0 111.503 
v -325.977 0.0225554 111.44 
v -326.197 0.0862852 111.417 
v -326.173 0.144955 111.371 
v -324.538 0.0453008 111.663 
v -324.832 0.0555795 111.755 
v -324.848 0.0753897 111.688 
v -325.104 0.0277133 111.778 
v -325.104 0.0535561 111.725 
v -325.104 0.0386672 111.8 
v -324.829 0.0669066 111.776 
v -324.529 0.056013 111.683 
v -324.558 0.0773097 111.596 
v -324.197 0.00803089 111.525 
v -324.206 0 111.503 
v -324.232 0.0225554 111.44 
v -324.012 0.0862852 111.417 
v -324.036 0.144955 111.371 
v -325.503 4.05079 108.961 
v -325.509 4.05128 108.705 
v -325.595 4.05413 108.95 
v -325.408 4.04724 108.69 
v -325.686 4.05889 109.152 
v -325.706 4.05666 108.948 
v -325.78 4.08064 109.147 
v -325.621 4.05324 108.696 
v -325.174 4.03741 108.473 
v -325.104 4.04482 108.505 
v -325.104 4.0363 108.5 
v -325.17 4.02251 108.465 
v -325.263 4.00096 108.427 
v -325.459 4.04316 108.481 
v -325.288 4.00931 108.43 
v -325.347 3.98151 108.405 
v -325.366 3.99457 108.398 
v -325.512 3.95217 108.374 
v -325.653 4.0477 108.501 
v -325.552 3.96647 108.368 
v -325.82 3.90779 108.365 
v -325.549 4.00186 108.4 
v -325.829 3.91707 108.357 
v -325.985 3.85541 108.365 
v -325.832 3.95268 108.362 
v -325.855 4.00852 108.4 
v -325.728 4.06439 108.691 
v -325.996 3.86519 108.357 
v -325.876 4.05915 108.526 
v -326.006 3.9351 108.368 
v -326.103 3.80029 108.409 
v -326.036 3.99732 108.405 
v -326.012 4.03542 108.466 
v -326.104 3.92517 108.4 
v -326.114 3.81663 108.4 
v -326.163 3.80221 108.478 
v -326.15 3.78229 108.48 
v -326.161 3.91881 108.475 
v -326.136 3.95756 108.479 
v -326.202 3.78203 108.596 
v -326.192 3.76245 108.592 
v -326.187 3.88325 108.603 
v -326.234 3.72884 108.721 
v -326.157 3.96701 108.658 
v -326.097 4.00283 108.483 
v -326.225 3.83409 108.751 
v -326.244 3.74211 108.731 
v -326.25 3.6614 108.855 
v -326.04 4.06278 108.647 
v -326.26 3.67365 108.859 
v -326.252 3.7934 108.905 
v -326.25 3.61455 108.996 
v -326.238 3.60518 108.992 
v -326.243 3.56341 109.133 
v -326.176 3.94626 108.828 
v -326.123 4.01371 108.689 
v -326.155 3.99239 108.86 
v -326.18 3.94178 108.945 
v -326.116 4.01732 108.904 
v -326.067 4.0538 108.882 
v -326.115 4.01474 109.059 
v -326.238 3.77789 109.033 
v -326.195 3.90329 109.101 
v -326.131 3.99722 109.16 
v -326.032 4.07237 109.065 
v -326.195 3.85929 109.246 
v -326.235 3.73062 109.184 
v -326.235 3.67766 109.302 
v -326.249 3.57473 109.138 
v -326.247 3.52411 109.247 
v -326.236 3.5154 109.244 
v -326.251 3.43671 109.362 
v -326.248 3.48979 109.397 
v -326.152 3.62538 109.475 
v -326.149 3.41092 109.526 
v -326.234 3.36312 109.462 
v -326.26 3.44123 109.37 
v -326.234 3.35231 109.45 
v -324.333 4.05915 108.526 
v -324.268 4.07207 108.654 
v -324.169 4.06278 108.647 
v -324.142 4.0538 108.882 
v -324.481 4.06439 108.691 
v -324.556 4.0477 108.501 
v -324.588 4.05324 108.696 
v -324.502 4.05666 108.948 
v -324.094 4.01474 109.059 
v -324.093 4.01732 108.904 
v -324.029 3.94178 108.945 
v -324.383 4.07643 108.941 
v -324.429 4.08064 109.147 
v -324.523 4.05889 109.152 
v -324.228 4.07893 108.915 
v -324.255 4.07531 109.097 
v -324.555 4.06272 109.33 
v -324.177 4.07237 109.065 
v -324.488 4.05712 109.325 
v -324.517 4.05796 109.443 
v -324.396 4.06991 109.314 
v -324.428 4.06904 109.434 
v -324.435 3.99096 109.528 
v -324.329 4.07625 109.33 
v -324.348 4.06258 109.451 
v -324.355 3.98688 109.535 
v -324.251 3.99772 109.516 
v -324.248 4.06035 109.41 
v -324.137 3.98516 109.475 
v -324.23 4.07285 109.271 
v -324.143 4.03004 109.377 
v -324.13 4.03257 109.251 
v -324.073 3.91943 109.405 
v -324.114 3.69508 109.539 
v -324.057 3.62538 109.475 
v -324.072 3.96063 109.296 
v -324.019 3.82273 109.372 
v -323.974 3.67766 109.302 
v -324.078 3.99722 109.16 
v -324.014 3.85929 109.246 
v -324.014 3.90329 109.101 
v -323.974 3.73062 109.184 
v -323.971 3.77789 109.033 
v -323.957 3.7934 108.905 
v -323.959 3.61455 108.996 
v -323.949 3.67365 108.859 
v -323.96 3.57473 109.138 
v -323.962 3.52411 109.247 
v -323.959 3.6614 108.855 
v -323.966 3.56341 109.133 
v -323.971 3.60518 108.992 
v -326.254 3.63218 108.729 
v -326.25 3.6614 108.855 
v -326.234 3.72884 108.721 
v -326.197 3.66713 108.598 
v -326.24 3.61376 108.723 
v -326.212 3.68666 108.599 
v -326.192 3.76245 108.592 
v -326.155 3.68505 108.484 
v -326.17 3.70447 108.481 
v -326.15 3.78229 108.48 
v -326.112 3.7283 108.399 
v -326.098 3.71 108.409 
v -326.103 3.80029 108.409 
v -325.991 3.76623 108.36 
v -325.983 3.74847 108.373 
v -325.985 3.85541 108.365 
v -325.834 3.80863 108.367 
v -325.84 3.82775 108.353 
v -325.82 3.90779 108.365 
v -325.537 3.88412 108.35 
v -325.534 3.8636 108.362 
v -325.512 3.95217 108.374 
v -325.287 3.9201 108.381 
v -325.292 3.94211 108.374 
v -325.347 3.98151 108.405 
v -325.104 3.97877 108.43 
v -325.263 4.00096 108.427 
v -325.104 4.00506 108.429 
v -325.17 4.02251 108.465 
v -325.104 4.0363 108.5 
v -323.959 3.6614 108.855 
v -323.955 3.63218 108.729 
v -323.975 3.72884 108.721 
v -323.969 3.61376 108.723 
v -324.012 3.66713 108.598 
v -323.997 3.68666 108.599 
v -324.017 3.76245 108.592 
v -324.054 3.68505 108.484 
v -324.039 3.70447 108.481 
v -324.059 3.78229 108.48 
v -324.097 3.7283 108.399 
v -324.111 3.71 108.409 
v -324.106 3.80029 108.409 
v -324.217 3.76623 108.36 
v -324.226 3.74847 108.373 
v -324.224 3.85541 108.365 
v -324.375 3.80863 108.367 
v -324.369 3.82775 108.353 
v -324.389 3.90779 108.365 
v -324.672 3.88412 108.35 
v -324.675 3.8636 108.362 
v -324.697 3.95217 108.374 
v -324.922 3.9201 108.381 
v -324.917 3.94211 108.374 
v -324.862 3.98151 108.405 
v -325.104 3.97877 108.43 
v -324.946 4.00096 108.427 
v -325.104 4.00506 108.429 
v -325.038 4.02251 108.465 
v -325.104 4.0363 108.5 
v -325.132 4.01071 108.406 
v -325.093 3.98183 108.395 
v -325.132 3.98113 108.399 
v -325.154 4.00809 108.42 
v -325.154 3.97851 108.413 
v -325.131 4.02639 108.423 
v -325.131 3.96105 108.406 
v -325.092 4.02709 108.419 
v -325.092 3.96175 108.402 
v -325.069 3.98006 108.405 
v -325.093 4.01141 108.403 
v -325.069 4.00963 108.412 
v -325.941 4.07207 108.654 
v -325.981 4.07893 108.915 
v -325.954 4.07531 109.097 
v -325.826 4.07643 108.941 
v -325.479 4.03172 109.165 
v -325.503 4.05079 108.961 
v -325.492 4.04773 109.172 
v -325.328 4.04826 109.307 
v -325.488 4.03512 108.963 
v -325.322 4.03225 109.293 
v -325.396 4.03284 108.7 
v -325.104 4.05012 109.348 
v -325.408 4.04724 108.69 
v -325.104 4.03154 108.522 
v -325.104 4.04482 108.505 
v -325.104 4.03415 109.333 
v -324.887 4.03225 109.293 
v -324.88 4.04826 109.307 
v -324.73 4.03172 109.165 
v -324.717 4.04773 109.172 
v -324.706 4.05079 108.961 
v -324.721 4.03512 108.963 
v -324.813 4.03284 108.7 
v -324.801 4.04724 108.69 
v -325.104 4.03154 108.522 
v -325.104 4.04482 108.505 
v -325.249 3.68802 108.392 
v -325.214 3.64198 108.383 
v -325.246 3.68751 108.399 
v -325.257 3.78347 108.402 
v -325.222 3.90515 108.415 
v -325.228 3.90876 108.412 
v -325.123 4.01041 108.438 
v -325.121 4.00768 108.434 
v -325.117 4.00121 108.429 
v -325.251 3.78261 108.406 
v -325.212 3.89956 108.422 
v -325.114 3.99437 108.424 
v -325.243 3.68952 108.396 
v -325.204 3.89425 108.43 
v -325.111 3.98988 108.423 
v -325.2 3.89195 108.436 
v -325.242 3.78107 108.417 
v -325.235 3.77955 108.428 
v -325.233 3.77875 108.435 
v -325.222 3.6907 108.423 
v -325.225 3.69125 108.416 
v -325.198 3.65854 108.411 
v -325.234 3.69061 108.406 
v -325.202 3.65797 108.403 
v -325.179 3.67278 108.404 
v -325.208 3.65291 108.392 
v -325.214 3.6468 108.38 
v -325.18 3.67217 108.395 
v -325.179 3.66791 108.38 
v -325.218 3.6413 108.376 
v -325.177 3.66284 108.366 
v -325.173 3.65909 108.367 
v -325.174 3.66343 108.382 
v -325.174 3.65838 108.358 
v -325.143 3.72117 108.367 
v -325.143 3.72216 108.358 
v -325.128 3.80773 108.375 
v -325.128 3.80568 108.384 
v -325.131 3.90114 108.402 
v -325.134 3.80683 108.382 
v -325.149 3.72317 108.365 
v -325.155 3.72336 108.381 
v -325.139 3.8042 108.397 
v -325.159 3.72312 108.397 
v -325.159 3.72209 108.406 
v -325.143 3.80133 108.412 
v -325.142 3.79926 108.421 
v -325.123 3.89261 108.441 
v -325.127 3.89423 108.435 
v -325.105 3.9907 108.435 
v -325.13 3.89703 108.422 
v -325.109 3.9914 108.437 
v -326.224 3.16286 109.486 
v -326.229 3.34251 109.443 
v -326.228 3.34024 109.438 
v -326.238 3.432 109.364 
v -326.223 3.16193 109.48 
v -326.236 3.42843 109.361 
v -326.246 2.94276 109.5 
v -326.219 3.50918 109.243 
v -326.246 2.94244 109.494 
v -326.222 3.51331 109.246 
v -326.318 2.59169 109.522 
v -326.231 3.56313 109.133 
v -326.317 2.59198 109.527 
v -326.228 3.55878 109.132 
v -326.436 2.17728 109.568 
v -326.224 3.6081 108.995 
v -326.435 2.17765 109.573 
v -326.554 1.82158 109.62 
v -326.552 1.8221 109.625 
v -326.222 3.60379 108.993 
v -326.238 3.65912 108.86 
v -326.235 3.65497 108.858 
v -323.98 3.34251 109.443 
v -323.985 3.16286 109.486 
v -323.981 3.34024 109.438 
v -323.971 3.432 109.364 
v -323.986 3.16193 109.48 
v -323.973 3.42843 109.361 
v -323.963 2.94276 109.5 
v -323.99 3.50918 109.243 
v -323.963 2.94244 109.494 
v -323.987 3.51331 109.246 
v -323.891 2.59169 109.522 
v -323.978 3.56313 109.133 
v -323.892 2.59198 109.527 
v -323.981 3.55878 109.132 
v -323.773 2.17728 109.568 
v -323.985 3.6081 108.995 
v -323.774 2.17765 109.573 
v -323.655 1.82158 109.62 
v -323.656 1.8221 109.625 
v -323.987 3.60379 108.993 
v -323.971 3.65912 108.86 
v -323.974 3.65497 108.858 
v -326.284 3.14345 109.45 
v -326.248 2.94675 109.511 
v -326.229 3.16712 109.498 
v -326.303 2.93903 109.48 
v -326.32 2.59846 109.54 
v -326.271 3.26273 109.384 
v -326.234 3.35231 109.45 
v -326.281 3.13715 109.426 
v -326.304 2.93697 109.455 
v -326.263 3.25132 109.365 
v -326.376 2.58786 109.481 
v -326.275 3.34054 109.318 
v -326.251 3.43671 109.362 
v -326.263 3.32481 109.304 
v -326.263 3.41785 109.202 
v -326.251 3.39966 109.191 
v -326.236 3.5154 109.244 
v -326.253 3.4535 109.095 
v -326.266 3.47228 109.104 
v -326.243 3.56341 109.133 
v -326.256 3.52662 108.976 
v -326.243 3.50745 108.968 
v -326.238 3.60518 108.992 
v -326.269 3.56979 108.843 
v -326.255 3.55119 108.835 
v -323.98 3.16712 109.498 
v -323.961 2.94675 109.511 
v -323.925 3.14345 109.45 
v -323.906 2.93903 109.48 
v -323.889 2.59846 109.54 
v -323.938 3.26273 109.384 
v -323.975 3.35231 109.45 
v -323.928 3.13715 109.426 
v -323.905 2.93697 109.455 
v -323.946 3.25132 109.365 
v -323.833 2.58786 109.481 
v -323.934 3.34054 109.318 
v -323.957 3.43671 109.362 
v -323.946 3.32481 109.304 
v -323.946 3.41785 109.202 
v -323.958 3.39966 109.191 
v -323.973 3.5154 109.244 
v -323.956 3.4535 109.095 
v -323.943 3.47228 109.104 
v -323.966 3.56341 109.133 
v -323.953 3.52662 108.976 
v -323.966 3.50745 108.968 
v -323.971 3.60518 108.992 
v -323.94 3.56979 108.843 
v -323.954 3.55119 108.835 
v -325.066 3.86984 108.386 
v -325.112 3.99629 108.437 
v -325.108 3.99907 108.435 
v -325.156 3.994 109.596 
v -325.104 3.7614 109.738 
v -325.104 3.99433 109.595 
v -325.168 3.75333 109.719 
v -325.104 3.54114 109.793 
v -325.323 4.00461 109.588 
v -325.041 3.75333 109.719 
v -325.155 4.06145 109.498 
v -325.053 3.994 109.596 
v -325.104 4.05685 109.492 
v -325.054 4.06145 109.498 
v -324.886 4.00461 109.588 
v -325.104 4.05276 109.452 
v -325.173 4.05773 109.459 
v -325.036 4.05773 109.459 
v -325.369 4.05918 109.476 
v -325.46 4.004 109.578 
v -325.457 3.71761 109.643 
v -325.513 4.00113 109.575 
v -325.522 4.06246 109.472 
v -325.607 4.05904 109.473 
v -325.59 4.05991 109.343 
v -325.395 4.05801 109.421 
v -325.654 4.06272 109.33 
v -325.104 4.05012 109.348 
v -325.328 4.04826 109.307 
v -324.88 4.04826 109.307 
v -325.388 4.05676 109.396 
v -325.492 4.04773 109.172 
v -325.573 4.05483 109.175 
v -325.069 3.27636 108.388 
v -325.038 3.13312 108.362 
v -325.043 3.13276 108.36 
v -325.13 3.89168 108.429 
v -325.143 3.81417 108.433 
v -325.135 3.81402 108.43 
v -325.138 3.74154 108.432 
v -325.137 3.8934 108.427 
v -325.098 3.99209 108.434 
v -325.102 3.99451 108.433 
v -325.143 3.8142 108.427 
v -325.15 3.89648 108.426 
v -325.11 3.99867 108.433 
v -325.118 4.00278 108.433 
v -325.158 3.8145 108.427 
v -325.162 3.89954 108.427 
v -325.122 4.00487 108.435 
v -325.169 3.90116 108.429 
v -325.173 3.81479 108.427 
v -325.182 3.81494 108.43 
v -325.177 3.73806 108.428 
v -325.169 3.73904 108.425 
v -325.167 3.66573 108.418 
v -325.153 3.74053 108.425 
v -325.159 3.66707 108.416 
v -325.155 3.59771 108.401 
v -325.138 3.74194 108.426 
v -325.144 3.66879 108.418 
v -325.147 3.59896 108.401 
v -325.141 3.5373 108.382 
v -325.129 3.74253 108.43 
v -325.129 3.67036 108.42 
v -325.122 3.6708 108.424 
v -325.13 3.66944 108.426 
v -325.114 3.60136 108.415 
v -325.121 3.60133 108.41 
v -325.106 3.53841 108.408 
v -325.134 3.60026 108.405 
v -325.111 3.53883 108.401 
v -325.101 3.4768 108.404 
v -325.122 3.53857 108.392 
v -325.134 3.5381 108.384 
v -325.127 3.47767 108.368 
v -325.104 3.47721 108.396 
v -325.106 3.39692 108.395 
v -325.121 3.47777 108.373 
v -325.129 3.39875 108.369 
v -325.112 3.47754 108.384 
v -325.114 3.39748 108.384 
v -325.143 3.26561 108.394 
v -325.122 3.39814 108.374 
v -325.15 3.26802 108.389 
v -325.155 3.26944 108.388 
v -323.975 3.35231 109.45 
v -323.978 3.17011 109.508 
v -323.98 3.16712 109.498 
v -324.044 3.17711 109.526 
v -324.054 2.95217 109.633 
v -324.006 2.94432 109.545 
v -323.975 3.36312 109.462 
v -323.949 3.44123 109.37 
v -323.957 3.43671 109.362 
v -324.06 3.41092 109.526 
v -323.973 3.5154 109.244 
v -323.961 3.48979 109.397 
v -324.09 3.20026 109.609 
v -324.147 3.43611 109.612 
v -324.214 3.21974 109.65 
v -324.248 3.44851 109.632 
v -324.323 3.21868 109.67 
v -324.209 3.68552 109.597 
v -324.358 3.44293 109.619 
v -324.399 3.21647 109.651 
v -324.283 3.6885 109.605 
v -324.433 3.44687 109.603 
v -324.493 3.46322 109.695 
v -324.387 3.68564 109.599 
v -324.463 3.68504 109.583 
v -324.521 3.69975 109.649 
v -324.528 3.99892 109.548 
v -324.597 3.99765 109.569 
v -324.667 3.71375 109.666 
v -324.696 4.00113 109.575 
v -324.752 3.71761 109.643 
v -324.602 4.05904 109.473 
v -324.749 4.004 109.578 
v -324.687 4.06246 109.472 
v -324.84 4.05918 109.476 
v -324.814 4.05801 109.421 
v -324.619 4.05991 109.343 
v -324.821 4.05676 109.396 
v -324.717 4.04773 109.172 
v -324.636 4.05483 109.175 
v -324.706 4.05079 108.961 
v -324.614 4.05413 108.95 
v -324.7 4.05128 108.705 
v -324.801 4.04724 108.69 
v -325.035 4.03741 108.473 
v -325.104 4.04482 108.505 
v -325.104 4.0363 108.5 
v -325.038 4.02251 108.465 
v -324.946 4.00096 108.427 
v -324.75 4.04316 108.481 
v -324.921 4.00931 108.43 
v -324.862 3.98151 108.405 
v -324.843 3.99457 108.398 
v -324.697 3.95217 108.374 
v -324.657 3.96647 108.368 
v -324.389 3.90779 108.365 
v -324.66 4.00186 108.4 
v -324.379 3.91707 108.357 
v -324.224 3.85541 108.365 
v -324.377 3.95268 108.362 
v -324.354 4.00852 108.4 
v -324.213 3.86519 108.357 
v -324.203 3.9351 108.368 
v -324.106 3.80029 108.409 
v -324.095 3.81663 108.4 
v -324.105 3.92517 108.4 
v -324.046 3.80221 108.478 
v -324.059 3.78229 108.48 
v -324.048 3.91881 108.475 
v -324.007 3.78203 108.596 
v -324.017 3.76245 108.592 
v -323.975 3.72884 108.721 
v -324.022 3.88325 108.603 
v -323.965 3.74211 108.731 
v -323.984 3.83409 108.751 
v -324.073 3.95756 108.479 
v -324.052 3.96701 108.658 
v -324.172 3.99732 108.405 
v -324.033 3.94626 108.828 
v -324.197 4.03542 108.466 
v -324.112 4.00283 108.483 
v -324.086 4.01371 108.689 
v -324.054 3.99239 108.86 
v -325.154 4.00809 108.42 
v -325.152 3.97487 108.432 
v -325.152 4.00445 108.44 
v -325.154 3.97851 108.413 
v -325.129 3.95742 108.425 
v -325.131 3.96105 108.406 
v -325.131 4.02639 108.423 
v -325.129 4.02275 108.442 
v -325.092 4.02709 108.419 
v -325.09 4.02345 108.438 
v -325.067 4.006 108.431 
v -325.069 4.00963 108.412 
v -325.067 3.97642 108.424 
v -325.069 3.98006 108.405 
v -325.09 3.95812 108.422 
v -325.092 3.96175 108.402 
v -325.129 3.95742 108.425 
v -325.131 3.96105 108.406 
v -326.491 2.17456 109.55 
v -326.551 1.8254 109.634 
v -326.436 2.18628 109.589 
v -326.609 1.83104 109.623 
v -326.616 1.82855 109.599 
v -326.495 2.17245 109.527 
v -326.373 2.58936 109.505 
v -323.718 2.17456 109.55 
v -323.658 1.8254 109.634 
v -323.6 1.83104 109.623 
v -323.593 1.82855 109.599 
v -323.773 2.18628 109.589 
v -323.713 2.17245 109.527 
v -323.836 2.58936 109.505 
v -326 3.68552 109.597 
v -325.96 3.44851 109.632 
v -325.926 3.6885 109.605 
v -325.851 3.44293 109.619 
v -325.958 3.99772 109.516 
v -326.062 3.43611 109.612 
v -325.822 3.68564 109.599 
v -325.886 3.21868 109.67 
v -325.854 3.98688 109.535 
v -326.072 3.98516 109.475 
v -325.773 3.99096 109.528 
v -325.861 4.06258 109.451 
v -325.961 4.06035 109.41 
v -326.095 3.69508 109.539 
v -326.066 4.03004 109.377 
v -326.136 3.91943 109.405 
v -326.19 3.82273 109.372 
v -326.137 3.96063 109.296 
v -326.079 4.03257 109.251 
v -325.979 4.07285 109.271 
v -325.88 4.07625 109.33 
v -325.781 4.06904 109.434 
v -325.813 4.06991 109.314 
v -325.721 4.05712 109.325 
v -325.692 4.05796 109.443 
v -325.681 3.99892 109.548 
v -325.746 3.68504 109.583 
v -325.776 3.44687 109.603 
v -325.81 3.21647 109.651 
v -325.716 3.46322 109.695 
v -325.688 3.69975 109.649 
v -325.611 3.99765 109.569 
v -325.542 3.71375 109.666 
v -325.599 3.48235 109.727 
v -325.477 3.50033 109.687 
v -325.599 3.28032 109.775 
v -325.495 3.26202 109.715 
v -325.737 3.23248 109.753 
v -325.627 2.97053 109.825 
v -325.651 0.0773097 111.596 
v -325.362 0.0711633 111.692 
v -325.361 0.0753897 111.688 
v -325.104 0.0493478 111.729 
v -325.104 0.0535561 111.725 
v -325.652 0.0729467 111.599 
v -325.977 0.0225554 111.44 
v -325.979 0.0178599 111.442 
v -326.175 0.14018 111.371 
v -326.173 0.144955 111.371 
v -326.389 0.26569 111.157 
v -326.387 0.270045 111.157 
v -326.507 0.311897 110.834 
v -326.503 0.315685 110.834 
v -326.644 0.493608 110.677 
v -326.639 0.496953 110.677 
v -326.766 0.650063 110.557 
v -326.762 0.654109 110.558 
v -326.802 0.749696 110.451 
v -326.801 0.754034 110.453 
v -326.831 0.883184 110.272 
v -326.83 0.879288 110.269 
v -326.864 1.00829 110.157 
v -326.865 1.01207 110.161 
v -326.741 1.22366 109.861 
v -326.74 1.21986 109.857 
v -326.661 1.37888 109.745 
v -326.661 1.3817 109.75 
v -326.629 1.49955 109.682 
v -326.63 1.4982 109.677 
v -326.596 1.63284 109.662 
v -326.594 1.63327 109.667 
v -326.552 1.8221 109.625 
v -326.554 1.82158 109.62 
v -324.558 0.0773097 111.596 
v -324.847 0.0711633 111.692 
v -324.557 0.0729467 111.599 
v -324.848 0.0753897 111.688 
v -325.104 0.0493478 111.729 
v -325.104 0.0535561 111.725 
v -324.232 0.0225554 111.44 
v -324.23 0.0178599 111.442 
v -324.034 0.14018 111.371 
v -324.036 0.144955 111.371 
v -323.82 0.26569 111.157 
v -323.822 0.270045 111.157 
v -323.702 0.311897 110.834 
v -323.706 0.315685 110.834 
v -323.565 0.493608 110.677 
v -323.57 0.496953 110.677 
v -323.443 0.650063 110.557 
v -323.446 0.654109 110.558 
v -323.407 0.749696 110.451 
v -323.408 0.754034 110.453 
v -323.378 0.883184 110.272 
v -323.379 0.879288 110.269 
v -323.345 1.00829 110.157 
v -323.344 1.01207 110.161 
v -323.468 1.22366 109.861 
v -323.469 1.21986 109.857 
v -323.548 1.37888 109.745 
v -323.548 1.3817 109.75 
v -323.58 1.49955 109.682 
v -323.579 1.4982 109.677 
v -323.613 1.63284 109.662 
v -323.615 1.63327 109.667 
v -323.656 1.8221 109.625 
v -323.655 1.82158 109.62 
v -323.674 1.3733 109.963 
v -323.765 1.46207 109.981 
v -323.749 1.29764 110.073 
v -323.543 1.20027 110.059 
v -323.701 1.50139 109.907 
v -323.81 1.62632 109.93 
v -323.391 0.989568 110.249 
v -323.413 0.880133 110.401 
v -323.361 0.89892 110.28 
v -323.503 1.22986 109.925 
v -323.593 1.37964 109.799 
v -323.342 1.02194 110.192 
v -323.363 0.886715 110.263 
v -323.331 1.02024 110.176 
v -323.468 1.24213 109.889 
v -323.46 1.23122 109.87 
v -323.553 1.39445 109.778 
v -323.54 1.3895 109.759 
v -323.63 1.48624 109.727 
v -323.587 1.50445 109.712 
v -323.582 1.50398 109.698 
v -323.727 1.65424 109.862 
v -323.863 1.81332 109.855 
v -323.657 1.62191 109.709 
v -323.757 1.83141 109.779 
v -323.872 2.18023 109.692 
v -323.702 1.82033 109.67 
v -323.614 1.63678 109.694 
v -323.615 1.63665 109.68 
v -323.657 1.82716 109.652 
v -323.658 1.8254 109.634 
v -323.773 2.18265 109.6 
v -323.773 2.18628 109.589 
v -323.83 2.1783 109.614 
v -323.982 2.60154 109.653 
v -323.89 2.59618 109.554 
v -323.889 2.59846 109.54 
v -323.94 2.59538 109.571 
v -323.963 2.94588 109.524 
v -323.961 2.94675 109.511 
v -325.78 2.96999 109.789 
v -325.83 2.95629 109.675 
v -325.675 2.62664 109.891 
v -325.832 2.62786 109.82 
v -325.927 2.95738 109.685 
v -325.557 2.61708 109.828 
v -325.516 2.96455 109.771 
v -325.319 2.98033 109.862 
v -325.722 2.21711 109.995 
v -325.33 2.62995 109.933 
v -325.31 3.27892 109.802 
v -325.304 3.51331 109.742 
v -325.185 2.98569 109.903 
v -325.177 3.28866 109.851 
v -325.205 2.64093 109.987 
v -325.291 3.73164 109.686 
v -325.176 3.53823 109.793 
v -325.104 3.29029 109.857 
v -325.104 2.98654 109.91 
v -325.104 2.64584 110.004 
v -325.032 3.28866 109.851 
v -325.024 2.98569 109.903 
v -325.032 3.53823 109.793 
v -325.104 2.22746 110.194 
v -325.004 2.64093 109.987 
v -325.225 2.21266 110.157 
v -324.984 2.21266 110.157 
v -325.36 2.20375 110.104 
v -325.104 1.80889 110.412 
v -325.237 1.79432 110.372 
v -325.609 2.1987 109.973 
v -325.412 1.78073 110.302 
v -325.104 1.45038 110.592 
v -324.972 1.79432 110.372 
v -325.263 1.44126 110.541 
v -324.946 1.44126 110.541 
v -325.662 1.77665 110.148 
v -325.104 1.11106 110.797 
v -325.459 1.43735 110.465 
v -325.257 1.10284 110.745 
v -325.777 1.7998 110.137 
v -325.702 1.41019 110.322 
v -325.843 1.46809 110.348 
v -325.899 2.2006 109.911 
v -325.994 1.77863 110.013 
v -325.469 1.07549 110.666 
v -326.059 1.76582 109.88 
v -325.27 0.76439 111.046 
v -325.96 2.1815 109.802 
v -325.887 2.60577 109.711 
v -325.992 2.60719 109.709 
v -326.09 2.17467 109.738 
v -326.022 2.95812 109.67 
v -326.1 2.60824 109.699 
v -325.995 3.21974 109.65 
v -326.119 3.20026 109.609 
v -326.155 2.95217 109.633 
v -326.227 2.60154 109.653 
v -326.165 3.17711 109.526 
v -326.203 2.94432 109.545 
v -326.231 3.17011 109.508 
v -326.229 3.16712 109.498 
v -326.246 2.94588 109.524 
v -326.248 2.94675 109.511 
v -326.32 2.59846 109.54 
v -326.269 2.59538 109.571 
v -326.319 2.59618 109.554 
v -326.436 2.18628 109.589 
v -326.379 2.1783 109.614 
v -326.436 2.18265 109.6 
v -326.551 1.8254 109.634 
v -326.506 1.82033 109.67 
v -326.552 1.82716 109.652 
v -326.594 1.63665 109.68 
v -326.595 1.63678 109.694 
v -326.627 1.50398 109.698 
v -326.337 2.18023 109.692 
v -326.622 1.50445 109.712 
v -326.669 1.3895 109.759 
v -326.552 1.62191 109.709 
v -326.452 1.83141 109.779 
v -326.227 2.17658 109.759 
v -326.346 1.81332 109.855 
v -326.214 1.7771 109.801 
v -326.482 1.65424 109.862 
v -326.579 1.48624 109.727 
v -326.399 1.62632 109.93 
v -326.507 1.50139 109.907 
v -326.656 1.39445 109.778 
v -326.749 1.23122 109.87 
v -326.616 1.37964 109.799 
v -326.741 1.24213 109.889 
v -326.878 1.02024 110.176 
v -326.867 1.02194 110.192 
v -326.846 0.886715 110.263 
v -326.706 1.22986 109.925 
v -326.535 1.3733 109.963 
v -326.444 1.46207 109.981 
v -326.221 3.7221 108.732 
v -326.224 3.72633 108.732 
v -326.178 3.76066 108.601 
v -326.181 3.76508 108.601 
v -326.138 3.78054 108.489 
v -326.141 3.78488 108.488 
v -326.1 3.80115 108.42 
v -326.097 3.7971 108.422 
v -325.99 3.85424 108.379 
v -325.988 3.8503 108.382 
v -325.828 3.91023 108.379 
v -325.827 3.90587 108.382 
v -325.522 3.95053 108.386 
v -325.521 3.94567 108.388 
v -325.344 3.97441 108.415 
v -325.343 3.96947 108.416 
v -325.166 4.01377 108.474 
v -325.164 4.00849 108.473 
v -325.104 4.02056 108.509 
v -325.104 4.01571 108.508 
v -323.988 3.7221 108.732 
v -323.985 3.72633 108.732 
v -324.031 3.76066 108.601 
v -324.028 3.76508 108.601 
v -324.071 3.78054 108.489 
v -324.068 3.78488 108.488 
v -324.109 3.80115 108.42 
v -324.112 3.7971 108.422 
v -324.218 3.85424 108.379 
v -324.22 3.8503 108.382 
v -324.38 3.91023 108.379 
v -324.381 3.90587 108.382 
v -324.687 3.95053 108.386 
v -324.688 3.94567 108.388 
v -324.865 3.97441 108.415 
v -324.866 3.96947 108.416 
v -325.043 4.01377 108.474 
v -325.045 4.00849 108.473 
v -325.104 4.02056 108.509 
v -325.104 4.01571 108.508 
v -325.648 0.12377 111.579 
v -325.286 0.412145 111.396 
v -325.543 0.397948 111.291 
v -325.356 0.113756 111.675 
v -325.656 0.100113 111.605 
v -325.104 0.411714 111.423 
v -325.362 0.099234 111.697 
v -325.655 0.0863262 111.603 
v -325.363 0.0794164 111.696 
v -325.104 0.0921642 111.709 
v -325.104 0.0785455 111.731 
v -325.104 0.0628623 111.735 
v -324.846 0.0794164 111.696 
v -324.847 0.099234 111.697 
v -324.553 0.0863262 111.603 
v -324.853 0.113756 111.675 
v -324.553 0.100113 111.605 
v -324.23 0.0464209 111.451 
v -324.225 0.0282302 111.45 
v -324.561 0.12377 111.579 
v -324.033 0.159794 111.37 
v -324.922 0.412145 111.396 
v -324.038 0.168394 111.383 
v -323.814 0.297634 111.158 
v -323.806 0.28368 111.152 
v -324.241 0.0752116 111.418 
v -323.697 0.328829 110.859 
v -324.051 0.222597 111.333 
v -324.666 0.397948 111.291 
v -324.389 0.397162 111.045 
v -324.939 0.76439 111.046 
v -324.714 0.74139 110.953 
v -324.186 0.564616 110.992 
v -325.104 0.784634 111.083 
v -324.952 1.10284 110.745 
v -324.74 1.07549 110.666 
v -324.75 1.43735 110.465 
v -324.797 1.78073 110.302 
v -324.507 1.41019 110.322 
v -324.849 2.20375 110.104 
v -324.547 1.77665 110.148 
v -324.6 2.1987 109.973 
v -324.879 2.62995 109.933 
v -324.652 2.61708 109.828 
v -324.89 2.98033 109.862 
v -324.693 2.96455 109.771 
v -324.899 3.27892 109.802 
v -324.714 3.26202 109.715 
v -324.582 2.97053 109.825 
v -324.905 3.51331 109.742 
v -324.732 3.50033 109.687 
v -324.917 3.73164 109.686 
v -324.61 3.48235 109.727 
v -324.609 3.28032 109.775 
v -324.472 3.23248 109.753 
v -324.429 2.96999 109.789 
v -324.534 2.62664 109.891 
v -324.376 2.62786 109.82 
v -324.487 2.21711 109.995 
v -324.432 1.7998 110.137 
v -324.31 2.2006 109.911 
v -324.366 1.46809 110.348 
v -324.215 1.77863 110.013 
v -324.15 1.76582 109.88 
v -324.249 2.1815 109.802 
v -324.379 2.95629 109.675 
v -324.322 2.60577 109.711 
v -324.217 2.60719 109.709 
v -324.282 2.95738 109.685 
v -324.119 2.17467 109.738 
v -324.186 2.95812 109.67 
v -324.109 2.60824 109.699 
v -323.982 2.17658 109.759 
v -323.995 1.7771 109.801 
v -323.943 1.53295 109.904 
v -324.094 1.47111 110.019 
v -324.135 1.48613 110.19 
v -323.902 1.35161 109.941 
v -324.06 1.2188 110.072 
v -324.082 1.24098 110.332 
v -324.304 1.15447 110.581 
v -323.998 0.976913 110.275 
v -324.491 1.06255 110.5 
v -324.011 0.998187 110.523 
v -324.257 0.859623 110.78 
v -324.435 0.741828 110.734 
v -323.977 0.710809 110.728 
v -323.905 0.708956 110.501 
v -323.835 0.371354 111.065 
v -323.729 0.40599 110.803 
v -323.702 0.345715 110.846 
v -323.568 0.506411 110.706 
v -323.571 0.519654 110.693 
v -323.437 0.662445 110.58 
v -323.581 0.596294 110.656 
v -323.444 0.677732 110.574 
v -323.392 0.76678 110.441 
v -323.746 0.919256 110.317 
v -323.467 0.774499 110.536 
v -323.395 0.77595 110.463 
v -323.668 1.10581 110.199 
v -323.865 1.13248 110.126 
v -326.176 0.159794 111.37 
v -326.403 0.28368 111.152 
v -326.416 0.228517 111.214 
v -326.199 0.110444 111.437 
v -325.984 0.0282302 111.45 
v -326.522 0.288016 110.954 
v -326.512 0.328829 110.859 
v -326.536 0.266128 110.952 
v -326.424 0.20757 111.212 
v -326.663 0.425149 110.792 
v -326.21 0.0884596 111.438 
v -326.012 0.00803089 111.525 
v -326.642 0.441468 110.79 
v -326.641 0.506411 110.706 
v -326.79 0.593252 110.667 
v -326.806 0.574096 110.664 
v -326.772 0.662445 110.58 
v -326.863 0.636524 110.542 
v -326.855 0.657758 110.552 
v -326.817 0.76678 110.441 
v -326.896 0.792614 110.303 
v -326.895 0.773584 110.29 
v -326.846 0.886715 110.263 
v -326.9 0.988727 110.051 
v -326.895 0.971056 110.036 
v -326.878 1.02024 110.176 
v -326.782 1.21554 109.785 
v -326.749 1.23122 109.87 
v -326.785 1.23174 109.803 
v -326.712 1.37866 109.687 
v -326.669 1.3895 109.759 
v -326.712 1.39054 109.709 
v -326.682 1.51066 109.661 
v -326.686 1.50505 109.638 
v -326.627 1.50398 109.698 
v -326.657 1.63978 109.63 
v -326.651 1.64166 109.654 
v -326.594 1.63665 109.68 
v -326.609 1.83104 109.623 
v -326.616 1.82855 109.599 
v -326.551 1.8254 109.634 
v -323.806 0.28368 111.152 
v -324.033 0.159794 111.37 
v -323.793 0.228517 111.214 
v -324.01 0.110444 111.437 
v -324.225 0.0282302 111.45 
v -323.687 0.288016 110.954 
v -323.697 0.328829 110.859 
v -323.673 0.266128 110.952 
v -323.785 0.20757 111.212 
v -323.546 0.425149 110.792 
v -323.999 0.0884596 111.438 
v -324.197 0.00803089 111.525 
v -323.567 0.441468 110.79 
v -323.568 0.506411 110.706 
v -323.419 0.593252 110.667 
v -323.403 0.574096 110.664 
v -323.437 0.662445 110.58 
v -323.346 0.636524 110.542 
v -323.353 0.657758 110.552 
v -323.392 0.76678 110.441 
v -323.313 0.792614 110.303 
v -323.314 0.773584 110.29 
v -323.363 0.886715 110.263 
v -323.309 0.988727 110.051 
v -323.314 0.971056 110.036 
v -323.331 1.02024 110.176 
v -323.427 1.21554 109.785 
v -323.46 1.23122 109.87 
v -323.424 1.23174 109.803 
v -323.497 1.37866 109.687 
v -323.54 1.3895 109.759 
v -323.497 1.39054 109.709 
v -323.527 1.51066 109.661 
v -323.523 1.50505 109.638 
v -323.582 1.50398 109.698 
v -323.551 1.63978 109.63 
v -323.558 1.64166 109.654 
v -323.615 1.63665 109.68 
v -323.6 1.83104 109.623 
v -323.593 1.82855 109.599 
v -323.658 1.8254 109.634 
v -326.401 0.207173 111.198 
v -326.387 0.270045 111.157 
v -326.517 0.258409 110.936 
v -326.503 0.315685 110.834 
v -326.536 0.266128 110.952 
v -326.424 0.20757 111.212 
v -326.663 0.425149 110.792 
v -326.21 0.0884596 111.438 
v -326.652 0.418503 110.773 
v -326.806 0.574096 110.664 
v -326.639 0.496953 110.677 
v -326.79 0.569563 110.647 
v -326.863 0.636524 110.542 
v -326.762 0.654109 110.558 
v -326.839 0.637878 110.534 
v -326.801 0.754034 110.453 
v -326.87 0.781181 110.292 
v -326.895 0.773584 110.29 
v -326.831 0.883184 110.272 
v -326.872 0.977129 110.046 
v -326.865 1.01207 110.161 
v -326.895 0.971056 110.036 
v -326.741 1.22366 109.861 
v -326.761 1.21471 109.797 
v -326.782 1.21554 109.785 
v -326.661 1.3817 109.75 
v -326.712 1.37866 109.687 
v -326.69 1.37469 109.696 
v -326.629 1.49955 109.682 
v -326.686 1.50505 109.638 
v -326.662 1.50015 109.641 
v -326.594 1.63327 109.667 
v -326.634 1.63418 109.63 
v -326.657 1.63978 109.63 
v -326.593 1.82208 109.599 
v -326.552 1.8221 109.625 
v -326.616 1.82855 109.599 
v -323.808 0.207173 111.198 
v -323.822 0.270045 111.157 
v -323.692 0.258409 110.936 
v -323.706 0.315685 110.834 
v -323.673 0.266128 110.952 
v -323.785 0.20757 111.212 
v -323.546 0.425149 110.792 
v -323.999 0.0884596 111.438 
v -323.557 0.418503 110.773 
v -323.57 0.496953 110.677 
v -323.403 0.574096 110.664 
v -323.419 0.569563 110.647 
v -323.446 0.654109 110.558 
v -323.346 0.636524 110.542 
v -323.37 0.637878 110.534 
v -323.408 0.754034 110.453 
v -323.339 0.781181 110.292 
v -323.314 0.773584 110.29 
v -323.378 0.883184 110.272 
v -323.337 0.977129 110.046 
v -323.344 1.01207 110.161 
v -323.314 0.971056 110.036 
v -323.468 1.22366 109.861 
v -323.448 1.21471 109.797 
v -323.427 1.21554 109.785 
v -323.548 1.3817 109.75 
v -323.497 1.37866 109.687 
v -323.519 1.37469 109.696 
v -323.58 1.49955 109.682 
v -323.523 1.50505 109.638 
v -323.547 1.50015 109.641 
v -323.615 1.63327 109.667 
v -323.575 1.63418 109.63 
v -323.551 1.63978 109.63 
v -323.616 1.82208 109.599 
v -323.656 1.8221 109.625 
v -323.593 1.82855 109.599 
v -324.997 3.60635 108.361 
v -325.004 3.6027 108.353 
v -325.001 3.61043 108.352 
v -325.006 3.59599 108.36 
v -324.986 3.59735 108.372 
v -325.011 3.58103 108.369 
v -324.975 3.58797 108.383 
v -325.015 3.5654 108.376 
v -324.967 3.58208 108.386 
v -325.018 3.55552 108.378 
v -324.948 3.67502 108.397 
v -324.958 3.676 108.394 
v -324.959 3.80678 108.412 
v -324.971 3.67816 108.383 
v -324.968 3.80528 108.409 
v -325.017 3.93724 108.432 
v -324.983 3.68041 108.371 
v -324.98 3.80371 108.4 
v -325.022 3.93381 108.428 
v -325.128 3.98513 108.441 
v -325.128 3.98713 108.436 
v -325.029 3.9299 108.418 
v -325.128 3.99293 108.429 
v -325.035 3.92662 108.407 
v -325.129 3.99926 108.423 
v -325.129 4.00384 108.42 
v -324.992 3.80245 108.39 
v -325.037 3.92616 108.4 
v -325.129 4.00177 108.425 
v -324.997 3.80243 108.382 
v -325.032 3.92954 108.404 
v -325.128 3.99592 108.432 
v -324.989 3.8039 108.385 
v -324.988 3.68182 108.363 
v -325.026 3.93337 108.414 
v -325.128 3.98965 108.438 
v -325.019 3.9367 108.425 
v -325.128 3.98513 108.441 
v -325.017 3.93724 108.432 
v -324.959 3.80678 108.412 
v -324.976 3.80543 108.394 
v -324.964 3.80671 108.404 
v -324.948 3.67502 108.397 
v -324.979 3.68083 108.366 
v -324.966 3.67866 108.377 
v -324.953 3.67642 108.389 
v -324.971 3.58622 108.377 
v -324.967 3.58208 108.386 
v -325.018 3.55552 108.378 
v -325.016 3.56232 108.37 
v -325.011 3.57733 108.362 
v -324.982 3.59524 108.366 
v -325.007 3.59287 108.354 
v -324.993 3.60457 108.355 
v -326.313 2.16975 109.673 
v -326.203 2.59395 109.631 
v -326.222 2.16965 109.728 
v -326.344 1.80251 109.823 
v -326.213 1.76726 109.769 
v -326.343 2.16105 109.564 
v -326.428 1.81917 109.761 
v -326.472 1.80101 109.618 
v -326.458 1.64309 109.845 
v -326.396 1.61483 109.898 
v -326.231 2.58211 109.52 
v -326.165 2.93554 109.496 
v -326.264 1.52271 109.873 
v -326.241 2.94173 109.496 
v -326.218 3.16192 109.483 
v -326.223 3.16193 109.48 
v -326.228 3.34024 109.438 
v -326.246 2.94244 109.494 
v -326.313 2.59054 109.523 
v -326.318 2.59169 109.522 
v -326.431 2.17576 109.569 
v -326.436 2.17728 109.568 
v -326.549 1.82019 109.62 
v -326.554 1.82158 109.62 
v -326.596 1.63284 109.662 
v -326.591 1.6317 109.662 
v -326.517 1.60549 109.657 
v -326.625 1.49734 109.678 
v -326.63 1.4982 109.677 
v -326.548 1.46078 109.676 
v -326.656 1.37833 109.747 
v -326.661 1.37888 109.745 
v -326.483 1.49001 109.891 
v -326.588 1.34083 109.759 
v -326.736 1.22014 109.86 
v -326.74 1.21986 109.857 
v -326.864 1.00829 110.157 
v -326.443 1.44764 109.949 
v -326.514 1.35557 109.947 
v -326.687 1.18842 109.896 
v -326.859 1.01003 110.159 
v -326.825 0.881259 110.27 
v -326.83 0.879288 110.269 
v -326.816 0.982251 110.243 
v -326.802 0.749696 110.451 
v -326.651 1.1776 110.043 
v -326.778 0.86015 110.382 
v -326.797 0.750428 110.45 
v -326.766 0.650063 110.557 
v -326.458 1.2789 110.045 
v -326.54 1.08542 110.176 
v -326.735 0.754583 110.511 
v -326.762 0.649453 110.554 
v -326.644 0.493608 110.677 
v -326.308 1.33787 109.91 
v -326.35 1.11461 110.102 
v -326.467 0.900351 110.294 
v -326.628 0.578357 110.631 
v -326.641 0.492232 110.673 
v -326.504 0.310414 110.83 
v -326.507 0.311897 110.834 
v -326.468 0.383268 110.782 
v -326.285 0.684617 110.482 
v -326.383 0.265628 111.154 
v -326.389 0.26569 111.157 
v -326.175 0.14018 111.371 
v -326.358 0.34912 111.05 
v -326.21 0.692012 110.714 
v -326.188 0.954857 110.256 
v -326.173 0.982347 110.51 
v -326.022 0.543404 110.968 
v -326.124 1.2016 110.051 
v -326.101 1.22604 110.319 
v -325.953 0.83958 110.753 
v -325.905 1.13491 110.553 
v -326.09 1.45994 110.001 
v -326.048 1.47202 110.175 
v -325.842 1.45019 110.32 
v -326.037 1.75412 109.859 
v -325.972 1.76576 109.994 
v -325.877 2.1915 109.89 
v -325.939 2.17323 109.778 
v -325.811 2.62061 109.797 
v -325.772 1.78565 110.109 
v -325.72 2.20742 109.965 
v -325.676 2.61985 109.859 
v -325.557 2.60916 109.796 
v -325.607 2.18759 109.943 
v -325.657 1.76303 110.12 
v -325.701 1.39424 110.293 
v -325.399 1.76798 110.278 
v -325.716 1.04381 110.471 
v -325.446 1.42413 110.441 
v -325.456 1.05955 110.644 
v -325.774 0.720638 110.707 
v -325.482 0.722274 110.934 
v -325.818 0.374174 111.022 
v -326.158 0.200306 111.312 
v -326.172 0.14018 111.367 
v -325.979 0.0178599 111.442 
v -325.965 0.0516049 111.397 
v -325.977 0.0167513 111.438 
v -325.65 0.0711938 111.595 
v -325.652 0.0729467 111.599 
v -325.64 0.100713 111.562 
v -325.531 0.376777 111.273 
v -325.262 0.744407 111.025 
v -325.281 0.39124 111.375 
v -325.353 0.0904418 111.656 
v -325.361 0.0692235 111.687 
v -325.362 0.0711633 111.692 
v -325.104 0.068662 111.69 
v -325.104 0.0474147 111.724 
v -325.104 0.0493478 111.729 
v -324.847 0.0711633 111.692 
v -324.848 0.0692235 111.687 
v -324.557 0.0729467 111.599 
v -325.104 0.391276 111.401 
v -324.856 0.0904418 111.656 
v -324.559 0.0711938 111.595 
v -324.23 0.0178599 111.442 
v -324.928 0.39124 111.375 
v -324.569 0.100713 111.562 
v -324.232 0.0167513 111.438 
v -324.037 0.14018 111.367 
v -324.034 0.14018 111.371 
v -324.244 0.0516049 111.397 
v -323.826 0.265628 111.154 
v -323.82 0.26569 111.157 
v -324.051 0.200306 111.312 
v -323.702 0.311897 110.834 
v -324.391 0.374174 111.022 
v -324.677 0.376777 111.273 
v -324.947 0.744407 111.025 
v -324.727 0.722274 110.934 
v -325.104 0.764738 111.062 
v -325.248 1.08577 110.722 
v -325.253 1.42754 110.517 
v -325.104 1.09392 110.773 
v -324.961 1.08577 110.722 
v -324.753 1.05955 110.644 
v -324.955 1.42754 110.517 
v -325.104 1.43656 110.567 
v -325.227 1.78129 110.347 
v -324.763 1.42413 110.441 
v -325.348 2.19188 110.08 
v -325.318 2.62156 109.906 
v -325.516 2.95892 109.738 
v -325.215 2.20067 110.131 
v -325.308 2.97442 109.835 
v -325.104 1.79584 110.387 
v -325.496 3.25623 109.683 
v -325.197 2.63191 109.96 
v -325.104 2.21507 110.168 
v -324.982 1.78129 110.347 
v -324.994 2.20067 110.131 
v -325.104 2.63621 109.976 
v -325.178 2.97941 109.874 
v -325.298 3.27305 109.775 
v -325.029 3.13475 108.363 
v -325.02 3.13663 108.364 
v -325.02 3.13778 108.36 
v -325.016 3.13817 108.363 
v -325.029 3.13613 108.359 
v -325.038 3.13312 108.362 
v -325.038 3.13428 108.359 
v -325.043 3.13276 108.36 
v -326.848 0.89892 110.28 
v -326.817 0.76678 110.441 
v -326.818 0.989568 110.249 
v -326.666 1.20027 110.059 
v -326.46 1.29764 110.073 
v -326.796 0.880133 110.401 
v -326.541 1.10581 110.199 
v -326.814 0.77595 110.463 
v -326.742 0.774499 110.536 
v -326.765 0.677732 110.574 
v -326.772 0.662445 110.58 
v -326.638 0.519654 110.693 
v -326.641 0.506411 110.706 
v -326.628 0.596294 110.656 
v -326.463 0.919256 110.317 
v -326.344 1.13248 110.126 
v -326.507 0.345715 110.846 
v -326.512 0.328829 110.859 
v -326.48 0.40599 110.803 
v -326.304 0.708956 110.501 
v -326.211 0.976913 110.275 
v -326.395 0.297634 111.158 
v -326.403 0.28368 111.152 
v -326.176 0.159794 111.37 
v -326.373 0.371354 111.065 
v -326.171 0.168394 111.383 
v -326.232 0.710809 110.728 
v -326.158 0.222597 111.333 
v -325.979 0.0464209 111.451 
v -325.984 0.0282302 111.45 
v -325.968 0.0752116 111.418 
v -326.023 0.564616 110.992 
v -325.82 0.397162 111.045 
v -325.774 0.741828 110.734 
v -325.495 0.74139 110.953 
v -325.952 0.859623 110.78 
v -325.718 1.06255 110.5 
v -325.905 1.15447 110.581 
v -326.198 0.998187 110.523 
v -326.127 1.24098 110.332 
v -326.148 1.2188 110.072 
v -326.074 1.48613 110.19 
v -326.115 1.47111 110.019 
v -326.307 1.35161 109.941 
v -326.266 1.53295 109.904 
v -323.766 1.44764 109.949 
v -323.695 1.35557 109.947 
v -323.751 1.2789 110.045 
v -323.726 1.49001 109.891 
v -323.859 1.11461 110.102 
v -323.668 1.08542 110.176 
v -323.742 0.900351 110.294 
v -323.474 0.754583 110.511 
v -323.581 0.578357 110.631 
v -323.447 0.649453 110.554 
v -323.813 1.61483 109.898 
v -323.751 1.64309 109.845 
v -323.865 1.80251 109.823 
v -323.568 0.492232 110.673 
v -323.565 0.493608 110.677 
v -323.996 1.76726 109.769 
v -323.987 2.16965 109.728 
v -324.122 2.16912 109.708 
v -323.945 1.52271 109.873 
v -324.172 1.75412 109.859 
v -324.27 2.17323 109.778 
v -323.901 1.33787 109.91 
v -324.119 1.45994 110.001 
v -324.085 1.2016 110.051 
v -324.021 0.954857 110.256 
v -324.161 1.47202 110.175 
v -323.924 0.684617 110.482 
v -324.108 1.22604 110.319 
v -324.036 0.982347 110.51 
v -323.741 0.383268 110.782 
v -323.999 0.692012 110.714 
v -323.705 0.310414 110.83 
v -323.851 0.34912 111.05 
v -324.187 0.543404 110.968 
v -324.435 0.720638 110.707 
v -324.256 0.83958 110.753 
v -324.493 1.04381 110.471 
v -324.304 1.13491 110.553 
v -324.508 1.39424 110.293 
v -324.367 1.45019 110.32 
v -324.552 1.76303 110.12 
v -324.81 1.76798 110.278 
v -324.237 1.76576 109.994 
v -324.437 1.78565 110.109 
v -324.331 2.1915 109.89 
v -324.398 2.62061 109.797 
v -324.489 2.20742 109.965 
v -324.602 2.18759 109.943 
v -324.861 2.19188 110.08 
v -324.652 2.60916 109.796 
v -324.891 2.62156 109.906 
v -325.012 2.63191 109.96 
v -324.901 2.97442 109.835 
v -324.692 2.95892 109.738 
v -324.533 2.61985 109.859 
v -324.579 2.96557 109.793 
v -324.713 3.25623 109.683 
v -324.911 3.27305 109.775 
v -324.449 2.96382 109.764 
v -324.396 2.95104 109.643 
v -324.413 3.20972 109.618 
v -324.491 3.22565 109.727 
v -324.511 3.4556 109.67 
v -324.606 3.27464 109.744 
v -324.608 3.47581 109.697 
v -324.537 3.69162 109.623 
v -324.475 3.67906 109.552 
v -324.536 3.98198 109.521 
v -324.732 3.4942 109.655 
v -324.915 3.50627 109.715 
v -324.752 3.7105 109.613 
v -324.666 3.70639 109.636 
v -324.606 3.97945 109.544 
v -324.604 4.02933 109.464 
v -324.697 3.98265 109.549 
v -324.75 3.98499 109.552 
v -324.889 3.9844 109.564 
v -324.687 4.03232 109.464 
v -324.84 4.02888 109.469 
v -325.053 4.0307 109.491 
v -325.035 4.0278 109.461 
v -324.813 4.02803 109.422 
v -324.617 4.02993 109.343 
v -324.82 4.02681 109.398 
v -324.879 4.01835 109.309 
v -324.715 4.01776 109.173 
v -324.635 4.02486 109.175 
v -324.705 4.02083 108.96 
v -324.554 4.0325 109.329 
v -324.52 4.02896 109.153 
v -324.613 4.02415 108.95 
v -324.428 4.05051 109.145 
v -324.5 4.02672 108.948 
v -324.221 3.67977 109.569 
v -324.251 3.44513 109.602 
v -324.285 3.68346 109.575 
v -324.355 3.43904 109.589 
v -324.26 3.97931 109.491 
v -324.163 3.43235 109.586 
v -324.384 3.68176 109.569 
v -324.321 3.21518 109.64 
v -324.356 3.96973 109.509 
v -324.349 4.0336 109.439 
v -324.436 3.97378 109.5 
v -324.445 3.44004 109.569 
v -325.155 3.26944 108.388 
v -325.15 3.26802 108.389 
v -325.152 3.26829 108.392 
v -325.143 3.26561 108.394 
v -325.145 3.26593 108.397 
v -325.136 3.26325 108.399 
v -325.138 3.26352 108.402 
v -325.133 3.26209 108.403 
v -324.006 2.59395 109.631 
v -323.896 2.16975 109.673 
v -323.866 2.16105 109.564 
v -323.737 1.80101 109.618 
v -323.778 2.17576 109.569 
v -323.66 1.82019 109.62 
v -323.773 2.17728 109.568 
v -323.655 1.82158 109.62 
v -323.613 1.63284 109.662 
v -323.618 1.6317 109.662 
v -323.781 1.81917 109.761 
v -323.692 1.60549 109.657 
v -323.584 1.49734 109.678 
v -323.579 1.4982 109.677 
v -323.661 1.46078 109.676 
v -323.553 1.37833 109.747 
v -323.548 1.37888 109.745 
v -323.473 1.22014 109.86 
v -323.469 1.21986 109.857 
v -323.345 1.00829 110.157 
v -323.621 1.34083 109.759 
v -323.35 1.01003 110.159 
v -323.384 0.881259 110.27 
v -323.379 0.879288 110.269 
v -323.407 0.749696 110.451 
v -323.522 1.18842 109.896 
v -323.393 0.982251 110.243 
v -323.412 0.750428 110.45 
v -323.443 0.650063 110.557 
v -323.431 0.86015 110.382 
v -323.558 1.1776 110.043 
v -325.603 3.27464 109.744 
v -325.63 2.96557 109.793 
v -325.717 3.22565 109.727 
v -325.76 2.96382 109.764 
v -325.796 3.20972 109.618 
v -325.813 2.95104 109.643 
v -325.887 3.21518 109.64 
v -325.854 3.43904 109.589 
v -325.958 3.44513 109.602 
v -325.99 3.21625 109.621 
v -325.927 2.95507 109.655 
v -325.869 2.59937 109.682 
v -326.016 2.95481 109.641 
v -325.989 2.60349 109.679 
v -326.097 3.1962 109.585 
v -326.046 3.43235 109.586 
v -326.128 3.40671 109.504 
v -326.13 2.94654 109.61 
v -326.094 2.60384 109.67 
v -326.087 2.16912 109.708 
v -326.145 3.17368 109.5 
v -326.223 3.34187 109.441 
v -326.232 3.4312 109.363 
v -326.236 3.42843 109.361 
v -326.216 3.51247 109.245 
v -326.219 3.50918 109.243 
v -326.224 3.56242 109.133 
v -326.228 3.55878 109.132 
v -326.218 3.60756 108.995 
v -326.222 3.60379 108.993 
v -326.232 3.65867 108.86 
v -326.235 3.65497 108.858 
v -326.217 3.72584 108.734 
v -326.221 3.7221 108.732 
v -326.175 3.76463 108.603 
v -326.178 3.76066 108.601 
v -326.136 3.78466 108.491 
v -326.138 3.78054 108.489 
v -326.096 3.80125 108.425 
v -326.097 3.7971 108.422 
v -325.988 3.8503 108.382 
v -325.99 3.85435 108.386 
v -325.827 3.90587 108.382 
v -325.828 3.90984 108.386 
v -325.522 3.94912 108.392 
v -325.521 3.94567 108.388 
v -325.344 3.97195 108.421 
v -325.343 3.96947 108.416 
v -325.166 4.00858 108.478 
v -325.164 4.00849 108.473 
v -325.104 4.01571 108.508 
v -325.104 4.01497 108.512 
v -325.477 3.4942 109.655 
v -325.294 3.50627 109.715 
v -325.171 3.28231 109.822 
v -325.457 3.7105 109.613 
v -325.104 2.98016 109.881 
v -325.031 2.97941 109.874 
v -325.17 3.53052 109.764 
v -325.104 3.28416 109.828 
v -325.038 3.28231 109.822 
v -325.284 3.72243 109.659 
v -325.104 3.53332 109.765 
v -325.039 3.53052 109.764 
v -325.161 3.74261 109.691 
v -325.048 3.74261 109.691 
v -324.925 3.72243 109.659 
v -325.104 3.74973 109.711 
v -325.056 3.97298 109.573 
v -325.153 3.97298 109.573 
v -325.104 3.97297 109.572 
v -325.32 3.9844 109.564 
v -325.156 4.0307 109.491 
v -325.104 4.02593 109.485 
v -325.458 3.98499 109.552 
v -325.512 3.98265 109.549 
v -325.369 4.02888 109.469 
v -325.104 4.02287 109.454 
v -325.522 4.03232 109.464 
v -325.605 4.02933 109.464 
v -325.174 4.0278 109.461 
v -325.396 4.02803 109.422 
v -324.219 3.21625 109.621 
v -324.282 2.95507 109.655 
v -324.112 3.1962 109.585 
v -324.193 2.95481 109.641 
v -324.081 3.40671 109.504 
v -324.22 2.60349 109.679 
v -324.34 2.59937 109.682 
v -324.115 2.60384 109.67 
v -324.079 2.94654 109.61 
v -324.064 3.17368 109.5 
v -324.044 2.93554 109.496 
v -323.991 3.16192 109.483 
v -323.977 2.58211 109.52 
v -323.968 2.94173 109.496 
v -323.986 3.16193 109.48 
v -323.963 2.94244 109.494 
v -323.981 3.34024 109.438 
v -323.896 2.59054 109.523 
v -323.891 2.59169 109.522 
v -323.986 3.34187 109.441 
v -323.977 3.4312 109.363 
v -323.973 3.42843 109.361 
v -323.993 3.51247 109.245 
v -323.99 3.50918 109.243 
v -323.985 3.56242 109.133 
v -323.981 3.55878 109.132 
v -323.991 3.60756 108.995 
v -323.987 3.60379 108.993 
v -323.977 3.65867 108.86 
v -323.974 3.65497 108.858 
v -323.991 3.72584 108.734 
v -323.988 3.7221 108.732 
v -324.034 3.76463 108.603 
v -324.031 3.76066 108.601 
v -324.073 3.78466 108.491 
v -324.071 3.78054 108.489 
v -324.113 3.80125 108.425 
v -324.112 3.7971 108.422 
v -324.22 3.8503 108.382 
v -324.219 3.85435 108.386 
v -324.381 3.90587 108.382 
v -324.381 3.90984 108.386 
v -324.687 3.94912 108.392 
v -324.688 3.94567 108.388 
v -324.865 3.97195 108.421 
v -324.866 3.96947 108.416 
v -325.043 4.00858 108.478 
v -325.045 4.00849 108.473 
v -325.104 4.01571 108.508 
v -325.104 4.01497 108.512 
v -325.86 4.0336 109.439 
v -325.815 4.0399 109.313 
v -325.782 4.03903 109.424 
v -325.773 3.97378 109.5 
v -326.062 4.00734 109.248 
v -326.022 4.04326 109.065 
v -325.971 4.04334 109.269 
v -325.953 4.04525 109.097 
v -326.095 3.9918 109.058 
v -325.781 4.05051 109.145 
v -325.721 4.02693 109.323 
v -325.691 4.02765 109.434 
v -325.654 4.0325 109.329 
v -325.673 3.98198 109.521 
v -325.734 3.67906 109.552 
v -325.825 3.68176 109.569 
v -325.764 3.44004 109.569 
v -325.698 3.4556 109.67 
v -325.672 3.69162 109.623 
v -325.603 3.97945 109.544 
v -325.601 3.47581 109.697 
v -325.543 3.70639 109.636 
v -325.112 3.99629 108.437 
v -325.066 3.86984 108.386 
v -325.069 3.86779 108.392 
v -325.12 3.99204 108.437 
v -325.108 3.99907 108.435 
v -325.112 3.99734 108.434 
v -325.077 3.86395 108.401 
v -325.128 3.98803 108.437 
v -325.041 3.73587 108.362 
v -325.073 3.86771 108.389 
v -325.12 3.9933 108.433 
v -325.045 3.73419 108.37 
v -325.049 3.734 108.366 
v -325.081 3.86386 108.397 
v -325.128 3.98909 108.434 
v -325.016 3.63658 108.354 
v -325.06 3.7307 108.376 
v -325.089 3.86002 108.406 
v -325.132 3.98633 108.435 
v -325.092 3.85796 108.412 
v -325.07 3.72744 108.386 
v -325.074 3.72575 108.394 
v -325.025 3.63321 108.356 
v -325.039 3.62763 108.365 
v -325.052 3.62217 108.374 
v -325.058 3.61953 108.382 
v -325.016 3.56232 108.37 
v -325.018 3.55552 108.378 
v -325.011 3.57733 108.362 
v -325.007 3.59287 108.354 
v -325.004 3.6027 108.353 
v -325.022 3.63396 108.362 
v -325.006 3.59599 108.36 
v -325.055 3.73092 108.381 
v -325.035 3.62851 108.371 
v -325.011 3.58103 108.369 
v -325.086 3.86009 108.409 
v -325.132 3.98633 108.435 
v -325.092 3.85796 108.412 
v -325.066 3.72762 108.391 
v -325.074 3.72575 108.394 
v -325.049 3.62291 108.38 
v -325.015 3.5654 108.376 
v -325.058 3.61953 108.382 
v -325.018 3.55552 108.378 
v -325.924 3.68346 109.575 
v -325.988 3.67977 109.569 
v -325.949 3.97931 109.491 
v -326.076 3.68911 109.516 
v -326.051 3.96762 109.455 
v -325.853 3.96973 109.509 
v -326.11 3.90829 109.393 
v -325.954 4.03176 109.4 
v -326.049 4.0048 109.37 
v -325.88 4.04615 109.329 
v -326.112 3.94391 109.291 
v -323.963 2.94276 109.5 
v -323.95 3.13921 109.435 
v -323.928 2.93417 109.46 
v -323.985 3.16286 109.486 
v -323.892 2.59198 109.527 
v -323.928 3.13715 109.426 
v -323.946 3.25132 109.365 
v -323.905 2.93697 109.455 
v -323.967 3.25947 109.376 
v -323.98 3.34251 109.443 
v -323.946 3.32481 109.304 
v -323.856 2.5824 109.485 
v -323.833 2.58786 109.481 
v -323.774 2.17765 109.573 
v -323.964 3.33701 109.315 
v -323.971 3.432 109.364 
v -323.976 3.4138 109.201 
v -323.958 3.39966 109.191 
v -323.987 3.51331 109.246 
v -323.737 2.16556 109.529 
v -323.656 1.8221 109.625 
v -323.713 2.17245 109.527 
v -323.616 1.82208 109.599 
v -323.593 1.82855 109.599 
v -323.973 3.46891 109.102 
v -323.978 3.56313 109.133 
v -323.956 3.4535 109.095 
v -323.983 3.52402 108.974 
v -326.224 3.16286 109.486 
v -326.246 2.94276 109.5 
v -326.259 3.13921 109.435 
v -326.281 2.93417 109.46 
v -326.317 2.59198 109.527 
v -326.242 3.25947 109.376 
v -326.229 3.34251 109.443 
v -326.281 3.13715 109.426 
v -326.263 3.25132 109.365 
v -326.304 2.93697 109.455 
v -326.263 3.32481 109.304 
v -326.245 3.33701 109.315 
v -326.238 3.432 109.364 
v -326.352 2.5824 109.485 
v -326.376 2.58786 109.481 
v -326.435 2.17765 109.573 
v -326.233 3.4138 109.201 
v -326.222 3.51331 109.246 
v -326.251 3.39966 109.191 
v -326.472 2.16556 109.529 
v -326.552 1.8221 109.625 
v -326.495 2.17245 109.527 
v -326.593 1.82208 109.599 
v -326.616 1.82855 109.599 
v -326.236 3.46891 109.102 
v -326.253 3.4535 109.095 
v -326.231 3.56313 109.133 
v -326.226 3.52402 108.974 
v -325.11 3.39748 108.398 
v -325.133 3.26209 108.403 
v -325.103 3.39686 108.402 
v -325.136 3.26325 108.399 
v -325.138 3.26352 108.402 
v -325.118 3.39815 108.388 
v -325.145 3.26593 108.397 
v -325.152 3.26829 108.392 
v -325.108 3.47668 108.4 
v -325.126 3.3987 108.377 
v -325.155 3.26944 108.388 
v -325.129 3.39875 108.369 
v -325.117 3.47691 108.388 
v -325.125 3.47725 108.376 
v -325.127 3.47767 108.368 
v -325.141 3.5373 108.382 
v -325.137 3.53685 108.388 
v -325.155 3.59771 108.401 
v -325.114 3.53757 108.405 
v -325.126 3.53708 108.397 
v -325.122 3.60007 108.415 
v -325.136 3.59875 108.411 
v -325.149 3.5977 108.406 
v -325.159 3.66616 108.422 
v -325.167 3.66573 108.418 
v -325.145 3.6677 108.424 
v -325.169 3.73864 108.431 
v -325.177 3.73806 108.428 
v -325.153 3.74005 108.432 
v -325.173 3.81477 108.433 
v -325.182 3.81494 108.43 
v -325.169 3.90116 108.429 
v -325.158 3.81447 108.434 
v -325.149 3.89635 108.432 
v -325.162 3.89944 108.432 
v -325.122 4.00487 108.435 
v -325.118 4.00245 108.437 
v -325.11 3.99827 108.437 
v -325.102 3.99417 108.436 
v -325.137 3.89329 108.432 
v -325.038 3.13312 108.362 
v -325.069 3.27636 108.388 
v -325.067 3.27538 108.394 
v -325.071 3.35905 108.401 
v -325.06 3.27447 108.404 
v -325.029 3.13475 108.363 
v -325.071 3.35944 108.393 
v -325.052 3.2738 108.413 
v -325.068 3.42507 108.4 
v -325.067 3.425 108.393 
v -325.02 3.13663 108.364 
v -325.065 3.49826 108.395 
v -325.068 3.3585 108.413 
v -325.065 3.42496 108.412 
v -325.064 3.49799 108.402 
v -325.062 3.5853 108.403 
v -325.059 3.49723 108.413 
v -325.061 3.42479 108.424 
v -325.052 3.4964 108.423 
v -325.04 3.58211 108.425 
v -325.047 3.49581 108.428 
v -325.064 3.35799 108.425 
v -325.057 3.42456 108.429 
v -325.059 3.35779 108.43 
v -325.046 3.27391 108.416 
v -325.016 3.13817 108.363 
v -325.059 3.35817 108.423 
v -325.048 3.27487 108.41 
v -325.02 3.13778 108.36 
v -325.029 3.13613 108.359 
v -325.057 3.4245 108.422 
v -325.062 3.35872 108.411 
v -325.056 3.27575 108.401 
v -325.038 3.13428 108.359 
v -325.063 3.27645 108.391 
v -325.043 3.13276 108.36 
v -325.069 3.27636 108.388 
v -325.066 3.35924 108.399 
v -325.071 3.35944 108.393 
v -325.06 3.42461 108.41 
v -325.063 3.42478 108.399 
v -325.067 3.425 108.393 
v -325.048 3.49609 108.421 
v -325.054 3.49686 108.41 
v -325.06 3.49767 108.399 
v -325.065 3.49826 108.395 
v -325.034 3.58135 108.427 
v -325.037 3.582 108.421 
v -325.046 3.58326 108.413 
v -325.056 3.58455 108.406 
v -325.062 3.5853 108.403 
v -325.021 3.67842 108.426 
v -325.026 3.67896 108.422 
v -325.038 3.67988 108.418 
v -325.049 3.68079 108.414 
v -325.056 3.68125 108.414 
v -325.053 3.78069 108.422 
v -325.047 3.78125 108.42 
v -325.071 3.88236 108.427 
v -325.035 3.78213 108.421 
v -325.065 3.88455 108.425 
v -325.137 3.99076 108.435 
v -325.133 3.99418 108.433 
v -325.055 3.88843 108.424 
v -325.127 4.0003 108.433 
v -325.12 4.00638 108.433 
v -325.023 3.78298 108.422 
v -325.046 3.89228 108.425 
v -325.116 4.0096 108.435 
v -325.017 3.78336 108.425 
v -325.04 3.8943 108.427 
v -325.12 4.00618 108.437 
v -325.046 3.89211 108.429 
v -325.024 3.7828 108.427 
v -325.055 3.88822 108.429 
v -325.126 4.00005 108.437 
v -325.133 3.99396 108.437 
v -325.028 3.67888 108.426 
v -325.036 3.78192 108.426 
v -325.04 3.67979 108.423 
v -325.065 3.88437 108.429 
v -325.071 3.88236 108.427 
v -325.137 3.99076 108.435 
v -325.047 3.78107 108.424 
v -325.053 3.78069 108.422 
v -325.051 3.68072 108.418 
v -325.056 3.68125 108.414 
v -325.059 3.58467 108.409 
v -325.05 3.5834 108.417 
v -325.33 4.01835 109.309 
v -325.494 4.01776 109.173 
v -325.479 4.03172 109.165 
v -325.504 4.02083 108.96 
v -325.322 4.03225 109.293 
v -325.488 4.03512 108.963 
v -325.104 4.02016 109.349 
v -325.396 4.03284 108.7 
v -325.104 4.03415 109.333 
v -325.409 4.01724 108.69 
v -325.104 4.01497 108.512 
v -325.104 4.03154 108.522 
v -324.887 4.03225 109.293 
v -324.879 4.01835 109.309 
v -324.73 4.03172 109.165 
v -324.715 4.01776 109.173 
v -324.705 4.02083 108.96 
v -324.721 4.03512 108.963 
v -324.813 4.03284 108.7 
v -324.8 4.01724 108.69 
v -325.104 4.01497 108.512 
v -325.104 4.03154 108.522 
v -325.132 3.89976 108.409 
v -325.127 3.99398 108.437 
v -325.132 3.99469 108.435 
v -325.118 3.99269 108.437 
v -325.127 3.994 108.434 
v -325.127 3.89951 108.408 
v -325.118 3.99271 108.433 
v -325.124 3.89673 108.421 
v -325.109 3.99141 108.434 
v -325.122 3.89399 108.434 
v -325.105 3.9907 108.435 
v -325.123 3.89261 108.441 
v -325.142 3.79926 108.421 
v -325.137 3.8002 108.414 
v -325.159 3.72209 108.406 
v -325.132 3.80284 108.399 
v -325.153 3.72113 108.399 
v -325.179 3.67278 108.404 
v -325.148 3.72097 108.383 
v -325.176 3.66842 108.397 
v -325.202 3.65316 108.406 
v -325.198 3.65854 108.411 
v -325.222 3.6907 108.423 
v -325.229 3.68925 108.419 
v -325.233 3.77875 108.435 
v -325.208 3.64716 108.394 
v -325.239 3.77961 108.431 
v -325.2 3.89195 108.436 
v -325.238 3.68821 108.41 
v -325.247 3.78115 108.42 
v -325.206 3.89553 108.434 
v -325.111 3.98988 108.423 
v -325.113 3.99265 108.427 
v -325.216 3.90108 108.427 
v -325.117 3.99915 108.432 
v -325.255 3.78267 108.409 
v -325.224 3.90642 108.419 
v -325.12 4.00595 108.437 
v -325.128 4.00268 108.449 
v -325.089 3.9738 108.438 
v -325.089 4.00338 108.445 
v -325.067 3.97642 108.424 
v -325.067 4.006 108.431 
v -325.09 3.95812 108.422 
v -325.09 4.02345 108.438 
v -325.129 3.95742 108.425 
v -325.129 4.02275 108.442 
v -325.152 4.00445 108.44 
v -325.128 3.9731 108.442 
v -325.152 3.97487 108.432 
v -325.228 3.90876 108.412 
v -325.12 4.00595 108.437 
v -325.123 4.01041 108.438 
v -324.699 4.02128 108.705 
v -324.8 4.01724 108.69 
v -325.043 4.00858 108.478 
v -325.104 4.01497 108.512 
v -324.587 4.02325 108.696 
v -324.749 4.01363 108.49 
v -324.865 3.97195 108.421 
v -324.676 3.97181 108.406 
v -324.687 3.94912 108.392 
v -324.555 4.01826 108.509 
v -324.48 4.03442 108.691 
v -324.381 4.04644 108.941 
v -324.378 3.94396 108.391 
v -324.381 3.90984 108.386 
v -324.359 3.97686 108.4 
v -324.209 3.92795 108.397 
v -324.219 3.85435 108.386 
v -324.333 4.02965 108.534 
v -324.182 3.97508 108.427 
v -324.125 3.91581 108.424 
v -324.113 3.80125 108.425 
v -324.204 4.00695 108.475 
v -324.076 3.90963 108.487 
v -324.073 3.78466 108.491 
v -324.096 3.94027 108.489 
v -324.13 3.97948 108.492 
v -324.051 3.87498 108.608 
v -324.034 3.76463 108.603 
v -324.078 3.95085 108.661 
v -324.18 4.03394 108.65 
v -324.107 3.99175 108.691 
v -324.013 3.82535 108.754 
v -323.991 3.72584 108.734 
v -324.27 4.04203 108.656 
v -324.154 4.02554 108.882 
v -324.23 4.04888 108.915 
v -324.256 4.04525 109.097 
v -324.187 4.04326 109.065 
v -324.113 3.99422 108.903 
v -324.114 3.9918 109.058 
v -324.077 3.97214 108.86 
v -324.055 3.92605 108.944 
v -324.06 3.93214 108.829 
v -323.987 3.78632 108.905 
v -323.977 3.65867 108.86 
v -323.991 3.60756 108.995 
v -324 3.77212 109.031 
v -324.041 3.88994 109.099 
v -324.003 3.72575 109.182 
v -323.985 3.56242 109.133 
v -324.004 3.67238 109.295 
v -323.993 3.51247 109.245 
v -324.042 3.84826 109.242 
v -324.101 3.97741 109.157 
v -324.147 4.00734 109.248 
v -324.097 3.94391 109.291 
v -324.047 3.81403 109.361 
v -324.238 4.04334 109.269 
v -324.16 4.0048 109.37 
v -324.099 3.90829 109.393 
v -324.081 3.61977 109.457 
v -323.99 3.48469 109.385 
v -323.977 3.4312 109.363 
v -324.133 3.68911 109.516 
v -324.158 3.96762 109.455 
v -324.255 4.03176 109.4 
v -324.329 4.04615 109.329 
v -324.394 4.0399 109.313 
v -324.427 4.03903 109.424 
v -324.488 4.02693 109.323 
v -324.518 4.02765 109.434 
v -325.592 4.02993 109.343 
v -325.389 4.02681 109.398 
v -325.104 4.02016 109.349 
v -325.33 4.01835 109.309 
v -325.494 4.01776 109.173 
v -325.574 4.02486 109.175 
v -325.504 4.02083 108.96 
v -325.689 4.02896 109.153 
v -325.596 4.02415 108.95 
v -325.51 4.02128 108.705 
v -325.409 4.01724 108.69 
v -325.709 4.02672 108.948 
v -325.166 4.00858 108.478 
v -325.104 4.01497 108.512 
v -325.622 4.02325 108.696 
v -325.46 4.01363 108.49 
v -325.344 3.97195 108.421 
v -325.828 4.04644 108.941 
v -325.729 4.03442 108.691 
v -325.654 4.01826 108.509 
v -325.533 3.97181 108.406 
v -325.522 3.94912 108.392 
v -325.979 4.04888 108.915 
v -325.939 4.04203 108.656 
v -326.055 4.02554 108.882 
v -325.831 3.94396 108.391 
v -325.828 3.90984 108.386 
v -325.85 3.97686 108.4 
v -326 3.92795 108.397 
v -325.99 3.85435 108.386 
v -325.875 4.02965 108.534 
v -326.084 3.91581 108.424 
v -326.096 3.80125 108.425 
v -326.027 3.97508 108.427 
v -326.005 4.00695 108.475 
v -326.029 4.03394 108.65 
v -326.133 3.90963 108.487 
v -326.136 3.78466 108.491 
v -326.113 3.94027 108.489 
v -326.079 3.97948 108.492 
v -326.158 3.87498 108.608 
v -326.175 3.76463 108.603 
v -326.102 3.99175 108.691 
v -326.131 3.95085 108.661 
v -326.196 3.82535 108.754 
v -326.217 3.72584 108.734 
v -326.149 3.93214 108.829 
v -326.222 3.78632 108.905 
v -326.232 3.65867 108.86 
v -326.218 3.60756 108.995 
v -326.131 3.97214 108.86 
v -326.154 3.92605 108.944 
v -326.096 3.99422 108.903 
v -326.208 3.77212 109.031 
v -326.168 3.88994 109.099 
v -326.206 3.72575 109.182 
v -326.224 3.56242 109.133 
v -326.108 3.97741 109.157 
v -326.167 3.84826 109.242 
v -326.205 3.67238 109.295 
v -326.216 3.51247 109.245 
v -326.162 3.81403 109.361 
v -326.128 3.61977 109.457 
v -326.219 3.48469 109.385 
v -326.232 3.4312 109.363 
v -326.243 3.50745 108.968 
v -326.224 3.6081 108.995 
v -326.238 3.56771 108.842 
v -326.255 3.55119 108.835 
v -326.238 3.65912 108.86 
v -326.24 3.61376 108.723 
v -326.225 3.62984 108.734 
v -326.224 3.72633 108.732 
v -326.183 3.68453 108.608 
v -326.197 3.66713 108.598 
v -326.181 3.76508 108.601 
v -326.143 3.70327 108.494 
v -326.155 3.68505 108.484 
v -326.141 3.78488 108.488 
v -326.093 3.72868 108.424 
v -326.098 3.71 108.409 
v -326.1 3.80115 108.42 
v -325.983 3.74847 108.373 
v -325.986 3.76683 108.39 
v -325.99 3.85424 108.379 
v -325.834 3.80863 108.367 
v -325.839 3.82629 108.383 
v -325.828 3.91023 108.379 
v -325.538 3.88017 108.38 
v -325.522 3.95053 108.386 
v -325.534 3.8636 108.362 
v -325.344 3.97441 108.415 
v -325.294 3.93187 108.403 
v -325.287 3.9201 108.381 
v -325.104 3.97877 108.43 
v -325.104 3.98263 108.45 
v -325.166 4.01377 108.474 
v -325.104 4.02056 108.509 
v -323.985 3.6081 108.995 
v -323.966 3.50745 108.968 
v -323.97 3.56771 108.842 
v -323.954 3.55119 108.835 
v -323.971 3.65912 108.86 
v -323.969 3.61376 108.723 
v -323.984 3.62984 108.734 
v -323.985 3.72633 108.732 
v -324.026 3.68453 108.608 
v -324.012 3.66713 108.598 
v -324.028 3.76508 108.601 
v -324.066 3.70327 108.494 
v -324.054 3.68505 108.484 
v -324.068 3.78488 108.488 
v -324.116 3.72868 108.424 
v -324.111 3.71 108.409 
v -324.109 3.80115 108.42 
v -324.226 3.74847 108.373 
v -324.223 3.76683 108.39 
v -324.218 3.85424 108.379 
v -324.375 3.80863 108.367 
v -324.37 3.82629 108.383 
v -324.38 3.91023 108.379 
v -324.671 3.88017 108.38 
v -324.687 3.95053 108.386 
v -324.675 3.8636 108.362 
v -324.865 3.97441 108.415 
v -324.915 3.93187 108.403 
v -324.922 3.9201 108.381 
v -325.104 3.97877 108.43 
v -325.104 3.98263 108.45 
v -325.043 4.01377 108.474 
v -325.104 4.02056 108.509 
v -325.675 0.0748407 111.667 
v -325.377 0.0851833 111.76 
v -325.363 0.0794164 111.696 
v -325.104 0.0628623 111.735 
v -325.104 0.0569948 111.784 
v -325.655 0.0863262 111.603 
v -325.38 0.0669066 111.776 
v -325.104 0.0386672 111.8 
v -325.68 0.056013 111.683 
v -326.003 0.0294609 111.514 
v -324.534 0.0748407 111.667 
v -324.846 0.0794164 111.696 
v -324.832 0.0851833 111.76 
v -325.104 0.0628623 111.735 
v -325.104 0.0569948 111.784 
v -324.553 0.0863262 111.603 
v -324.829 0.0669066 111.776 
v -325.104 0.0386672 111.8 
v -324.529 0.056013 111.683 
v -324.206 0.0294609 111.514 

vn -0.0472441 -0.992126 0.0866142 
vn 0.0551181 -0.992126 0.0787402 
vn 0.0393701 -0.937008 -0.346457 
vn 0 -1 0.0708661 
vn 0 -0.929134 -0.362205 
vn 0 -0.889764 0.448819 
vn -0.11811 -0.889764 0.448819 
vn -0.0866142 -0.905512 0.425197 
vn 0.19685 -0.929134 -0.307087 
vn -0.23622 -0.944882 0.212598 
vn -0.0866142 -0.984252 -0.141732 
vn 0.0551181 -0.874016 -0.488189 
vn -0.188976 -0.905512 -0.385827 
vn 0.173228 -0.692913 -0.700787 
vn -0.0551181 -0.992126 0.0787402 
vn 0.0472441 -0.992126 0.0866142 
vn -0.0393701 -0.937008 -0.346457 
vn 0 -1 0.0708661 
vn 0 -0.929134 -0.362205 
vn 0 -0.889764 0.448819 
vn 0.11811 -0.889764 0.448819 
vn 0.0866142 -0.905512 0.425197 
vn -0.19685 -0.929134 -0.307087 
vn 0.23622 -0.944882 0.212598 
vn 0.0866142 -0.984252 -0.141732 
vn -0.0551181 -0.874016 -0.488189 
vn 0.188976 -0.905512 -0.385827 
vn -0.173228 -0.692913 -0.700787 
vn 0.0472441 1 0 
vn 0.023622 1 -0.015748 
vn 0.0393701 1 -0.00787402 
vn 0 1 -0.0393701 
vn 0.110236 0.992126 -0.0314961 
vn 0.102362 0.992126 -0.00787402 
vn 0.0787402 1 0.00787402 
vn 0.0551181 1 -0.015748 
vn 0.141732 0.84252 -0.519685 
vn 0 0.818898 -0.574803 
vn 0 0.496063 -0.866142 
vn 0.244094 0.543307 -0.80315 
vn 0.181102 0.535433 -0.818898 
vn 0.015748 0.968504 -0.259843 
vn 0.11811 0.653543 -0.748031 
vn 0.228346 0.228346 -0.944882 
vn 0.125984 0.496063 -0.858268 
vn 0.173228 -0.133858 -0.976378 
vn 0.0314961 0.976378 -0.228346 
vn 0.0708661 0.15748 -0.984252 
vn 0.11811 -0.448819 -0.889764 
vn 0.00787402 0.787402 -0.614173 
vn 0.0629921 -0.173228 -0.984252 
vn 0.0787402 -0.559055 -0.826772 
vn -0.023622 0.370079 -0.929134 
vn -0.023622 0.771654 -0.637795 
vn 0.0708661 1 -0.0314961 
vn -0.102362 -0.23622 -0.968504 
vn -0.00787402 0.968504 -0.23622 
vn -0.188976 0.283465 -0.937008 
vn -0.377953 -0.606299 -0.700787 
vn -0.307087 0.692913 -0.653543 
vn -0.19685 0.929134 -0.322835 
vn -0.598425 0.291339 -0.748031 
vn -0.543307 -0.299213 -0.787402 
vn -0.866142 -0.228346 -0.440945 
vn -0.724409 -0.519685 -0.448819 
vn -0.889764 0.275591 -0.354331 
vn -0.76378 0.559055 -0.314961 
vn -0.944882 -0.125984 -0.307087 
vn -0.834646 -0.409449 -0.370079 
vn -0.944882 0.291339 -0.15748 
vn -0.84252 -0.401575 -0.362205 
vn -0.850394 0.519685 -0.0944882 
vn -0.590551 0.748031 -0.307087 
vn -0.944882 0.299213 -0.110236 
vn -0.96063 -0.110236 -0.251969 
vn -0.771654 -0.574803 -0.283465 
vn -0.330709 0.937008 -0.0866142 
vn -0.952756 -0.251969 -0.149606 
vn -0.968504 0.244094 0.015748 
vn -0.944882 -0.322835 -0.0787402 
vn -0.748031 -0.629921 -0.204724 
vn -0.787402 -0.582677 -0.19685 
vn -0.889764 0.464567 -0.0472441 
vn -0.685039 0.724409 -0.0629921 
vn -0.755906 0.661417 0 
vn -0.858268 0.511811 0.0314961 
vn -0.637795 0.771654 0.0314961 
vn -0.393701 0.92126 -0.00787402 
vn -0.669291 0.748031 0.0393701 
vn -0.976378 0.19685 0.0708661 
vn -0.897638 0.433071 0.0708661 
vn -0.755906 0.653543 0.0708661 
vn -0.330709 0.944882 0.023622 
vn -0.929134 0.354331 0.125984 
vn -0.984252 0.165354 0.0708661 
vn -0.96063 0.165354 0.212598 
vn -0.96063 -0.259843 -0.0787402 
vn -0.952756 -0.251969 -0.165354 
vn -0.732283 -0.582677 -0.354331 
vn -0.795276 -0.511811 -0.330709 
vn -0.92126 0.149606 0.370079 
vn -0.811024 0.165354 0.559055 
vn -0.700787 0.141732 0.700787 
vn -0.889764 -0.015748 0.456693 
vn -0.984252 -0.188976 -0.0314961 
vn -0.976378 -0.188976 -0.102362 
vn 0.00787402 0.968504 -0.23622 
vn 0.0551181 1 -0.0708661 
vn 0.338583 0.937008 -0.0866142 
vn 0.393701 0.92126 -0.00787402 
vn -0.0708661 1 -0.0314961 
vn -0.0314961 0.976378 -0.228346 
vn -0.0551181 1 -0.015748 
vn -0.102362 0.992126 -0.00787402 
vn 0.669291 0.740157 0.0393701 
vn 0.637795 0.771654 0.0314961 
vn 0.858268 0.511811 0.0314961 
vn -0.0708661 1 -0.015748 
vn -0.0787402 1 0.00787402 
vn -0.110236 0.992126 -0.0314961 
vn 0.0866142 1 -0.015748 
vn 0.0393701 1 0.00787402 
vn -0.0314961 1 0.015748 
vn 0.330709 0.944882 0.023622 
vn 0 1 0.0551181 
vn 0.0472441 0.96063 0.267717 
vn -0.0472441 1 0.023622 
vn -0.0393701 0.952756 0.291339 
vn 0 0.535433 0.84252 
vn 0.00787402 1 0.0472441 
vn 0.0393701 0.905512 0.417323 
vn 0.0314961 0.511811 0.858268 
vn 0.259843 0.582677 0.771654 
vn 0.212598 0.929134 0.299213 
vn 0.598425 0.543307 0.590551 
vn 0.220472 0.976378 0.0629921 
vn 0.559055 0.795276 0.228346 
vn 0.574803 0.811024 0.0944882 
vn 0.850394 0.377953 0.370079 
vn 0.669291 0.188976 0.716535 
vn 0.811024 0.165354 0.559055 
vn 0.826772 0.543307 0.149606 
vn 0.88189 0.275591 0.377953 
vn 0.96063 0.165354 0.212598 
vn 0.755906 0.653543 0.0708661 
vn 0.929134 0.354331 0.125984 
vn 0.897638 0.433071 0.0708661 
vn 0.984252 0.165354 0.0708661 
vn 0.976378 0.19685 0.0708661 
vn 0.968504 0.23622 0.015748 
vn 0.944882 -0.322835 -0.0787402 
vn 0.952756 -0.251969 -0.149606 
vn 0.96063 -0.259843 -0.0787402 
vn 0.952756 -0.251969 -0.165354 
vn 0.771654 -0.574803 -0.283465 
vn 0.787402 -0.582677 -0.19685 
vn 0.748031 -0.629921 -0.204724 
vn -0.952756 -0.141732 -0.267717 
vn -0.976378 0.19685 0.0551181 
vn -0.968504 0.19685 -0.165354 
vn -0.740157 -0.535433 -0.409449 
vn -0.771654 -0.488189 -0.417323 
vn -0.92126 -0.149606 -0.362205 
vn -0.937008 0.212598 -0.283465 
vn -0.645669 -0.598425 -0.472441 
vn -0.850394 -0.220472 -0.480315 
vn -0.874016 0.204724 -0.433071 
vn -0.559055 -0.23622 -0.795276 
vn -0.314961 -0.614173 -0.724409 
vn -0.582677 0.15748 -0.795276 
vn -0.110236 -0.23622 -0.968504 
vn 0.0551181 -0.559055 -0.826772 
vn -0.173228 0.11811 -0.976378 
vn 0.133858 -0.535433 -0.834646 
vn 0.0393701 -0.173228 -0.984252 
vn -0.0393701 0.204724 -0.976378 
vn 0.0629921 -0.102362 -0.992126 
vn 0.125984 -0.456693 -0.88189 
vn 0 0.330709 -0.944882 
vn 0.244094 -0.259843 -0.937008 
vn 0.149606 0.204724 -0.968504 
vn 0.0314961 0.645669 -0.76378 
vn 0 -0.141732 -0.992126 
vn 0 0.732283 -0.685039 
vn 0 0.551181 -0.834646 
vn 0 0.818898 -0.574803 
vn 0 0.913386 -0.401575 
vn 0.976378 0.19685 0.0551181 
vn 0.952756 -0.141732 -0.267717 
vn 0.968504 0.19685 -0.165354 
vn 0.771654 -0.488189 -0.417323 
vn 0.740157 -0.535433 -0.409449 
vn 0.92126 -0.149606 -0.362205 
vn 0.937008 0.212598 -0.283465 
vn 0.645669 -0.598425 -0.472441 
vn 0.850394 -0.220472 -0.480315 
vn 0.874016 0.204724 -0.433071 
vn 0.559055 -0.23622 -0.795276 
vn 0.314961 -0.614173 -0.724409 
vn 0.582677 0.15748 -0.795276 
vn 0.110236 -0.23622 -0.968504 
vn -0.0551181 -0.559055 -0.826772 
vn 0.173228 0.11811 -0.976378 
vn -0.133858 -0.535433 -0.834646 
vn -0.0393701 -0.173228 -0.984252 
vn 0.0393701 0.204724 -0.976378 
vn -0.0629921 -0.102362 -0.992126 
vn -0.125984 -0.456693 -0.88189 
vn 0 0.330709 -0.944882 
vn -0.244094 -0.259843 -0.937008 
vn -0.15748 0.204724 -0.968504 
vn -0.0314961 0.645669 -0.76378 
vn 0 -0.141732 -0.992126 
vn 0 0.732283 -0.685039 
vn 0 0.551181 -0.834646 
vn 0 0.818898 -0.574803 
vn 0 0.913386 -0.401575 
vn -0.307087 0.472441 -0.826772 
vn 0.125984 -0.0393701 -0.992126 
vn -0.307087 -0.0472441 -0.952756 
vn -0.850394 0.448819 -0.283465 
vn -0.850394 -0.283465 -0.440945 
vn -0.322835 0.92126 -0.212598 
vn -0.322835 -0.755906 -0.574803 
vn 0.23622 0.937008 -0.267717 
vn 0.23622 -0.740157 -0.629921 
vn 0.76378 -0.244094 -0.598425 
vn 0.125984 0.488189 -0.866142 
vn 0.755906 0.480315 -0.440945 
vn -0.0551181 1 -0.0708661 
vn -0.0866142 0.992126 -0.015748 
vn -0.0393701 1 0.00787402 
vn 0.0708661 1 -0.015748 
vn 0.889764 -0.0866142 -0.448819 
vn 0.716535 0.685039 0.102362 
vn 0.645669 0.692913 -0.322835 
vn 0.307087 0.669291 -0.677165 
vn 0.992126 -0.0393701 0.141732 
vn 0.417323 -0.0787402 -0.905512 
vn 0.771654 0.0472441 0.637795 
vn 0 0.669291 -0.740157 
vn 0.535433 0.732283 0.417323 
vn 0.511811 0.133858 0.850394 
vn 0.362205 0.724409 0.582677 
vn 0 -0.0629921 -1 
vn -0.425197 -0.0787402 -0.905512 
vn -0.307087 0.669291 -0.677165 
vn -0.889764 -0.0866142 -0.448819 
vn -0.645669 0.692913 -0.322835 
vn -0.716535 0.685039 0.102362 
vn -0.992126 -0.0393701 0.141732 
vn -0.771654 0.0472441 0.637795 
vn -0.535433 0.732283 0.417323 
vn -0.511811 0.133858 0.850394 
vn -0.362205 0.724409 0.582677 
vn -0.740157 -0.125984 -0.661417 
vn -0.15748 -0.937008 0.314961 
vn -0.795276 -0.385827 0.464567 
vn -0.716535 0.11811 -0.685039 
vn 0.307087 0.0314961 -0.952756 
vn -0.771654 0.511811 -0.385827 
vn -0.661417 0.724409 -0.19685 
vn 0.0393701 0.141732 -0.992126 
vn 0.149606 -0.0629921 -0.984252 
vn 0.598425 0.0314961 -0.795276 
vn 0.448819 -0.110236 -0.889764 
vn 0.220472 -0.23622 -0.944882 
vn 0.551181 0.354331 -0.755906 
vn 0.551181 -0.244094 -0.80315 
vn 0.740157 -0.669291 0 
vn 0.708661 -0.417323 0.566929 
vn 0.748031 0 -0.669291 
vn 0.858268 -0.023622 -0.511811 
vn 0.559055 -0.110236 0.818898 
vn 0.519685 -0.00787402 0.858268 
vn 0.787402 0.409449 -0.464567 
vn 0.354331 -0.015748 0.937008 
vn 0.685039 0.385827 -0.614173 
vn 0.0551181 0.944882 -0.314961 
vn 0 0.102362 0.992126 
vn 0.023622 0.866142 -0.496063 
vn -0.0472441 0.740157 -0.669291 
vn -0.771654 0.637795 -0.0708661 
vn -0.732283 0.637795 -0.251969 
vn -0.456693 -0.598425 -0.653543 
vn -0.669291 0.582677 -0.464567 
vn 0.700787 -0.716535 0.0708661 
vn 0.716535 -0.653543 0.251969 
vn 0.165354 -0.409449 -0.897638 
vn 0.944882 -0.314961 0.0787402 
vn 0.338583 -0.015748 -0.937008 
vn 0.251969 0.204724 -0.944882 
vn 0.992126 -0.0866142 -0.00787402 
vn -0.275591 0.291339 -0.913386 
vn -0.92126 0.173228 -0.354331 
vn -0.834646 0.314961 -0.456693 
vn -0.913386 0.314961 -0.267717 
vn -0.968504 0.173228 -0.165354 
vn -0.952756 0.299213 -0.0787402 
vn -0.244094 -0.0393701 0.968504 
vn -0.984252 0.173228 0.0314961 
vn -0.181102 -0.15748 0.968504 
vn 0.299213 -0.149606 0.944882 
vn -0.850394 0.110236 0.519685 
vn 0.708661 -0.0866142 0.700787 
vn -0.944882 0.0551181 0.330709 
vn -0.582677 0.0787402 0.811024 
vn -0.992126 0.00787402 -0.125984 
vn -0.944882 -0.204724 -0.251969 
vn -0.330709 -0.448819 -0.826772 
vn -0.889764 -0.330709 -0.314961 
vn -0.480315 -0.110236 -0.866142 
vn -0.228346 -0.724409 -0.645669 
vn -0.984252 0.149606 0.0314961 
vn -0.102362 -0.866142 -0.488189 
vn -0.606299 0.0393701 -0.795276 
vn -0.88189 -0.401575 -0.244094 
vn -0.669291 0.0944882 -0.740157 
vn -0.866142 -0.472441 -0.165354 
vn -0.96063 0.244094 0.11811 
vn -0.149606 -0.92126 -0.354331 
vn -0.708661 0.133858 -0.692913 
vn -0.850394 -0.496063 -0.149606 
vn -0.937008 0.307087 0.173228 
vn -0.771654 0.0944882 -0.629921 
vn -0.929134 0.299213 0.23622 
vn -0.0551181 -0.944882 -0.330709 
vn -0.834646 -0.503937 -0.228346 
vn -0.102362 -0.905512 -0.409449 
vn 0.944882 -0.204724 -0.251969 
vn 0.992126 0.00787402 -0.125984 
vn 0.330709 -0.448819 -0.826772 
vn 0.889764 -0.330709 -0.314961 
vn 0.480315 -0.110236 -0.866142 
vn 0.228346 -0.724409 -0.645669 
vn 0.984252 0.149606 0.0314961 
vn 0.102362 -0.866142 -0.488189 
vn 0.606299 0.0393701 -0.795276 
vn 0.88189 -0.401575 -0.244094 
vn 0.669291 0.0944882 -0.740157 
vn 0.866142 -0.472441 -0.165354 
vn 0.96063 0.244094 0.11811 
vn 0.149606 -0.92126 -0.354331 
vn 0.708661 0.133858 -0.692913 
vn 0.850394 -0.496063 -0.149606 
vn 0.937008 0.307087 0.173228 
vn 0.771654 0.0944882 -0.629921 
vn 0.92126 0.299213 0.23622 
vn 0.0551181 -0.944882 -0.330709 
vn 0.834646 -0.503937 -0.228346 
vn 0.0944882 -0.905512 -0.409449 
vn -0.937008 0.125984 0.330709 
vn -0.574803 0.149606 0.80315 
vn -0.755906 0.181102 0.622047 
vn -0.866142 0.173228 0.472441 
vn -0.551181 0.204724 0.811024 
vn -0.992126 0.0314961 0.0866142 
vn -0.92126 0.165354 0.362205 
vn -0.984252 0.0393701 -0.15748 
vn -0.992126 0.149606 0.00787402 
vn -0.944882 -0.15748 -0.283465 
vn -0.968504 0.244094 0.0944882 
vn -1 -0.0551181 -0.0551181 
vn -0.968504 0.19685 0.141732 
vn -0.889764 -0.322835 -0.322835 
vn -0.992126 -0.0944882 -0.102362 
vn -0.866142 -0.409449 -0.283465 
vn -0.968504 0.212598 0.0944882 
vn -0.850394 -0.456693 -0.244094 
vn -0.992126 -0.11811 -0.0787402 
vn -0.976378 0.212598 0.0866142 
vn -0.984252 -0.15748 -0.0551181 
vn -0.84252 -0.503937 -0.181102 
vn -0.976378 0.204724 0.0944882 
vn -0.976378 -0.19685 -0.0866142 
vn -0.818898 -0.519685 -0.23622 
vn 0.755906 0.181102 0.622047 
vn 0.574803 0.149606 0.80315 
vn 0.937008 0.125984 0.330709 
vn 0.866142 0.173228 0.472441 
vn 0.551181 0.204724 0.811024 
vn 0.992126 0.0314961 0.0866142 
vn 0.92126 0.165354 0.362205 
vn 0.984252 0.0393701 -0.15748 
vn 0.992126 0.149606 0.00787402 
vn 0.944882 -0.15748 -0.283465 
vn 0.968504 0.244094 0.0944882 
vn 1 -0.0551181 -0.0551181 
vn 0.968504 0.19685 0.141732 
vn 0.889764 -0.322835 -0.322835 
vn 0.992126 -0.0944882 -0.102362 
vn 0.866142 -0.409449 -0.283465 
vn 0.968504 0.212598 0.0944882 
vn 0.850394 -0.456693 -0.244094 
vn 0.992126 -0.11811 -0.0787402 
vn 0.976378 0.212598 0.0866142 
vn 0.984252 -0.15748 -0.0551181 
vn 0.84252 -0.503937 -0.181102 
vn 0.976378 0.204724 0.0944882 
vn 0.976378 -0.19685 -0.0866142 
vn 0.818898 -0.519685 -0.23622 
vn -0.740157 -0.338583 0.574803 
vn -0.661417 0.0393701 -0.748031 
vn -0.80315 -0.417323 0.425197 
vn -0.0708661 0.669291 0.740157 
vn 0 0.393701 0.92126 
vn 0 0.692913 0.724409 
vn -0.204724 0.362205 0.905512 
vn 0 0.259843 0.968504 
vn -0.0944882 0.645669 0.76378 
vn 0.204724 0.362205 0.905512 
vn 0.0393701 0.968504 0.244094 
vn 0.0708661 0.669291 0.740157 
vn 0 0.976378 0.212598 
vn -0.0393701 0.968504 0.244094 
vn 0.0944882 0.645669 0.76378 
vn 0 1 -0.0629921 
vn 0.0314961 1 -0.0629921 
vn -0.0314961 1 -0.0629921 
vn 0 0.976378 0.220472 
vn -0.0314961 0.622047 0.779528 
vn -0.0314961 0.23622 0.968504 
vn -0.023622 0.606299 0.795276 
vn -0.015748 0.968504 0.244094 
vn -0.0708661 0.952756 0.299213 
vn 0.0393701 1 -0.023622 
vn 0.015748 1 -0.0393701 
vn 0.0314961 1 0.015748 
vn 0 1 -0.0551181 
vn 0.0393701 1 -0.0708661 
vn -0.0393701 1 -0.0708661 
vn 0.0314961 1 -0.0551181 
vn 0.0629921 1 -0.0393701 
vn 0.0393701 1 -0.023622 
vn 0.716535 0.00787402 0.700787 
vn 0.346457 0.889764 -0.307087 
vn 0.606299 0.566929 0.559055 
vn 0.984252 -0.181102 -0.0393701 
vn 0.181102 0 0.984252 
vn 1 0.00787402 0.00787402 
vn 0.141732 -0.0393701 0.992126 
vn 0.165354 -0.00787402 -0.984252 
vn 0.952756 -0.299213 -0.0472441 
vn 0.165354 0.00787402 -0.984252 
vn 0.181102 0 -0.984252 
vn 0 0.0314961 -1 
vn 0 0.0629921 -1 
vn -0.165354 0.133858 -0.976378 
vn 0.00787402 0.00787402 -1 
vn -0.181102 0.0787402 -0.976378 
vn -0.913386 0.409449 -0.015748 
vn -0.96063 0.275591 -0.015748 
vn -0.181102 0.015748 -0.984252 
vn -1 0.0393701 -0.00787402 
vn -0.992126 -0.0944882 -0.0314961 
vn -0.133858 0.0629921 -0.992126 
vn -0.984252 -0.125984 -0.133858 
vn 0.0472441 0.0708661 -1 
vn -0.0393701 0.165354 -0.984252 
vn -0.937008 -0.0866142 -0.338583 
vn 0.228346 0.0708661 -0.968504 
vn 0.141732 0.15748 -0.976378 
vn 0.141732 0.259843 -0.952756 
vn -0.779528 -0.015748 -0.622047 
vn 0.992126 0.0866142 0.0708661 
vn 0.322835 0.149606 -0.937008 
vn 0.984252 0.0866142 0.165354 
vn 0.0472441 -0.11811 0.992126 
vn 0.937008 0.0629921 0.338583 
vn 0.496063 0.19685 -0.84252 
vn 0.818898 0.0393701 0.574803 
vn 0.330709 0.23622 -0.913386 
vn 0.716535 0.181102 -0.669291 
vn 0.677165 -0.00787402 0.732283 
vn 0.574803 0.23622 -0.779528 
vn 0.417323 0.283465 -0.866142 
vn -0.566929 0.015748 -0.818898 
vn 0.858268 0.0708661 -0.503937 
vn 0.850394 -0.102362 -0.519685 
vn 0.622047 0.11811 -0.771654 
vn -0.606299 0.015748 -0.795276 
vn 0.755906 0.0944882 -0.645669 
vn 0.740157 -0.110236 -0.661417 
vn 0.283465 -0.787402 -0.543307 
vn 0.606299 -0.110236 -0.787402 
vn 0.204724 -0.755906 -0.622047 
vn -0.740157 -0.401575 -0.543307 
vn 0.976378 -0.188976 -0.102362 
vn 0.84252 0.0787402 0.535433 
vn 1 0.023622 -0.0393701 
vn 0.669291 0.133858 0.732283 
vn 0.629921 0.173228 0.755906 
vn 0.661417 0.173228 0.732283 
vn 0.889764 -0.015748 0.456693 
vn 0.984252 -0.188976 -0.0314961 
vn 0.795276 -0.511811 -0.330709 
vn 0.700787 0.141732 0.700787 
vn 0.732283 -0.582677 -0.354331 
vn 0.92126 0.149606 0.370079 
vn 0.606299 0.133858 0.779528 
vn 0.480315 0.11811 0.874016 
vn 0.19685 0.110236 0.976378 
vn 0.0944882 0.110236 0.992126 
vn -0.0472441 0.11811 0.992126 
vn 0.338583 0.188976 0.92126 
vn -0.125984 0.11811 0.984252 
vn 0.393701 0.188976 0.897638 
vn 0.0393701 0.173228 0.984252 
vn 0.354331 0.181102 0.913386 
vn 0.566929 0.23622 0.787402 
vn -0.0866142 0.133858 0.984252 
vn 0.346457 0.188976 0.92126 
vn 0.448819 0.259843 0.850394 
vn 0.251969 0.598425 0.76378 
vn 0.23622 0.598425 0.771654 
vn -0.0393701 0.244094 0.968504 
vn 0.015748 0.606299 0.795276 
vn 0.0314961 0.23622 0.968504 
vn 0.0708661 0.952756 0.299213 
vn 0.0314961 0.622047 0.779528 
vn 0.00787402 0.968504 0.244094 
vn 0 0.976378 0.220472 
vn -0.015748 1 -0.0393701 
vn -0.0393701 1 -0.023622 
vn -0.0314961 1 -0.0551181 
vn -0.0629921 1 -0.0393701 
vn -0.0393701 1 -0.023622 
vn -0.0472441 1 0 
vn -0.0393701 1 -0.00787402 
vn -0.023622 1 -0.015748 
vn 0 1 -0.0393701 
vn -0.141732 0.84252 -0.519685 
vn 0 0.818898 -0.574803 
vn 0 0.496063 -0.866142 
vn -0.244094 0.543307 -0.80315 
vn -0.181102 0.535433 -0.818898 
vn -0.015748 0.968504 -0.259843 
vn -0.11811 0.653543 -0.748031 
vn -0.228346 0.228346 -0.944882 
vn -0.125984 0.496063 -0.858268 
vn -0.173228 -0.133858 -0.976378 
vn -0.0708661 0.15748 -0.984252 
vn -0.11811 -0.448819 -0.889764 
vn -0.00787402 0.787402 -0.614173 
vn -0.0629921 -0.173228 -0.984252 
vn -0.0787402 -0.559055 -0.826772 
vn 0.023622 0.370079 -0.929134 
vn 0.023622 0.771654 -0.637795 
vn 0.102362 -0.23622 -0.968504 
vn 0.188976 0.283465 -0.937008 
vn 0.377953 -0.606299 -0.700787 
vn 0.543307 -0.299213 -0.787402 
vn 0.598425 0.291339 -0.748031 
vn 0.866142 -0.228346 -0.440945 
vn 0.724409 -0.519685 -0.448819 
vn 0.889764 0.275591 -0.354331 
vn 0.944882 -0.125984 -0.307087 
vn 0.834646 -0.409449 -0.370079 
vn 0.84252 -0.401575 -0.362205 
vn 0.944882 0.291339 -0.15748 
vn 0.96063 -0.110236 -0.251969 
vn 0.944882 0.299213 -0.110236 
vn 0.76378 0.559055 -0.314961 
vn 0.850394 0.519685 -0.0944882 
vn 0.307087 0.692913 -0.653543 
vn 0.889764 0.464567 -0.0472441 
vn 0.19685 0.929134 -0.322835 
vn 0.590551 0.748031 -0.307087 
vn 0.685039 0.724409 -0.0629921 
vn 0.755906 0.661417 0 
vn -0.850394 0.448819 -0.283465 
vn -0.755906 -0.480315 0.440945 
vn -0.76378 0.244094 0.598425 
vn -0.850394 -0.283465 -0.440945 
vn -0.23622 -0.937008 0.267717 
vn -0.322835 -0.755906 -0.574803 
vn -0.322835 0.92126 -0.212598 
vn -0.23622 0.740157 0.629921 
vn 0.23622 0.937008 -0.267717 
vn 0.322835 0.755906 0.574803 
vn 0.850394 0.275591 0.440945 
vn 0.755906 0.480315 -0.440945 
vn 0.850394 -0.448819 0.283465 
vn 0.76378 -0.244094 -0.598425 
vn 0.322835 -0.92126 0.212598 
vn 0.23622 -0.740157 -0.629921 
vn -0.23622 -0.937008 0.267717 
vn -0.322835 -0.755906 -0.574803 
vn -0.779528 0.322835 0.535433 
vn -0.346457 0.267717 0.897638 
vn -0.503937 0.259843 0.818898 
vn -0.716535 0.314961 0.622047 
vn -0.929134 0.299213 0.204724 
vn -0.937008 0.322835 0.149606 
vn -0.834646 0.251969 0.488189 
vn 0.779528 0.322835 0.535433 
vn 0.346457 0.267717 0.897638 
vn 0.716535 0.314961 0.622047 
vn 0.929134 0.299213 0.204724 
vn 0.503937 0.259843 0.818898 
vn 0.937008 0.322835 0.149606 
vn 0.834646 0.251969 0.488189 
vn -0.338583 0.188976 0.92126 
vn -0.0944882 0.110236 0.992126 
vn -0.0393701 0.173228 0.984252 
vn 0.125984 0.11811 0.984252 
vn -0.259843 0.582677 0.771654 
vn -0.480315 0.11811 0.874016 
vn 0.0866142 0.133858 0.984252 
vn 0.0472441 0.11811 0.992126 
vn -0.0314961 0.511811 0.858268 
vn -0.598425 0.543307 0.590551 
vn 0 0.535433 0.84252 
vn -0.0393701 0.905512 0.417323 
vn -0.212598 0.929134 0.299213 
vn -0.669291 0.188976 0.716535 
vn -0.559055 0.795276 0.228346 
vn -0.850394 0.377953 0.370079 
vn -0.88189 0.275591 0.377953 
vn -0.826772 0.543307 0.149606 
vn -0.574803 0.811024 0.0944882 
vn -0.220472 0.976378 0.0629921 
vn -0.00787402 1 0.0472441 
vn 0.0393701 0.952756 0.291339 
vn 0.0472441 1 0.023622 
vn 0 1 0.0551181 
vn -0.0472441 0.96063 0.267717 
vn -0.251969 0.598425 0.76378 
vn -0.346457 0.188976 0.92126 
vn -0.354331 0.181102 0.913386 
vn -0.393701 0.188976 0.897638 
vn -0.566929 0.23622 0.787402 
vn -0.448819 0.259843 0.850394 
vn -0.228346 0.598425 0.771654 
vn 0.0393701 0.244094 0.968504 
vn 0.0393701 0.212598 0.976378 
vn -0.00787402 0.19685 0.984252 
vn 0.110236 0.181102 0.976378 
vn 0.023622 0.173228 0.984252 
vn -0.574803 0.212598 0.795276 
vn 0.110236 0.149606 0.984252 
vn -0.338583 0.574803 0.740157 
vn -0.228346 -0.244094 0.944882 
vn -0.149606 0.606299 0.779528 
vn 0 -0.291339 0.952756 
vn 0 0.614173 0.795276 
vn -0.330709 -0.267717 0.905512 
vn -0.307087 0.425197 0.850394 
vn -0.456693 -0.574803 0.685039 
vn -0.637795 -0.464567 0.614173 
vn -0.401575 0.291339 0.866142 
vn -0.84252 -0.362205 0.401575 
vn -0.700787 0.433071 0.566929 
vn -0.834646 -0.440945 0.330709 
vn -0.574803 0.535433 0.614173 
vn -0.850394 -0.291339 0.440945 
vn -0.377953 0.385827 0.84252 
vn -0.905512 -0.385827 0.19685 
vn -0.669291 0.267717 0.692913 
vn -0.80315 -0.551181 -0.228346 
vn -0.944882 0.0866142 0.314961 
vn -0.984252 -0.141732 0.0787402 
vn -0.511811 -0.677165 -0.527559 
vn -0.590551 -0.566929 -0.574803 
vn -0.984252 -0.0708661 -0.149606 
vn -0.937008 0.19685 -0.283465 
vn -0.480315 -0.480315 -0.732283 
vn -0.566929 -0.291339 -0.771654 
vn -0.952756 0.275591 -0.125984 
vn -0.96063 0.259843 0.0944882 
vn -0.661417 -0.0866142 -0.740157 
vn -0.771654 0.0787402 -0.629921 
vn -0.937008 0.267717 0.220472 
vn -0.929134 0.299213 0.23622 
vn -0.771654 0.0944882 -0.629921 
vn 0.338583 0.574803 0.740157 
vn 0.228346 -0.244094 0.944882 
vn 0.330709 -0.267717 0.905512 
vn 0.149606 0.614173 0.779528 
vn 0 -0.291339 0.952756 
vn 0 0.614173 0.795276 
vn 0.307087 0.425197 0.850394 
vn 0.456693 -0.574803 0.685039 
vn 0.637795 -0.464567 0.614173 
vn 0.401575 0.291339 0.866142 
vn 0.84252 -0.362205 0.401575 
vn 0.700787 0.433071 0.566929 
vn 0.834646 -0.440945 0.330709 
vn 0.582677 0.535433 0.614173 
vn 0.850394 -0.283465 0.440945 
vn 0.377953 0.385827 0.84252 
vn 0.905512 -0.385827 0.19685 
vn 0.669291 0.267717 0.692913 
vn 0.80315 -0.551181 -0.228346 
vn 0.944882 0.0866142 0.314961 
vn 0.984252 -0.141732 0.0787402 
vn 0.511811 -0.677165 -0.527559 
vn 0.590551 -0.566929 -0.574803 
vn 0.984252 -0.0708661 -0.149606 
vn 0.937008 0.19685 -0.283465 
vn 0.480315 -0.480315 -0.732283 
vn 0.566929 -0.291339 -0.771654 
vn 0.952756 0.275591 -0.125984 
vn 0.96063 0.259843 0.0944882 
vn 0.661417 -0.0866142 -0.740157 
vn 0.771654 0.0787402 -0.629921 
vn 0.937008 0.267717 0.220472 
vn 0.92126 0.299213 0.23622 
vn 0.771654 0.0944882 -0.629921 
vn 0.622047 0.551181 0.559055 
vn 0.125984 0.401575 0.905512 
vn -0.0393701 0.582677 0.811024 
vn 0.425197 0.716535 0.551181 
vn 0.740157 0.370079 0.559055 
vn 0.0866142 0.346457 0.937008 
vn 0.503937 0.645669 0.566929 
vn 0.543307 0.614173 0.574803 
vn 0.937008 0.149606 0.322835 
vn 0.401575 0.76378 0.503937 
vn 0.527559 0.614173 0.582677 
vn 0.700787 0.543307 0.456693 
vn 0.984252 -0.0708661 0.181102 
vn 0.874016 0.448819 0.19685 
vn 0.559055 0.716535 0.409449 
vn 0.771654 0.606299 0.173228 
vn 0.535433 0.622047 0.566929 
vn 0.80315 0.519685 0.283465 
vn 0.574803 0.409449 0.708661 
vn 0.637795 0.409449 0.653543 
vn 0.897638 0.354331 0.259843 
vn 0.724409 0.354331 0.590551 
vn 0.0866142 0.338583 0.937008 
vn 0.645669 0.267717 0.716535 
vn 0.716535 0.377953 0.590551 
vn 0.685039 0.322835 0.653543 
vn 0.606299 0.314961 0.732283 
vn 0.740157 0.267717 0.614173 
vn 0.976378 0.220472 0.0393701 
vn 0.787402 0.307087 0.535433 
vn 0.968504 0.259843 -0.0472441 
vn 0.748031 0.307087 0.590551 
vn 0.96063 0.291339 0.0393701 
vn 0.606299 0.283465 0.740157 
vn 0.661417 0.220472 0.716535 
vn 0.748031 0.244094 0.614173 
vn 0.96063 0.244094 0.110236 
vn 0.645669 0.212598 0.732283 
vn 0.787402 0.165354 0.598425 
vn 0.984252 0.141732 0.0629921 
vn -0.629921 0.188976 0.755906 
vn -0.488189 0.141732 0.858268 
vn 0.015748 0.212598 0.976378 
vn -0.685039 0.228346 0.692913 
vn -0.023622 0.0787402 1 
vn -0.00787402 0.244094 0.968504 
vn 0.015748 0.165354 0.984252 
vn -0.377953 0.19685 0.905512 
vn -0.110236 0.307087 0.944882 
vn -0.393701 0.283465 0.874016 
vn -0.377953 0.19685 0.905512 
vn -0.346457 0.228346 0.905512 
vn -0.228346 0.204724 0.952756 
vn -0.212598 0.204724 0.952756 
vn -0.283465 0.307087 0.905512 
vn -0.244094 0.291339 0.92126 
vn -0.23622 0.259843 0.937008 
vn 0 0.204724 0.976378 
vn 0 0.212598 0.976378 
vn 0 0.322835 0.944882 
vn 0.212598 0.204724 0.952756 
vn 0.220472 0.204724 0.952756 
vn 0.23622 0.259843 0.937008 
vn 0 0.433071 0.905512 
vn 0.283465 0.307087 0.905512 
vn -0.322835 0.409449 0.850394 
vn 0.322835 0.409449 0.850394 
vn -0.409449 0.393701 0.826772 
vn 0 0.456693 0.889764 
vn -0.330709 0.433071 0.84252 
vn -0.110236 0.354331 0.929134 
vn -0.417323 0.425197 0.80315 
vn 0 0.488189 0.874016 
vn 0.330709 0.433071 0.84252 
vn -0.322835 0.456693 0.826772 
vn 0.322835 0.456693 0.826772 
vn -0.165354 0.425197 0.889764 
vn 0 0.598425 0.80315 
vn -0.425197 0.433071 0.795276 
vn -0.314961 0.559055 0.76378 
vn -0.165354 0.440945 0.88189 
vn -0.0787402 0.480315 0.874016 
vn -0.0866142 0.543307 0.834646 
vn -0.692913 0.291339 0.661417 
vn -0.716535 0.401575 0.566929 
vn -0.425197 0.535433 0.732283 
vn -0.669291 0.362205 0.645669 
vn -0.275591 0.661417 0.700787 
vn -0.653543 0.259843 0.708661 
vn -0.566929 0.19685 0.80315 
vn -0.0866142 0.11811 0.992126 
vn -0.11811 0.173228 0.976378 
vn -0.220472 0.110236 0.968504 
vn -0.188976 0.133858 0.976378 
vn -0.19685 0.110236 0.976378 
vn -0.606299 0.133858 0.779528 
vn -0.629921 0.173228 0.755906 
vn -0.661417 0.220472 0.716535 
vn -0.669291 0.133858 0.732283 
vn -0.661417 0.173228 0.732283 
vn -0.84252 0.0787402 0.535433 
vn -1 0.023622 -0.0393701 
vn -0.787402 0.165354 0.598425 
vn -0.984252 0.141732 0.0629921 
vn -0.96063 0.23622 0.110236 
vn -0.645669 0.212598 0.732283 
vn -0.748031 0.244094 0.614173 
vn -0.96063 0.291339 0.0393701 
vn -0.606299 0.283465 0.740157 
vn -0.748031 0.307087 0.590551 
vn -0.968504 0.259843 -0.0472441 
vn -0.606299 0.314961 0.732283 
vn -0.787402 0.307087 0.535433 
vn -0.976378 0.220472 0.0393701 
vn -0.740157 0.267717 0.614173 
vn -0.897638 0.354331 0.259843 
vn -0.685039 0.322835 0.653543 
vn -0.637795 0.409449 0.653543 
vn -0.80315 0.519685 0.283465 
vn -0.645669 0.267717 0.716535 
vn -0.716535 0.377953 0.590551 
vn -0.141732 0.204724 0.968504 
vn -0.0866142 0.338583 0.937008 
vn -0.0314961 0.291339 0.952756 
vn -0.724409 0.354331 0.590551 
vn -0.574803 0.409449 0.708661 
vn -0.0866142 0.346457 0.937008 
vn -0.740157 0.370079 0.559055 
vn -0.535433 0.622047 0.566929 
vn -0.771654 0.606299 0.173228 
vn -0.527559 0.622047 0.582677 
vn -0.559055 0.716535 0.409449 
vn -0.874016 0.448819 0.19685 
vn -0.700787 0.543307 0.456693 
vn -0.984252 -0.0708661 0.181102 
vn -0.401575 0.76378 0.503937 
vn -0.622047 0.551181 0.559055 
vn -0.125984 0.401575 0.905512 
vn -0.0551181 -0.92126 -0.385827 
vn -0.787402 -0.488189 -0.370079 
vn 0 -0.976378 -0.228346 
vn -0.755906 -0.527559 -0.377953 
vn 0.0393701 -0.984252 -0.181102 
vn -0.677165 -0.590551 -0.440945 
vn -0.330709 -0.598425 -0.724409 
vn 0.15748 -0.952756 -0.267717 
vn 0.0629921 -0.519685 -0.850394 
vn 0.338583 -0.92126 -0.188976 
vn 0.125984 -0.488189 -0.866142 
vn 0.228346 -0.968504 -0.11811 
vn 0.133858 -0.377953 -0.913386 
vn 0.15748 -0.952756 -0.267717 
vn 0.244094 -0.11811 -0.96063 
vn 0.267717 -0.84252 -0.464567 
vn 0.377953 0.181102 -0.905512 
vn 0.417323 -0.614173 -0.669291 
vn 0 0.330709 -0.944882 
vn 0 -0.677165 -0.740157 
vn 0.0629921 -0.92126 -0.385827 
vn 0.787402 -0.488189 -0.370079 
vn 0 -0.976378 -0.228346 
vn 0.755906 -0.535433 -0.377953 
vn -0.0393701 -0.984252 -0.181102 
vn 0.677165 -0.590551 -0.440945 
vn 0.330709 -0.598425 -0.724409 
vn -0.15748 -0.952756 -0.267717 
vn -0.0629921 -0.519685 -0.850394 
vn -0.338583 -0.92126 -0.188976 
vn -0.125984 -0.488189 -0.866142 
vn -0.228346 -0.968504 -0.11811 
vn -0.133858 -0.377953 -0.913386 
vn -0.15748 -0.952756 -0.267717 
vn -0.244094 -0.11811 -0.96063 
vn -0.267717 -0.84252 -0.464567 
vn -0.377953 0.181102 -0.905512 
vn -0.417323 -0.614173 -0.669291 
vn 0 0.330709 -0.944882 
vn 0 -0.677165 -0.740157 
vn -0.307087 0.755906 0.574803 
vn -0.19685 0.692913 0.692913 
vn -0.362205 0.708661 0.606299 
vn -0.11811 0.771654 0.629921 
vn -0.354331 0.417323 0.834646 
vn 0 0.685039 0.732283 
vn -0.173228 0.464567 0.866142 
vn -0.362205 -0.0551181 0.929134 
vn -0.220472 -0.00787402 0.976378 
vn 0 0.779528 0.629921 
vn 0 0.480315 0.874016 
vn 0 0.0708661 1 
vn 0.220472 -0.00787402 0.976378 
vn 0.173228 0.464567 0.866142 
vn 0.362205 -0.0551181 0.929134 
vn 0.11811 0.771654 0.629921 
vn 0.354331 0.417323 0.834646 
vn 0.370079 0.259843 0.889764 
vn 0.464567 -0.15748 0.874016 
vn 0.307087 0.755906 0.574803 
vn 0.645669 -0.181102 0.740157 
vn 0.19685 0.692913 0.692913 
vn 0.314961 0.314961 0.897638 
vn 0.629921 0.456693 0.622047 
vn 0.826772 0.212598 0.519685 
vn 0.0944882 0.748031 0.661417 
vn 0.685039 0.527559 0.511811 
vn 0.00787402 0.724409 0.692913 
vn 0.362205 0.708661 0.606299 
vn 0.102362 0.708661 0.700787 
vn 0.275591 0.661417 0.700787 
vn 0.417323 0.637795 0.653543 
vn -0.023622 0.677165 0.740157 
vn 0 0.677165 0.732283 
vn 0.314961 0.559055 0.76378 
vn 0.425197 0.535433 0.732283 
vn 0.425197 0.433071 0.795276 
vn 0.417323 0.425197 0.80315 
vn 0.0787402 0.480315 0.874016 
vn 0.409449 0.393701 0.826772 
vn 0.165354 0.425197 0.889764 
vn 0.110236 0.354331 0.929134 
vn 0.393701 0.283465 0.874016 
vn 0.00787402 0.244094 0.968504 
vn 0.377953 0.19685 0.905512 
vn -0.015748 0.165354 0.984252 
vn 0.377953 0.19685 0.905512 
vn -0.023622 0.173228 0.984252 
vn -0.110236 0.149606 0.984252 
vn 0.346457 0.228346 0.905512 
vn 0.00787402 0.19685 0.984252 
vn 0.244094 0.291339 0.92126 
vn -0.0393701 0.212598 0.976378 
vn -0.110236 0.181102 0.976378 
vn 0.574803 0.212598 0.795276 
vn 0.629921 0.188976 0.755906 
vn -0.015748 0.212598 0.976378 
vn 0.685039 0.228346 0.692913 
vn 0.110236 0.307087 0.944882 
vn 0.165354 0.440945 0.88189 
vn 0.692913 0.291339 0.661417 
vn 0.0866142 0.543307 0.834646 
vn 0.716535 0.401575 0.566929 
vn 0.669291 0.362205 0.645669 
vn 0.653543 0.259843 0.708661 
vn 0.488189 0.141732 0.858268 
vn 0.566929 0.19685 0.80315 
vn 0.0866142 0.11811 0.992126 
vn 0.023622 0.0787402 1 
vn 0.11811 0.173228 0.976378 
vn 0.220472 0.110236 0.968504 
vn 0.188976 0.133858 0.976378 
vn 0.141732 0.204724 0.968504 
vn 0.0314961 0.291339 0.952756 
vn 0.0472441 0.314961 0.952756 
vn 0.76378 0.338583 0.543307 
vn 0.76378 0.440945 0.472441 
vn -0.0314961 0.401575 0.913386 
vn 0.669291 0.488189 0.566929 
vn 0.795276 0.456693 0.401575 
vn -0.00787402 0.574803 0.818898 
vn 0.622047 0.598425 0.503937 
vn 0.023622 0.535433 0.84252 
vn 0.755906 0.488189 0.433071 
vn -0.015748 0.590551 0.80315 
vn 0.023622 0.622047 0.779528 
vn 0.614173 0.614173 0.488189 
vn 0.488189 0.669291 0.559055 
vn 0.511811 0.708661 0.496063 
vn 0.440945 0.661417 0.606299 
vn 0.425197 0.645669 0.629921 
vn 0.0314961 0.629921 0.771654 
vn 0.141732 0.551181 0.826772 
vn 0.362205 0.488189 0.795276 
vn 0.0551181 0.574803 0.818898 
vn 0.574803 0.354331 0.732283 
vn 0.976378 -0.0629921 0.188976 
vn -0.133858 0.637795 0.755906 
vn 0.228346 0.598425 0.771654 
vn 0.84252 0.23622 0.472441 
vn -0.015748 0.653543 0.755906 
vn -0.102362 0.606299 0.787402 
vn 0.00787402 0.84252 0.543307 
vn -0.472441 0.76378 0.433071 
vn -0.535433 0.582677 0.606299 
vn -0.188976 0.629921 0.755906 
vn 0.0944882 0.968504 0.244094 
vn -0.566929 0.622047 0.543307 
vn 0.259843 0.826772 0.496063 
vn -0.677165 0.401575 0.614173 
vn -0.740157 0.322835 0.598425 
vn -0.425197 0.385827 0.818898 
vn -0.440945 0.314961 0.84252 
vn -0.322835 0.472441 0.818898 
vn 0 0.669291 0.748031 
vn 0.299213 0.748031 0.590551 
vn -0.251969 0.606299 0.755906 
vn -0.598425 0.330709 0.732283 
vn -0.133858 0.771654 0.622047 
vn -0.913386 0.165354 0.370079 
vn -0.692913 0.488189 0.527559 
vn -0.566929 0.653543 0.503937 
vn -0.929134 0.259843 0.259843 
vn -1 -0.0393701 0.0393701 
vn -0.84252 0.370079 0.393701 
vn -0.968504 0.251969 -0.00787402 
vn -0.976378 -0.00787402 -0.212598 
vn -0.874016 0.393701 0.291339 
vn -0.937008 0.181102 -0.291339 
vn -0.748031 0.606299 0.259843 
vn -0.905512 0.417323 0 
vn -0.96063 0.244094 -0.133858 
vn -0.614173 0.559055 0.559055 
vn -0.866142 0.433071 0.244094 
vn -0.84252 0.307087 0.440945 
vn -0.968504 0.220472 0.0708661 
vn -0.519685 0.346457 0.779528 
vn -0.952756 0.23622 0.19685 
vn -0.740157 0.259843 0.622047 
vn -0.370079 0.228346 0.897638 
vn -0.716535 0.314961 0.622047 
vn -0.929134 0.299213 0.204724 
vn -0.346457 0.267717 0.897638 
vn 0.472441 0.76378 0.433071 
vn -0.00787402 0.84252 0.543307 
vn 0.535433 0.582677 0.606299 
vn 0.188976 0.629921 0.755906 
vn -0.0944882 0.968504 0.244094 
vn 0.566929 0.622047 0.543307 
vn -0.259843 0.826772 0.496063 
vn 0.677165 0.401575 0.614173 
vn 0.740157 0.322835 0.598425 
vn 0.425197 0.385827 0.818898 
vn 0.440945 0.314961 0.84252 
vn 0.322835 0.472441 0.818898 
vn 0 0.669291 0.748031 
vn -0.299213 0.748031 0.590551 
vn 0.244094 0.606299 0.755906 
vn 0.598425 0.330709 0.732283 
vn 0.133858 0.771654 0.622047 
vn 0.913386 0.165354 0.370079 
vn 0.692913 0.488189 0.527559 
vn 0.566929 0.653543 0.503937 
vn 0.929134 0.259843 0.259843 
vn 1 -0.0393701 0.0393701 
vn 0.84252 0.370079 0.393701 
vn 0.968504 0.251969 -0.00787402 
vn 0.976378 -0.00787402 -0.212598 
vn 0.874016 0.393701 0.291339 
vn 0.937008 0.181102 -0.291339 
vn 0.748031 0.606299 0.259843 
vn 0.905512 0.417323 0 
vn 0.96063 0.244094 -0.133858 
vn 0.622047 0.559055 0.559055 
vn 0.866142 0.433071 0.244094 
vn 0.84252 0.307087 0.440945 
vn 0.968504 0.220472 0.0708661 
vn 0.519685 0.346457 0.779528 
vn 0.952756 0.23622 0.19685 
vn 0.740157 0.259843 0.622047 
vn 0.370079 0.228346 0.897638 
vn 0.716535 0.314961 0.622047 
vn 0.929134 0.299213 0.204724 
vn 0.346457 0.267717 0.897638 
vn 0.0866142 -0.905512 -0.425197 
vn 0.606299 -0.629921 -0.488189 
vn 0.0708661 -0.92126 -0.377953 
vn -0.11811 -0.811024 -0.574803 
vn -0.448819 -0.88189 -0.165354 
vn -0.275591 -0.944882 -0.15748 
vn -0.614173 -0.755906 -0.228346 
vn -0.346457 -0.929134 -0.102362 
vn -0.456693 -0.779528 -0.425197 
vn -0.464567 -0.834646 -0.291339 
vn -0.228346 -0.724409 -0.645669 
vn -0.307087 -0.818898 -0.488189 
vn -0.110236 -0.889764 -0.433071 
vn 0.228346 -0.700787 -0.677165 
vn 0.165354 -0.818898 -0.551181 
vn 0.716535 -0.511811 -0.464567 
vn 0.566929 -0.653543 -0.503937 
vn 0.228346 -0.80315 -0.543307 
vn 0.92126 -0.244094 -0.291339 
vn 0.677165 -0.629921 -0.377953 
vn 0.944882 -0.267717 -0.173228 
vn 0.354331 -0.740157 -0.566929 
vn 0.858268 -0.511811 -0.102362 
vn 0.606299 -0.645669 -0.456693 
vn 0.322835 -0.669291 -0.669291 
vn 0.795276 -0.496063 -0.346457 
vn 0.220472 -0.496063 -0.834646 
vn 0.543307 -0.527559 -0.645669 
vn 0.748031 -0.338583 -0.566929 
vn 0.110236 -0.244094 -0.96063 
vn 0.448819 -0.307087 -0.834646 
vn 0.653543 -0.251969 -0.716535 
vn 0.362205 -0.19685 -0.913386 
vn 0.015748 -0.11811 -0.992126 
vn 0.314961 -0.259843 -0.913386 
vn 0.629921 -0.314961 -0.708661 
vn -0.015748 -0.181102 -0.984252 
vn -0.0866142 -0.905512 -0.425197 
vn -0.606299 -0.629921 -0.488189 
vn -0.0708661 -0.92126 -0.377953 
vn 0.11811 -0.811024 -0.574803 
vn 0.448819 -0.88189 -0.165354 
vn 0.275591 -0.944882 -0.15748 
vn 0.614173 -0.755906 -0.228346 
vn 0.354331 -0.929134 -0.102362 
vn 0.456693 -0.779528 -0.425197 
vn 0.228346 -0.724409 -0.645669 
vn 0.472441 -0.834646 -0.291339 
vn 0.307087 -0.818898 -0.488189 
vn -0.228346 -0.700787 -0.677165 
vn 0.102362 -0.889764 -0.433071 
vn -0.165354 -0.818898 -0.551181 
vn -0.716535 -0.511811 -0.464567 
vn -0.566929 -0.653543 -0.503937 
vn -0.228346 -0.80315 -0.543307 
vn -0.92126 -0.244094 -0.291339 
vn -0.677165 -0.629921 -0.377953 
vn -0.944882 -0.267717 -0.173228 
vn -0.354331 -0.740157 -0.566929 
vn -0.858268 -0.511811 -0.102362 
vn -0.606299 -0.653543 -0.456693 
vn -0.322835 -0.677165 -0.669291 
vn -0.795276 -0.496063 -0.346457 
vn -0.220472 -0.496063 -0.834646 
vn -0.543307 -0.527559 -0.645669 
vn -0.748031 -0.338583 -0.566929 
vn -0.110236 -0.244094 -0.96063 
vn -0.448819 -0.307087 -0.834646 
vn -0.653543 -0.251969 -0.716535 
vn -0.362205 -0.19685 -0.913386 
vn -0.015748 -0.11811 -0.992126 
vn -0.314961 -0.259843 -0.913386 
vn -0.629921 -0.314961 -0.708661 
vn 0.015748 -0.181102 -0.984252 
vn 0.724409 -0.291339 -0.622047 
vn -0.0314961 -0.338583 0.937008 
vn 0.606299 -0.307087 0.732283 
vn -0.0472441 -0.480315 -0.874016 
vn 0.566929 -0.259843 -0.779528 
vn -0.0472441 -0.393701 -0.92126 
vn 0.401575 -0.141732 -0.905512 
vn 0.00787402 -0.19685 -0.976378 
vn -0.653543 0.566929 -0.503937 
vn 0.267717 0.92126 -0.275591 
vn -0.787402 0.11811 -0.598425 
vn 0.488189 0.0708661 -0.874016 
vn -0.779528 -0.110236 -0.622047 
vn 0.653543 0.0629921 -0.755906 
vn 0.472441 0.23622 -0.850394 
vn -0.527559 -0.267717 -0.811024 
vn 0.787402 0.0472441 -0.622047 
vn 0.637795 0.244094 -0.732283 
vn 0.488189 0.645669 -0.582677 
vn -0.149606 -0.15748 -0.976378 
vn 0.440945 0.874016 -0.220472 
vn 0.629921 0.653543 -0.425197 
vn 0.535433 0.84252 -0.0866142 
vn 0.740157 0.614173 -0.275591 
vn 0.622047 0.779528 0.0866142 
vn -0.0708661 -0.354331 0.929134 
vn 0.771654 0.251969 -0.590551 
vn 0.393701 -0.00787402 0.92126 
vn -0.527559 -0.795276 0.291339 
vn 0.708661 0.0314961 0.708661 
vn -0.574803 -0.598425 0.559055 
vn -0.511811 -0.850394 0.0866142 
vn -0.503937 -0.23622 0.826772 
vn 0.708661 -0.141732 0.692913 
vn -0.622047 -0.661417 0.409449 
vn -0.456693 -0.88189 -0.0866142 
vn -0.669291 -0.708661 0.220472 
vn -0.149606 -0.15748 -0.976378 
vn -0.527559 -0.267717 -0.811024 
vn -0.779528 -0.110236 -0.622047 
vn -0.637795 -0.259843 0.724409 
vn -0.76378 -0.275591 0.582677 
vn -0.787402 0.11811 -0.598425 
vn -0.519685 -0.0944882 0.850394 
vn -0.661417 -0.0629921 0.748031 
vn -0.787402 -0.0314961 0.622047 
vn -0.661417 0.385827 0.645669 
vn -0.653543 0.566929 -0.503937 
vn 0.267717 0.92126 -0.275591 
vn 0.11811 0.606299 0.787402 
vn 0.0629921 0.425197 0.905512 
vn -0.566929 0.275591 0.779528 
vn 0.0314961 0.322835 0.944882 
vn -0.472441 0.173228 0.866142 
vn 0.755906 -0.330709 -0.566929 
vn 0.732283 -0.23622 -0.637795 
vn 0.141732 -0.204724 -0.968504 
vn 0.0866142 -0.338583 -0.937008 
vn 0.0314961 -0.291339 -0.952756 
vn 0.559055 -0.275591 -0.779528 
vn 0.76378 -0.377953 -0.519685 
vn 0.519685 -0.299213 -0.80315 
vn 0.76378 -0.354331 -0.543307 
vn 0.0866142 -0.338583 -0.937008 
vn 0.590551 -0.204724 -0.779528 
vn 0.606299 -0.125984 -0.779528 
vn 0.0551181 -0.307087 -0.952756 
vn 0.141732 -0.0787402 -0.984252 
vn 0.346457 -0.0944882 -0.937008 
vn -0.480315 -0.110236 -0.866142 
vn -0.330709 -0.448819 -0.826772 
vn -0.606299 0.0393701 -0.795276 
vn 0.0551181 -0.102362 -0.992126 
vn -0.669291 0.0944882 -0.740157 
vn 0.00787402 -0.125984 -0.992126 
vn -0.708661 0.133858 -0.692913 
vn -0.0393701 -0.165354 -0.984252 
vn -0.771654 0.0944882 -0.629921 
vn -0.771654 0.0787402 -0.629921 
vn -0.0393701 -0.15748 -0.984252 
vn 0.551181 -0.251969 -0.795276 
vn -0.00787402 -0.307087 -0.952756 
vn -0.661417 -0.0866142 -0.740157 
vn 0.464567 -0.401575 -0.787402 
vn 0.0472441 -0.574803 -0.818898 
vn -0.566929 -0.291339 -0.771654 
vn 0.779528 -0.362205 -0.511811 
vn 0.448819 -0.637795 -0.629921 
vn 0.188976 -0.740157 -0.645669 
vn -0.480315 -0.480315 -0.732283 
vn -0.590551 -0.566929 -0.574803 
vn 0.133858 -0.401575 -0.905512 
vn 0.669291 -0.543307 -0.503937 
vn 0.346457 -0.795276 -0.496063 
vn 0.354331 -0.732283 -0.574803 
vn 0.629921 -0.511811 -0.590551 
vn -0.511811 -0.677165 -0.527559 
vn 0.598425 -0.606299 -0.527559 
vn -0.80315 -0.551181 -0.228346 
vn 0.417323 -0.740157 -0.535433 
vn 0.551181 -0.590551 -0.590551 
vn 0.370079 -0.653543 -0.661417 
vn -0.905512 -0.385827 0.19685 
vn -0.0472441 -0.590551 -0.811024 
vn -0.023622 -0.653543 -0.755906 
vn 0.228346 -0.598425 -0.76378 
vn -0.0629921 -0.677165 -0.732283 
vn -0.850394 -0.291339 0.440945 
vn -0.0393701 -0.401575 -0.913386 
vn -0.102362 -0.606299 -0.787402 
vn -0.133858 -0.637795 -0.755906 
vn 0.0629921 -0.574803 -0.818898 
vn -0.23622 -0.708661 -0.669291 
vn 0.0866142 -0.897638 -0.433071 
vn -0.834646 -0.440945 0.330709 
vn 0.440945 -0.661417 -0.606299 
vn 0.488189 -0.677165 -0.551181 
vn 0.023622 -0.92126 -0.385827 
vn -0.84252 -0.362205 0.401575 
vn -0.637795 -0.464567 0.614173 
vn 0.503937 -0.708661 -0.496063 
vn 0.614173 -0.614173 -0.488189 
vn 0.622047 -0.598425 -0.503937 
vn 0.755906 -0.496063 -0.425197 
vn -0.023622 -0.677165 -0.732283 
vn 0.669291 -0.480315 -0.566929 
vn 0.795276 -0.456693 -0.401575 
vn -0.015748 -0.598425 -0.80315 
vn -0.00787402 -0.574803 -0.818898 
vn 0.76378 -0.338583 -0.551181 
vn 0.76378 -0.440945 -0.472441 
vn 0.0866142 -0.543307 -0.834646 
vn 0.669291 -0.362205 -0.645669 
vn 0.724409 -0.401575 -0.566929 
vn 0.692913 -0.291339 -0.661417 
vn 0.653543 -0.259843 -0.708661 
vn 0.685039 -0.228346 -0.692913 
vn 0.165354 -0.433071 -0.88189 
vn 0.110236 -0.307087 -0.944882 
vn -0.015748 -0.212598 -0.976378 
vn 0.00787402 -0.244094 -0.968504 
vn 0.110236 -0.354331 -0.929134 
vn 0.165354 -0.425197 -0.889764 
vn 0.0787402 -0.472441 -0.874016 
vn 0.417323 -0.425197 -0.80315 
vn 0.023622 -0.535433 -0.84252 
vn 0.425197 -0.433071 -0.795276 
vn 0.425197 -0.535433 -0.732283 
vn 0.023622 -0.622047 -0.779528 
vn 0.417323 -0.637795 -0.653543 
vn 0.102362 -0.708661 -0.700787 
vn 0 -0.724409 -0.685039 
vn -0.244094 -0.850394 -0.464567 
vn -0.456693 -0.574803 0.685039 
vn 0.0866142 -0.748031 -0.661417 
vn -0.0551181 -0.952756 -0.307087 
vn 0.125984 -0.984252 -0.125984 
vn -0.330709 -0.267717 0.905512 
vn 0.307087 -0.755906 -0.574803 
vn 0.362205 -0.708661 -0.606299 
vn 0.283465 -0.661417 -0.700787 
vn 0.19685 -0.692913 -0.692913 
vn 0.11811 -0.76378 -0.629921 
vn -0.023622 -0.992126 -0.102362 
vn -0.228346 -0.244094 0.944882 
vn 0 -0.771654 -0.637795 
vn 0 -1 -0.0629921 
vn 0 -0.291339 0.952756 
vn 0.228346 -0.244094 0.944882 
vn 0.023622 -0.992126 -0.102362 
vn 0.330709 -0.267717 0.905512 
vn 0 -0.685039 -0.732283 
vn -0.11811 -0.76378 -0.629921 
vn -0.125984 -0.984252 -0.125984 
vn 0.456693 -0.574803 0.685039 
vn -0.19685 -0.692913 -0.692913 
vn -0.307087 -0.755906 -0.574803 
vn 0.0551181 -0.952756 -0.307087 
vn 0.244094 -0.850394 -0.464567 
vn 0.637795 -0.464567 0.614173 
vn -0.0866142 -0.748031 -0.661417 
vn -0.0314961 -0.92126 -0.385827 
vn 0.84252 -0.362205 0.401575 
vn 0 -0.724409 -0.685039 
vn 0.834646 -0.440945 0.330709 
vn -0.102362 -0.708661 -0.700787 
vn -0.362205 -0.708661 -0.606299 
vn -0.283465 -0.661417 -0.700787 
vn -0.417323 -0.637795 -0.653543 
vn 0 -0.677165 -0.732283 
vn 0.322835 -0.559055 -0.76378 
vn 0.330709 -0.456693 -0.826772 
vn 0 -0.598425 -0.80315 
vn -0.322835 -0.559055 -0.76378 
vn -0.425197 -0.535433 -0.732283 
vn -0.330709 -0.456693 -0.826772 
vn 0 -0.488189 -0.874016 
vn 0.338583 -0.433071 -0.834646 
vn -0.425197 -0.433071 -0.795276 
vn 0.409449 -0.393701 -0.826772 
vn 0.393701 -0.283465 -0.874016 
vn -0.015748 -0.165354 -0.984252 
vn 0.330709 -0.409449 -0.850394 
vn 0.377953 -0.19685 -0.905512 
vn 0 -0.456693 -0.889764 
vn -0.023622 -0.173228 -0.984252 
vn 0.291339 -0.307087 -0.905512 
vn 0 -0.433071 -0.905512 
vn -0.338583 -0.433071 -0.834646 
vn -0.330709 -0.409449 -0.850394 
vn 0 -0.330709 -0.944882 
vn 0.228346 -0.204724 -0.952756 
vn 0.377953 -0.19685 -0.905512 
vn 0.19685 0.913386 -0.362205 
vn 0.0787402 0.897638 -0.425197 
vn -0.598425 0.346457 0.724409 
vn -0.84252 0.488189 -0.228346 
vn -0.480315 0.393701 0.779528 
vn 0.346457 0.889764 -0.307087 
vn -0.370079 0.393701 0.84252 
vn 0.606299 0.566929 0.559055 
vn -0.937008 0.149606 0.322835 
vn -0.976378 -0.0629921 0.188976 
vn -0.503937 0.645669 0.566929 
vn -0.425197 0.716535 0.551181 
vn 0.0393701 0.582677 0.811024 
vn -0.543307 0.614173 0.574803 
vn 0.015748 0.653543 0.755906 
vn -0.84252 0.23622 0.472441 
vn -0.220472 0.598425 0.771654 
vn -0.574803 0.354331 0.732283 
vn -0.362205 0.488189 0.795276 
vn -0.141732 0.551181 0.826772 
vn -0.0314961 0.629921 0.771654 
vn -0.0551181 0.574803 0.818898 
vn 0.133858 0.637795 0.755906 
vn 0.102362 0.606299 0.787402 
vn -0.425197 0.645669 0.629921 
vn -0.685039 0.527559 0.511811 
vn -0.440945 0.661417 0.606299 
vn -0.488189 0.669291 0.559055 
vn -0.622047 0.598425 0.503937 
vn -0.629921 0.456693 0.622047 
vn -0.826772 0.212598 0.519685 
vn -0.645669 -0.181102 0.740157 
vn -0.511811 0.708661 0.496063 
vn -0.314961 0.314961 0.897638 
vn -0.614173 0.614173 0.488189 
vn -0.00787402 0.724409 0.692913 
vn -0.370079 0.251969 0.889764 
vn -0.464567 -0.15748 0.874016 
vn -0.0944882 0.748031 0.661417 
vn 0.023622 0.677165 0.740157 
vn -0.102362 0.708661 0.700787 
vn -0.023622 0.622047 0.779528 
vn -0.417323 0.637795 0.653543 
vn 0.015748 0.590551 0.80315 
vn -0.023622 0.535433 0.84252 
vn 0.00787402 0.574803 0.818898 
vn -0.755906 0.488189 0.433071 
vn -0.795276 0.456693 0.401575 
vn -0.669291 0.488189 0.566929 
vn -0.76378 0.440945 0.472441 
vn -0.76378 0.338583 0.543307 
vn 0.0314961 0.401575 0.913386 
vn -0.0472441 0.314961 0.952756 
vn -0.133858 -0.401575 -0.905512 
vn -0.669291 -0.543307 -0.503937 
vn 0.0472441 -0.590551 -0.811024 
vn -0.779528 -0.362205 -0.511811 
vn 0.102362 -0.606299 -0.787402 
vn 0.023622 -0.653543 -0.755906 
vn 0.133858 -0.637795 -0.755906 
vn -0.228346 -0.598425 -0.76378 
vn -0.0551181 -0.574803 -0.818898 
vn 0.0629921 -0.677165 -0.732283 
vn -0.0866142 -0.338583 -0.937008 
vn -0.76378 -0.354331 -0.543307 
vn -0.0866142 -0.338583 -0.937008 
vn 0.23622 -0.708661 -0.669291 
vn 0.850394 -0.283465 0.440945 
vn -0.0314961 -0.291339 -0.952756 
vn -0.141732 -0.204724 -0.968504 
vn -0.110236 -0.173228 -0.976378 
vn -0.0472441 -0.307087 -0.952756 
vn -0.669291 -0.362205 -0.645669 
vn -0.653543 -0.259843 -0.708661 
vn 0.0393701 -0.401575 -0.913386 
vn -0.76378 -0.338583 -0.551181 
vn -0.669291 -0.480315 -0.566929 
vn -0.622047 -0.598425 -0.503937 
vn -0.76378 -0.440945 -0.472441 
vn -0.488189 -0.677165 -0.551181 
vn -0.795276 -0.456693 -0.401575 
vn -0.755906 -0.496063 -0.425197 
vn -0.440945 -0.661417 -0.606299 
vn -0.614173 -0.614173 -0.488189 
vn -0.0866142 -0.897638 -0.433071 
vn -0.503937 -0.708661 -0.496063 
vn 0.023622 -0.677165 -0.732283 
vn -0.023622 -0.622047 -0.779528 
vn 0.015748 -0.598425 -0.80315 
vn -0.023622 -0.535433 -0.84252 
vn 0.00787402 -0.574803 -0.818898 
vn -0.0787402 -0.472441 -0.874016 
vn -0.0866142 -0.543307 -0.834646 
vn -0.165354 -0.425197 -0.889764 
vn -0.417323 -0.425197 -0.80315 
vn -0.724409 -0.401575 -0.566929 
vn -0.165354 -0.433071 -0.88189 
vn -0.692913 -0.291339 -0.661417 
vn -0.685039 -0.228346 -0.692913 
vn -0.110236 -0.307087 -0.944882 
vn -0.110236 -0.354331 -0.929134 
vn -0.409449 -0.393701 -0.826772 
vn -0.00787402 -0.244094 -0.968504 
vn -0.393701 -0.283465 -0.874016 
vn -0.291339 -0.307087 -0.905512 
vn -0.377953 -0.19685 -0.905512 
vn 0.015748 -0.165354 -0.984252 
vn 0.015748 -0.212598 -0.976378 
vn 0.110236 -0.149606 -0.984252 
vn 0.023622 -0.173228 -0.984252 
vn -0.377953 -0.19685 -0.905512 
vn -0.629921 -0.188976 -0.755906 
vn -0.488189 -0.149606 -0.858268 
vn -0.393701 -0.188976 -0.897638 
vn -0.566929 -0.204724 -0.795276 
vn -0.566929 -0.23622 -0.787402 
vn 0.110236 -0.181102 -0.976378 
vn 0.0393701 -0.212598 -0.976378 
vn -0.448819 -0.259843 -0.850394 
vn -0.338583 -0.181102 -0.92126 
vn -0.251969 -0.598425 -0.76378 
vn 0 -0.188976 -0.984252 
vn -0.346457 -0.228346 -0.905512 
vn -0.0314961 -0.23622 -0.968504 
vn 0.0393701 -0.244094 -0.968504 
vn -0.23622 -0.598425 -0.771654 
vn -0.0708661 -0.952756 -0.299213 
vn -0.015748 -0.606299 -0.795276 
vn -0.0314961 -0.629921 -0.779528 
vn -0.0944882 -0.645669 -0.76378 
vn -0.00787402 -0.968504 -0.244094 
vn 0 -0.976378 -0.220472 
vn 0.0393701 -0.968504 -0.244094 
vn 0.023622 -1 0.0629921 
vn 0.015748 -1 0.0393701 
vn 0.0314961 -1 0.023622 
vn 0.0314961 -1 0.0551181 
vn 0.0393701 -1 0.0708661 
vn 0.0629921 -1 0.0393701 
vn 0.0393701 -1 0.023622 
vn 0.0472441 -1 0 
vn 0.0314961 -1 -0.015748 
vn 0.110236 -0.992126 0.0314961 
vn 0.0393701 -1 0.00787402 
vn 0.0787402 -1 -0.00787402 
vn 0.102362 -0.992126 0.00787402 
vn -0.330709 -0.188976 -0.92126 
vn -0.0866142 -0.11811 -0.992126 
vn -0.0314961 -0.173228 -0.984252 
vn 0.125984 -0.11811 -0.984252 
vn -0.259843 -0.582677 -0.771654 
vn -0.480315 -0.11811 -0.874016 
vn 0.0944882 -0.133858 -0.984252 
vn 0.0472441 -0.11811 -0.992126 
vn -0.023622 -0.511811 -0.858268 
vn -0.0393701 -0.905512 -0.417323 
vn 0 -0.535433 -0.84252 
vn -0.354331 -0.181102 -0.913386 
vn -0.740157 -0.401575 -0.543307 
vn 0.204724 -0.755906 -0.622047 
vn -0.771654 -0.503937 0.385827 
vn 0.283465 -0.787402 -0.543307 
vn -0.685039 -0.559055 0.472441 
vn 0.401575 -0.787402 -0.472441 
vn -0.582677 -0.566929 0.582677 
vn 0.440945 -0.700787 0.566929 
vn -0.732283 -0.23622 -0.637795 
vn -0.755906 -0.330709 -0.566929 
vn -0.559055 -0.275591 -0.779528 
vn -0.519685 -0.299213 -0.80315 
vn -0.00787402 -0.125984 -0.992126 
vn 0.0393701 -0.165354 -0.984252 
vn 0.708661 0.133858 -0.692913 
vn 0.771654 0.0944882 -0.629921 
vn 0.771654 0.0787402 -0.629921 
vn 0.0393701 -0.15748 -0.984252 
vn -0.76378 -0.377953 -0.519685 
vn -0.551181 -0.251969 -0.795276 
vn 0.00787402 -0.307087 -0.952756 
vn 0.661417 -0.0866142 -0.740157 
vn -0.464567 -0.401575 -0.787402 
vn -0.0472441 -0.574803 -0.818898 
vn 0.566929 -0.291339 -0.771654 
vn -0.188976 -0.740157 -0.645669 
vn 0.480315 -0.480315 -0.732283 
vn 0.590551 -0.566929 -0.574803 
vn -0.448819 -0.637795 -0.629921 
vn -0.354331 -0.732283 -0.574803 
vn -0.629921 -0.511811 -0.590551 
vn 0.511811 -0.677165 -0.527559 
vn 0.80315 -0.551181 -0.228346 
vn -0.346457 -0.795276 -0.496063 
vn -0.598425 -0.606299 -0.527559 
vn -0.370079 -0.653543 -0.661417 
vn 0.905512 -0.385827 0.19685 
vn -0.551181 -0.590551 -0.590551 
vn -0.417323 -0.740157 -0.535433 
vn -0.110236 -0.181102 -0.976378 
vn -0.11811 -0.149606 -0.984252 
vn 0.566929 -0.204724 -0.795276 
vn 0.629921 -0.188976 -0.755906 
vn 0.393701 -0.188976 -0.897638 
vn 0.488189 -0.149606 -0.858268 
vn -0.0472441 -0.11811 -0.992126 
vn -0.125984 -0.11811 -0.984252 
vn 0.0866142 -0.11811 -0.992126 
vn 0.19685 -0.110236 -0.976378 
vn 0.023622 -0.0787402 -1 
vn 0.559055 -0.19685 -0.80315 
vn 0.220472 -0.110236 -0.968504 
vn 0.0866142 -0.11811 -0.992126 
vn 0.622047 -0.11811 -0.771654 
vn 0.480315 -0.11811 -0.874016 
vn 0.692913 -0.141732 -0.708661 
vn 0.685039 -0.15748 -0.708661 
vn 0.188976 -0.133858 -0.976378 
vn 0.110236 -0.173228 -0.976378 
vn 0.653543 -0.0944882 -0.755906 
vn 0.606299 -0.228346 -0.76378 
vn 0.685039 -0.551181 -0.472441 
vn -0.228346 -0.724409 -0.645669 
vn 0.708661 -0.622047 -0.330709 
vn -0.102362 -0.866142 -0.488189 
vn 0.724409 -0.637795 -0.251969 
vn -0.149606 -0.92126 -0.354331 
vn 0.748031 -0.622047 -0.244094 
vn -0.0551181 -0.944882 -0.330709 
vn 0.771654 -0.582677 -0.259843 
vn -0.102362 -0.905512 -0.409449 
vn 0.787402 -0.614173 -0.0787402 
vn -0.0551181 -0.92126 -0.385827 
vn 0.771654 -0.629921 0.110236 
vn 0 -0.976378 -0.228346 
vn 0.779528 -0.574803 0.251969 
vn 0.0393701 -0.984252 -0.181102 
vn 0.661417 -0.543307 0.519685 
vn 0.15748 -0.952756 -0.267717 
vn 0.338583 -0.92126 -0.188976 
vn 0.370079 -0.582677 0.724409 
vn 0.228346 -0.968504 -0.11811 
vn 0.141732 -0.661417 0.732283 
vn 0.0472441 -0.771654 0.637795 
vn 0.15748 -0.952756 -0.267717 
vn 0.0629921 -0.897638 0.425197 
vn 0.267717 -0.84252 -0.464567 
vn 0.125984 -0.984252 0.125984 
vn 0.417323 -0.614173 -0.669291 
vn 0 -0.677165 -0.740157 
vn 0 -1 -0.0393701 
vn 0 -0.188976 -0.984252 
vn 0.346457 -0.228346 -0.905512 
vn 0.212598 -0.204724 -0.952756 
vn 0.0314961 -0.23622 -0.968504 
vn 0 -0.212598 -0.976378 
vn -0.228346 -0.204724 -0.952756 
vn 0.244094 -0.259843 -0.937008 
vn 0 -0.204724 -0.976378 
vn -0.212598 -0.204724 -0.952756 
vn 0.244094 -0.291339 -0.92126 
vn 0 -0.259843 -0.968504 
vn -0.244094 -0.259843 -0.937008 
vn 0.212598 -0.362205 -0.905512 
vn -0.212598 -0.362205 -0.905512 
vn -0.244094 -0.291339 -0.92126 
vn 0 -0.393701 -0.92126 
vn -0.0708661 -0.669291 -0.740157 
vn 0.0708661 -0.669291 -0.740157 
vn 0 -0.685039 -0.724409 
vn 0.0944882 -0.645669 -0.76378 
vn -0.0393701 -0.968504 -0.244094 
vn 0 -0.976378 -0.212598 
vn 0.0314961 -0.629921 -0.779528 
vn 0.015748 -0.606299 -0.795276 
vn 0 -0.976378 -0.220472 
vn 0 -1 0.0708661 
vn 0.00787402 -0.968504 -0.244094 
vn 0.0708661 -0.952756 -0.299213 
vn -0.023622 -1 0.0629921 
vn -0.015748 -1 0.0393701 
vn -0.19685 -0.110236 -0.976378 
vn -0.023622 -0.0787402 -1 
vn -0.622047 -0.11811 -0.771654 
vn -0.220472 -0.110236 -0.968504 
vn -0.692913 -0.141732 -0.708661 
vn -0.0866142 -0.11811 -0.992126 
vn -0.559055 -0.19685 -0.80315 
vn -0.188976 -0.133858 -0.976378 
vn -0.685039 -0.15748 -0.708661 
vn -0.653543 -0.0944882 -0.755906 
vn -0.606299 -0.125984 -0.779528 
vn -0.338583 -0.0944882 -0.937008 
vn -0.590551 -0.204724 -0.779528 
vn -0.141732 -0.0787402 -0.984252 
vn 0.480315 -0.110236 -0.866142 
vn 0.606299 0.0393701 -0.795276 
vn 0.330709 -0.448819 -0.826772 
vn -0.0551181 -0.102362 -0.992126 
vn 0.669291 0.0944882 -0.740157 
vn -0.606299 -0.228346 -0.76378 
vn -0.685039 -0.551181 -0.472441 
vn 0.228346 -0.724409 -0.645669 
vn -0.708661 -0.622047 -0.330709 
vn 0.102362 -0.866142 -0.488189 
vn -0.724409 -0.637795 -0.251969 
vn 0.149606 -0.92126 -0.354331 
vn -0.748031 -0.622047 -0.244094 
vn 0.0551181 -0.944882 -0.330709 
vn -0.771654 -0.582677 -0.259843 
vn 0.0944882 -0.905512 -0.409449 
vn -0.787402 -0.614173 -0.0787402 
vn 0.0629921 -0.92126 -0.385827 
vn -0.771654 -0.629921 0.110236 
vn 0 -0.976378 -0.228346 
vn -0.779528 -0.574803 0.251969 
vn -0.0393701 -0.984252 -0.181102 
vn -0.661417 -0.543307 0.519685 
vn -0.15748 -0.952756 -0.267717 
vn -0.338583 -0.92126 -0.188976 
vn -0.370079 -0.582677 0.724409 
vn -0.228346 -0.968504 -0.11811 
vn -0.141732 -0.661417 0.732283 
vn -0.0472441 -0.771654 0.637795 
vn -0.15748 -0.952756 -0.267717 
vn -0.0629921 -0.897638 0.425197 
vn -0.267717 -0.84252 -0.464567 
vn -0.125984 -0.984252 0.125984 
vn -0.417323 -0.614173 -0.669291 
vn 0 -0.677165 -0.740157 
vn 0 -1 -0.0393701 
vn 0.0393701 -0.905512 -0.417323 
vn -0.0551181 -1 -0.023622 
vn -0.0472441 -0.952756 -0.291339 
vn 0 -0.535433 -0.84252 
vn 0.582677 -0.811024 -0.0944882 
vn 0.338583 -0.944882 -0.023622 
vn 0.220472 -0.976378 -0.0629921 
vn 0.0393701 -1 -0.00787402 
vn 0.669291 -0.740157 -0.0393701 
vn -0.0787402 -1 -0.00787402 
vn 0 -1 -0.0551181 
vn 0.0472441 -0.96063 -0.275591 
vn -0.0314961 -1 -0.015748 
vn 0.251969 -0.598425 -0.76378 
vn 0.338583 -0.181102 -0.92126 
vn -0.0944882 -0.133858 -0.984252 
vn 0.354331 -0.181102 -0.913386 
vn 0.566929 -0.23622 -0.787402 
vn 0.448819 -0.259843 -0.850394 
vn 0.23622 -0.598425 -0.771654 
vn -0.0393701 -0.212598 -0.976378 
vn -0.0393701 -0.244094 -0.968504 
vn -0.661417 0.0393701 -0.748031 
vn -0.740157 -0.338583 0.574803 
vn -0.748031 -0.00787402 -0.661417 
vn -0.496063 0.0866142 -0.866142 
vn -0.80315 -0.417323 0.425197 
vn 0.338583 -0.212598 0.913386 
vn -0.606299 0.0393701 -0.795276 
vn -0.322835 0.110236 -0.937008 
vn -0.708661 -0.244094 0.669291 
vn 0.456693 -0.125984 0.88189 
vn 0.496063 -0.102362 0.866142 
vn -0.779528 -0.0866142 -0.622047 
vn 0.503937 -0.00787402 0.858268 
vn 0.606299 -0.0472441 0.795276 
vn 0.614173 0 0.787402 
vn -0.748031 -0.275591 0.598425 
vn 0.653543 0.015748 0.755906 
vn 0.724409 0.023622 0.692913 
vn 0.874016 0.330709 -0.346457 
vn 0.76378 0.267717 -0.582677 
vn 0.779528 0.0393701 0.629921 
vn 0.748031 0.188976 -0.629921 
vn 0.425197 0.0787402 0.905512 
vn 0.566929 0.133858 0.811024 
vn 0.692913 0.19685 0.692913 
vn 0.795276 0.346457 -0.496063 
vn 0.11811 0.606299 0.787402 
vn 0.267717 0.92126 -0.275591 
vn 0.0629921 0.425197 0.905512 
vn 0.0314961 0.322835 0.944882 
vn -0.0314961 -0.338583 0.937008 
vn -0.708661 -0.181102 -0.685039 
vn -0.0472441 -0.480315 -0.874016 
vn -0.653543 -0.023622 -0.755906 
vn -0.559055 -0.133858 -0.818898 
vn -0.0472441 -0.393701 -0.92126 
vn -0.440945 0.0708661 -0.889764 
vn 0.874016 0.330709 -0.346457 
vn 0.76378 0.267717 -0.582677 
vn -0.503937 0.023622 -0.866142 
vn 0.748031 0.188976 -0.629921 
vn -0.385827 -0.0551181 -0.92126 
vn 0.00787402 -0.19685 -0.976378 
vn 0.795276 0.346457 -0.496063 
vn 0.267717 0.92126 -0.275591 
vn 0.0314961 -0.173228 -0.984252 
vn 0.330709 -0.188976 -0.92126 
vn 0.259843 -0.582677 -0.771654 
vn 0.669291 -0.188976 -0.716535 
vn 0.598425 -0.543307 -0.590551 
vn 0.023622 -0.511811 -0.858268 
vn 0.850394 -0.377953 -0.370079 
vn 0.212598 -0.929134 -0.299213 
vn 0.559055 -0.795276 -0.228346 
vn 0.00787402 -1 -0.0472441 
vn 0.826772 -0.543307 -0.149606 
vn -0.787402 -0.165354 -0.590551 
vn -0.685039 -0.23622 -0.685039 
vn -0.535433 -0.165354 -0.826772 
vn -0.905512 -0.133858 -0.401575 
vn -0.771654 -0.23622 -0.598425 
vn -0.354331 -0.307087 -0.88189 
vn -0.535433 -0.472441 -0.700787 
vn -0.204724 -0.125984 -0.968504 
vn -0.834646 -0.291339 -0.464567 
vn -0.984252 -0.0629921 -0.173228 
vn -0.653543 -0.566929 -0.496063 
vn -0.488189 -0.19685 -0.850394 
vn -0.125984 -0.11811 -0.984252 
vn -0.732283 -0.307087 -0.614173 
vn -0.905512 -0.322835 -0.275591 
vn -1 -0.0787402 -0.023622 
vn -0.905512 -0.370079 -0.19685 
vn -0.692913 -0.629921 -0.362205 
vn -1 -0.0787402 -0.023622 
vn -0.409449 -0.259843 -0.874016 
vn -0.629921 -0.314961 -0.708661 
vn -0.0393701 -0.165354 -0.984252 
vn -0.314961 -0.259843 -0.913386 
vn 0.015748 -0.181102 -0.984252 
vn -0.913386 -0.362205 -0.165354 
vn -1 -0.0551181 -0.015748 
vn -0.708661 -0.637795 -0.299213 
vn -0.929134 -0.338583 -0.141732 
vn 0.905512 -0.133858 -0.401575 
vn 0.787402 -0.165354 -0.590551 
vn 0.685039 -0.23622 -0.685039 
vn 0.535433 -0.165354 -0.826772 
vn 0.771654 -0.23622 -0.598425 
vn 0.834646 -0.291339 -0.464567 
vn 0.984252 -0.0629921 -0.173228 
vn 0.354331 -0.307087 -0.88189 
vn 0.535433 -0.472441 -0.700787 
vn 0.204724 -0.125984 -0.968504 
vn 0.653543 -0.566929 -0.496063 
vn 0.905512 -0.322835 -0.275591 
vn 1 -0.0787402 -0.023622 
vn 0.488189 -0.19685 -0.850394 
vn 0.11811 -0.11811 -0.984252 
vn 0.732283 -0.307087 -0.614173 
vn 0.905512 -0.370079 -0.19685 
vn 1 -0.0787402 -0.023622 
vn 0.692913 -0.629921 -0.362205 
vn 0.409449 -0.259843 -0.874016 
vn 0.629921 -0.314961 -0.708661 
vn 0.0393701 -0.165354 -0.984252 
vn 0.314961 -0.259843 -0.913386 
vn -0.015748 -0.181102 -0.984252 
vn 0.913386 -0.362205 -0.165354 
vn 0.708661 -0.637795 -0.299213 
vn 1 -0.0551181 -0.015748 
vn 0.929134 -0.338583 -0.141732 
vn -0.598425 0.0629921 0.80315 
vn 0.440945 -0.700787 0.566929 
vn 0.700787 -0.0944882 0.708661 
vn 0.401575 -0.787402 -0.472441 
vn -0.582677 -0.566929 0.582677 
vn -0.740157 0.0944882 0.661417 
vn -0.685039 -0.559055 0.472441 
vn -0.771654 -0.503937 0.385827 
vn -0.614173 -0.0708661 0.787402 
vn -0.850394 0.11811 0.511811 
vn -0.740157 -0.401575 -0.543307 
vn -0.606299 0.015748 -0.795276 
vn -0.755906 -0.0944882 0.645669 
vn -0.866142 -0.11811 0.480315 
vn -0.566929 0.015748 -0.818898 
vn -0.779528 -0.015748 -0.622047 
vn -0.708661 -0.291339 0.637795 
vn -0.937008 -0.0866142 -0.338583 
vn -0.425197 -0.165354 0.889764 
vn -0.582677 -0.23622 0.779528 
vn -0.149606 -0.173228 0.976378 
vn -0.330709 -0.23622 0.913386 
vn -0.488189 -0.291339 0.818898 
vn -0.322835 -0.204724 0.92126 
vn -0.984252 -0.125984 -0.133858 
vn -0.141732 -0.165354 0.976378 
vn -0.23622 -0.0944882 0.968504 
vn -0.992126 -0.0944882 -0.0314961 
vn -0.0472441 -0.0708661 1 
vn -0.204724 0 0.976378 
vn -1 0.0393701 -0.00787402 
vn -0.96063 0.275591 -0.015748 
vn -0.00787402 0 1 
vn 0 -0.015748 1 
vn -0.19685 0.0393701 0.976378 
vn -0.913386 0.409449 -0.015748 
vn -0.188976 0.0314961 0.984252 
vn 0 -0.0472441 1 
vn 0.173228 -0.102362 0.976378 
vn 0.181102 -0.0551181 0.984252 
vn 0.346457 0.889764 -0.307087 
vn 0.716535 0.00787402 0.700787 
vn 0.834646 0.19685 -0.511811 
vn 0.984252 0.015748 -0.188976 
vn 0.708661 0.244094 -0.661417 
vn 0.19685 0.913386 -0.362205 
vn 0.385827 -0.0314961 0.92126 
vn 0.559055 0.291339 -0.771654 
vn 0.992126 -0.0472441 -0.141732 
vn 0.314961 -0.023622 0.952756 
vn 0.0787402 0.897638 -0.425197 
vn 0.496063 -0.0629921 0.866142 
vn 0.929134 0.0472441 -0.370079 
vn 0.944882 -0.0629921 -0.330709 
vn 0.944882 -0.0314961 -0.338583 
vn 0.755906 -0.102362 0.645669 
vn 0.858268 -0.0629921 -0.511811 
vn 0.858268 -0.0708661 -0.503937 
vn 0.740157 -0.0866142 -0.669291 
vn 0.480315 -0.0472441 -0.874016 
vn -0.519685 0.0708661 -0.850394 
vn 0.834646 0.0787402 -0.543307 
vn -0.307087 0.00787402 -0.952756 
vn -0.314961 0.0393701 -0.952756 
vn -0.653543 0.0629921 -0.755906 
vn -0.84252 0.488189 -0.228346 
vn -0.984252 -0.0629921 0.188976 
vn -0.818898 -0.275591 0.503937 
vn -0.598425 0.346457 0.724409 
vn -0.480315 0.393701 0.779528 
vn -0.984252 0.0787402 0.15748 
vn -0.929134 -0.0472441 0.370079 
vn -0.716535 -0.244094 0.653543 
vn -0.370079 0.393701 0.84252 
vn -0.582677 -0.188976 0.787402 
vn 0.606299 0.566929 0.559055 
vn 0.716535 0.00787402 0.700787 
vn -0.850394 -0.023622 0.527559 
vn 0.385827 -0.0314961 0.92126 
vn -0.944882 0.0629921 0.330709 
vn -0.866142 0.0393701 0.496063 
vn 0.314961 -0.023622 0.952756 
vn -0.929134 0.110236 0.354331 
vn -0.858268 0.0629921 0.511811 
vn -0.748031 0.00787402 0.661417 
vn 0.496063 -0.0629921 0.866142 
vn -0.76378 0.110236 -0.637795 
vn -0.76378 0.0866142 0.637795 
vn -0.645669 0.023622 0.76378 
vn -0.496063 -0.0314961 0.866142 
vn 0.755906 -0.102362 0.645669 
vn -0.937008 0.0708661 -0.346457 
vn -0.527559 0.0314961 0.850394 
vn -0.370079 -0.00787402 0.929134 
vn -0.19685 -0.0551181 0.976378 
vn 0.929134 -0.0787402 0.362205 
vn 0.984252 0.0551181 0.141732 
vn 0.0393701 -0.0393701 1 
vn 0.937008 0.346457 0.0393701 
vn -0.141732 -0.0314961 0.992126 
vn 0.149606 0.00787402 0.992126 
vn 0.858268 0.519685 0.015748 
vn 0.173228 0.0314961 0.984252 
vn -0.00787402 -0.0472441 1 
vn 0.0314961 -0.0551181 1 
vn -0.133858 -0.15748 0.976378 
vn -0.322835 -0.0314961 0.944882 
vn -0.188976 -0.11811 0.976378 
vn -0.834646 -0.551181 0.023622 
vn -0.992126 -0.0866142 -0.11811 
vn -0.92126 -0.385827 -0.00787402 
vn -0.204724 -0.0708661 -0.976378 
vn -0.181102 -0.0393701 -0.984252 
vn -0.0629921 -0.00787402 -1 
vn 0 0.0393701 -1 
vn -0.0393701 0.0472441 -1 
vn 0.11811 0.141732 -0.984252 
vn 0.173228 -0.00787402 -0.984252 
vn 0.133858 0.0314961 -0.992126 
vn 0.362205 0.00787402 -0.929134 
vn 0.165354 0.110236 -0.976378 
vn 0.937008 0.346457 0.0393701 
vn 0.858268 0.519685 0.015748 
vn 0.314961 0.0551181 -0.944882 
vn 0.984252 0.0551181 0.141732 
vn 0.535433 0.023622 -0.84252 
vn 0.929134 -0.0787402 0.362205 
vn 0.779528 0 -0.622047 
vn 0.645669 -0.023622 -0.76378 
vn 0.275591 -0.76378 -0.582677 
vn 0.566929 -0.771654 -0.283465 
vn 0.889764 -0.0866142 -0.448819 
vn 0.661417 -0.740157 0.0944882 
vn 0.417323 -0.0787402 -0.905512 
vn 0.992126 -0.0393701 0.141732 
vn 0 -0.76378 -0.645669 
vn 0.771654 0.0472441 0.637795 
vn 0 -0.0629921 -1 
vn 0.551181 -0.677165 0.480315 
vn 0.417323 -0.582677 0.700787 
vn 0.511811 0.133858 0.850394 
vn -0.425197 -0.0787402 -0.905512 
vn -0.275591 -0.76378 -0.582677 
vn -0.889764 -0.0866142 -0.448819 
vn -0.566929 -0.771654 -0.283465 
vn -0.661417 -0.740157 0.0944882 
vn -0.992126 -0.0393701 0.141732 
vn -0.771654 0.0472441 0.637795 
vn -0.551181 -0.677165 0.480315 
vn -0.417323 -0.582677 0.700787 
vn -0.511811 0.133858 0.850394 
vn -0.992126 0.00787402 0.133858 
vn -0.874016 -0.0787402 0.488189 
vn -0.795276 0.212598 -0.574803 
vn -0.748031 -0.00787402 0.661417 
vn 0.629921 0.188976 -0.755906 
vn 0.88189 0.110236 -0.456693 
vn 0.755906 0.0393701 -0.653543 
vn 0.944882 -0.0314961 -0.322835 
vn 0.84252 -0.0944882 -0.535433 
vn 0.976378 -0.15748 -0.165354 
vn 0.708661 -0.0866142 0.700787 
vn 0.299213 -0.149606 0.944882 
vn -0.181102 -0.15748 0.968504 
vn 0.92126 -0.228346 0.322835 
vn -0.244094 -0.0393701 0.968504 
vn 0.976378 -0.165354 0.165354 
vn 0.850394 -0.314961 0.425197 
vn 0 0.102362 0.992126 
vn 0.913386 -0.314961 0.259843 
vn 0.716535 -0.582677 0.385827 
vn 0.0472441 -0.80315 0.590551 
vn 0.354331 -0.015748 0.937008 
vn 0.519685 -0.00787402 0.858268 
vn -0.566929 -0.385827 0.724409 
vn 0.559055 -0.110236 0.818898 
vn -0.0472441 -0.874016 0.480315 
vn -0.622047 -0.015748 0.787402 
vn 0.708661 -0.417323 0.566929 
vn -0.685039 -0.393701 0.614173 
vn -0.748031 0 0.661417 
vn -0.291339 0.0866142 0.952756 
vn 0.740157 -0.669291 0 
vn 0.0314961 0.023622 1 
vn -0.448819 0.125984 0.88189 
vn -0.149606 0.0866142 0.984252 
vn -0.858268 0.015748 0.511811 
vn -0.606299 0.188976 0.771654 
vn -0.338583 0.188976 0.92126 
vn -0.125984 0.0393701 0.992126 
vn 0.307087 -0.472441 0.826772 
vn 0.314961 0.0472441 0.952756 
vn 0.850394 -0.448819 0.283465 
vn 0.850394 0.275591 0.440945 
vn 0.322835 -0.92126 0.212598 
vn 0.322835 0.755906 0.574803 
vn -0.23622 -0.937008 0.267717 
vn -0.23622 0.740157 0.629921 
vn -0.76378 0.244094 0.598425 
vn -0.125984 -0.488189 0.866142 
vn -0.755906 -0.480315 0.440945 
vn -0.771654 0.511811 -0.385827 
vn -0.338583 0.188976 0.92126 
vn -0.661417 0.724409 -0.19685 
vn 0.023622 -1 0.015748 
vn 0.00787402 -1 0.0393701 
vn 0 -0.992126 0.110236 
vn -0.00787402 -1 0.0472441 
vn 0.0551181 -1 0.015748 
vn 0.015748 -0.968504 0.259843 
vn 0 -0.850394 0.527559 
vn 0.023622 -0.716535 0.700787 
vn 0.0393701 -0.472441 0.88189 
vn 0.0314961 -0.976378 0.228346 
vn 0.0708661 -1 0.0314961 
vn 0.0708661 -1 0.015748 
vn -0.0314961 -0.275591 0.96063 
vn -0.023622 -0.141732 0.992126 
vn -0.0393701 -0.700787 0.716535 
vn -0.19685 -0.244094 0.952756 
vn -0.220472 -0.0944882 0.968504 
vn -0.00787402 -0.976378 0.228346 
vn -0.314961 -0.677165 0.661417 
vn -0.598425 -0.291339 0.748031 
vn -0.685039 -0.0472441 0.724409 
vn -0.19685 -0.929134 0.322835 
vn -0.889764 -0.275591 0.354331 
vn -0.92126 -0.0629921 0.385827 
vn -0.76378 -0.566929 0.314961 
vn -0.590551 -0.748031 0.307087 
vn -0.944882 -0.291339 0.15748 
vn -0.96063 -0.149606 0.228346 
vn -0.850394 -0.519685 0.0944882 
vn -0.338583 -0.937008 0.0944882 
vn -0.685039 -0.724409 0.0629921 
vn -0.944882 -0.299213 0.110236 
vn -0.976378 -0.181102 0.141732 
vn -0.0472441 -1 0.0708661 
vn -0.401575 -0.92126 0.00787402 
vn -0.0866142 -0.992126 0.015748 
vn -0.0393701 -1 -0.00787402 
vn -0.338583 -0.944882 -0.023622 
vn -0.637795 -0.771654 -0.0314961 
vn -0.669291 -0.740157 -0.0393701 
vn -0.755906 -0.661417 0 
vn -0.858268 -0.519685 -0.0314961 
vn -0.889764 -0.464567 0.0472441 
vn -0.968504 -0.23622 -0.023622 
vn -0.992126 -0.0944882 -0.023622 
vn -1 -0.0629921 -0.0629921 
vn -0.976378 -0.204724 -0.0708661 
vn -0.897638 -0.433071 -0.0708661 
vn -0.984252 -0.173228 -0.0708661 
vn -1 -0.0708661 -0.0472441 
vn -0.96063 -0.165354 -0.220472 
vn -0.992126 -0.0866142 -0.0314961 
vn -0.929134 -0.354331 -0.125984 
vn -0.748031 -0.661417 -0.0708661 
vn -0.582677 -0.811024 -0.0944882 
vn -0.826772 -0.543307 -0.149606 
vn -0.88189 -0.275591 -0.385827 
vn -0.220472 -0.976378 -0.0629921 
vn -0.559055 -0.795276 -0.228346 
vn -0.850394 -0.377953 -0.370079 
vn -0.811024 -0.165354 -0.559055 
vn -0.92126 -0.165354 -0.362205 
vn -0.984252 -0.11811 -0.149606 
vn -0.669291 -0.188976 -0.716535 
vn -0.598425 -0.543307 -0.590551 
vn -0.212598 -0.929134 -0.299213 
vn -0.00787402 -1 -0.0472441 
vn 0.0551181 -1 -0.023622 
vn 0.0472441 -0.952756 -0.291339 
vn 0 -1 -0.0551181 
vn -0.0472441 -0.96063 -0.275591 
vn -0.0314961 -1 0.023622 
vn -0.0314961 -1 0.0551181 
vn 0 -1 0.0551181 
vn -0.0393701 -1 0.0708661 
vn -0.0629921 -1 0.0393701 
vn -0.0393701 -1 0.023622 
vn -0.0472441 -1 0 
vn -0.110236 -0.992126 0.0314961 
vn -0.0393701 -1 0.00787402 
vn -0.023622 -1 0.015748 
vn -0.00787402 -1 0.0393701 
vn -0.102362 -0.992126 0.00787402 
vn 0 -0.992126 0.110236 
vn 0.00787402 -1 0.0472441 
vn -0.0551181 -1 0.015748 
vn -0.015748 -0.968504 0.259843 
vn 0 -0.850394 0.527559 
vn -0.0708661 -1 0.015748 
vn -0.0708661 -1 0.0314961 
vn -0.0314961 -0.976378 0.228346 
vn -0.023622 -0.716535 0.700787 
vn -0.0393701 -0.472441 0.88189 
vn 0.0866142 -0.992126 0.015748 
vn 0.0472441 -1 0.0708661 
vn 0.401575 -0.913386 0.00787402 
vn 0.0314961 -0.275591 0.96063 
vn 0.023622 -0.141732 0.992126 
vn 0.0393701 -0.700787 0.716535 
vn 0.19685 -0.244094 0.952756 
vn 0.220472 -0.0944882 0.968504 
vn 0.00787402 -0.976378 0.228346 
vn 0.598425 -0.291339 0.748031 
vn 0.685039 -0.0472441 0.724409 
vn 0.314961 -0.677165 0.661417 
vn 0.19685 -0.929134 0.322835 
vn 0.338583 -0.937008 0.0944882 
vn 0.889764 -0.275591 0.354331 
vn 0.92126 -0.0629921 0.385827 
vn 0.76378 -0.559055 0.314961 
vn 0.590551 -0.748031 0.307087 
vn 0.944882 -0.291339 0.15748 
vn 0.96063 -0.149606 0.228346 
vn 0.685039 -0.724409 0.0629921 
vn 0.850394 -0.519685 0.0944882 
vn 0.944882 -0.299213 0.110236 
vn 0.976378 -0.181102 0.141732 
vn 0.889764 -0.464567 0.0472441 
vn 0.968504 -0.23622 -0.023622 
vn 0.992126 -0.0944882 -0.023622 
vn 1 -0.0629921 -0.0629921 
vn 0.755906 -0.661417 0 
vn 0.858268 -0.519685 -0.0314961 
vn 0.637795 -0.771654 -0.0314961 
vn 0.976378 -0.204724 -0.0708661 
vn 0.897638 -0.433071 -0.0708661 
vn 0.984252 -0.173228 -0.0708661 
vn 1 -0.0708661 -0.0472441 
vn 0.748031 -0.661417 -0.0708661 
vn 0.929134 -0.354331 -0.125984 
vn 0.96063 -0.165354 -0.220472 
vn 0.992126 -0.0866142 -0.0314961 
vn 0.88189 -0.275591 -0.385827 
vn 0.811024 -0.165354 -0.559055 
vn 0.92126 -0.165354 -0.362205 
vn 0.984252 -0.11811 -0.149606 
vn 0.724409 -0.645669 -0.251969 
vn 1 -0.015748 -0.0314961 
vn 0.92126 -0.346457 -0.149606 
vn 0.755906 -0.606299 -0.251969 
vn 1 -0.00787402 0.023622 
vn 0.771654 -0.622047 -0.133858 
vn 0.944882 -0.330709 0.0314961 
vn 0.968504 -0.00787402 0.23622 
vn 0.92126 -0.322835 0.220472 
vn 0.755906 -0.645669 0.0708661 
vn 0.944882 0.00787402 0.322835 
vn 0.874016 -0.330709 0.362205 
vn 0.748031 -0.614173 0.251969 
vn 0.88189 0.0472441 0.472441 
vn 0.653543 -0.307087 0.685039 
vn 0.598425 -0.614173 0.511811 
vn 0.535433 0.102362 0.834646 
vn 0.354331 -0.606299 0.708661 
vn 0.291339 -0.291339 0.913386 
vn 0.102362 0.0944882 0.992126 
vn 0.204724 -0.645669 0.732283 
vn 0.102362 -0.307087 0.944882 
vn -0.00787402 0.023622 1 
vn 0.0551181 -0.448819 0.889764 
vn -0.0551181 -0.125984 0.992126 
vn 0.125984 -0.740157 0.661417 
vn -0.0944882 -0.283465 0.952756 
vn 0.023622 -0.653543 0.755906 
vn 0.149606 -0.858268 0.496063 
vn 0 -0.929134 0.377953 
vn 0 -0.834646 0.551181 
vn -0.11811 -0.748031 0.653543 
vn 0 -0.84252 0.535433 
vn -1 -0.015748 -0.0314961 
vn -0.724409 -0.645669 -0.251969 
vn -0.92126 -0.346457 -0.149606 
vn -0.748031 -0.606299 -0.251969 
vn -1 -0.00787402 0.023622 
vn -0.771654 -0.622047 -0.133858 
vn -0.944882 -0.330709 0.0314961 
vn -0.968504 -0.00787402 0.23622 
vn -0.92126 -0.322835 0.220472 
vn -0.755906 -0.645669 0.0708661 
vn -0.944882 0.00787402 0.322835 
vn -0.874016 -0.330709 0.362205 
vn -0.748031 -0.614173 0.251969 
vn -0.88189 0.0472441 0.472441 
vn -0.653543 -0.307087 0.685039 
vn -0.598425 -0.614173 0.511811 
vn -0.535433 0.102362 0.834646 
vn -0.354331 -0.606299 0.708661 
vn -0.291339 -0.291339 0.913386 
vn -0.102362 0.0944882 0.992126 
vn -0.204724 -0.645669 0.732283 
vn -0.102362 -0.307087 0.944882 
vn 0.00787402 0.023622 1 
vn -0.0551181 -0.448819 0.889764 
vn 0.0551181 -0.125984 0.992126 
vn -0.125984 -0.740157 0.661417 
vn 0.0944882 -0.283465 0.952756 
vn -0.023622 -0.653543 0.755906 
vn -0.149606 -0.858268 0.496063 
vn 0 -0.929134 0.377953 
vn 0 -0.834646 0.551181 
vn 0.11811 -0.748031 0.653543 
vn 0 -0.84252 0.535433 
vn -0.23622 0.88189 0.417323 
vn -0.0551181 0.897638 0.433071 
vn 0.0314961 1 0.023622 
vn 0 1 0.00787402 
vn 0 0.889764 0.448819 
vn -0.0944882 0.992126 0.0314961 
vn -0.125984 0.661417 0.740157 
vn 0 0.653543 0.755906 
vn -0.330709 0.622047 0.708661 
vn -0.165354 0.787402 0.590551 
vn 0.228346 0.88189 0.417323 
vn -0.0314961 1 0.023622 
vn 0.0551181 0.897638 0.433071 
vn 0 1 0.00787402 
vn 0 0.889764 0.448819 
vn 0.0944882 0.992126 0.0314961 
vn 0.125984 0.661417 0.740157 
vn 0 0.653543 0.755906 
vn 0.330709 0.622047 0.708661 
vn 0.165354 0.787402 0.590551 

vt 0.845111 0.533889 
vt 0.841142 0.537708 
vt 0.844602 0.532177 
vt 0.848289 0.529352 
vt 0.847712 0.528172 
vt 0.848507 0.529886 
vt 0.845292 0.534463 
vt 0.841282 0.538312 
vt 0.840658 0.535796 
vt 0.836328 0.541969 
vt 0.836218 0.541348 
vt 0.835814 0.539548 
vt 0.833111 0.543108 
vt 0.832514 0.541283 
vt 0.799296 0.52723 
vt 0.795328 0.52341 
vt 0.795837 0.521697 
vt 0.79215 0.518872 
vt 0.792728 0.517692 
vt 0.791932 0.519406 
vt 0.795146 0.523984 
vt 0.799157 0.527834 
vt 0.799781 0.525317 
vt 0.80411 0.531491 
vt 0.804221 0.530871 
vt 0.804625 0.529071 
vt 0.807327 0.532631 
vt 0.807925 0.530806 
vt 0.782672 0.52989 
vt 0.78365 0.524805 
vt 0.783698 0.530211 
vt 0.782681 0.523784 
vt 0.784188 0.534813 
vt 0.78487 0.530781 
vt 0.785204 0.535036 
vt 0.784804 0.525407 
vt 0.78122 0.517809 
vt 0.780398 0.517888 
vt 0.780421 0.517694 
vt 0.781232 0.517455 
vt 0.782332 0.517323 
vt 0.784026 0.520144 
vt 0.782565 0.517664 
vt 0.783302 0.51724 
vt 0.783487 0.517592 
vt 0.78514 0.517638 
vt 0.785843 0.521983 
vt 0.785501 0.518209 
vt 0.788438 0.519125 
vt 0.785277 0.519102 
vt 0.788474 0.519462 
vt 0.790313 0.52039 
vt 0.788298 0.52015 
vt 0.788173 0.521546 
vt 0.785875 0.526012 
vt 0.790283 0.520731 
vt 0.787822 0.524032 
vt 0.789833 0.521834 
vt 0.791586 0.522164 
vt 0.789638 0.523094 
vt 0.789182 0.523913 
vt 0.790433 0.523142 
vt 0.791399 0.522406 
vt 0.791852 0.524172 
vt 0.792099 0.523961 
vt 0.790739 0.524551 
vt 0.790368 0.524594 
vt 0.792242 0.526749 
vt 0.792479 0.526564 
vt 0.791164 0.526868 
vt 0.792829 0.529638 
vt 0.790251 0.527736 
vt 0.789879 0.52457 
vt 0.79159 0.52997 
vt 0.792644 0.529873 
vt 0.793316 0.532925 
vt 0.788876 0.527011 
vt 0.793124 0.532972 
vt 0.791719 0.53326 
vt 0.793295 0.536307 
vt 0.793479 0.536305 
vt 0.793283 0.539623 
vt 0.790211 0.530983 
vt 0.789663 0.528117 
vt 0.789658 0.531367 
vt 0.789984 0.533195 
vt 0.789125 0.531983 
vt 0.78859 0.531311 
vt 0.788758 0.534795 
vt 0.791442 0.535859 
vt 0.789932 0.536295 
vt 0.788725 0.536682 
vt 0.787807 0.534455 
vt 0.789806 0.539127 
vt 0.791309 0.539118 
vt 0.791241 0.541795 
vt 0.793119 0.539624 
vt 0.793069 0.542414 
vt 0.793242 0.542441 
vt 0.793301 0.545822 
vt 0.792472 0.545756 
vt 0.790376 0.545603 
vt 0.79175 0.549756 
vt 0.793158 0.54892 
vt 0.793152 0.545909 
vt 0.793367 0.548881 
vt 0.761347 0.530355 
vt 0.761748 0.533401 
vt 0.760845 0.534571 
vt 0.762141 0.539094 
vt 0.763964 0.530939 
vt 0.7631 0.526408 
vt 0.765026 0.529379 
vt 0.766133 0.535414 
vt 0.762756 0.543064 
vt 0.761704 0.540295 
vt 0.76104 0.542374 
vt 0.764876 0.536935 
vt 0.766678 0.540321 
vt 0.767745 0.539312 
vt 0.763204 0.538511 
vt 0.764645 0.541476 
vt 0.769102 0.542925 
vt 0.763717 0.541876 
vt 0.768325 0.543432 
vt 0.769169 0.545824 
vt 0.767275 0.54405 
vt 0.768124 0.546264 
vt 0.768628 0.548862 
vt 0.766678 0.544992 
vt 0.767366 0.547144 
vt 0.767749 0.549352 
vt 0.766666 0.549318 
vt 0.766278 0.547135 
vt 0.765522 0.54936 
vt 0.765433 0.544898 
vt 0.765194 0.547638 
vt 0.764363 0.545806 
vt 0.764463 0.549729 
vt 0.764862 0.555241 
vt 0.763607 0.556141 
vt 0.763918 0.547695 
vt 0.763468 0.551015 
vt 0.761733 0.552885 
vt 0.763226 0.545097 
vt 0.762631 0.548699 
vt 0.761823 0.545731 
vt 0.761 0.550043 
vt 0.760067 0.546594 
vt 0.75914 0.543973 
vt 0.758134 0.548767 
vt 0.757514 0.544909 
vt 0.759148 0.552267 
vt 0.759912 0.555274 
vt 0.757288 0.545029 
vt 0.758968 0.552419 
vt 0.75793 0.548934 
vt 0.786284 0.707062 
vt 0.785472 0.703986 
vt 0.787383 0.705529 
vt 0.787937 0.709259 
vt 0.786157 0.70766 
vt 0.788108 0.708703 
vt 0.788983 0.707537 
vt 0.789274 0.711224 
vt 0.789452 0.710681 
vt 0.790284 0.709407 
vt 0.790608 0.711957 
vt 0.790466 0.712511 
vt 0.79126 0.710614 
vt 0.792174 0.713291 
vt 0.792059 0.713866 
vt 0.79299 0.711635 
vt 0.794104 0.71517 
vt 0.79424 0.714599 
vt 0.795136 0.713311 
vt 0.797856 0.718461 
vt 0.797707 0.719015 
vt 0.798733 0.71742 
vt 0.800835 0.72183 
vt 0.800951 0.721253 
vt 0.800812 0.719316 
vt 0.803406 0.723372 
vt 0.801938 0.720169 
vt 0.803605 0.722797 
vt 0.803281 0.720868 
vt 0.804297 0.721237 
vt 0.839425 0.559865 
vt 0.838612 0.562941 
vt 0.837513 0.561408 
vt 0.83874 0.563539 
vt 0.836959 0.565138 
vt 0.836788 0.564583 
vt 0.835913 0.563416 
vt 0.835622 0.567103 
vt 0.835444 0.56656 
vt 0.834612 0.565286 
vt 0.834288 0.567836 
vt 0.83443 0.56839 
vt 0.833636 0.566494 
vt 0.832722 0.56917 
vt 0.832838 0.569746 
vt 0.831906 0.567515 
vt 0.830792 0.57105 
vt 0.830657 0.570478 
vt 0.82976 0.56919 
vt 0.82704 0.57434 
vt 0.82719 0.574894 
vt 0.826163 0.573299 
vt 0.824061 0.577709 
vt 0.823946 0.577132 
vt 0.824084 0.575195 
vt 0.821491 0.579251 
vt 0.822958 0.576048 
vt 0.821291 0.578676 
vt 0.821615 0.576747 
vt 0.820599 0.577116 
vt 0.775474 0.518709 
vt 0.775892 0.517674 
vt 0.775891 0.5187 
vt 0.775444 0.519443 
vt 0.775905 0.519427 
vt 0.775151 0.518761 
vt 0.776194 0.518745 
vt 0.775151 0.517625 
vt 0.776194 0.517621 
vt 0.775905 0.516945 
vt 0.775474 0.517674 
vt 0.775445 0.516938 
vt 0.78799 0.526637 
vt 0.787664 0.531497 
vt 0.787008 0.534713 
vt 0.786099 0.531252 
vt 0.781693 0.534207 
vt 0.782672 0.52989 
vt 0.781912 0.534517 
vt 0.779658 0.53762 
vt 0.782428 0.529812 
vt 0.779537 0.537104 
vt 0.782464 0.523925 
vt 0.776545 0.53917 
vt 0.782681 0.523784 
vt 0.780286 0.51828 
vt 0.780398 0.517888 
vt 0.776504 0.53857 
vt 0.773229 0.538667 
vt 0.773182 0.539277 
vt 0.770387 0.536829 
vt 0.770201 0.537325 
vt 0.7684 0.532676 
vt 0.768659 0.532396 
vt 0.767326 0.52579 
vt 0.76705 0.52581 
vt 0.768513 0.517639 
vt 0.7683 0.517292 
vt 0.853523 0.530805 
vt 0.853455 0.53197 
vt 0.853422 0.530809 
vt 0.853523 0.527827 
vt 0.853626 0.523175 
vt 0.85349 0.523189 
vt 0.853416 0.517007 
vt 0.853536 0.517074 
vt 0.853734 0.517194 
vt 0.853662 0.527823 
vt 0.853881 0.523157 
vt 0.853932 0.517299 
vt 0.853626 0.530801 
vt 0.854149 0.523155 
vt 0.854046 0.517361 
vt 0.854309 0.523163 
vt 0.853908 0.527826 
vt 0.85416 0.52784 
vt 0.854309 0.527855 
vt 0.85414 0.530901 
vt 0.854019 0.530863 
vt 0.853974 0.532032 
vt 0.853817 0.530819 
vt 0.853872 0.531994 
vt 0.853935 0.532582 
vt 0.853713 0.531959 
vt 0.853579 0.531959 
vt 0.853845 0.53257 
vt 0.853703 0.532564 
vt 0.853519 0.531978 
vt 0.853581 0.532571 
vt 0.853457 0.532578 
vt 0.853343 0.532575 
vt 0.853519 0.532578 
vt 0.853452 0.533509 
vt 0.853521 0.53351 
vt 0.853524 0.534777 
vt 0.853453 0.534781 
vt 0.853537 0.536281 
vt 0.853595 0.534784 
vt 0.853591 0.533509 
vt 0.853718 0.533506 
vt 0.853721 0.53479 
vt 0.853853 0.533505 
vt 0.853935 0.533507 
vt 0.853851 0.534793 
vt 0.853926 0.534796 
vt 0.853887 0.536318 
vt 0.853825 0.536313 
vt 0.85378 0.537864 
vt 0.853715 0.536307 
vt 0.853739 0.537853 
vt 0.814153 0.573116 
vt 0.816511 0.575378 
vt 0.816494 0.575504 
vt 0.818201 0.575345 
vt 0.814113 0.573243 
vt 0.818209 0.575485 
vt 0.811479 0.569673 
vt 0.820212 0.574584 
vt 0.811433 0.569801 
vt 0.820188 0.574445 
vt 0.807121 0.563801 
vt 0.821763 0.573063 
vt 0.807168 0.563676 
vt 0.821797 0.573193 
vt 0.80192 0.556275 
vt 0.823545 0.571129 
vt 0.801968 0.556153 
vt 0.79737 0.549613 
vt 0.797424 0.549491 
vt 0.82358 0.571257 
vt 0.825348 0.56938 
vt 0.825376 0.569515 
vt 0.7881 0.690671 
vt 0.790457 0.688409 
vt 0.788116 0.690797 
vt 0.786409 0.690638 
vt 0.790497 0.688537 
vt 0.786401 0.690779 
vt 0.793131 0.684966 
vt 0.784398 0.689877 
vt 0.793177 0.685094 
vt 0.784423 0.689739 
vt 0.797489 0.679094 
vt 0.782847 0.688357 
vt 0.797442 0.67897 
vt 0.782813 0.688486 
vt 0.80269 0.671569 
vt 0.781065 0.686423 
vt 0.802642 0.671446 
vt 0.80724 0.664906 
vt 0.807186 0.664784 
vt 0.78103 0.68655 
vt 0.779262 0.684674 
vt 0.779234 0.684808 
vt 0.774296 0.700523 
vt 0.771257 0.701522 
vt 0.77409 0.698391 
vt 0.771572 0.703239 
vt 0.766801 0.707221 
vt 0.776253 0.699666 
vt 0.776698 0.696475 
vt 0.774444 0.701156 
vt 0.771767 0.703852 
vt 0.776313 0.700338 
vt 0.767308 0.709589 
vt 0.777746 0.699797 
vt 0.778448 0.697088 
vt 0.777693 0.700454 
vt 0.779676 0.700912 
vt 0.77956 0.701556 
vt 0.780416 0.698228 
vt 0.781031 0.702698 
vt 0.781171 0.702088 
vt 0.781934 0.699829 
vt 0.782942 0.703825 
vt 0.782774 0.70441 
vt 0.783658 0.70206 
vt 0.784597 0.705855 
vt 0.784448 0.706445 
vt 0.850806 0.554271 
vt 0.85364 0.557402 
vt 0.850601 0.556403 
vt 0.853324 0.559119 
vt 0.858095 0.563101 
vt 0.848644 0.555545 
vt 0.848199 0.552355 
vt 0.850452 0.557036 
vt 0.853129 0.559732 
vt 0.848583 0.556218 
vt 0.857588 0.565469 
vt 0.84715 0.555676 
vt 0.846448 0.552968 
vt 0.847203 0.556334 
vt 0.84522 0.556792 
vt 0.845336 0.557436 
vt 0.84448 0.554108 
vt 0.843865 0.558577 
vt 0.843725 0.557968 
vt 0.842962 0.555709 
vt 0.841954 0.559705 
vt 0.842122 0.56029 
vt 0.841238 0.55794 
vt 0.840299 0.561735 
vt 0.840448 0.562325 
vt 0.77337 0.526405 
vt 0.773605 0.530252 
vt 0.773531 0.530285 
vt 0.777778 0.546036 
vt 0.777745 0.552752 
vt 0.777107 0.546219 
vt 0.778537 0.552455 
vt 0.77832 0.558067 
vt 0.779846 0.545079 
vt 0.77695 0.553071 
vt 0.777526 0.543034 
vt 0.776441 0.546478 
vt 0.776839 0.543123 
vt 0.776167 0.543449 
vt 0.774261 0.54697 
vt 0.776751 0.542026 
vt 0.777676 0.541982 
vt 0.775848 0.542538 
vt 0.780265 0.541941 
vt 0.781488 0.544501 
vt 0.782195 0.551187 
vt 0.782116 0.544368 
vt 0.782119 0.541625 
vt 0.783098 0.541596 
vt 0.782916 0.538732 
vt 0.780563 0.540499 
vt 0.783639 0.538525 
vt 0.776545 0.53917 
vt 0.779658 0.53762 
vt 0.773182 0.539277 
vt 0.78046 0.539883 
vt 0.781912 0.534517 
vt 0.782873 0.534888 
vt 0.850175 0.536859 
vt 0.850417 0.541456 
vt 0.850334 0.541461 
vt 0.856295 0.534759 
vt 0.856188 0.532616 
vt 0.856313 0.532615 
vt 0.856204 0.530648 
vt 0.856401 0.534773 
vt 0.856269 0.537507 
vt 0.856331 0.537533 
vt 0.856437 0.532625 
vt 0.856578 0.5348 
vt 0.856443 0.537578 
vt 0.856556 0.537625 
vt 0.856648 0.532642 
vt 0.85675 0.534828 
vt 0.856621 0.537649 
vt 0.856847 0.534844 
vt 0.856852 0.53266 
vt 0.856967 0.532671 
vt 0.857006 0.530678 
vt 0.856884 0.530671 
vt 0.857006 0.528708 
vt 0.856669 0.530664 
vt 0.856885 0.528702 
vt 0.857 0.526758 
vt 0.856452 0.530658 
vt 0.856673 0.528696 
vt 0.856882 0.526749 
vt 0.857 0.524937 
vt 0.856328 0.530653 
vt 0.856462 0.528693 
vt 0.856341 0.528691 
vt 0.85622 0.528682 
vt 0.856347 0.526733 
vt 0.856468 0.526738 
vt 0.856343 0.524905 
vt 0.856676 0.526741 
vt 0.856464 0.524913 
vt 0.856339 0.523131 
vt 0.856673 0.524921 
vt 0.856881 0.524928 
vt 0.857006 0.523146 
vt 0.85646 0.523137 
vt 0.856475 0.520877 
vt 0.856884 0.523144 
vt 0.856989 0.520862 
vt 0.856672 0.523142 
vt 0.856673 0.520871 
vt 0.856623 0.516984 
vt 0.856873 0.520866 
vt 0.856757 0.51701 
vt 0.856834 0.517017 
vt 0.761313 0.562553 
vt 0.761276 0.568353 
vt 0.761105 0.568364 
vt 0.76235 0.568354 
vt 0.763265 0.575605 
vt 0.761695 0.575415 
vt 0.761544 0.562378 
vt 0.760732 0.559146 
vt 0.760549 0.5592 
vt 0.763239 0.561823 
vt 0.759731 0.55547 
vt 0.761422 0.558311 
vt 0.763825 0.568229 
vt 0.764968 0.561892 
vt 0.765762 0.56794 
vt 0.766368 0.561845 
vt 0.767337 0.568056 
vt 0.766125 0.555973 
vt 0.767814 0.562023 
vt 0.768462 0.568034 
vt 0.767003 0.556036 
vt 0.768779 0.561866 
vt 0.770216 0.56189 
vt 0.768242 0.55612 
vt 0.769196 0.556067 
vt 0.770296 0.555942 
vt 0.769766 0.548507 
vt 0.770657 0.548406 
vt 0.772119 0.555247 
vt 0.771855 0.547884 
vt 0.773201 0.554697 
vt 0.770294 0.545765 
vt 0.772517 0.547567 
vt 0.771317 0.545081 
vt 0.773275 0.54412 
vt 0.772724 0.542831 
vt 0.769912 0.542607 
vt 0.772725 0.542121 
vt 0.770201 0.537325 
vt 0.769211 0.538419 
vt 0.7684 0.532676 
vt 0.767318 0.533846 
vt 0.766187 0.527755 
vt 0.76705 0.52581 
vt 0.767359 0.517887 
vt 0.7683 0.517292 
vt 0.768231 0.517093 
vt 0.767267 0.517498 
vt 0.766002 0.518261 
vt 0.764727 0.522836 
vt 0.765815 0.518838 
vt 0.764894 0.518973 
vt 0.764764 0.519522 
vt 0.762917 0.52095 
vt 0.762639 0.521891 
vt 0.759548 0.525378 
vt 0.763091 0.522707 
vt 0.759584 0.525786 
vt 0.757729 0.528385 
vt 0.759937 0.52641 
vt 0.760392 0.52787 
vt 0.75784 0.528742 
vt 0.758597 0.529598 
vt 0.756705 0.531462 
vt 0.75697 0.531575 
vt 0.758222 0.531575 
vt 0.756868 0.533946 
vt 0.756542 0.533921 
vt 0.758202 0.533415 
vt 0.757026 0.537174 
vt 0.756717 0.537172 
vt 0.757046 0.540926 
vt 0.75826 0.536374 
vt 0.757309 0.541025 
vt 0.758507 0.540206 
vt 0.758627 0.533146 
vt 0.759479 0.536554 
vt 0.759102 0.530843 
vt 0.760274 0.54013 
vt 0.759799 0.531372 
vt 0.759169 0.5327 
vt 0.760222 0.536473 
vt 0.760975 0.540075 
vt 0.759357 0.51705 
vt 0.75979 0.517546 
vt 0.759356 0.517594 
vt 0.759791 0.517002 
vt 0.760216 0.517521 
vt 0.760217 0.516977 
vt 0.758933 0.517081 
vt 0.758932 0.517625 
vt 0.758379 0.51708 
vt 0.758378 0.517625 
vt 0.757951 0.517593 
vt 0.757953 0.517048 
vt 0.757518 0.517537 
vt 0.757519 0.516993 
vt 0.757094 0.5175 
vt 0.757095 0.516956 
vt 0.75654 0.517492 
vt 0.756541 0.516947 
vt 0.761723 0.716339 
vt 0.756703 0.720894 
vt 0.761438 0.714402 
vt 0.757068 0.722497 
vt 0.757283 0.723094 
vt 0.761936 0.716916 
vt 0.767101 0.709006 
vt 0.863173 0.572219 
vt 0.868193 0.576774 
vt 0.867828 0.578377 
vt 0.867613 0.578974 
vt 0.863458 0.570283 
vt 0.86296 0.572796 
vt 0.857796 0.564886 
vt 0.788343 0.547237 
vt 0.789294 0.552112 
vt 0.787646 0.547907 
vt 0.788165 0.55335 
vt 0.7867 0.54224 
vt 0.790413 0.551098 
vt 0.786653 0.548853 
vt 0.789817 0.557837 
vt 0.785824 0.542972 
vt 0.787629 0.541526 
vt 0.785013 0.543138 
vt 0.785757 0.540925 
vt 0.786638 0.540228 
vt 0.789215 0.54577 
vt 0.787595 0.53994 
vt 0.788539 0.54113 
vt 0.789555 0.54149 
vt 0.788619 0.539167 
vt 0.787944 0.537956 
vt 0.78694 0.537906 
vt 0.785955 0.538752 
vt 0.784988 0.540682 
vt 0.785318 0.538362 
vt 0.784361 0.538487 
vt 0.784051 0.540963 
vt 0.784001 0.543573 
vt 0.785856 0.549488 
vt 0.787346 0.553955 
vt 0.788907 0.558726 
vt 0.786165 0.555073 
vt 0.784915 0.55017 
vt 0.783231 0.544053 
vt 0.783235 0.550886 
vt 0.784732 0.5558 
vt 0.78314 0.556146 
vt 0.785641 0.560406 
vt 0.784245 0.561552 
vt 0.787472 0.56015 
vt 0.787356 0.567541 
vt 0.840658 0.535796 
vt 0.844564 0.532047 
vt 0.844602 0.532177 
vt 0.847679 0.528039 
vt 0.847712 0.528172 
vt 0.840627 0.535658 
vt 0.835814 0.539548 
vt 0.835789 0.539414 
vt 0.832507 0.541138 
vt 0.832514 0.541283 
vt 0.827879 0.541772 
vt 0.827881 0.5419 
vt 0.822975 0.542003 
vt 0.822986 0.54216 
vt 0.819112 0.543308 
vt 0.819128 0.543459 
vt 0.815912 0.54477 
vt 0.815909 0.544917 
vt 0.8138 0.544299 
vt 0.813784 0.544439 
vt 0.810622 0.543447 
vt 0.810646 0.543316 
vt 0.808363 0.54144 
vt 0.808341 0.541572 
vt 0.802969 0.53906 
vt 0.802996 0.538931 
vt 0.80045 0.535972 
vt 0.800413 0.536101 
vt 0.798661 0.53428 
vt 0.798703 0.534167 
vt 0.797295 0.531475 
vt 0.797244 0.531587 
vt 0.795048 0.528113 
vt 0.795095 0.527992 
vt 0.799781 0.525317 
vt 0.795875 0.521568 
vt 0.799812 0.52518 
vt 0.795837 0.521697 
vt 0.79276 0.517559 
vt 0.792728 0.517692 
vt 0.804625 0.529071 
vt 0.804649 0.528937 
vt 0.807931 0.530661 
vt 0.807925 0.530806 
vt 0.812559 0.531296 
vt 0.812558 0.531424 
vt 0.817464 0.531528 
vt 0.817452 0.531685 
vt 0.821326 0.532833 
vt 0.82131 0.532984 
vt 0.824526 0.534297 
vt 0.824529 0.534443 
vt 0.826638 0.533825 
vt 0.826655 0.533965 
vt 0.829816 0.532974 
vt 0.829792 0.532843 
vt 0.832075 0.530968 
vt 0.832097 0.5311 
vt 0.837469 0.528589 
vt 0.837443 0.528459 
vt 0.839988 0.525501 
vt 0.840026 0.52563 
vt 0.841777 0.523809 
vt 0.841735 0.523696 
vt 0.843144 0.521004 
vt 0.843195 0.521117 
vt 0.845391 0.517643 
vt 0.845344 0.517522 
vt 0.760416 0.626537 
vt 0.76195 0.623622 
vt 0.762387 0.629477 
vt 0.759478 0.63378 
vt 0.760435 0.62201 
vt 0.762171 0.618136 
vt 0.758978 0.64364 
vt 0.760556 0.648516 
vt 0.758695 0.646701 
vt 0.75768 0.631152 
vt 0.757668 0.624633 
vt 0.757836 0.642449 
vt 0.758376 0.646912 
vt 0.757541 0.64232 
vt 0.756898 0.630667 
vt 0.756544 0.630646 
vt 0.756925 0.624411 
vt 0.756551 0.624381 
vt 0.757479 0.620747 
vt 0.756779 0.620337 
vt 0.756538 0.620221 
vt 0.760537 0.617085 
vt 0.762366 0.611801 
vt 0.757879 0.616727 
vt 0.760318 0.611101 
vt 0.761259 0.599669 
vt 0.758415 0.610564 
vt 0.757181 0.616248 
vt 0.75698 0.616107 
vt 0.757652 0.610358 
vt 0.757381 0.610206 
vt 0.758942 0.599243 
vt 0.758787 0.599032 
vt 0.759859 0.599267 
vt 0.762399 0.586377 
vt 0.7601 0.586252 
vt 0.759886 0.586081 
vt 0.760934 0.586214 
vt 0.760924 0.575315 
vt 0.760732 0.575225 
vt 0.789281 0.565899 
vt 0.790732 0.564353 
vt 0.789743 0.57581 
vt 0.791922 0.573619 
vt 0.791884 0.563228 
vt 0.787972 0.576972 
vt 0.78577 0.568595 
vt 0.78298 0.570466 
vt 0.792515 0.586655 
vt 0.784705 0.579649 
vt 0.781735 0.563004 
vt 0.780936 0.557255 
vt 0.781129 0.571591 
vt 0.77997 0.563905 
vt 0.782808 0.580949 
vt 0.780131 0.552041 
vt 0.779207 0.557763 
vt 0.779053 0.564325 
vt 0.780042 0.572159 
vt 0.781347 0.581762 
vt 0.778131 0.564734 
vt 0.77894 0.572654 
vt 0.777444 0.558502 
vt 0.783254 0.59482 
vt 0.779865 0.582485 
vt 0.78513 0.593658 
vt 0.781338 0.595792 
vt 0.787189 0.592005 
vt 0.785375 0.608436 
vt 0.787418 0.607045 
vt 0.790925 0.588101 
vt 0.79011 0.604802 
vt 0.787277 0.620048 
vt 0.783274 0.609521 
vt 0.789676 0.618026 
vt 0.784705 0.621116 
vt 0.794028 0.600344 
vt 0.789247 0.631613 
vt 0.79257 0.615166 
vt 0.791528 0.629389 
vt 0.795639 0.598468 
vt 0.796418 0.611476 
vt 0.798408 0.60907 
vt 0.795229 0.584367 
vt 0.799076 0.595047 
vt 0.79472 0.626594 
vt 0.800748 0.592225 
vt 0.793917 0.642165 
vt 0.796853 0.582511 
vt 0.793481 0.572116 
vt 0.794815 0.570904 
vt 0.798758 0.580676 
vt 0.793028 0.562033 
vt 0.796195 0.569551 
vt 0.791046 0.55648 
vt 0.792622 0.555154 
vt 0.794693 0.560376 
vt 0.79792 0.567875 
vt 0.793781 0.55407 
vt 0.795849 0.558885 
vt 0.794595 0.553209 
vt 0.794726 0.553081 
vt 0.79641 0.558148 
vt 0.796534 0.557914 
vt 0.799756 0.565357 
vt 0.798995 0.566414 
vt 0.799636 0.565681 
vt 0.803844 0.574088 
vt 0.803098 0.575292 
vt 0.803782 0.574395 
vt 0.807818 0.581059 
vt 0.807145 0.582345 
vt 0.807658 0.581439 
vt 0.809685 0.58501 
vt 0.809575 0.585316 
vt 0.811123 0.587573 
vt 0.802144 0.576939 
vt 0.810978 0.587904 
vt 0.812255 0.590621 
vt 0.80919 0.586369 
vt 0.805866 0.584633 
vt 0.8006 0.579037 
vt 0.804513 0.587205 
vt 0.802759 0.589405 
vt 0.807316 0.589321 
vt 0.810577 0.588917 
vt 0.806381 0.591769 
vt 0.808741 0.592879 
vt 0.811991 0.59103 
vt 0.814013 0.595187 
vt 0.811508 0.591959 
vt 0.81376 0.595576 
vt 0.816616 0.604813 
vt 0.816436 0.605223 
vt 0.817321 0.609078 
vt 0.813323 0.596755 
vt 0.810012 0.596216 
vt 0.808059 0.595643 
vt 0.827275 0.56825 
vt 0.827247 0.568123 
vt 0.828999 0.566345 
vt 0.828959 0.566225 
vt 0.830349 0.564502 
vt 0.83031 0.564382 
vt 0.831245 0.563262 
vt 0.831273 0.563393 
vt 0.832878 0.562088 
vt 0.832905 0.562212 
vt 0.834962 0.56002 
vt 0.835001 0.560135 
vt 0.838316 0.554947 
vt 0.838362 0.555059 
vt 0.840337 0.55202 
vt 0.840378 0.552132 
vt 0.842708 0.54969 
vt 0.842743 0.549824 
vt 0.843625 0.54897 
vt 0.843634 0.549108 
vt 0.777335 0.683543 
vt 0.777363 0.683417 
vt 0.775611 0.681638 
vt 0.775651 0.681518 
vt 0.774261 0.679795 
vt 0.7743 0.679675 
vt 0.773365 0.678555 
vt 0.773337 0.678686 
vt 0.771732 0.677381 
vt 0.771705 0.677506 
vt 0.769648 0.675313 
vt 0.769609 0.675429 
vt 0.766295 0.67024 
vt 0.766249 0.670352 
vt 0.764273 0.667314 
vt 0.764232 0.667426 
vt 0.761902 0.664983 
vt 0.761868 0.665118 
vt 0.760985 0.664263 
vt 0.760976 0.664401 
vt 0.80367 0.661563 
vt 0.796653 0.655985 
vt 0.800218 0.651513 
vt 0.799806 0.666622 
vt 0.803954 0.662459 
vt 0.794094 0.658379 
vt 0.800022 0.667311 
vt 0.804078 0.662783 
vt 0.800181 0.667806 
vt 0.796417 0.670361 
vt 0.796561 0.671084 
vt 0.79665 0.671529 
vt 0.792707 0.673366 
vt 0.792652 0.672781 
vt 0.787929 0.67468 
vt 0.792573 0.671976 
vt 0.787909 0.674262 
vt 0.782233 0.676106 
vt 0.782205 0.676771 
vt 0.787808 0.673185 
vt 0.778295 0.674815 
vt 0.79133 0.659755 
vt 0.778453 0.674449 
vt 0.773488 0.669924 
vt 0.773292 0.670284 
vt 0.782122 0.674625 
vt 0.769143 0.664889 
vt 0.778204 0.672202 
vt 0.787031 0.660777 
vt 0.78134 0.659049 
vt 0.788896 0.645548 
vt 0.78515 0.646667 
vt 0.777284 0.656749 
vt 0.791463 0.644131 
vt 0.786719 0.632493 
vt 0.783246 0.633988 
vt 0.78144 0.622067 
vt 0.780355 0.610616 
vt 0.777072 0.623431 
vt 0.77911 0.596545 
vt 0.77568 0.611207 
vt 0.774741 0.597143 
vt 0.777857 0.583221 
vt 0.774221 0.584142 
vt 0.777004 0.573372 
vt 0.773986 0.57433 
vt 0.776312 0.565454 
vt 0.773632 0.566357 
vt 0.772245 0.574896 
vt 0.77573 0.559449 
vt 0.773396 0.560262 
vt 0.775364 0.553897 
vt 0.771785 0.561318 
vt 0.772032 0.566554 
vt 0.770217 0.568029 
vt 0.770006 0.575274 
vt 0.772299 0.584911 
vt 0.769687 0.585193 
vt 0.772917 0.597592 
vt 0.773721 0.611416 
vt 0.76982 0.598543 
vt 0.774634 0.62372 
vt 0.76967 0.612376 
vt 0.767315 0.611837 
vt 0.767801 0.598689 
vt 0.768211 0.575278 
vt 0.767814 0.585468 
vt 0.766218 0.585782 
vt 0.766797 0.575388 
vt 0.765517 0.599183 
vt 0.765358 0.575432 
vt 0.764526 0.58603 
vt 0.763331 0.599802 
vt 0.764637 0.61169 
vt 0.764614 0.619762 
vt 0.767584 0.621805 
vt 0.770263 0.623083 
vt 0.764519 0.625133 
vt 0.767209 0.628952 
vt 0.770719 0.631433 
vt 0.775497 0.635248 
vt 0.767974 0.63755 
vt 0.778734 0.634332 
vt 0.771287 0.640484 
vt 0.776419 0.645567 
vt 0.779736 0.645644 
vt 0.772193 0.65092 
vt 0.768792 0.647904 
vt 0.773033 0.666325 
vt 0.769108 0.661818 
vt 0.769108 0.664245 
vt 0.765859 0.660078 
vt 0.765769 0.659535 
vt 0.762595 0.656271 
vt 0.765375 0.657048 
vt 0.762591 0.655727 
vt 0.760412 0.652373 
vt 0.764875 0.642191 
vt 0.762392 0.652544 
vt 0.760791 0.652251 
vt 0.762396 0.637009 
vt 0.764995 0.633141 
vt 0.795217 0.69725 
vt 0.790643 0.695911 
vt 0.791484 0.694407 
vt 0.795969 0.695518 
vt 0.798386 0.699334 
vt 0.78754 0.694506 
vt 0.786284 0.695906 
vt 0.787583 0.693836 
vt 0.791506 0.693827 
vt 0.784111 0.692832 
vt 0.796052 0.694893 
vt 0.798934 0.697131 
vt 0.784026 0.693522 
vt 0.782634 0.694522 
vt 0.780799 0.691291 
vt 0.780885 0.690627 
vt 0.779377 0.692703 
vt 0.778759 0.689889 
vt 0.778752 0.690571 
vt 0.776769 0.692895 
vt 0.774622 0.691095 
vt 0.774553 0.690444 
vt 0.773632 0.693698 
vt 0.770085 0.693396 
vt 0.769972 0.692758 
vt 0.771512 0.695876 
vt 0.76487 0.696499 
vt 0.765865 0.698606 
vt 0.765023 0.697126 
vt 0.762356 0.699628 
vt 0.763183 0.701673 
vt 0.762536 0.700243 
vt 0.760844 0.7023 
vt 0.760636 0.701721 
vt 0.761466 0.703803 
vt 0.759116 0.704389 
vt 0.75935 0.704946 
vt 0.759907 0.706436 
vt 0.757042 0.7085 
vt 0.75681 0.707934 
vt 0.75753 0.709952 
vt 0.828769 0.549908 
vt 0.833343 0.548569 
vt 0.82961 0.551412 
vt 0.834095 0.5503 
vt 0.836512 0.546485 
vt 0.825666 0.551313 
vt 0.82441 0.549913 
vt 0.825709 0.551983 
vt 0.829632 0.551992 
vt 0.822237 0.552987 
vt 0.834178 0.550926 
vt 0.83706 0.548688 
vt 0.822152 0.552297 
vt 0.82076 0.551297 
vt 0.818925 0.554528 
vt 0.819011 0.555192 
vt 0.817503 0.553116 
vt 0.816885 0.55593 
vt 0.816878 0.555248 
vt 0.814895 0.552924 
vt 0.812748 0.554724 
vt 0.812679 0.555375 
vt 0.811758 0.552121 
vt 0.808211 0.552423 
vt 0.808098 0.553061 
vt 0.809638 0.549944 
vt 0.802996 0.54932 
vt 0.803991 0.547213 
vt 0.803149 0.548694 
vt 0.800482 0.546191 
vt 0.801309 0.544146 
vt 0.800662 0.545577 
vt 0.79897 0.543519 
vt 0.798762 0.544099 
vt 0.799592 0.542017 
vt 0.797242 0.54143 
vt 0.797476 0.540873 
vt 0.798033 0.539384 
vt 0.795168 0.537319 
vt 0.794936 0.537885 
vt 0.795656 0.535868 
vt 0.828511 0.543598 
vt 0.827881 0.5419 
vt 0.82441 0.543832 
vt 0.822986 0.54216 
vt 0.824449 0.544527 
vt 0.828524 0.544323 
vt 0.820789 0.545594 
vt 0.833182 0.543769 
vt 0.820717 0.545004 
vt 0.817499 0.547417 
vt 0.819128 0.543459 
vt 0.817421 0.546776 
vt 0.815427 0.547643 
vt 0.815909 0.544917 
vt 0.815413 0.546964 
vt 0.813784 0.544439 
vt 0.811402 0.546111 
vt 0.811348 0.546802 
vt 0.810622 0.543447 
vt 0.807072 0.543814 
vt 0.808341 0.541572 
vt 0.806966 0.544479 
vt 0.802969 0.53906 
vt 0.802245 0.540296 
vt 0.802083 0.540895 
vt 0.800413 0.536101 
vt 0.79963 0.537912 
vt 0.799824 0.537362 
vt 0.798661 0.53428 
vt 0.797948 0.535856 
vt 0.798167 0.535341 
vt 0.797244 0.531587 
vt 0.796749 0.53276 
vt 0.796511 0.533239 
vt 0.794644 0.529195 
vt 0.795048 0.528113 
vt 0.794403 0.529667 
vt 0.811927 0.533122 
vt 0.812558 0.531424 
vt 0.816029 0.533357 
vt 0.817452 0.531685 
vt 0.81599 0.534052 
vt 0.811915 0.533846 
vt 0.819649 0.535119 
vt 0.807256 0.533292 
vt 0.819721 0.534529 
vt 0.82131 0.532984 
vt 0.822939 0.536943 
vt 0.823017 0.536302 
vt 0.824529 0.534443 
vt 0.825011 0.537169 
vt 0.825025 0.53649 
vt 0.826655 0.533965 
vt 0.829036 0.535638 
vt 0.82909 0.536329 
vt 0.829816 0.532974 
vt 0.833366 0.533342 
vt 0.832097 0.5311 
vt 0.833473 0.534007 
vt 0.837469 0.528589 
vt 0.838194 0.529825 
vt 0.838356 0.530423 
vt 0.840026 0.52563 
vt 0.840808 0.527441 
vt 0.840615 0.526891 
vt 0.841777 0.523809 
vt 0.842491 0.525386 
vt 0.842271 0.52487 
vt 0.843195 0.521117 
vt 0.84369 0.52229 
vt 0.843928 0.522769 
vt 0.845795 0.518725 
vt 0.845391 0.517643 
vt 0.846036 0.519198 
vt 0.770462 0.52987 
vt 0.770321 0.530011 
vt 0.770322 0.529787 
vt 0.770395 0.530218 
vt 0.770701 0.530042 
vt 0.770458 0.530667 
vt 0.770936 0.530219 
vt 0.770506 0.531129 
vt 0.771069 0.53032 
vt 0.770517 0.531399 
vt 0.771152 0.52777 
vt 0.771014 0.527761 
vt 0.771141 0.524177 
vt 0.770768 0.527744 
vt 0.771016 0.524176 
vt 0.771067 0.520372 
vt 0.770515 0.527727 
vt 0.770793 0.524175 
vt 0.770967 0.52037 
vt 0.770875 0.517246 
vt 0.770806 0.517236 
vt 0.770785 0.520372 
vt 0.77069 0.517174 
vt 0.770596 0.52038 
vt 0.770579 0.517085 
vt 0.770524 0.517008 
vt 0.770565 0.524173 
vt 0.770482 0.520382 
vt 0.770459 0.517028 
vt 0.770431 0.524171 
vt 0.770372 0.52036 
vt 0.770343 0.517088 
vt 0.770299 0.524156 
vt 0.770365 0.52772 
vt 0.770187 0.520329 
vt 0.770225 0.517136 
vt 0.770008 0.520305 
vt 0.770157 0.517166 
vt 0.769906 0.52029 
vt 0.76973 0.52409 
vt 0.770074 0.52413 
vt 0.769854 0.524105 
vt 0.769589 0.527672 
vt 0.770217 0.52771 
vt 0.769968 0.527693 
vt 0.769726 0.527679 
vt 0.769722 0.530137 
vt 0.769589 0.530217 
vt 0.77008 0.531434 
vt 0.770149 0.531194 
vt 0.77023 0.530745 
vt 0.769955 0.53 
vt 0.770301 0.530287 
vt 0.770188 0.529865 
vt 0.822705 0.63718 
vt 0.826861 0.627211 
vt 0.824106 0.638762 
vt 0.820292 0.647786 
vt 0.822166 0.649782 
vt 0.821396 0.635092 
vt 0.819123 0.645768 
vt 0.81742 0.643002 
vt 0.817827 0.650791 
vt 0.818553 0.652761 
vt 0.825448 0.6254 
vt 0.828594 0.617356 
vt 0.820113 0.656365 
vt 0.827692 0.616135 
vt 0.829798 0.611343 
vt 0.829737 0.611253 
vt 0.831104 0.607049 
vt 0.827633 0.616041 
vt 0.824419 0.624199 
vt 0.824357 0.624103 
vt 0.820289 0.633684 
vt 0.820229 0.633582 
vt 0.81652 0.641567 
vt 0.816462 0.641469 
vt 0.814635 0.645745 
vt 0.814695 0.64584 
vt 0.8155 0.647424 
vt 0.81333 0.648856 
vt 0.813262 0.648773 
vt 0.814157 0.650395 
vt 0.812351 0.652529 
vt 0.81228 0.652459 
vt 0.816507 0.654678 
vt 0.813245 0.653929 
vt 0.810837 0.657876 
vt 0.810762 0.657812 
vt 0.808591 0.668206 
vt 0.816924 0.657028 
vt 0.815193 0.658387 
vt 0.811513 0.659369 
vt 0.808672 0.668246 
vt 0.808379 0.673269 
vt 0.808294 0.673254 
vt 0.809315 0.670814 
vt 0.808507 0.679925 
vt 0.812412 0.663406 
vt 0.809402 0.676338 
vt 0.808592 0.679914 
vt 0.808869 0.684389 
vt 0.815726 0.662373 
vt 0.813724 0.66863 
vt 0.809678 0.681281 
vt 0.808948 0.684354 
vt 0.810331 0.690608 
vt 0.818598 0.660716 
vt 0.816782 0.667913 
vt 0.814301 0.675256 
vt 0.810816 0.687848 
vt 0.810402 0.690552 
vt 0.811895 0.698025 
vt 0.811835 0.698097 
vt 0.812734 0.695728 
vt 0.816305 0.68409 
vt 0.814103 0.707425 
vt 0.81402 0.707499 
vt 0.816712 0.715911 
vt 0.814807 0.703563 
vt 0.818389 0.690016 
vt 0.818441 0.674803 
vt 0.820503 0.68052 
vt 0.820697 0.69968 
vt 0.82011 0.666904 
vt 0.822436 0.672494 
vt 0.822969 0.689466 
vt 0.824969 0.679982 
vt 0.822342 0.661316 
vt 0.824235 0.665101 
vt 0.827308 0.669545 
vt 0.824628 0.652784 
vt 0.826446 0.655511 
vt 0.830055 0.643976 
vt 0.828304 0.642173 
vt 0.83318 0.632574 
vt 0.829811 0.65833 
vt 0.832591 0.645775 
vt 0.835142 0.63436 
vt 0.836984 0.635455 
vt 0.83424 0.647129 
vt 0.831495 0.66 
vt 0.829431 0.671612 
vt 0.835726 0.66409 
vt 0.82793 0.682395 
vt 0.833645 0.674829 
vt 0.831988 0.686719 
vt 0.825722 0.692878 
vt 0.830155 0.699354 
vt 0.823453 0.705742 
vt 0.817229 0.713459 
vt 0.816781 0.715815 
vt 0.819436 0.72124 
vt 0.819841 0.719511 
vt 0.819484 0.721118 
vt 0.82478 0.725528 
vt 0.824747 0.725673 
vt 0.825051 0.724268 
vt 0.827864 0.7131 
vt 0.833524 0.702156 
vt 0.831656 0.716536 
vt 0.829285 0.728108 
vt 0.829065 0.729172 
vt 0.829034 0.729318 
vt 0.832901 0.730696 
vt 0.832781 0.731843 
vt 0.832765 0.731996 
vt 0.836716 0.732312 
vt 0.836717 0.732156 
vt 0.84129 0.732207 
vt 0.834265 0.718145 
vt 0.836731 0.731029 
vt 0.84129 0.732053 
vt 0.846817 0.732225 
vt 0.83698 0.718742 
vt 0.841299 0.730735 
vt 0.846801 0.732082 
vt 0.850227 0.729721 
vt 0.850265 0.729858 
vt 0.846827 0.730492 
vt 0.854335 0.724666 
vt 0.854391 0.724797 
vt 0.850347 0.72734 
vt 0.858325 0.718524 
vt 0.846587 0.715666 
vt 0.841116 0.718646 
vt 0.838427 0.704291 
vt 0.842061 0.704565 
vt 0.835947 0.703498 
vt 0.83525 0.688917 
vt 0.836601 0.677216 
vt 0.837477 0.690638 
vt 0.839864 0.690991 
vt 0.843272 0.691801 
vt 0.841356 0.679395 
vt 0.838921 0.678791 
vt 0.838445 0.665962 
vt 0.844538 0.67983 
vt 0.838271 0.650882 
vt 0.84052 0.63811 
vt 0.839095 0.62672 
vt 0.840339 0.652315 
vt 0.842133 0.628633 
vt 0.840379 0.66702 
vt 0.840578 0.619458 
vt 0.842399 0.639277 
vt 0.842103 0.653246 
vt 0.842349 0.667772 
vt 0.843892 0.653971 
vt 0.843763 0.639965 
vt 0.843955 0.62966 
vt 0.843328 0.620982 
vt 0.763027 0.517315 
vt 0.76302 0.517561 
vt 0.762972 0.517559 
vt 0.762994 0.517694 
vt 0.762969 0.517313 
vt 0.763023 0.517068 
vt 0.762975 0.517067 
vt 0.762999 0.516934 
vt 0.817025 0.609266 
vt 0.817401 0.615284 
vt 0.815938 0.607318 
vt 0.812745 0.600586 
vt 0.809371 0.600467 
vt 0.816179 0.612603 
vt 0.811504 0.606076 
vt 0.817087 0.615604 
vt 0.815994 0.617552 
vt 0.816774 0.620109 
vt 0.81693 0.620512 
vt 0.815554 0.626367 
vt 0.815647 0.626864 
vt 0.815114 0.62411 
vt 0.811153 0.612584 
vt 0.808461 0.605961 
vt 0.814501 0.633487 
vt 0.814667 0.633995 
vt 0.81378 0.631712 
vt 0.8099 0.621094 
vt 0.807492 0.61246 
vt 0.813012 0.642528 
vt 0.813263 0.642569 
vt 0.811004 0.65153 
vt 0.812256 0.63939 
vt 0.810779 0.651445 
vt 0.808255 0.62709 
vt 0.810275 0.649532 
vt 0.808574 0.656904 
vt 0.808784 0.657276 
vt 0.808206 0.655782 
vt 0.806218 0.637146 
vt 0.803908 0.643516 
vt 0.800983 0.631588 
vt 0.797162 0.638612 
vt 0.80348 0.627785 
vt 0.798338 0.621785 
vt 0.801107 0.618904 
vt 0.805851 0.618264 
vt 0.803649 0.610785 
vt 0.805603 0.605156 
vt 0.801609 0.603928 
vt 0.803299 0.600135 
vt 0.806554 0.599447 
vt 0.804987 0.595499 
vt 0.863351 0.678851 
vt 0.864517 0.681548 
vt 0.863121 0.684507 
vt 0.864268 0.677199 
vt 0.860916 0.688362 
vt 0.863384 0.691625 
vt 0.86136 0.696828 
vt 0.863956 0.705935 
vt 0.861493 0.710601 
vt 0.863883 0.709184 
vt 0.862964 0.673724 
vt 0.864064 0.672675 
vt 0.86266 0.66786 
vt 0.861238 0.713264 
vt 0.861286 0.713372 
vt 0.860547 0.667905 
vt 0.861543 0.656519 
vt 0.859485 0.656003 
vt 0.860752 0.675454 
vt 0.857674 0.66832 
vt 0.857008 0.655688 
vt 0.861032 0.680557 
vt 0.857641 0.677791 
vt 0.858269 0.684597 
vt 0.857887 0.692891 
vt 0.855099 0.679435 
vt 0.857616 0.702744 
vt 0.854946 0.687445 
vt 0.854785 0.696093 
vt 0.85808 0.715751 
vt 0.854473 0.706123 
vt 0.858289 0.718412 
vt 0.854571 0.720775 
vt 0.85032 0.712608 
vt 0.847424 0.702507 
vt 0.850606 0.701813 
vt 0.847849 0.691421 
vt 0.851007 0.69182 
vt 0.849013 0.680632 
vt 0.851364 0.680652 
vt 0.849917 0.668583 
vt 0.845207 0.668491 
vt 0.85543 0.669091 
vt 0.8518 0.668592 
vt 0.855021 0.655702 
vt 0.85501 0.642718 
vt 0.85234 0.655022 
vt 0.85055 0.654753 
vt 0.846072 0.65452 
vt 0.850899 0.64189 
vt 0.847098 0.641144 
vt 0.845142 0.640542 
vt 0.847873 0.63122 
vt 0.851073 0.632134 
vt 0.852816 0.642551 
vt 0.852829 0.632666 
vt 0.851417 0.624196 
vt 0.848546 0.623254 
vt 0.854688 0.633015 
vt 0.856554 0.632985 
vt 0.856396 0.625921 
vt 0.854536 0.625897 
vt 0.854599 0.619817 
vt 0.853054 0.624411 
vt 0.853304 0.619199 
vt 0.854623 0.61385 
vt 0.855807 0.613979 
vt 0.855374 0.606557 
vt 0.851665 0.618084 
vt 0.849154 0.617211 
vt 0.851896 0.612474 
vt 0.853005 0.613086 
vt 0.854446 0.606434 
vt 0.854861 0.604279 
vt 0.853328 0.605865 
vt 0.852642 0.605495 
vt 0.850814 0.604825 
vt 0.853842 0.603565 
vt 0.851846 0.602466 
vt 0.848876 0.601652 
vt 0.849191 0.600975 
vt 0.852407 0.601396 
vt 0.855311 0.60136 
vt 0.852423 0.600685 
vt 0.851999 0.597744 
vt 0.855116 0.595948 
vt 0.856097 0.597134 
vt 0.857049 0.591351 
vt 0.85612 0.601668 
vt 0.857582 0.598174 
vt 0.858116 0.592624 
vt 0.858637 0.59921 
vt 0.859294 0.594341 
vt 0.858886 0.61405 
vt 0.858681 0.619805 
vt 0.858134 0.614041 
vt 0.857323 0.619946 
vt 0.858482 0.607641 
vt 0.859882 0.619955 
vt 0.856942 0.614046 
vt 0.857726 0.625913 
vt 0.857483 0.607591 
vt 0.857846 0.60578 
vt 0.856621 0.607042 
vt 0.856149 0.619812 
vt 0.761593 0.517694 
vt 0.76157 0.517559 
vt 0.761618 0.517561 
vt 0.761567 0.517313 
vt 0.761625 0.517315 
vt 0.761573 0.517067 
vt 0.761622 0.517068 
vt 0.761598 0.516934 
vt 0.862 0.64376 
vt 0.863162 0.656426 
vt 0.864826 0.65582 
vt 0.866311 0.666338 
vt 0.866144 0.655629 
vt 0.86744 0.665931 
vt 0.866222 0.655596 
vt 0.867514 0.6659 
vt 0.868025 0.671229 
vt 0.867951 0.671257 
vt 0.864163 0.667171 
vt 0.866877 0.67188 
vt 0.868383 0.675056 
vt 0.868461 0.675047 
vt 0.867307 0.675626 
vt 0.868334 0.679054 
vt 0.868412 0.679058 
vt 0.86836 0.684933 
vt 0.868438 0.684943 
vt 0.867883 0.695682 
vt 0.86724 0.679454 
vt 0.867805 0.695647 
vt 0.866898 0.700187 
vt 0.866974 0.700247 
vt 0.865266 0.705769 
vt 0.867433 0.685615 
vt 0.866662 0.697286 
vt 0.865196 0.705687 
vt 0.863943 0.709281 
vt 0.865319 0.701937 
vt 0.865723 0.688281 
vt 0.839098 0.618302 
vt 0.837434 0.625693 
vt 0.837481 0.618369 
vt 0.835735 0.624407 
vt 0.835875 0.616844 
vt 0.834128 0.622777 
vt 0.834743 0.615728 
vt 0.836401 0.611001 
vt 0.835287 0.609789 
vt 0.833521 0.614448 
vt 0.832713 0.621441 
vt 0.831472 0.631032 
vt 0.831581 0.620389 
vt 0.829872 0.629671 
vt 0.832047 0.613396 
vt 0.834252 0.608942 
vt 0.832893 0.60769 
vt 0.830041 0.619113 
vt 0.828455 0.628452 
vt 0.826045 0.640197 
vt 0.830775 0.612291 
vt 0.831174 0.607103 
vt 0.83145 0.604049 
vt 0.831379 0.604032 
vt 0.831545 0.600456 
vt 0.831476 0.600457 
vt 0.831443 0.597452 
vt 0.831376 0.597459 
vt 0.831321 0.593986 
vt 0.831255 0.593987 
vt 0.831401 0.590557 
vt 0.831337 0.590536 
vt 0.831881 0.587316 
vt 0.831818 0.587283 
vt 0.832283 0.584088 
vt 0.832222 0.584057 
vt 0.832666 0.58145 
vt 0.832607 0.581403 
vt 0.833097 0.57981 
vt 0.83305 0.579729 
vt 0.83423 0.578056 
vt 0.834259 0.578166 
vt 0.836161 0.576751 
vt 0.836179 0.576868 
vt 0.839642 0.57528 
vt 0.83963 0.575163 
vt 0.841702 0.574707 
vt 0.841695 0.574585 
vt 0.843869 0.57473 
vt 0.843873 0.574617 
vt 0.84465 0.574857 
vt 0.844668 0.574954 
vt 0.841684 0.613885 
vt 0.844097 0.615092 
vt 0.845069 0.621828 
vt 0.842643 0.608769 
vt 0.844969 0.630152 
vt 0.845993 0.630577 
vt 0.845827 0.615581 
vt 0.84592 0.622193 
vt 0.846772 0.622567 
vt 0.844867 0.609735 
vt 0.846649 0.615852 
vt 0.847458 0.616261 
vt 0.846502 0.610198 
vt 0.847975 0.610783 
vt 0.849593 0.61162 
vt 0.847235 0.610513 
vt 0.84857 0.604284 
vt 0.847233 0.603809 
vt 0.847902 0.604034 
vt 0.845092 0.602746 
vt 0.847431 0.601159 
vt 0.848162 0.601288 
vt 0.843347 0.602082 
vt 0.84268 0.601942 
vt 0.844592 0.599954 
vt 0.848241 0.600402 
vt 0.842654 0.599601 
vt 0.84165 0.599531 
vt 0.847263 0.600315 
vt 0.844274 0.598658 
vt 0.859186 0.625852 
vt 0.858179 0.633067 
vt 0.860831 0.626266 
vt 0.859477 0.633161 
vt 0.861505 0.620039 
vt 0.858692 0.643144 
vt 0.856922 0.642891 
vt 0.860265 0.643371 
vt 0.861206 0.633454 
vt 0.862305 0.626468 
vt 0.862975 0.633251 
vt 0.863467 0.626553 
vt 0.863716 0.643489 
vt 0.864112 0.633026 
vt 0.863547 0.62653 
vt 0.86419 0.633 
vt 0.863392 0.621177 
vt 0.864936 0.643409 
vt 0.865015 0.643383 
vt 0.86331 0.621158 
vt 0.863865 0.617908 
vt 0.86394 0.617963 
vt 0.864724 0.614231 
vt 0.864792 0.614299 
vt 0.865612 0.611292 
vt 0.865678 0.611364 
vt 0.86663 0.607864 
vt 0.866697 0.607928 
vt 0.867423 0.604252 
vt 0.867495 0.604291 
vt 0.867745 0.600438 
vt 0.867819 0.600462 
vt 0.868133 0.596693 
vt 0.868205 0.596718 
vt 0.868387 0.593577 
vt 0.86846 0.593582 
vt 0.86834 0.59146 
vt 0.868409 0.591417 
vt 0.867583 0.588579 
vt 0.867526 0.588668 
vt 0.865875 0.585446 
vt 0.865827 0.585553 
vt 0.862573 0.580752 
vt 0.862614 0.58064 
vt 0.860543 0.578295 
vt 0.86058 0.578173 
vt 0.858256 0.576371 
vt 0.858279 0.576249 
vt 0.857403 0.575802 
vt 0.857361 0.575889 
vt 0.83885 0.598719 
vt 0.839291 0.596299 
vt 0.839633 0.59852 
vt 0.839637 0.600645 
vt 0.836736 0.595757 
vt 0.8368 0.592148 
vt 0.837691 0.595753 
vt 0.837553 0.592466 
vt 0.835909 0.592445 
vt 0.839428 0.592796 
vt 0.840309 0.596422 
vt 0.840636 0.598873 
vt 0.841061 0.59648 
vt 0.840789 0.601118 
vt 0.838948 0.607123 
vt 0.837969 0.606314 
vt 0.837429 0.611828 
vt 0.838758 0.613069 
vt 0.839988 0.607911 
vt 0.841606 0.60166 
vt 0.840012 0.613563 
vt 0.841546 0.608473 
vt 0.773605 0.530252 
vt 0.77337 0.526405 
vt 0.773468 0.5264 
vt 0.77373 0.530198 
vt 0.773531 0.530285 
vt 0.773456 0.530275 
vt 0.773642 0.526389 
vt 0.773856 0.53015 
vt 0.773241 0.522691 
vt 0.773273 0.526424 
vt 0.773328 0.530255 
vt 0.773366 0.52268 
vt 0.773116 0.522715 
vt 0.7731 0.526459 
vt 0.7732 0.530239 
vt 0.773152 0.51983 
vt 0.7729 0.522756 
vt 0.772924 0.526493 
vt 0.773126 0.530228 
vt 0.772821 0.526511 
vt 0.772683 0.522799 
vt 0.772557 0.522826 
vt 0.773006 0.519835 
vt 0.77276 0.51984 
vt 0.772516 0.519844 
vt 0.772376 0.519846 
vt 0.772645 0.517944 
vt 0.77252 0.517794 
vt 0.772835 0.518269 
vt 0.77302 0.518606 
vt 0.773111 0.518825 
vt 0.773298 0.519798 
vt 0.773227 0.518659 
vt 0.773585 0.522665 
vt 0.773546 0.519739 
vt 0.773394 0.518287 
vt 0.773819 0.526375 
vt 0.773929 0.530133 
vt 0.773922 0.526368 
vt 0.773804 0.522652 
vt 0.773931 0.522645 
vt 0.773792 0.519678 
vt 0.773552 0.517899 
vt 0.773932 0.519643 
vt 0.773629 0.517659 
vt 0.836967 0.605396 
vt 0.836336 0.604826 
vt 0.837961 0.599806 
vt 0.835503 0.603432 
vt 0.837095 0.599171 
vt 0.838805 0.600489 
vt 0.836239 0.598812 
vt 0.83799 0.598028 
vt 0.837095 0.597742 
vt 0.838645 0.596674 
vt 0.83613 0.596937 
vt 0.793131 0.684966 
vt 0.790227 0.686616 
vt 0.792819 0.683549 
vt 0.790457 0.688409 
vt 0.797442 0.67897 
vt 0.79011 0.685973 
vt 0.78834 0.687099 
vt 0.792629 0.682983 
vt 0.788376 0.687773 
vt 0.7881 0.690671 
vt 0.787001 0.687219 
vt 0.797128 0.677479 
vt 0.79691 0.676914 
vt 0.802642 0.671446 
vt 0.786961 0.687897 
vt 0.786409 0.690638 
vt 0.785048 0.687001 
vt 0.785145 0.686368 
vt 0.784423 0.689739 
vt 0.802332 0.669846 
vt 0.807186 0.664784 
vt 0.802115 0.669268 
vt 0.806868 0.663524 
vt 0.806674 0.662932 
vt 0.783537 0.686003 
vt 0.782847 0.688357 
vt 0.783667 0.685383 
vt 0.78173 0.684465 
vt 0.814153 0.573116 
vt 0.811479 0.569673 
vt 0.814384 0.571322 
vt 0.811791 0.568256 
vt 0.807168 0.563676 
vt 0.816234 0.572479 
vt 0.816511 0.575378 
vt 0.8145 0.570679 
vt 0.81627 0.571805 
vt 0.811981 0.56769 
vt 0.817609 0.571925 
vt 0.817649 0.572604 
vt 0.818201 0.575345 
vt 0.807482 0.562186 
vt 0.8077 0.561621 
vt 0.801968 0.556153 
vt 0.819562 0.571707 
vt 0.820188 0.574445 
vt 0.819466 0.571074 
vt 0.802278 0.554553 
vt 0.797424 0.549491 
vt 0.802495 0.553975 
vt 0.797743 0.548231 
vt 0.797936 0.547639 
vt 0.821073 0.570709 
vt 0.820943 0.57009 
vt 0.821763 0.573063 
vt 0.82288 0.569172 
vt 0.85625 0.520871 
vt 0.856411 0.516937 
vt 0.856362 0.520881 
vt 0.856489 0.516956 
vt 0.856333 0.516944 
vt 0.85605 0.52085 
vt 0.856198 0.516961 
vt 0.856064 0.51698 
vt 0.856216 0.523125 
vt 0.855847 0.52083 
vt 0.855986 0.516994 
vt 0.85573 0.520819 
vt 0.856002 0.523116 
vt 0.855786 0.523104 
vt 0.855662 0.523095 
vt 0.855681 0.524882 
vt 0.855801 0.524887 
vt 0.855694 0.526705 
vt 0.856221 0.524898 
vt 0.85601 0.524892 
vt 0.856227 0.526723 
vt 0.856019 0.526714 
vt 0.855812 0.526709 
vt 0.855798 0.528663 
vt 0.855677 0.528658 
vt 0.856009 0.528671 
vt 0.855774 0.530633 
vt 0.855652 0.530629 
vt 0.855988 0.53064 
vt 0.855773 0.532623 
vt 0.855657 0.532626 
vt 0.855738 0.534806 
vt 0.855978 0.532619 
vt 0.856009 0.534781 
vt 0.855836 0.534796 
vt 0.855914 0.537625 
vt 0.855979 0.537601 
vt 0.856093 0.537561 
vt 0.856206 0.537524 
vt 0.856188 0.534766 
vt 0.850417 0.541456 
vt 0.850175 0.536859 
vt 0.850286 0.536861 
vt 0.850255 0.534307 
vt 0.850476 0.536856 
vt 0.85056 0.541437 
vt 0.850142 0.534303 
vt 0.850664 0.536848 
vt 0.850262 0.532317 
vt 0.850152 0.532316 
vt 0.850704 0.541424 
vt 0.850193 0.530148 
vt 0.85045 0.534308 
vt 0.850453 0.53232 
vt 0.850299 0.53015 
vt 0.850246 0.527648 
vt 0.850484 0.530156 
vt 0.850645 0.532324 
vt 0.85067 0.530162 
vt 0.850706 0.527664 
vt 0.850778 0.530162 
vt 0.850642 0.534308 
vt 0.850756 0.532326 
vt 0.850751 0.534308 
vt 0.850771 0.536845 
vt 0.850788 0.541421 
vt 0.850859 0.534312 
vt 0.850878 0.536854 
vt 0.850872 0.541425 
vt 0.851016 0.541441 
vt 0.850867 0.532325 
vt 0.851053 0.534316 
vt 0.851067 0.536864 
vt 0.851159 0.541465 
vt 0.851259 0.536872 
vt 0.851241 0.541486 
vt 0.851369 0.536879 
vt 0.85125 0.534317 
vt 0.851364 0.534319 
vt 0.85106 0.532326 
vt 0.851251 0.532328 
vt 0.851361 0.532327 
vt 0.850885 0.53016 
vt 0.851071 0.53016 
vt 0.851256 0.530159 
vt 0.851361 0.530155 
vt 0.850808 0.527663 
vt 0.850911 0.527662 
vt 0.851089 0.527662 
vt 0.851267 0.52766 
vt 0.851369 0.527654 
vt 0.850832 0.525036 
vt 0.850926 0.525035 
vt 0.85109 0.525033 
vt 0.851256 0.525028 
vt 0.851352 0.525021 
vt 0.8513 0.522472 
vt 0.851214 0.522478 
vt 0.851235 0.520003 
vt 0.851069 0.522484 
vt 0.851163 0.520006 
vt 0.851195 0.51706 
vt 0.851134 0.51704 
vt 0.85104 0.52001 
vt 0.851028 0.517004 
vt 0.850923 0.516968 
vt 0.850927 0.522488 
vt 0.850922 0.520013 
vt 0.85086 0.51695 
vt 0.850848 0.522489 
vt 0.850856 0.520016 
vt 0.850797 0.516969 
vt 0.85079 0.520013 
vt 0.850768 0.522488 
vt 0.850671 0.520008 
vt 0.850691 0.517004 
vt 0.850585 0.517039 
vt 0.850738 0.525036 
vt 0.850626 0.522482 
vt 0.850573 0.525031 
vt 0.850548 0.520003 
vt 0.850476 0.52 
vt 0.850524 0.517057 
vt 0.85048 0.522474 
vt 0.850395 0.522468 
vt 0.850407 0.525021 
vt 0.850311 0.525016 
vt 0.850349 0.527652 
vt 0.850527 0.527659 
vt 0.845234 0.595697 
vt 0.84288 0.592359 
vt 0.843112 0.59204 
vt 0.842115 0.587443 
vt 0.84537 0.595155 
vt 0.842374 0.587373 
vt 0.848493 0.597417 
vt 0.842398 0.581153 
vt 0.848543 0.596801 
vt 0.842157 0.580991 
vt 0.844668 0.574954 
vt 0.844796 0.575292 
vt 0.851957 0.597101 
vt 0.851999 0.597744 
vt 0.854937 0.595429 
vt 0.855116 0.595948 
vt 0.857049 0.591351 
vt 0.856789 0.591052 
vt 0.858253 0.584455 
vt 0.858547 0.5845 
vt 0.857361 0.575889 
vt 0.857145 0.576129 
vt 0.853603 0.536295 
vt 0.853595 0.537857 
vt 0.853554 0.537856 
vt 0.853667 0.537848 
vt 0.853515 0.537837 
vt 0.853472 0.536287 
vt 0.853443 0.537824 
vt 0.85336 0.536299 
vt 0.853371 0.537828 
vt 0.853251 0.536305 
vt 0.85333 0.537839 
vt 0.853188 0.536305 
vt 0.853125 0.534788 
vt 0.853199 0.53479 
vt 0.853116 0.533504 
vt 0.853327 0.534787 
vt 0.853196 0.533504 
vt 0.853129 0.532588 
vt 0.853328 0.533507 
vt 0.853213 0.532578 
vt 0.853197 0.532 
vt 0.853109 0.532029 
vt 0.852937 0.53091 
vt 0.853051 0.530873 
vt 0.852753 0.527874 
vt 0.853335 0.531971 
vt 0.852898 0.527859 
vt 0.852681 0.523174 
vt 0.853241 0.530829 
vt 0.853144 0.527838 
vt 0.852836 0.523173 
vt 0.852788 0.517344 
vt 0.852905 0.517327 
vt 0.8531 0.523166 
vt 0.853103 0.517224 
vt 0.853385 0.527829 
vt 0.853353 0.523174 
vt 0.853299 0.517095 
vt 0.778292 0.518714 
vt 0.777875 0.517679 
vt 0.778292 0.517687 
vt 0.777844 0.516945 
vt 0.778305 0.516961 
vt 0.777551 0.517627 
vt 0.778594 0.517643 
vt 0.777551 0.518762 
vt 0.778594 0.518767 
vt 0.778305 0.519443 
vt 0.777875 0.518714 
vt 0.777845 0.51945 
vt 0.85349 0.523189 
vt 0.853299 0.517095 
vt 0.853416 0.517007 
vt 0.859382 0.586541 
vt 0.858547 0.5845 
vt 0.858256 0.576371 
vt 0.857361 0.575889 
vt 0.860529 0.588294 
vt 0.860886 0.581797 
vt 0.860543 0.578295 
vt 0.862429 0.581431 
vt 0.862573 0.580752 
vt 0.862482 0.58554 
vt 0.861573 0.589978 
vt 0.860526 0.59598 
vt 0.865465 0.586134 
vt 0.865827 0.585553 
vt 0.865249 0.587019 
vt 0.866675 0.589473 
vt 0.867526 0.588668 
vt 0.864179 0.589677 
vt 0.86627 0.590451 
vt 0.866972 0.591209 
vt 0.86834 0.59146 
vt 0.865673 0.590797 
vt 0.86695 0.592768 
vt 0.868387 0.593577 
vt 0.866626 0.592487 
vt 0.866168 0.592053 
vt 0.86682 0.595599 
vt 0.868133 0.596693 
vt 0.865688 0.5957 
vt 0.864538 0.593806 
vt 0.865013 0.595614 
vt 0.866477 0.599382 
vt 0.867745 0.600438 
vt 0.86373 0.592633 
vt 0.863113 0.598204 
vt 0.862138 0.597661 
vt 0.860632 0.600537 
vt 0.861479 0.600892 
vt 0.86345 0.599316 
vt 0.862318 0.602003 
vt 0.864142 0.599114 
vt 0.863977 0.601334 
vt 0.864772 0.599171 
vt 0.865749 0.602988 
vt 0.867423 0.604252 
vt 0.86663 0.607864 
vt 0.864758 0.605466 
vt 0.863093 0.604572 
vt 0.863732 0.608794 
vt 0.865612 0.611292 
vt 0.862985 0.611486 
vt 0.864724 0.614231 
vt 0.862207 0.607403 
vt 0.861766 0.603927 
vt 0.860676 0.604644 
vt 0.861003 0.606384 
vt 0.861377 0.609501 
vt 0.85971 0.60379 
vt 0.859838 0.606332 
vt 0.86044 0.608175 
vt 0.861198 0.614453 
vt 0.863222 0.616839 
vt 0.863865 0.617908 
vt 0.860042 0.61344 
vt 0.859497 0.607771 
vt 0.858871 0.605832 
vt 0.858527 0.603893 
vt 0.857961 0.602951 
vt 0.857108 0.604916 
vt 0.856897 0.602222 
vt 0.856021 0.604437 
vt 0.841798 0.596759 
vt 0.844379 0.59803 
vt 0.848493 0.597417 
vt 0.845234 0.595697 
vt 0.84288 0.592359 
vt 0.841874 0.592726 
vt 0.842115 0.587443 
vt 0.840478 0.592628 
vt 0.841034 0.587762 
vt 0.841123 0.58205 
vt 0.842157 0.580991 
vt 0.83978 0.588361 
vt 0.843869 0.57473 
vt 0.844668 0.574954 
vt 0.83989 0.582671 
vt 0.840791 0.577257 
vt 0.841702 0.574707 
vt 0.838487 0.588844 
vt 0.83875 0.583306 
vt 0.838839 0.579148 
vt 0.839633 0.575916 
vt 0.839642 0.57528 
vt 0.836876 0.589078 
vt 0.836537 0.583943 
vt 0.835991 0.588826 
vt 0.83636 0.577578 
vt 0.836179 0.576868 
vt 0.836367 0.578428 
vt 0.834784 0.579391 
vt 0.834259 0.578166 
vt 0.836727 0.581277 
vt 0.834226 0.580561 
vt 0.833097 0.57981 
vt 0.834923 0.580447 
vt 0.835332 0.581135 
vt 0.835675 0.584315 
vt 0.833953 0.581811 
vt 0.832666 0.58145 
vt 0.834263 0.581814 
vt 0.834706 0.581788 
vt 0.833528 0.584144 
vt 0.832283 0.584088 
vt 0.83496 0.585424 
vt 0.834407 0.585018 
vt 0.833085 0.587382 
vt 0.831881 0.587316 
vt 0.834481 0.588425 
vt 0.832972 0.590765 
vt 0.831401 0.590557 
vt 0.831321 0.593986 
vt 0.834995 0.588826 
vt 0.834704 0.590718 
vt 0.835512 0.589477 
vt 0.83328 0.593455 
vt 0.83479 0.593951 
vt 0.833444 0.59687 
vt 0.831443 0.597452 
vt 0.835987 0.594392 
vt 0.83495 0.59688 
vt 0.833501 0.599591 
vt 0.831545 0.600456 
vt 0.835206 0.599198 
vt 0.834339 0.60337 
vt 0.832195 0.603709 
vt 0.83145 0.604049 
vt 0.822728 0.568586 
vt 0.823545 0.571129 
vt 0.824588 0.567342 
vt 0.824454 0.566744 
vt 0.825348 0.56938 
vt 0.826148 0.565747 
vt 0.826267 0.56636 
vt 0.827247 0.568123 
vt 0.828105 0.56485 
vt 0.82794 0.564291 
vt 0.828959 0.566225 
vt 0.82947 0.562947 
vt 0.82929 0.562428 
vt 0.83031 0.564382 
vt 0.83057 0.561824 
vt 0.830401 0.561268 
vt 0.831245 0.563262 
vt 0.831888 0.559833 
vt 0.832035 0.560416 
vt 0.832878 0.562088 
vt 0.833863 0.558112 
vt 0.834026 0.55868 
vt 0.834962 0.56002 
vt 0.837464 0.553928 
vt 0.838316 0.554947 
vt 0.837274 0.55338 
vt 0.840337 0.55202 
vt 0.840374 0.550229 
vt 0.840203 0.549636 
vt 0.842677 0.547355 
vt 0.842873 0.547756 
vt 0.842708 0.54969 
vt 0.843625 0.54897 
vt 0.781065 0.686423 
vt 0.781883 0.683879 
vt 0.780022 0.682636 
vt 0.780156 0.682038 
vt 0.779262 0.684674 
vt 0.778462 0.68104 
vt 0.778343 0.681653 
vt 0.777363 0.683417 
vt 0.776505 0.680143 
vt 0.77667 0.679584 
vt 0.775651 0.681518 
vt 0.77514 0.67824 
vt 0.77532 0.677722 
vt 0.7743 0.679675 
vt 0.77404 0.677117 
vt 0.774209 0.676562 
vt 0.773365 0.678555 
vt 0.772722 0.675126 
vt 0.772575 0.675709 
vt 0.771732 0.677381 
vt 0.770747 0.673405 
vt 0.770584 0.673973 
vt 0.769648 0.675313 
vt 0.767146 0.669221 
vt 0.766295 0.67024 
vt 0.767336 0.668673 
vt 0.764273 0.667314 
vt 0.764236 0.665522 
vt 0.764407 0.664929 
vt 0.761933 0.662648 
vt 0.761737 0.66305 
vt 0.761902 0.664983 
vt 0.760985 0.664263 
vt 0.80353 0.701146 
vt 0.807409 0.704754 
vt 0.806953 0.70627 
vt 0.80998 0.710143 
vt 0.810448 0.709163 
vt 0.803115 0.702757 
vt 0.807584 0.704198 
vt 0.810684 0.708702 
vt 0.803663 0.70054 
vt 0.798826 0.697755 
vt 0.841656 0.544673 
vt 0.845079 0.539549 
vt 0.845535 0.541065 
vt 0.848106 0.535675 
vt 0.848574 0.536656 
vt 0.841241 0.543062 
vt 0.84571 0.541621 
vt 0.84881 0.537116 
vt 0.841789 0.545278 
vt 0.836952 0.548064 

usemtl Handle1Mtl

f 1021/1021/1021 1022/1022/1022 1023/1023/1023 
f 1024/1024/1024 1023/1023/1023 1025/1025/1025 
f 1023/1023/1023 1024/1024/1024 1021/1021/1021 
f 1021/1021/1021 1024/1024/1024 1026/1026/1026 
f 1021/1021/1021 1026/1026/1026 1027/1027/1027 
f 1028/1028/1028 1021/1021/1021 1027/1027/1027 
f 1021/1021/1021 1028/1028/1028 1022/1022/1022 
f 1023/1023/1023 1022/1022/1022 1029/1029/1029 
f 1030/1030/1030 1022/1022/1022 1028/1028/1028 
f 1022/1022/1022 1031/1031/1031 1029/1029/1029 
f 1022/1022/1022 1030/1030/1030 1031/1031/1031 
f 1029/1029/1029 1031/1031/1031 1032/1032/1032 
f 1033/1033/1033 1031/1031/1031 1030/1030/1030 
f 1031/1031/1031 1034/1034/1034 1032/1032/1032 
f 1034/1034/1034 1031/1031/1031 1033/1033/1033 
f 1035/1035/1035 1036/1036/1036 1037/1037/1037 
f 1037/1037/1037 1038/1038/1038 1039/1039/1039 
f 1038/1038/1038 1037/1037/1037 1036/1036/1036 
f 1036/1036/1036 1040/1040/1040 1038/1038/1038 
f 1040/1040/1040 1036/1036/1036 1041/1041/1041 
f 1036/1036/1036 1042/1042/1042 1041/1041/1041 
f 1042/1042/1042 1036/1036/1036 1035/1035/1035 
f 1037/1037/1037 1043/1043/1043 1035/1035/1035 
f 1035/1035/1035 1044/1044/1044 1042/1042/1042 
f 1043/1043/1043 1045/1045/1045 1035/1035/1035 
f 1044/1044/1044 1035/1035/1035 1045/1045/1045 
f 1045/1045/1045 1043/1043/1043 1046/1046/1046 
f 1047/1047/1047 1044/1044/1044 1045/1045/1045 
f 1048/1048/1048 1045/1045/1045 1046/1046/1046 
f 1045/1045/1045 1048/1048/1048 1047/1047/1047 
f 1049/1049/1049 1050/1050/1050 1051/1051/1051 
f 1050/1050/1050 1049/1049/1049 1052/1052/1052 
f 1053/1053/1053 1051/1051/1051 1054/1054/1054 
f 1053/1053/1053 1054/1054/1054 1055/1055/1055 
f 1056/1056/1056 1051/1051/1051 1050/1050/1050 
f 1051/1051/1051 1056/1056/1056 1054/1054/1054 
f 1057/1057/1057 1050/1050/1050 1052/1052/1052 
f 1057/1057/1057 1052/1052/1052 1058/1058/1058 
f 1057/1057/1057 1058/1058/1058 1059/1059/1059 
f 1057/1057/1057 1059/1059/1059 1060/1060/1060 
f 1061/1061/1061 1057/1057/1057 1060/1060/1060 
f 1050/1050/1050 1062/1062/1062 1056/1056/1056 
f 1062/1062/1062 1050/1050/1050 1057/1057/1057 
f 1057/1057/1057 1061/1061/1061 1063/1063/1063 
f 1057/1057/1057 1063/1063/1063 1062/1062/1062 
f 1064/1064/1064 1063/1063/1063 1061/1061/1061 
f 1063/1063/1063 1064/1064/1064 1065/1065/1065 
f 1065/1065/1065 1062/1062/1062 1063/1063/1063 
f 1066/1066/1066 1065/1065/1065 1064/1064/1064 
f 1067/1067/1067 1056/1056/1056 1062/1062/1062 
f 1065/1065/1065 1066/1066/1066 1068/1068/1068 
f 1069/1069/1069 1068/1068/1068 1066/1066/1066 
f 1070/1070/1070 1062/1062/1062 1065/1065/1065 
f 1070/1070/1070 1065/1065/1065 1068/1068/1068 
f 1062/1062/1062 1070/1070/1070 1067/1067/1067 
f 1068/1068/1068 1069/1069/1069 1071/1071/1071 
f 1072/1072/1072 1071/1071/1071 1069/1069/1069 
f 1073/1073/1073 1070/1070/1070 1068/1068/1068 
f 1073/1073/1073 1068/1068/1068 1071/1071/1071 
f 1074/1074/1074 1067/1067/1067 1070/1070/1070 
f 1070/1070/1070 1073/1073/1073 1074/1074/1074 
f 1056/1056/1056 1067/1067/1067 1075/1075/1075 
f 1075/1075/1075 1054/1054/1054 1056/1056/1056 
f 1071/1071/1071 1072/1072/1072 1076/1076/1076 
f 1077/1077/1077 1075/1075/1075 1067/1067/1067 
f 1067/1067/1067 1074/1074/1074 1077/1077/1077 
f 1078/1078/1078 1073/1073/1073 1071/1071/1071 
f 1078/1078/1078 1074/1074/1074 1073/1073/1073 
f 1078/1078/1078 1071/1071/1071 1076/1076/1076 
f 1079/1079/1079 1076/1076/1076 1072/1072/1072 
f 1074/1074/1074 1078/1078/1078 1080/1080/1080 
f 1081/1081/1081 1077/1077/1077 1074/1074/1074 
f 1081/1081/1081 1074/1074/1074 1080/1080/1080 
f 1082/1082/1082 1080/1080/1080 1078/1078/1078 
f 1082/1082/1082 1078/1078/1078 1076/1076/1076 
f 1076/1076/1076 1079/1079/1079 1083/1083/1083 
f 1082/1082/1082 1076/1076/1076 1083/1083/1083 
f 1084/1084/1084 1083/1083/1083 1079/1079/1079 
f 1084/1084/1084 1079/1079/1079 1085/1085/1085 
f 1086/1086/1086 1082/1082/1082 1083/1083/1083 
f 1086/1086/1086 1083/1083/1083 1084/1084/1084 
f 1082/1082/1082 1087/1087/1087 1080/1080/1080 
f 1082/1082/1082 1086/1086/1086 1087/1087/1087 
f 1088/1088/1088 1084/1084/1084 1085/1085/1085 
f 1088/1088/1088 1085/1085/1085 1089/1089/1089 
f 1090/1090/1090 1086/1086/1086 1084/1084/1084 
f 1087/1087/1087 1086/1086/1086 1090/1090/1090 
f 1090/1090/1090 1084/1084/1084 1088/1088/1088 
f 1091/1091/1091 1088/1088/1088 1089/1089/1089 
f 1092/1092/1092 1087/1087/1087 1090/1090/1090 
f 1087/1087/1087 1093/1093/1093 1080/1080/1080 
f 1092/1092/1092 1093/1093/1093 1087/1087/1087 
f 1093/1093/1093 1081/1081/1081 1080/1080/1080 
f 1094/1094/1094 1092/1092/1092 1090/1090/1090 
f 1094/1094/1094 1090/1090/1090 1088/1088/1088 
f 1088/1088/1088 1091/1091/1091 1095/1095/1095 
f 1094/1094/1094 1088/1088/1088 1095/1095/1095 
f 1096/1096/1096 1095/1095/1095 1091/1091/1091 
f 1081/1081/1081 1093/1093/1093 1097/1097/1097 
f 1095/1095/1095 1096/1096/1096 1098/1098/1098 
f 1077/1077/1077 1081/1081/1081 1097/1097/1097 
f 1095/1095/1095 1099/1099/1099 1094/1094/1094 
f 1099/1099/1099 1095/1095/1095 1098/1098/1098 
f 1100/1100/1100 1098/1098/1098 1096/1096/1096 
f 1100/1100/1100 1099/1099/1099 1098/1098/1098 
f 1096/1096/1096 1101/1101/1101 1100/1100/1100 
f 1102/1102/1102 1100/1100/1100 1101/1101/1101 
f 1099/1099/1099 1103/1103/1103 1094/1094/1094 
f 1092/1092/1092 1094/1094/1094 1103/1103/1103 
f 1104/1104/1104 1093/1093/1093 1092/1092/1092 
f 1103/1103/1103 1104/1104/1104 1092/1092/1092 
f 1093/1093/1093 1104/1104/1104 1097/1097/1097 
f 1104/1104/1104 1103/1103/1103 1105/1105/1105 
f 1103/1103/1103 1099/1099/1099 1106/1106/1106 
f 1103/1103/1103 1106/1106/1106 1105/1105/1105 
f 1104/1104/1104 1105/1105/1105 1107/1107/1107 
f 1106/1106/1106 1107/1107/1107 1105/1105/1105 
f 1104/1104/1104 1108/1108/1108 1097/1097/1097 
f 1108/1108/1108 1104/1104/1104 1107/1107/1107 
f 1107/1107/1107 1106/1106/1106 1109/1109/1109 
f 1108/1108/1108 1107/1107/1107 1109/1109/1109 
f 1110/1110/1110 1106/1106/1106 1099/1099/1099 
f 1099/1099/1099 1100/1100/1100 1110/1110/1110 
f 1111/1111/1111 1109/1109/1109 1106/1106/1106 
f 1111/1111/1111 1106/1106/1106 1110/1110/1110 
f 1109/1109/1109 1111/1111/1111 1112/1112/1112 
f 1109/1109/1109 1113/1113/1113 1108/1108/1108 
f 1114/1114/1114 1112/1112/1112 1111/1111/1111 
f 1115/1115/1115 1111/1111/1111 1110/1110/1110 
f 1111/1111/1111 1115/1115/1115 1114/1114/1114 
f 1100/1100/1100 1115/1115/1115 1110/1110/1110 
f 1116/1116/1116 1114/1114/1114 1115/1115/1115 
f 1115/1115/1115 1100/1100/1100 1117/1117/1117 
f 1117/1117/1117 1116/1116/1116 1115/1115/1115 
f 1100/1100/1100 1102/1102/1102 1117/1117/1117 
f 1118/1118/1118 1117/1117/1117 1102/1102/1102 
f 1116/1116/1116 1117/1117/1117 1118/1118/1118 
f 1102/1102/1102 1119/1119/1119 1118/1118/1118 
f 1120/1120/1120 1118/1118/1118 1119/1119/1119 
f 1121/1121/1121 1116/1116/1116 1118/1118/1118 
f 1122/1122/1122 1116/1116/1116 1121/1121/1121 
f 1121/1121/1121 1123/1123/1123 1122/1122/1122 
f 1121/1121/1121 1124/1124/1124 1123/1123/1123 
f 1118/1118/1118 1125/1125/1125 1121/1121/1121 
f 1124/1124/1124 1121/1121/1121 1125/1125/1125 
f 1118/1118/1118 1120/1120/1120 1125/1125/1125 
f 1125/1125/1125 1126/1126/1126 1124/1124/1124 
f 1126/1126/1126 1125/1125/1125 1120/1120/1120 
f 1127/1127/1127 1128/1128/1128 1129/1129/1129 
f 1128/1128/1128 1130/1130/1130 1129/1129/1129 
f 1127/1127/1127 1131/1131/1131 1128/1128/1128 
f 1131/1131/1131 1127/1127/1127 1132/1132/1132 
f 1132/1132/1132 1133/1133/1133 1131/1131/1131 
f 1134/1134/1134 1131/1131/1131 1133/1133/1133 
f 1130/1130/1130 1135/1135/1135 1136/1136/1136 
f 1137/1137/1137 1136/1136/1136 1135/1135/1135 
f 1131/1131/1131 1134/1134/1134 1138/1138/1138 
f 1138/1138/1138 1128/1128/1128 1131/1131/1131 
f 1139/1139/1139 1138/1138/1138 1134/1134/1134 
f 1134/1134/1134 1140/1140/1140 1139/1139/1139 
f 1128/1128/1128 1138/1138/1138 1141/1141/1141 
f 1130/1130/1130 1128/1128/1128 1141/1141/1141 
f 1142/1142/1142 1141/1141/1141 1138/1138/1138 
f 1139/1139/1139 1142/1142/1142 1138/1138/1138 
f 1143/1143/1143 1139/1139/1139 1140/1140/1140 
f 1144/1144/1144 1130/1130/1130 1141/1141/1141 
f 1141/1141/1141 1142/1142/1142 1144/1144/1144 
f 1135/1135/1135 1130/1130/1130 1144/1144/1144 
f 1139/1139/1139 1143/1143/1143 1145/1145/1145 
f 1143/1143/1143 1146/1146/1146 1145/1145/1145 
f 1147/1147/1147 1142/1142/1142 1139/1139/1139 
f 1139/1139/1139 1145/1145/1145 1147/1147/1147 
f 1145/1145/1145 1146/1146/1146 1148/1148/1148 
f 1148/1148/1148 1147/1147/1147 1145/1145/1145 
f 1149/1149/1149 1148/1148/1148 1146/1146/1146 
f 1150/1150/1150 1142/1142/1142 1147/1147/1147 
f 1148/1148/1148 1150/1150/1150 1147/1147/1147 
f 1149/1149/1149 1151/1151/1151 1148/1148/1148 
f 1150/1150/1150 1148/1148/1148 1151/1151/1151 
f 1151/1151/1151 1149/1149/1149 1152/1152/1152 
f 1152/1152/1152 1153/1153/1153 1151/1151/1151 
f 1153/1153/1153 1154/1154/1154 1151/1151/1151 
f 1151/1151/1151 1154/1154/1154 1150/1150/1150 
f 1153/1153/1153 1155/1155/1155 1154/1154/1154 
f 1142/1142/1142 1150/1150/1150 1156/1156/1156 
f 1154/1154/1154 1156/1156/1156 1150/1150/1150 
f 1156/1156/1156 1144/1144/1144 1142/1142/1142 
f 1155/1155/1155 1157/1157/1157 1154/1154/1154 
f 1154/1154/1154 1157/1157/1157 1156/1156/1156 
f 1144/1144/1144 1156/1156/1156 1158/1158/1158 
f 1157/1157/1157 1158/1158/1158 1156/1156/1156 
f 1158/1158/1158 1135/1135/1135 1144/1144/1144 
f 1159/1159/1159 1157/1157/1157 1155/1155/1155 
f 1160/1160/1160 1159/1159/1159 1155/1155/1155 
f 1159/1159/1159 1160/1160/1160 1161/1161/1161 
f 1157/1157/1157 1159/1159/1159 1162/1162/1162 
f 1162/1162/1162 1158/1158/1158 1157/1157/1157 
f 1161/1161/1161 1163/1163/1163 1159/1159/1159 
f 1163/1163/1163 1162/1162/1162 1159/1159/1159 
f 1161/1161/1161 1164/1164/1164 1163/1163/1163 
f 1158/1158/1158 1162/1162/1162 1165/1165/1165 
f 1135/1135/1135 1158/1158/1158 1165/1165/1165 
f 1162/1162/1162 1163/1163/1163 1166/1166/1166 
f 1163/1163/1163 1164/1164/1164 1166/1166/1166 
f 1166/1166/1166 1165/1165/1165 1162/1162/1162 
f 1167/1167/1167 1135/1135/1135 1165/1165/1165 
f 1165/1165/1165 1166/1166/1166 1167/1167/1167 
f 1135/1135/1135 1167/1167/1167 1137/1137/1137 
f 1164/1164/1164 1168/1168/1168 1166/1166/1166 
f 1168/1168/1168 1167/1167/1167 1166/1166/1166 
f 1167/1167/1167 1169/1169/1169 1137/1137/1137 
f 1167/1167/1167 1168/1168/1168 1169/1169/1169 
f 1169/1169/1169 1170/1170/1170 1137/1137/1137 
f 1171/1171/1171 1170/1170/1170 1169/1169/1169 
f 1168/1168/1168 1171/1171/1171 1169/1169/1169 
f 1170/1170/1170 1171/1171/1171 1172/1172/1172 
f 1164/1164/1164 1173/1173/1173 1168/1168/1168 
f 1171/1171/1171 1168/1168/1168 1173/1173/1173 
f 1164/1164/1164 1174/1174/1174 1173/1173/1173 
f 1171/1171/1171 1175/1175/1175 1172/1172/1172 
f 1174/1174/1174 1176/1176/1176 1173/1173/1173 
f 1176/1176/1176 1171/1171/1171 1173/1173/1173 
f 1177/1177/1177 1175/1175/1175 1171/1171/1171 
f 1171/1171/1171 1176/1176/1176 1177/1177/1177 
f 1178/1178/1178 1179/1179/1179 1180/1180/1180 
f 1181/1181/1181 1182/1182/1182 1178/1178/1178 
f 1180/1180/1180 1183/1183/1183 1178/1178/1178 
f 1178/1178/1178 1183/1183/1183 1181/1181/1181 
f 1183/1183/1183 1180/1180/1180 1184/1184/1184 
f 1183/1183/1183 1185/1185/1185 1181/1181/1181 
f 1184/1184/1184 1186/1186/1186 1183/1183/1183 
f 1183/1183/1183 1186/1186/1186 1185/1185/1185 
f 1186/1186/1186 1184/1184/1184 1187/1187/1187 
f 1188/1188/1188 1185/1185/1185 1186/1186/1186 
f 1187/1187/1187 1188/1188/1188 1186/1186/1186 
f 1185/1185/1185 1188/1188/1188 1189/1189/1189 
f 1188/1188/1188 1187/1187/1187 1190/1190/1190 
f 1191/1191/1191 1189/1189/1189 1188/1188/1188 
f 1190/1190/1190 1191/1191/1191 1188/1188/1188 
f 1189/1189/1189 1191/1191/1191 1192/1192/1192 
f 1191/1191/1191 1190/1190/1190 1193/1193/1193 
f 1194/1194/1194 1192/1192/1192 1191/1191/1191 
f 1193/1193/1193 1195/1195/1195 1191/1191/1191 
f 1191/1191/1191 1195/1195/1195 1194/1194/1194 
f 1193/1193/1193 1196/1196/1196 1195/1195/1195 
f 1197/1197/1197 1194/1194/1194 1195/1195/1195 
f 1196/1196/1196 1197/1197/1197 1195/1195/1195 
f 1194/1194/1194 1197/1197/1197 1198/1198/1198 
f 1196/1196/1196 1199/1199/1199 1197/1197/1197 
f 1200/1200/1200 1198/1198/1198 1197/1197/1197 
f 1199/1199/1199 1201/1201/1201 1197/1197/1197 
f 1197/1197/1197 1201/1201/1201 1200/1200/1200 
f 1199/1199/1199 1202/1202/1202 1201/1201/1201 
f 1203/1203/1203 1200/1200/1200 1201/1201/1201 
f 1202/1202/1202 1204/1204/1204 1201/1201/1201 
f 1201/1201/1201 1205/1205/1205 1203/1203/1203 
f 1205/1205/1205 1201/1201/1201 1204/1204/1204 
f 1205/1205/1205 1204/1204/1204 1206/1206/1206 
f 1205/1205/1205 1206/1206/1206 1207/1207/1207 
f 1208/1208/1208 1209/1209/1209 1210/1210/1210 
f 1211/1211/1211 1212/1212/1212 1209/1209/1209 
f 1213/1213/1213 1210/1210/1210 1209/1209/1209 
f 1213/1213/1213 1209/1209/1209 1212/1212/1212 
f 1210/1210/1210 1213/1213/1213 1214/1214/1214 
f 1212/1212/1212 1215/1215/1215 1213/1213/1213 
f 1216/1216/1216 1214/1214/1214 1213/1213/1213 
f 1216/1216/1216 1213/1213/1213 1215/1215/1215 
f 1214/1214/1214 1216/1216/1216 1217/1217/1217 
f 1215/1215/1215 1218/1218/1218 1216/1216/1216 
f 1218/1218/1218 1217/1217/1217 1216/1216/1216 
f 1218/1218/1218 1215/1215/1215 1219/1219/1219 
f 1217/1217/1217 1218/1218/1218 1220/1220/1220 
f 1219/1219/1219 1221/1221/1221 1218/1218/1218 
f 1221/1221/1221 1220/1220/1220 1218/1218/1218 
f 1221/1221/1221 1219/1219/1219 1222/1222/1222 
f 1220/1220/1220 1221/1221/1221 1223/1223/1223 
f 1222/1222/1222 1224/1224/1224 1221/1221/1221 
f 1221/1221/1221 1225/1225/1225 1223/1223/1223 
f 1221/1221/1221 1224/1224/1224 1225/1225/1225 
f 1226/1226/1226 1223/1223/1223 1225/1225/1225 
f 1224/1224/1224 1227/1227/1227 1225/1225/1225 
f 1225/1225/1225 1227/1227/1227 1226/1226/1226 
f 1227/1227/1227 1224/1224/1224 1228/1228/1228 
f 1229/1229/1229 1226/1226/1226 1227/1227/1227 
f 1228/1228/1228 1230/1230/1230 1227/1227/1227 
f 1229/1229/1229 1227/1227/1227 1231/1231/1231 
f 1231/1231/1231 1227/1227/1227 1230/1230/1230 
f 1229/1229/1229 1231/1231/1231 1232/1232/1232 
f 1230/1230/1230 1233/1233/1233 1231/1231/1231 
f 1232/1232/1232 1231/1231/1231 1234/1234/1234 
f 1235/1235/1235 1231/1231/1231 1233/1233/1233 
f 1231/1231/1231 1235/1235/1235 1234/1234/1234 
f 1234/1234/1234 1235/1235/1235 1236/1236/1236 
f 1235/1235/1235 1237/1237/1237 1236/1236/1236 
f 1238/1238/1238 1239/1239/1239 1240/1240/1240 
f 1240/1240/1240 1241/1241/1241 1238/1238/1238 
f 1241/1241/1241 1240/1240/1240 1242/1242/1242 
f 1243/1243/1243 1238/1238/1238 1241/1241/1241 
f 1244/1244/1244 1242/1242/1242 1240/1240/1240 
f 1239/1239/1239 1244/1244/1244 1240/1240/1240 
f 1245/1245/1245 1238/1238/1238 1243/1243/1243 
f 1244/1244/1244 1239/1239/1239 1246/1246/1246 
f 1246/1246/1246 1239/1239/1239 1247/1247/1247 
f 1238/1238/1238 1245/1245/1245 1248/1248/1248 
f 1239/1239/1239 1238/1238/1238 1248/1248/1248 
f 1248/1248/1248 1245/1245/1245 1249/1249/1249 
f 1239/1239/1239 1249/1249/1249 1247/1247/1247 
f 1249/1249/1249 1239/1239/1239 1248/1248/1248 
f 1077/1077/1077 1097/1097/1097 1250/1250/1250 
f 1108/1108/1108 1250/1250/1250 1097/1097/1097 
f 1075/1075/1075 1077/1077/1077 1250/1250/1250 
f 1250/1250/1250 1108/1108/1108 1251/1251/1251 
f 1108/1108/1108 1113/1113/1113 1251/1251/1251 
f 1252/1252/1252 1251/1251/1251 1113/1113/1113 
f 1253/1253/1253 1250/1250/1250 1251/1251/1251 
f 1252/1252/1252 1253/1253/1253 1251/1251/1251 
f 1250/1250/1250 1253/1253/1253 1075/1075/1075 
f 1055/1055/1055 1253/1253/1253 1252/1252/1252 
f 1054/1054/1054 1075/1075/1075 1253/1253/1253 
f 1055/1055/1055 1054/1054/1054 1253/1253/1253 
f 1254/1254/1254 1255/1255/1255 1256/1256/1256 
f 1257/1257/1257 1254/1254/1254 1256/1256/1256 
f 1255/1255/1255 1254/1254/1254 1258/1258/1258 
f 1254/1254/1254 1257/1257/1257 1259/1259/1259 
f 1260/1260/1260 1255/1255/1255 1258/1258/1258 
f 1261/1261/1261 1259/1259/1259 1257/1257/1257 
f 1255/1255/1255 1260/1260/1260 1262/1262/1262 
f 1263/1263/1263 1262/1262/1262 1260/1260/1260 
f 1262/1262/1262 1263/1263/1263 1264/1264/1264 
f 1259/1259/1259 1261/1261/1261 1265/1265/1265 
f 1261/1261/1261 1266/1266/1266 1265/1265/1265 
f 1266/1266/1266 1261/1261/1261 1267/1267/1267 
f 1267/1267/1267 1268/1268/1268 1266/1266/1266 
f 1268/1268/1268 1267/1267/1267 1269/1269/1269 
f 1269/1269/1269 1270/1270/1270 1268/1268/1268 
f 1271/1271/1271 1268/1268/1268 1270/1270/1270 
f 1270/1270/1270 1272/1272/1272 1271/1271/1271 
f 1272/1272/1272 1270/1270/1270 1273/1273/1273 
f 1273/1273/1273 1274/1274/1274 1272/1272/1272 
f 1274/1274/1274 1273/1273/1273 1275/1275/1275 
f 1276/1276/1276 1277/1277/1277 1278/1278/1278 
f 1278/1278/1278 1279/1279/1279 1276/1276/1276 
f 1280/1280/1280 1279/1279/1279 1281/1281/1281 
f 1282/1282/1282 1280/1280/1280 1281/1281/1281 
f 1280/1280/1280 1282/1282/1282 1283/1283/1283 
f 1280/1280/1280 1283/1283/1283 1284/1284/1284 
f 1279/1279/1279 1280/1280/1280 1285/1285/1285 
f 1285/1285/1285 1276/1276/1276 1279/1279/1279 
f 1284/1284/1284 1286/1286/1286 1280/1280/1280 
f 1286/1286/1286 1285/1285/1285 1280/1280/1280 
f 1286/1286/1286 1284/1284/1284 1287/1287/1287 
f 1276/1276/1276 1285/1285/1285 1288/1288/1288 
f 1287/1287/1287 1289/1289/1289 1286/1286/1286 
f 1289/1289/1289 1287/1287/1287 1290/1290/1290 
f 1290/1290/1290 1291/1291/1291 1289/1289/1289 
f 1289/1289/1289 1292/1292/1292 1286/1286/1286 
f 1285/1285/1285 1286/1286/1286 1292/1292/1292 
f 1291/1291/1291 1293/1293/1293 1289/1289/1289 
f 1292/1292/1292 1289/1289/1289 1293/1293/1293 
f 1293/1293/1293 1291/1291/1291 1294/1294/1294 
f 1295/1295/1295 1293/1293/1293 1294/1294/1294 
f 1293/1293/1293 1295/1295/1295 1296/1296/1296 
f 1296/1296/1296 1292/1292/1292 1293/1293/1293 
f 1297/1297/1297 1296/1296/1296 1295/1295/1295 
f 1298/1298/1298 1285/1285/1285 1292/1292/1292 
f 1292/1292/1292 1296/1296/1296 1298/1298/1298 
f 1285/1285/1285 1298/1298/1298 1288/1288/1288 
f 1296/1296/1296 1297/1297/1297 1299/1299/1299 
f 1300/1300/1300 1299/1299/1299 1297/1297/1297 
f 1301/1301/1301 1298/1298/1298 1296/1296/1296 
f 1296/1296/1296 1299/1299/1299 1301/1301/1301 
f 1302/1302/1302 1288/1288/1288 1298/1298/1298 
f 1302/1302/1302 1298/1298/1298 1301/1301/1301 
f 1302/1302/1302 1276/1276/1276 1288/1288/1288 
f 1299/1299/1299 1300/1300/1300 1303/1303/1303 
f 1303/1303/1303 1301/1301/1301 1299/1299/1299 
f 1304/1304/1304 1302/1302/1302 1301/1301/1301 
f 1301/1301/1301 1303/1303/1303 1304/1304/1304 
f 1276/1276/1276 1302/1302/1302 1305/1305/1305 
f 1277/1277/1277 1276/1276/1276 1305/1305/1305 
f 1302/1302/1302 1304/1304/1304 1306/1306/1306 
f 1306/1306/1306 1305/1305/1305 1302/1302/1302 
f 1305/1305/1305 1307/1307/1307 1277/1277/1277 
f 1277/1277/1277 1307/1307/1307 1308/1308/1308 
f 1305/1305/1305 1306/1306/1306 1309/1309/1309 
f 1305/1305/1305 1309/1309/1309 1307/1307/1307 
f 1310/1310/1310 1308/1308/1308 1307/1307/1307 
f 1310/1310/1310 1307/1307/1307 1309/1309/1309 
f 1309/1309/1309 1311/1311/1311 1310/1310/1310 
f 1311/1311/1311 1309/1309/1309 1306/1306/1306 
f 1312/1312/1312 1310/1310/1310 1311/1311/1311 
f 1310/1310/1310 1312/1312/1312 1313/1313/1313 
f 1314/1314/1314 1313/1313/1313 1312/1312/1312 
f 1314/1314/1314 1312/1312/1312 1315/1315/1315 
f 1312/1312/1312 1311/1311/1311 1316/1316/1316 
f 1306/1306/1306 1316/1316/1316 1311/1311/1311 
f 1316/1316/1316 1315/1315/1315 1312/1312/1312 
f 1316/1316/1316 1306/1306/1306 1304/1304/1304 
f 1315/1315/1315 1316/1316/1316 1317/1317/1317 
f 1304/1304/1304 1317/1317/1317 1316/1316/1316 
f 1317/1317/1317 1318/1318/1318 1315/1315/1315 
f 1317/1317/1317 1304/1304/1304 1303/1303/1303 
f 1318/1318/1318 1317/1317/1317 1319/1319/1319 
f 1303/1303/1303 1319/1319/1319 1317/1317/1317 
f 1319/1319/1319 1303/1303/1303 1300/1300/1300 
f 1300/1300/1300 1320/1320/1320 1319/1319/1319 
f 1319/1319/1319 1321/1321/1321 1318/1318/1318 
f 1321/1321/1321 1319/1319/1319 1320/1320/1320 
f 1320/1320/1320 1322/1322/1322 1321/1321/1321 
f 1323/1323/1323 1321/1321/1321 1322/1322/1322 
f 1321/1321/1321 1323/1323/1323 1324/1324/1324 
f 1325/1325/1325 1324/1324/1324 1323/1323/1323 
f 1321/1321/1321 1324/1324/1324 1326/1326/1326 
f 1324/1324/1324 1325/1325/1325 1327/1327/1327 
f 1324/1324/1324 1327/1327/1327 1326/1326/1326 
f 1328/1328/1328 1329/1329/1329 1330/1330/1330 
f 1331/1331/1331 1330/1330/1330 1329/1329/1329 
f 1330/1330/1330 1332/1332/1332 1328/1328/1328 
f 1330/1330/1330 1331/1331/1331 1333/1333/1333 
f 1334/1334/1334 1328/1328/1328 1332/1332/1332 
f 1331/1331/1331 1335/1335/1335 1333/1333/1333 
f 1332/1332/1332 1336/1336/1336 1334/1334/1334 
f 1335/1335/1335 1331/1331/1331 1337/1337/1337 
f 1338/1338/1338 1334/1334/1334 1336/1336/1336 
f 1339/1339/1339 1335/1335/1335 1337/1337/1337 
f 1334/1334/1334 1338/1338/1338 1340/1340/1340 
f 1335/1335/1335 1339/1339/1339 1341/1341/1341 
f 1342/1342/1342 1340/1340/1340 1338/1338/1338 
f 1343/1343/1343 1341/1341/1341 1339/1339/1339 
f 1340/1340/1340 1342/1342/1342 1344/1344/1344 
f 1345/1345/1345 1344/1344/1344 1342/1342/1342 
f 1344/1344/1344 1345/1345/1345 1346/1346/1346 
f 1341/1341/1341 1343/1343/1343 1347/1347/1347 
f 1348/1348/1348 1347/1347/1347 1343/1343/1343 
f 1347/1347/1347 1348/1348/1348 1349/1349/1349 
f 1350/1350/1350 1351/1351/1351 1352/1352/1352 
f 1352/1352/1352 1353/1353/1353 1350/1350/1350 
f 1352/1352/1352 1351/1351/1351 1354/1354/1354 
f 1353/1353/1353 1352/1352/1352 1355/1355/1355 
f 1351/1351/1351 1356/1356/1356 1354/1354/1354 
f 1355/1355/1355 1357/1357/1357 1353/1353/1353 
f 1354/1354/1354 1356/1356/1356 1358/1358/1358 
f 1359/1359/1359 1353/1353/1353 1357/1357/1357 
f 1356/1356/1356 1360/1360/1360 1358/1358/1358 
f 1357/1357/1357 1361/1361/1361 1359/1359/1359 
f 1360/1360/1360 1356/1356/1356 1362/1362/1362 
f 1361/1361/1361 1357/1357/1357 1363/1363/1363 
f 1362/1362/1362 1364/1364/1364 1360/1360/1360 
f 1363/1363/1363 1365/1365/1365 1361/1361/1361 
f 1364/1364/1364 1362/1362/1362 1366/1366/1366 
f 1366/1366/1366 1367/1367/1367 1364/1364/1364 
f 1367/1367/1367 1366/1366/1366 1368/1368/1368 
f 1365/1365/1365 1363/1363/1363 1369/1369/1369 
f 1369/1369/1369 1370/1370/1370 1365/1365/1365 
f 1370/1370/1370 1369/1369/1369 1371/1371/1371 
f 1372/1372/1372 1373/1373/1373 1374/1374/1374 
f 1373/1373/1373 1372/1372/1372 1375/1375/1375 
f 1375/1375/1375 1376/1376/1376 1373/1373/1373 
f 1377/1377/1377 1372/1372/1372 1374/1374/1374 
f 1374/1374/1374 1378/1378/1378 1377/1377/1377 
f 1377/1377/1377 1379/1379/1379 1372/1372/1372 
f 1379/1379/1379 1375/1375/1375 1372/1372/1372 
f 1375/1375/1375 1379/1379/1379 1380/1380/1380 
f 1379/1379/1379 1377/1377/1377 1381/1381/1381 
f 1382/1382/1382 1375/1375/1375 1380/1380/1380 
f 1378/1378/1378 1383/1383/1383 1377/1377/1377 
f 1383/1383/1383 1381/1381/1381 1377/1377/1377 
f 1383/1383/1383 1378/1378/1378 1384/1384/1384 
f 1381/1381/1381 1383/1383/1383 1385/1385/1385 
f 1383/1383/1383 1384/1384/1384 1386/1386/1386 
f 1386/1386/1386 1385/1385/1385 1383/1383/1383 
f 1385/1385/1385 1386/1386/1386 1387/1387/1387 
f 1384/1384/1384 1388/1388/1388 1386/1386/1386 
f 1389/1389/1389 1387/1387/1387 1386/1386/1386 
f 1388/1388/1388 1390/1390/1390 1386/1386/1386 
f 1386/1386/1386 1390/1390/1390 1389/1389/1389 
f 1390/1390/1390 1388/1388/1388 1391/1391/1391 
f 1392/1392/1392 1389/1389/1389 1390/1390/1390 
f 1391/1391/1391 1392/1392/1392 1390/1390/1390 
f 1389/1389/1389 1392/1392/1392 1393/1393/1393 
f 1392/1392/1392 1391/1391/1391 1394/1394/1394 
f 1395/1395/1395 1393/1393/1393 1392/1392/1392 
f 1394/1394/1394 1395/1395/1395 1392/1392/1392 
f 1393/1393/1393 1395/1395/1395 1396/1396/1396 
f 1395/1395/1395 1394/1394/1394 1179/1179/1179 
f 1182/1182/1182 1396/1396/1396 1395/1395/1395 
f 1179/1179/1179 1178/1178/1178 1395/1395/1395 
f 1395/1395/1395 1178/1178/1178 1182/1182/1182 
f 1397/1397/1397 1398/1398/1398 1399/1399/1399 
f 1398/1398/1398 1400/1400/1400 1399/1399/1399 
f 1398/1398/1398 1401/1401/1401 1400/1400/1400 
f 1402/1402/1402 1397/1397/1397 1399/1399/1399 
f 1397/1397/1397 1402/1402/1402 1403/1403/1403 
f 1404/1404/1404 1402/1402/1402 1399/1399/1399 
f 1399/1399/1399 1400/1400/1400 1404/1404/1404 
f 1404/1404/1404 1400/1400/1400 1405/1405/1405 
f 1402/1402/1402 1404/1404/1404 1406/1406/1406 
f 1400/1400/1400 1407/1407/1407 1405/1405/1405 
f 1408/1408/1408 1403/1403/1403 1402/1402/1402 
f 1406/1406/1406 1408/1408/1408 1402/1402/1402 
f 1403/1403/1403 1408/1408/1408 1409/1409/1409 
f 1408/1408/1408 1406/1406/1406 1410/1410/1410 
f 1408/1408/1408 1411/1411/1411 1409/1409/1409 
f 1410/1410/1410 1411/1411/1411 1408/1408/1408 
f 1411/1411/1411 1410/1410/1410 1412/1412/1412 
f 1409/1409/1409 1411/1411/1411 1413/1413/1413 
f 1414/1414/1414 1411/1411/1411 1412/1412/1412 
f 1415/1415/1415 1413/1413/1413 1411/1411/1411 
f 1411/1411/1411 1414/1414/1414 1415/1415/1415 
f 1413/1413/1413 1415/1415/1415 1416/1416/1416 
f 1414/1414/1414 1417/1417/1417 1415/1415/1415 
f 1417/1417/1417 1416/1416/1416 1415/1415/1415 
f 1417/1417/1417 1414/1414/1414 1418/1418/1418 
f 1416/1416/1416 1417/1417/1417 1419/1419/1419 
f 1418/1418/1418 1420/1420/1420 1417/1417/1417 
f 1420/1420/1420 1419/1419/1419 1417/1417/1417 
f 1420/1420/1420 1418/1418/1418 1421/1421/1421 
f 1419/1419/1419 1420/1420/1420 1208/1208/1208 
f 1421/1421/1421 1211/1211/1211 1420/1420/1420 
f 1209/1209/1209 1208/1208/1208 1420/1420/1420 
f 1420/1420/1420 1211/1211/1211 1209/1209/1209 
f 1422/1422/1422 1423/1423/1423 1424/1424/1424 
f 1425/1425/1425 1426/1426/1426 1427/1427/1427 
f 1426/1426/1426 1425/1425/1425 1428/1428/1428 
f 1428/1428/1428 1429/1429/1429 1426/1426/1426 
f 1430/1430/1430 1428/1428/1428 1425/1425/1425 
f 1429/1429/1429 1431/1431/1431 1426/1426/1426 
f 1432/1432/1432 1430/1430/1430 1425/1425/1425 
f 1427/1427/1427 1432/1432/1432 1425/1425/1425 
f 1426/1426/1426 1433/1433/1433 1427/1427/1427 
f 1433/1433/1433 1426/1426/1426 1431/1431/1431 
f 1432/1432/1432 1427/1427/1427 1434/1434/1434 
f 1435/1435/1435 1427/1427/1427 1433/1433/1433 
f 1427/1427/1427 1435/1435/1435 1434/1434/1434 
f 1436/1436/1436 1433/1433/1433 1431/1431/1431 
f 1436/1436/1436 1435/1435/1435 1433/1433/1433 
f 1437/1437/1437 1432/1432/1432 1434/1434/1434 
f 1434/1434/1434 1435/1435/1435 1437/1437/1437 
f 1432/1432/1432 1437/1437/1437 1438/1438/1438 
f 1435/1435/1435 1439/1439/1439 1437/1437/1437 
f 1430/1430/1430 1432/1432/1432 1440/1440/1440 
f 1438/1438/1438 1440/1440/1440 1432/1432/1432 
f 1440/1440/1440 1441/1441/1441 1430/1430/1430 
f 1442/1442/1442 1430/1430/1430 1441/1441/1441 
f 1443/1443/1443 1442/1442/1442 1441/1441/1441 
f 1441/1441/1441 1444/1444/1444 1443/1443/1443 
f 1441/1441/1441 1440/1440/1440 1444/1444/1444 
f 1443/1443/1443 1444/1444/1444 1445/1445/1445 
f 1444/1444/1444 1446/1446/1446 1445/1445/1445 
f 1447/1447/1447 1444/1444/1444 1440/1440/1440 
f 1444/1444/1444 1447/1447/1447 1446/1446/1446 
f 1440/1440/1440 1438/1438/1438 1447/1447/1447 
f 1445/1445/1445 1446/1446/1446 1448/1448/1448 
f 1438/1438/1438 1437/1437/1437 1449/1449/1449 
f 1439/1439/1439 1449/1449/1449 1437/1437/1437 
f 1438/1438/1438 1449/1449/1449 1450/1450/1450 
f 1439/1439/1439 1451/1451/1451 1449/1449/1449 
f 1452/1452/1452 1438/1438/1438 1450/1450/1450 
f 1452/1452/1452 1447/1447/1447 1438/1438/1438 
f 1452/1452/1452 1446/1446/1446 1447/1447/1447 
f 1453/1453/1453 1452/1452/1452 1450/1450/1450 
f 1452/1452/1452 1453/1453/1453 1454/1454/1454 
f 1454/1454/1454 1446/1446/1446 1452/1452/1452 
f 1049/1049/1049 1454/1454/1454 1453/1453/1453 
f 1446/1446/1446 1053/1053/1053 1448/1448/1448 
f 1446/1446/1446 1454/1454/1454 1053/1053/1053 
f 1448/1448/1448 1053/1053/1053 1055/1055/1055 
f 1454/1454/1454 1049/1049/1049 1051/1051/1051 
f 1454/1454/1454 1051/1051/1051 1053/1053/1053 
f 1455/1455/1455 1456/1456/1456 1457/1457/1457 
f 1458/1458/1458 1459/1459/1459 1460/1460/1460 
f 1461/1461/1461 1460/1460/1460 1459/1459/1459 
f 1462/1462/1462 1463/1463/1463 1458/1458/1458 
f 1463/1463/1463 1462/1462/1462 1464/1464/1464 
f 1465/1465/1465 1458/1458/1458 1460/1460/1460 
f 1458/1458/1458 1465/1465/1465 1462/1462/1462 
f 1466/1466/1466 1464/1464/1464 1462/1462/1462 
f 1464/1464/1464 1466/1466/1466 1467/1467/1467 
f 1466/1466/1466 1468/1468/1468 1467/1467/1467 
f 1462/1462/1462 1469/1469/1469 1466/1466/1466 
f 1469/1469/1469 1462/1462/1462 1465/1465/1465 
f 1468/1468/1468 1466/1466/1466 1470/1470/1470 
f 1470/1470/1470 1471/1471/1471 1468/1468/1468 
f 1471/1471/1471 1470/1470/1470 1472/1472/1472 
f 1466/1466/1466 1473/1473/1473 1470/1470/1470 
f 1473/1473/1473 1472/1472/1472 1470/1470/1470 
f 1473/1473/1473 1466/1466/1466 1469/1469/1469 
f 1472/1472/1472 1473/1473/1473 1474/1474/1474 
f 1473/1473/1473 1475/1475/1475 1474/1474/1474 
f 1475/1475/1475 1473/1473/1473 1476/1476/1476 
f 1469/1469/1469 1476/1476/1476 1473/1473/1473 
f 1476/1476/1476 1477/1477/1477 1475/1475/1475 
f 1476/1476/1476 1469/1469/1469 1478/1478/1478 
f 1465/1465/1465 1478/1478/1478 1469/1469/1469 
f 1477/1477/1477 1476/1476/1476 1479/1479/1479 
f 1478/1478/1478 1479/1479/1479 1476/1476/1476 
f 1479/1479/1479 1480/1480/1480 1477/1477/1477 
f 1478/1478/1478 1465/1465/1465 1481/1481/1481 
f 1460/1460/1460 1481/1481/1481 1465/1465/1465 
f 1479/1479/1479 1478/1478/1478 1482/1482/1482 
f 1481/1481/1481 1482/1482/1482 1478/1478/1478 
f 1480/1480/1480 1479/1479/1479 1483/1483/1483 
f 1482/1482/1482 1483/1483/1483 1479/1479/1479 
f 1483/1483/1483 1484/1484/1484 1480/1480/1480 
f 1481/1481/1481 1460/1460/1460 1485/1485/1485 
f 1460/1460/1460 1461/1461/1461 1485/1485/1485 
f 1482/1482/1482 1481/1481/1481 1486/1486/1486 
f 1485/1485/1485 1486/1486/1486 1481/1481/1481 
f 1461/1461/1461 1487/1487/1487 1485/1485/1485 
f 1486/1486/1486 1485/1485/1485 1487/1487/1487 
f 1487/1487/1487 1461/1461/1461 1488/1488/1488 
f 1488/1488/1488 1489/1489/1489 1487/1487/1487 
f 1490/1490/1490 1487/1487/1487 1489/1489/1489 
f 1487/1487/1487 1490/1490/1490 1486/1486/1486 
f 1491/1491/1491 1490/1490/1490 1489/1489/1489 
f 1486/1486/1486 1492/1492/1492 1482/1482/1482 
f 1492/1492/1492 1486/1486/1486 1490/1490/1490 
f 1483/1483/1483 1482/1482/1482 1492/1492/1492 
f 1490/1490/1490 1491/1491/1491 1493/1493/1493 
f 1494/1494/1494 1493/1493/1493 1491/1491/1491 
f 1490/1490/1490 1495/1495/1495 1492/1492/1492 
f 1495/1495/1495 1490/1490/1490 1493/1493/1493 
f 1492/1492/1492 1496/1496/1496 1483/1483/1483 
f 1496/1496/1496 1492/1492/1492 1495/1495/1495 
f 1484/1484/1484 1483/1483/1483 1496/1496/1496 
f 1496/1496/1496 1497/1497/1497 1484/1484/1484 
f 1493/1493/1493 1494/1494/1494 1498/1498/1498 
f 1498/1498/1498 1495/1495/1495 1493/1493/1493 
f 1494/1494/1494 1499/1499/1499 1498/1498/1498 
f 1497/1497/1497 1496/1496/1496 1500/1500/1500 
f 1495/1495/1495 1500/1500/1500 1496/1496/1496 
f 1500/1500/1500 1501/1501/1501 1497/1497/1497 
f 1495/1495/1495 1498/1498/1498 1502/1502/1502 
f 1500/1500/1500 1495/1495/1495 1502/1502/1502 
f 1503/1503/1503 1498/1498/1498 1499/1499/1499 
f 1498/1498/1498 1503/1503/1503 1502/1502/1502 
f 1499/1499/1499 1504/1504/1504 1503/1503/1503 
f 1502/1502/1502 1505/1505/1505 1500/1500/1500 
f 1505/1505/1505 1502/1502/1502 1503/1503/1503 
f 1504/1504/1504 1505/1505/1505 1503/1503/1503 
f 1501/1501/1501 1500/1500/1500 1505/1505/1505 
f 1505/1505/1505 1504/1504/1504 1506/1506/1506 
f 1506/1506/1506 1501/1501/1501 1505/1505/1505 
f 1501/1501/1501 1506/1506/1506 1507/1507/1507 
f 1508/1508/1508 1509/1509/1509 1510/1510/1510 
f 1511/1511/1511 1512/1512/1512 1513/1513/1513 
f 1511/1511/1511 1513/1513/1513 1509/1509/1509 
f 1514/1514/1514 1509/1509/1509 1508/1508/1508 
f 1514/1514/1514 1511/1511/1511 1509/1509/1509 
f 1508/1508/1508 1515/1515/1515 1514/1514/1514 
f 1515/1515/1515 1508/1508/1508 1516/1516/1516 
f 1511/1511/1511 1514/1514/1514 1517/1517/1517 
f 1516/1516/1516 1174/1174/1174 1515/1515/1515 
f 1174/1174/1174 1516/1516/1516 1518/1518/1518 
f 1514/1514/1514 1515/1515/1515 1519/1519/1519 
f 1515/1515/1515 1174/1174/1174 1519/1519/1519 
f 1514/1514/1514 1519/1519/1519 1517/1517/1517 
f 1518/1518/1518 1176/1176/1176 1174/1174/1174 
f 1517/1517/1517 1520/1520/1520 1511/1511/1511 
f 1521/1521/1521 1520/1520/1520 1517/1517/1517 
f 1522/1522/1522 1520/1520/1520 1521/1521/1521 
f 1519/1519/1519 1174/1174/1174 1164/1164/1164 
f 1161/1161/1161 1517/1517/1517 1519/1519/1519 
f 1164/1164/1164 1161/1161/1161 1519/1519/1519 
f 1160/1160/1160 1521/1521/1521 1517/1517/1517 
f 1161/1161/1161 1160/1160/1160 1517/1517/1517 
f 1523/1523/1523 1522/1522/1522 1521/1521/1521 
f 1523/1523/1523 1524/1524/1524 1522/1522/1522 
f 1521/1521/1521 1160/1160/1160 1525/1525/1525 
f 1523/1523/1523 1521/1521/1521 1525/1525/1525 
f 1524/1524/1524 1523/1523/1523 1526/1526/1526 
f 1526/1526/1526 1527/1527/1527 1524/1524/1524 
f 1528/1528/1528 1523/1523/1523 1525/1525/1525 
f 1528/1528/1528 1526/1526/1526 1523/1523/1523 
f 1529/1529/1529 1527/1527/1527 1526/1526/1526 
f 1527/1527/1527 1529/1529/1529 1530/1530/1530 
f 1526/1526/1526 1528/1528/1528 1531/1531/1531 
f 1531/1531/1531 1529/1529/1529 1526/1526/1526 
f 1532/1532/1532 1530/1530/1530 1529/1529/1529 
f 1532/1532/1532 1529/1529/1529 1531/1531/1531 
f 1530/1530/1530 1532/1532/1532 1533/1533/1533 
f 1532/1532/1532 1531/1531/1531 1149/1149/1149 
f 1152/1152/1152 1531/1531/1531 1528/1528/1528 
f 1531/1531/1531 1152/1152/1152 1149/1149/1149 
f 1152/1152/1152 1528/1528/1528 1153/1153/1153 
f 1528/1528/1528 1525/1525/1525 1153/1153/1153 
f 1534/1534/1534 1533/1533/1533 1532/1532/1532 
f 1534/1534/1534 1532/1532/1532 1149/1149/1149 
f 1533/1533/1533 1534/1534/1534 1535/1535/1535 
f 1536/1536/1536 1533/1533/1533 1535/1535/1535 
f 1153/1153/1153 1525/1525/1525 1155/1155/1155 
f 1155/1155/1155 1525/1525/1525 1160/1160/1160 
f 1537/1537/1537 1536/1536/1536 1535/1535/1535 
f 1538/1538/1538 1536/1536/1536 1537/1537/1537 
f 1534/1534/1534 1539/1539/1539 1535/1535/1535 
f 1535/1535/1535 1539/1539/1539 1537/1537/1537 
f 1540/1540/1540 1538/1538/1538 1537/1537/1537 
f 1436/1436/1436 1538/1538/1538 1540/1540/1540 
f 1541/1541/1541 1540/1540/1540 1537/1537/1537 
f 1537/1537/1537 1539/1539/1539 1541/1541/1541 
f 1540/1540/1540 1542/1542/1542 1436/1436/1436 
f 1542/1542/1542 1540/1540/1540 1541/1541/1541 
f 1435/1435/1435 1436/1436/1436 1542/1542/1542 
f 1542/1542/1542 1439/1439/1439 1435/1435/1435 
f 1541/1541/1541 1543/1543/1543 1542/1542/1542 
f 1439/1439/1439 1542/1542/1542 1543/1543/1543 
f 1544/1544/1544 1541/1541/1541 1539/1539/1539 
f 1543/1543/1543 1541/1541/1541 1544/1544/1544 
f 1545/1545/1545 1439/1439/1439 1543/1543/1543 
f 1544/1544/1544 1545/1545/1545 1543/1543/1543 
f 1451/1451/1451 1439/1439/1439 1545/1545/1545 
f 1545/1545/1545 1546/1546/1546 1451/1451/1451 
f 1545/1545/1545 1547/1547/1547 1546/1546/1546 
f 1545/1545/1545 1544/1544/1544 1547/1547/1547 
f 1548/1548/1548 1546/1546/1546 1547/1547/1547 
f 1539/1539/1539 1143/1143/1143 1544/1544/1544 
f 1547/1547/1547 1544/1544/1544 1140/1140/1140 
f 1140/1140/1140 1544/1544/1544 1143/1143/1143 
f 1146/1146/1146 1143/1143/1143 1539/1539/1539 
f 1539/1539/1539 1534/1534/1534 1146/1146/1146 
f 1534/1534/1534 1149/1149/1149 1146/1146/1146 
f 1547/1547/1547 1549/1549/1549 1548/1548/1548 
f 1549/1549/1549 1547/1547/1547 1140/1140/1140 
f 1550/1550/1550 1548/1548/1548 1549/1549/1549 
f 1548/1548/1548 1550/1550/1550 1551/1551/1551 
f 1140/1140/1140 1134/1134/1134 1549/1549/1549 
f 1552/1552/1552 1551/1551/1551 1550/1550/1550 
f 1551/1551/1551 1552/1552/1552 1553/1553/1553 
f 1553/1553/1553 1552/1552/1552 1554/1554/1554 
f 1555/1555/1555 1554/1554/1554 1552/1552/1552 
f 1552/1552/1552 1556/1556/1556 1555/1555/1555 
f 1549/1549/1549 1133/1133/1133 1550/1550/1550 
f 1133/1133/1133 1549/1549/1549 1134/1134/1134 
f 1550/1550/1550 1557/1557/1557 1552/1552/1552 
f 1557/1557/1557 1550/1550/1550 1133/1133/1133 
f 1556/1556/1556 1552/1552/1552 1558/1558/1558 
f 1552/1552/1552 1557/1557/1557 1558/1558/1558 
f 1558/1558/1558 1559/1559/1559 1556/1556/1556 
f 1559/1559/1559 1558/1558/1558 1560/1560/1560 
f 1557/1557/1557 1560/1560/1560 1558/1558/1558 
f 1560/1560/1560 1561/1561/1561 1559/1559/1559 
f 1133/1133/1133 1132/1132/1132 1557/1557/1557 
f 1561/1561/1561 1560/1560/1560 1562/1562/1562 
f 1562/1562/1562 1563/1563/1563 1561/1561/1561 
f 1560/1560/1560 1557/1557/1557 1564/1564/1564 
f 1564/1564/1564 1562/1562/1562 1560/1560/1560 
f 1132/1132/1132 1564/1564/1564 1557/1557/1557 
f 1563/1563/1563 1562/1562/1562 1565/1565/1565 
f 1565/1565/1565 1566/1566/1566 1563/1563/1563 
f 1564/1564/1564 1567/1567/1567 1562/1562/1562 
f 1567/1567/1567 1565/1565/1565 1562/1562/1562 
f 1132/1132/1132 1568/1568/1568 1564/1564/1564 
f 1567/1567/1567 1564/1564/1564 1568/1568/1568 
f 1566/1566/1566 1565/1565/1565 1569/1569/1569 
f 1567/1567/1567 1570/1570/1570 1565/1565/1565 
f 1569/1569/1569 1565/1565/1565 1570/1570/1570 
f 1568/1568/1568 1570/1570/1570 1567/1567/1567 
f 1569/1569/1569 1571/1571/1571 1566/1566/1566 
f 1568/1568/1568 1132/1132/1132 1127/1127/1127 
f 1571/1571/1571 1569/1569/1569 1572/1572/1572 
f 1573/1573/1573 1569/1569/1569 1570/1570/1570 
f 1569/1569/1569 1573/1573/1573 1572/1572/1572 
f 1572/1572/1572 1574/1574/1574 1571/1571/1571 
f 1575/1575/1575 1571/1571/1571 1574/1574/1574 
f 1576/1576/1576 1572/1572/1572 1573/1573/1573 
f 1572/1572/1572 1576/1576/1576 1574/1574/1574 
f 1574/1574/1574 1577/1577/1577 1575/1575/1575 
f 1578/1578/1578 1575/1575/1575 1577/1577/1577 
f 1577/1577/1577 1579/1579/1579 1578/1578/1578 
f 1574/1574/1574 1580/1580/1580 1577/1577/1577 
f 1580/1580/1580 1574/1574/1574 1576/1576/1576 
f 1579/1579/1579 1577/1577/1577 1581/1581/1581 
f 1581/1581/1581 1175/1175/1175 1579/1579/1579 
f 1582/1582/1582 1577/1577/1577 1580/1580/1580 
f 1577/1577/1577 1582/1582/1582 1581/1581/1581 
f 1583/1583/1583 1580/1580/1580 1576/1576/1576 
f 1573/1573/1573 1583/1583/1583 1576/1576/1576 
f 1175/1175/1175 1581/1581/1581 1172/1172/1172 
f 1584/1584/1584 1580/1580/1580 1583/1583/1583 
f 1584/1584/1584 1582/1582/1582 1580/1580/1580 
f 1573/1573/1573 1585/1585/1585 1583/1583/1583 
f 1573/1573/1573 1570/1570/1570 1585/1585/1585 
f 1570/1570/1570 1568/1568/1568 1585/1585/1585 
f 1170/1170/1170 1581/1581/1581 1582/1582/1582 
f 1170/1170/1170 1172/1172/1172 1581/1581/1581 
f 1582/1582/1582 1584/1584/1584 1586/1586/1586 
f 1586/1586/1586 1170/1170/1170 1582/1582/1582 
f 1585/1585/1585 1568/1568/1568 1587/1587/1587 
f 1127/1127/1127 1587/1587/1587 1568/1568/1568 
f 1583/1583/1583 1585/1585/1585 1588/1588/1588 
f 1588/1588/1588 1584/1584/1584 1583/1583/1583 
f 1588/1588/1588 1585/1585/1585 1587/1587/1587 
f 1589/1589/1589 1586/1586/1586 1584/1584/1584 
f 1588/1588/1588 1589/1589/1589 1584/1584/1584 
f 1587/1587/1587 1129/1129/1129 1588/1588/1588 
f 1127/1127/1127 1129/1129/1129 1587/1587/1587 
f 1588/1588/1588 1129/1129/1129 1589/1589/1589 
f 1586/1586/1586 1589/1589/1589 1590/1590/1590 
f 1586/1586/1586 1590/1590/1590 1137/1137/1137 
f 1170/1170/1170 1586/1586/1586 1137/1137/1137 
f 1589/1589/1589 1136/1136/1136 1590/1590/1590 
f 1136/1136/1136 1137/1137/1137 1590/1590/1590 
f 1130/1130/1130 1589/1589/1589 1129/1129/1129 
f 1589/1589/1589 1130/1130/1130 1136/1136/1136 
f 1591/1591/1591 1592/1592/1592 1593/1593/1593 
f 1592/1592/1592 1591/1591/1591 1594/1594/1594 
f 1594/1594/1594 1595/1595/1595 1592/1592/1592 
f 1595/1595/1595 1594/1594/1594 1596/1596/1596 
f 1593/1593/1593 1597/1597/1597 1591/1591/1591 
f 1597/1597/1597 1593/1593/1593 1598/1598/1598 
f 1598/1598/1598 1599/1599/1599 1597/1597/1597 
f 1599/1599/1599 1598/1598/1598 1600/1600/1600 
f 1601/1601/1601 1599/1599/1599 1600/1600/1600 
f 1599/1599/1599 1601/1601/1601 1602/1602/1602 
f 1603/1603/1603 1602/1602/1602 1601/1601/1601 
f 1602/1602/1602 1603/1603/1603 1604/1604/1604 
f 1605/1605/1605 1604/1604/1604 1603/1603/1603 
f 1604/1604/1604 1605/1605/1605 1606/1606/1606 
f 1607/1607/1607 1606/1606/1606 1605/1605/1605 
f 1606/1606/1606 1607/1607/1607 1608/1608/1608 
f 1609/1609/1609 1610/1610/1610 1611/1611/1611 
f 1610/1610/1610 1609/1609/1609 1612/1612/1612 
f 1609/1609/1609 1613/1613/1613 1612/1612/1612 
f 1613/1613/1613 1609/1609/1609 1614/1614/1614 
f 1611/1611/1611 1615/1615/1615 1609/1609/1609 
f 1615/1615/1615 1614/1614/1614 1609/1609/1609 
f 1615/1615/1615 1611/1611/1611 1376/1376/1376 
f 1614/1614/1614 1615/1615/1615 1382/1382/1382 
f 1376/1376/1376 1375/1375/1375 1615/1615/1615 
f 1375/1375/1375 1382/1382/1382 1615/1615/1615 
f 1616/1616/1616 1617/1617/1617 1618/1618/1618 
f 1619/1619/1619 1616/1616/1616 1618/1618/1618 
f 1617/1617/1617 1616/1616/1616 1620/1620/1620 
f 1616/1616/1616 1619/1619/1619 1621/1621/1621 
f 1622/1622/1622 1620/1620/1620 1616/1616/1616 
f 1621/1621/1621 1622/1622/1622 1616/1616/1616 
f 1620/1620/1620 1622/1622/1622 1401/1401/1401 
f 1622/1622/1622 1621/1621/1621 1407/1407/1407 
f 1622/1622/1622 1400/1400/1400 1401/1401/1401 
f 1407/1407/1407 1400/1400/1400 1622/1622/1622 
f 1623/1623/1623 1624/1624/1624 1625/1625/1625 
f 1626/1626/1626 1625/1625/1625 1624/1624/1624 
f 1625/1625/1625 1627/1627/1627 1623/1623/1623 
f 1624/1624/1624 1623/1623/1623 1628/1628/1628 
f 1625/1625/1625 1626/1626/1626 1629/1629/1629 
f 1624/1624/1624 1630/1630/1630 1626/1626/1626 
f 1627/1627/1627 1625/1625/1625 1631/1631/1631 
f 1629/1629/1629 1631/1631/1631 1625/1625/1625 
f 1632/1632/1632 1623/1623/1623 1627/1627/1627 
f 1631/1631/1631 1629/1629/1629 1633/1633/1633 
f 1631/1631/1631 1634/1634/1634 1627/1627/1627 
f 1633/1633/1633 1634/1634/1634 1631/1631/1631 
f 1627/1627/1627 1634/1634/1634 1635/1635/1635 
f 1627/1627/1627 1635/1635/1635 1632/1632/1632 
f 1623/1623/1623 1632/1632/1632 1636/1636/1636 
f 1636/1636/1636 1628/1628/1628 1623/1623/1623 
f 1632/1632/1632 1635/1635/1635 1637/1637/1637 
f 1638/1638/1638 1636/1636/1636 1632/1632/1632 
f 1637/1637/1637 1638/1638/1638 1632/1632/1632 
f 1628/1628/1628 1636/1636/1636 1123/1123/1123 
f 1636/1636/1636 1638/1638/1638 1122/1122/1122 
f 1122/1122/1122 1123/1123/1123 1636/1636/1636 
f 1122/1122/1122 1638/1638/1638 1639/1639/1639 
f 1638/1638/1638 1637/1637/1637 1640/1640/1640 
f 1640/1640/1640 1639/1639/1639 1638/1638/1638 
f 1116/1116/1116 1122/1122/1122 1639/1639/1639 
f 1639/1639/1639 1640/1640/1640 1114/1114/1114 
f 1114/1114/1114 1116/1116/1116 1639/1639/1639 
f 1641/1641/1641 1640/1640/1640 1637/1637/1637 
f 1112/1112/1112 1114/1114/1114 1640/1640/1640 
f 1640/1640/1640 1641/1641/1641 1112/1112/1112 
f 1637/1637/1637 1642/1642/1642 1641/1641/1641 
f 1635/1635/1635 1642/1642/1642 1637/1637/1637 
f 1109/1109/1109 1112/1112/1112 1641/1641/1641 
f 1642/1642/1642 1635/1635/1635 1643/1643/1643 
f 1634/1634/1634 1643/1643/1643 1635/1635/1635 
f 1642/1642/1642 1113/1113/1113 1641/1641/1641 
f 1641/1641/1641 1113/1113/1113 1109/1109/1109 
f 1643/1643/1643 1252/1252/1252 1642/1642/1642 
f 1113/1113/1113 1642/1642/1642 1252/1252/1252 
f 1644/1644/1644 1643/1643/1643 1634/1634/1634 
f 1634/1634/1634 1633/1633/1633 1644/1644/1644 
f 1643/1643/1643 1644/1644/1644 1645/1645/1645 
f 1643/1643/1643 1645/1645/1645 1252/1252/1252 
f 1644/1644/1644 1646/1646/1646 1645/1645/1645 
f 1645/1645/1645 1055/1055/1055 1252/1252/1252 
f 1646/1646/1646 1055/1055/1055 1645/1645/1645 
f 1647/1647/1647 1646/1646/1646 1644/1644/1644 
f 1633/1633/1633 1647/1647/1647 1644/1644/1644 
f 1647/1647/1647 1448/1448/1448 1646/1646/1646 
f 1055/1055/1055 1646/1646/1646 1448/1448/1448 
f 1648/1648/1648 1647/1647/1647 1633/1633/1633 
f 1448/1448/1448 1647/1647/1647 1445/1445/1445 
f 1648/1648/1648 1445/1445/1445 1647/1647/1647 
f 1633/1633/1633 1649/1649/1649 1648/1648/1648 
f 1649/1649/1649 1633/1633/1633 1629/1629/1629 
f 1650/1650/1650 1649/1649/1649 1629/1629/1629 
f 1629/1629/1629 1626/1626/1626 1650/1650/1650 
f 1651/1651/1651 1650/1650/1650 1626/1626/1626 
f 1652/1652/1652 1649/1649/1649 1650/1650/1650 
f 1651/1651/1651 1652/1652/1652 1650/1650/1650 
f 1653/1653/1653 1648/1648/1648 1649/1649/1649 
f 1649/1649/1649 1652/1652/1652 1653/1653/1653 
f 1648/1648/1648 1653/1653/1653 1654/1654/1654 
f 1445/1445/1445 1648/1648/1648 1654/1654/1654 
f 1626/1626/1626 1630/1630/1630 1651/1651/1651 
f 1654/1654/1654 1443/1443/1443 1445/1445/1445 
f 1655/1655/1655 1654/1654/1654 1653/1653/1653 
f 1654/1654/1654 1655/1655/1655 1443/1443/1443 
f 1653/1653/1653 1656/1656/1656 1655/1655/1655 
f 1656/1656/1656 1653/1653/1653 1652/1652/1652 
f 1442/1442/1442 1443/1443/1443 1655/1655/1655 
f 1655/1655/1655 1656/1656/1656 1657/1657/1657 
f 1657/1657/1657 1442/1442/1442 1655/1655/1655 
f 1652/1652/1652 1658/1658/1658 1656/1656/1656 
f 1659/1659/1659 1657/1657/1657 1656/1656/1656 
f 1656/1656/1656 1658/1658/1658 1659/1659/1659 
f 1658/1658/1658 1652/1652/1652 1660/1660/1660 
f 1652/1652/1652 1651/1651/1651 1660/1660/1660 
f 1660/1660/1660 1661/1661/1661 1658/1658/1658 
f 1661/1661/1661 1659/1659/1659 1658/1658/1658 
f 1662/1662/1662 1663/1663/1663 1664/1664/1664 
f 1665/1665/1665 1664/1664/1664 1663/1663/1663 
f 1664/1664/1664 1665/1665/1665 1666/1666/1666 
f 1663/1663/1663 1662/1662/1662 1667/1667/1667 
f 1668/1668/1668 1667/1667/1667 1662/1662/1662 
f 1667/1667/1667 1668/1668/1668 1669/1669/1669 
f 1668/1668/1668 1670/1670/1670 1669/1669/1669 
f 1670/1670/1670 1668/1668/1668 1671/1671/1671 
f 1671/1671/1671 1672/1672/1672 1670/1670/1670 
f 1672/1672/1672 1671/1671/1671 1673/1673/1673 
f 1673/1673/1673 1674/1674/1674 1672/1672/1672 
f 1673/1673/1673 1675/1675/1675 1674/1674/1674 
f 1675/1675/1675 1676/1676/1676 1674/1674/1674 
f 1676/1676/1676 1675/1675/1675 1677/1677/1677 
f 1677/1677/1677 1678/1678/1678 1676/1676/1676 
f 1678/1678/1678 1677/1677/1677 1679/1679/1679 
f 1679/1679/1679 1680/1680/1680 1678/1678/1678 
f 1680/1680/1680 1679/1679/1679 1681/1681/1681 
f 1682/1682/1682 1680/1680/1680 1681/1681/1681 
f 1680/1680/1680 1682/1682/1682 1683/1683/1683 
f 1682/1682/1682 1684/1684/1684 1683/1683/1683 
f 1684/1684/1684 1682/1682/1682 1685/1685/1685 
f 1686/1686/1686 1684/1684/1684 1685/1685/1685 
f 1684/1684/1684 1686/1686/1686 1687/1687/1687 
f 1686/1686/1686 1688/1688/1688 1687/1687/1687 
f 1688/1688/1688 1686/1686/1686 1689/1689/1689 
f 1690/1690/1690 1688/1688/1688 1689/1689/1689 
f 1688/1688/1688 1690/1690/1690 1691/1691/1691 
f 1692/1692/1692 1691/1691/1691 1690/1690/1690 
f 1690/1690/1690 1693/1693/1693 1692/1692/1692 
f 1694/1694/1694 1692/1692/1692 1693/1693/1693 
f 1692/1692/1692 1694/1694/1694 1695/1695/1695 
f 1696/1696/1696 1697/1697/1697 1698/1698/1698 
f 1697/1697/1697 1696/1696/1696 1699/1699/1699 
f 1699/1699/1699 1700/1700/1700 1697/1697/1697 
f 1700/1700/1700 1699/1699/1699 1701/1701/1701 
f 1698/1698/1698 1702/1702/1702 1696/1696/1696 
f 1702/1702/1702 1698/1698/1698 1703/1703/1703 
f 1703/1703/1703 1704/1704/1704 1702/1702/1702 
f 1705/1705/1705 1702/1702/1702 1704/1704/1704 
f 1704/1704/1704 1706/1706/1706 1705/1705/1705 
f 1706/1706/1706 1707/1707/1707 1705/1705/1705 
f 1706/1706/1706 1708/1708/1708 1707/1707/1707 
f 1707/1707/1707 1708/1708/1708 1709/1709/1709 
f 1708/1708/1708 1710/1710/1710 1709/1709/1709 
f 1711/1711/1711 1709/1709/1709 1710/1710/1710 
f 1710/1710/1710 1712/1712/1712 1711/1711/1711 
f 1713/1713/1713 1711/1711/1711 1712/1712/1712 
f 1712/1712/1712 1714/1714/1714 1713/1713/1713 
f 1715/1715/1715 1713/1713/1713 1714/1714/1714 
f 1714/1714/1714 1716/1716/1716 1715/1715/1715 
f 1716/1716/1716 1714/1714/1714 1717/1717/1717 
f 1717/1717/1717 1718/1718/1718 1716/1716/1716 
f 1719/1719/1719 1716/1716/1716 1718/1718/1718 
f 1718/1718/1718 1720/1720/1720 1719/1719/1719 
f 1720/1720/1720 1718/1718/1718 1721/1721/1721 
f 1721/1721/1721 1722/1722/1722 1720/1720/1720 
f 1723/1723/1723 1720/1720/1720 1722/1722/1722 
f 1722/1722/1722 1724/1724/1724 1723/1723/1723 
f 1724/1724/1724 1722/1722/1722 1725/1725/1725 
f 1726/1726/1726 1724/1724/1724 1725/1725/1725 
f 1727/1727/1727 1724/1724/1724 1726/1726/1726 
f 1726/1726/1726 1728/1728/1728 1727/1727/1727 
f 1728/1728/1728 1726/1726/1726 1729/1729/1729 
f 1730/1730/1730 1731/1731/1731 1732/1732/1732 
f 1732/1732/1732 1733/1733/1733 1730/1730/1730 
f 1731/1731/1731 1730/1730/1730 1734/1734/1734 
f 1734/1734/1734 1735/1735/1735 1731/1731/1731 
f 1736/1736/1736 1733/1733/1733 1737/1737/1737 
f 1736/1736/1736 1737/1737/1737 1738/1738/1738 
f 1739/1739/1739 1730/1730/1730 1733/1733/1733 
f 1733/1733/1733 1736/1736/1736 1739/1739/1739 
f 1740/1740/1740 1734/1734/1734 1730/1730/1730 
f 1730/1730/1730 1739/1739/1739 1740/1740/1740 
f 1741/1741/1741 1736/1736/1736 1738/1738/1738 
f 1741/1741/1741 1739/1739/1739 1736/1736/1736 
f 1742/1742/1742 1741/1741/1741 1738/1738/1738 
f 1741/1741/1741 1742/1742/1742 1743/1743/1743 
f 1739/1739/1739 1741/1741/1741 1744/1744/1744 
f 1743/1743/1743 1744/1744/1744 1741/1741/1741 
f 1744/1744/1744 1740/1740/1740 1739/1739/1739 
f 1744/1744/1744 1743/1743/1743 1745/1745/1745 
f 1745/1745/1745 1746/1746/1746 1744/1744/1744 
f 1740/1740/1740 1744/1744/1744 1746/1746/1746 
f 1746/1746/1746 1745/1745/1745 1747/1747/1747 
f 1746/1746/1746 1748/1748/1748 1740/1740/1740 
f 1734/1734/1734 1740/1740/1740 1748/1748/1748 
f 1747/1747/1747 1749/1749/1749 1746/1746/1746 
f 1748/1748/1748 1746/1746/1746 1749/1749/1749 
f 1749/1749/1749 1747/1747/1747 1750/1750/1750 
f 1748/1748/1748 1751/1751/1751 1734/1734/1734 
f 1735/1735/1735 1734/1734/1734 1751/1751/1751 
f 1751/1751/1751 1752/1752/1752 1735/1735/1735 
f 1751/1751/1751 1748/1748/1748 1753/1753/1753 
f 1749/1749/1749 1753/1753/1753 1748/1748/1748 
f 1752/1752/1752 1751/1751/1751 1754/1754/1754 
f 1753/1753/1753 1754/1754/1754 1751/1751/1751 
f 1754/1754/1754 1755/1755/1755 1752/1752/1752 
f 1754/1754/1754 1753/1753/1753 1756/1756/1756 
f 1756/1756/1756 1755/1755/1755 1754/1754/1754 
f 1753/1753/1753 1749/1749/1749 1757/1757/1757 
f 1750/1750/1750 1757/1757/1757 1749/1749/1749 
f 1756/1756/1756 1753/1753/1753 1757/1757/1757 
f 1757/1757/1757 1750/1750/1750 1758/1758/1758 
f 1758/1758/1758 1759/1759/1759 1757/1757/1757 
f 1757/1757/1757 1759/1759/1759 1756/1756/1756 
f 1759/1759/1759 1758/1758/1758 1760/1760/1760 
f 1760/1760/1760 1761/1761/1761 1759/1759/1759 
f 1761/1761/1761 1756/1756/1756 1759/1759/1759 
f 1761/1761/1761 1760/1760/1760 1762/1762/1762 
f 1755/1755/1755 1756/1756/1756 1763/1763/1763 
f 1756/1756/1756 1761/1761/1761 1763/1763/1763 
f 1763/1763/1763 1764/1764/1764 1755/1755/1755 
f 1762/1762/1762 1765/1765/1765 1761/1761/1761 
f 1765/1765/1765 1763/1763/1763 1761/1761/1761 
f 1765/1765/1765 1762/1762/1762 1766/1766/1766 
f 1764/1764/1764 1763/1763/1763 1767/1767/1767 
f 1763/1763/1763 1765/1765/1765 1767/1767/1767 
f 1766/1766/1766 1768/1768/1768 1765/1765/1765 
f 1765/1765/1765 1768/1768/1768 1767/1767/1767 
f 1768/1768/1768 1766/1766/1766 1769/1769/1769 
f 1510/1510/1510 1768/1768/1768 1769/1769/1769 
f 1513/1513/1513 1764/1764/1764 1767/1767/1767 
f 1513/1513/1513 1767/1767/1767 1768/1768/1768 
f 1512/1512/1512 1764/1764/1764 1513/1513/1513 
f 1509/1509/1509 1768/1768/1768 1510/1510/1510 
f 1509/1509/1509 1513/1513/1513 1768/1768/1768 
f 1651/1651/1651 1770/1770/1770 1660/1660/1660 
f 1661/1661/1661 1660/1660/1660 1770/1770/1770 
f 1770/1770/1770 1651/1651/1651 1771/1771/1771 
f 1771/1771/1771 1651/1651/1651 1630/1630/1630 
f 1770/1770/1770 1772/1772/1772 1661/1661/1661 
f 1771/1771/1771 1773/1773/1773 1770/1770/1770 
f 1772/1772/1772 1770/1770/1770 1773/1773/1773 
f 1630/1630/1630 1774/1774/1774 1771/1771/1771 
f 1661/1661/1661 1772/1772/1772 1775/1775/1775 
f 1659/1659/1659 1661/1661/1661 1776/1776/1776 
f 1775/1775/1775 1776/1776/1776 1661/1661/1661 
f 1777/1777/1777 1659/1659/1659 1776/1776/1776 
f 1778/1778/1778 1775/1775/1775 1772/1772/1772 
f 1773/1773/1773 1778/1778/1778 1772/1772/1772 
f 1779/1779/1779 1776/1776/1776 1775/1775/1775 
f 1776/1776/1776 1779/1779/1779 1777/1777/1777 
f 1659/1659/1659 1777/1777/1777 1780/1780/1780 
f 1780/1780/1780 1657/1657/1657 1659/1659/1659 
f 1657/1657/1657 1780/1780/1780 1781/1781/1781 
f 1781/1781/1781 1442/1442/1442 1657/1657/1657 
f 1782/1782/1782 1780/1780/1780 1777/1777/1777 
f 1783/1783/1783 1781/1781/1781 1780/1780/1780 
f 1780/1780/1780 1782/1782/1782 1783/1783/1783 
f 1784/1784/1784 1777/1777/1777 1779/1779/1779 
f 1777/1777/1777 1784/1784/1784 1782/1782/1782 
f 1442/1442/1442 1781/1781/1781 1785/1785/1785 
f 1781/1781/1781 1783/1783/1783 1786/1786/1786 
f 1786/1786/1786 1785/1785/1785 1781/1781/1781 
f 1430/1430/1430 1442/1442/1442 1785/1785/1785 
f 1785/1785/1785 1786/1786/1786 1428/1428/1428 
f 1428/1428/1428 1430/1430/1430 1785/1785/1785 
f 1787/1787/1787 1786/1786/1786 1783/1783/1783 
f 1429/1429/1429 1428/1428/1428 1786/1786/1786 
f 1786/1786/1786 1787/1787/1787 1429/1429/1429 
f 1783/1783/1783 1788/1788/1788 1787/1787/1787 
f 1788/1788/1788 1783/1783/1783 1782/1782/1782 
f 1782/1782/1782 1789/1789/1789 1788/1788/1788 
f 1789/1789/1789 1782/1782/1782 1784/1784/1784 
f 1788/1788/1788 1790/1790/1790 1787/1787/1787 
f 1789/1789/1789 1791/1791/1791 1788/1788/1788 
f 1790/1790/1790 1788/1788/1788 1791/1791/1791 
f 1787/1787/1787 1792/1792/1792 1429/1429/1429 
f 1792/1792/1792 1787/1787/1787 1790/1790/1790 
f 1431/1431/1431 1429/1429/1429 1792/1792/1792 
f 1784/1784/1784 1793/1793/1793 1789/1789/1789 
f 1791/1791/1791 1789/1789/1789 1794/1794/1794 
f 1793/1793/1793 1794/1794/1794 1789/1789/1789 
f 1793/1793/1793 1784/1784/1784 1795/1795/1795 
f 1779/1779/1779 1795/1795/1795 1784/1784/1784 
f 1794/1794/1794 1793/1793/1793 1796/1796/1796 
f 1795/1795/1795 1779/1779/1779 1797/1797/1797 
f 1775/1775/1775 1797/1797/1797 1779/1779/1779 
f 1795/1795/1795 1798/1798/1798 1793/1793/1793 
f 1798/1798/1798 1796/1796/1796 1793/1793/1793 
f 1797/1797/1797 1799/1799/1799 1795/1795/1795 
f 1798/1798/1798 1795/1795/1795 1799/1799/1799 
f 1797/1797/1797 1775/1775/1775 1800/1800/1800 
f 1775/1775/1775 1778/1778/1778 1800/1800/1800 
f 1799/1799/1799 1797/1797/1797 1801/1801/1801 
f 1800/1800/1800 1801/1801/1801 1797/1797/1797 
f 1799/1799/1799 1802/1802/1802 1798/1798/1798 
f 1796/1796/1796 1798/1798/1798 1803/1803/1803 
f 1802/1802/1802 1803/1803/1803 1798/1798/1798 
f 1802/1802/1802 1799/1799/1799 1804/1804/1804 
f 1801/1801/1801 1804/1804/1804 1799/1799/1799 
f 1803/1803/1803 1802/1802/1802 1805/1805/1805 
f 1801/1801/1801 1800/1800/1800 1806/1806/1806 
f 1804/1804/1804 1807/1807/1807 1802/1802/1802 
f 1807/1807/1807 1805/1805/1805 1802/1802/1802 
f 1804/1804/1804 1801/1801/1801 1808/1808/1808 
f 1806/1806/1806 1808/1808/1808 1801/1801/1801 
f 1807/1807/1807 1804/1804/1804 1809/1809/1809 
f 1808/1808/1808 1809/1809/1809 1804/1804/1804 
f 1800/1800/1800 1810/1810/1810 1806/1806/1806 
f 1810/1810/1810 1800/1800/1800 1778/1778/1778 
f 1808/1808/1808 1806/1806/1806 1811/1811/1811 
f 1812/1812/1812 1806/1806/1806 1810/1810/1810 
f 1806/1806/1806 1812/1812/1812 1811/1811/1811 
f 1813/1813/1813 1810/1810/1810 1778/1778/1778 
f 1778/1778/1778 1773/1773/1773 1813/1813/1813 
f 1810/1810/1810 1813/1813/1813 1814/1814/1814 
f 1814/1814/1814 1812/1812/1812 1810/1810/1810 
f 1811/1811/1811 1815/1815/1815 1808/1808/1808 
f 1809/1809/1809 1808/1808/1808 1815/1815/1815 
f 1813/1813/1813 1816/1816/1816 1814/1814/1814 
f 1815/1815/1815 1817/1817/1817 1809/1809/1809 
f 1773/1773/1773 1818/1818/1818 1813/1813/1813 
f 1816/1816/1816 1813/1813/1813 1818/1818/1818 
f 1818/1818/1818 1773/1773/1773 1819/1819/1819 
f 1773/1773/1773 1771/1771/1771 1819/1819/1819 
f 1819/1819/1819 1771/1771/1771 1774/1774/1774 
f 1818/1818/1818 1819/1819/1819 1820/1820/1820 
f 1774/1774/1774 1820/1820/1820 1819/1819/1819 
f 1820/1820/1820 1821/1821/1821 1818/1818/1818 
f 1816/1816/1816 1818/1818/1818 1821/1821/1821 
f 1822/1822/1822 1820/1820/1820 1774/1774/1774 
f 1823/1823/1823 1821/1821/1821 1820/1820/1820 
f 1820/1820/1820 1822/1822/1822 1823/1823/1823 
f 1774/1774/1774 1824/1824/1824 1822/1822/1822 
f 1824/1824/1824 1774/1774/1774 1630/1630/1630 
f 1630/1630/1630 1624/1624/1624 1824/1824/1824 
f 1628/1628/1628 1824/1824/1824 1624/1624/1624 
f 1824/1824/1824 1628/1628/1628 1825/1825/1825 
f 1825/1825/1825 1822/1822/1822 1824/1824/1824 
f 1825/1825/1825 1628/1628/1628 1123/1123/1123 
f 1826/1826/1826 1823/1823/1823 1822/1822/1822 
f 1822/1822/1822 1825/1825/1825 1826/1826/1826 
f 1823/1823/1823 1826/1826/1826 1827/1827/1827 
f 1123/1123/1123 1828/1828/1828 1825/1825/1825 
f 1826/1826/1826 1825/1825/1825 1828/1828/1828 
f 1828/1828/1828 1829/1829/1829 1826/1826/1826 
f 1827/1827/1827 1826/1826/1826 1829/1829/1829 
f 1124/1124/1124 1828/1828/1828 1123/1123/1123 
f 1830/1830/1830 1829/1829/1829 1828/1828/1828 
f 1828/1828/1828 1124/1124/1124 1830/1830/1830 
f 1830/1830/1830 1124/1124/1124 1126/1126/1126 
f 1126/1126/1126 1831/1831/1831 1830/1830/1830 
f 1831/1831/1831 1832/1832/1832 1830/1830/1830 
f 1829/1829/1829 1830/1830/1830 1832/1832/1832 
f 1832/1832/1832 1831/1831/1831 1833/1833/1833 
f 1834/1834/1834 1832/1832/1832 1833/1833/1833 
f 1832/1832/1832 1835/1835/1835 1829/1829/1829 
f 1829/1829/1829 1835/1835/1835 1827/1827/1827 
f 1832/1832/1832 1834/1834/1834 1836/1836/1836 
f 1835/1835/1835 1832/1832/1832 1836/1836/1836 
f 1837/1837/1837 1836/1836/1836 1834/1834/1834 
f 1838/1838/1838 1827/1827/1827 1835/1835/1835 
f 1836/1836/1836 1838/1838/1838 1835/1835/1835 
f 1836/1836/1836 1837/1837/1837 1839/1839/1839 
f 1838/1838/1838 1836/1836/1836 1839/1839/1839 
f 1840/1840/1840 1839/1839/1839 1837/1837/1837 
f 1839/1839/1839 1841/1841/1841 1838/1838/1838 
f 1839/1839/1839 1840/1840/1840 1842/1842/1842 
f 1841/1841/1841 1839/1839/1839 1842/1842/1842 
f 1843/1843/1843 1842/1842/1842 1840/1840/1840 
f 1842/1842/1842 1843/1843/1843 1844/1844/1844 
f 1842/1842/1842 1844/1844/1844 1841/1841/1841 
f 1845/1845/1845 1844/1844/1844 1843/1843/1843 
f 1841/1841/1841 1846/1846/1846 1838/1838/1838 
f 1827/1827/1827 1838/1838/1838 1846/1846/1846 
f 1844/1844/1844 1845/1845/1845 1847/1847/1847 
f 1848/1848/1848 1847/1847/1847 1845/1845/1845 
f 1849/1849/1849 1841/1841/1841 1844/1844/1844 
f 1847/1847/1847 1849/1849/1849 1844/1844/1844 
f 1846/1846/1846 1841/1841/1841 1850/1850/1850 
f 1849/1849/1849 1850/1850/1850 1841/1841/1841 
f 1851/1851/1851 1827/1827/1827 1846/1846/1846 
f 1827/1827/1827 1851/1851/1851 1823/1823/1823 
f 1821/1821/1821 1823/1823/1823 1851/1851/1851 
f 1846/1846/1846 1852/1852/1852 1851/1851/1851 
f 1852/1852/1852 1846/1846/1846 1850/1850/1850 
f 1851/1851/1851 1853/1853/1853 1821/1821/1821 
f 1853/1853/1853 1851/1851/1851 1852/1852/1852 
f 1821/1821/1821 1853/1853/1853 1816/1816/1816 
f 1850/1850/1850 1849/1849/1849 1854/1854/1854 
f 1854/1854/1854 1852/1852/1852 1850/1850/1850 
f 1855/1855/1855 1854/1854/1854 1849/1849/1849 
f 1849/1849/1849 1847/1847/1847 1855/1855/1855 
f 1852/1852/1852 1854/1854/1854 1856/1856/1856 
f 1852/1852/1852 1856/1856/1856 1853/1853/1853 
f 1854/1854/1854 1855/1855/1855 1857/1857/1857 
f 1857/1857/1857 1856/1856/1856 1854/1854/1854 
f 1858/1858/1858 1855/1855/1855 1847/1847/1847 
f 1847/1847/1847 1848/1848/1848 1858/1858/1858 
f 1859/1859/1859 1858/1858/1858 1848/1848/1848 
f 1855/1855/1855 1858/1858/1858 1860/1860/1860 
f 1860/1860/1860 1857/1857/1857 1855/1855/1855 
f 1858/1858/1858 1859/1859/1859 1861/1861/1861 
f 1861/1861/1861 1860/1860/1860 1858/1858/1858 
f 1862/1862/1862 1861/1861/1861 1859/1859/1859 
f 1861/1861/1861 1862/1862/1862 1863/1863/1863 
f 1864/1864/1864 1863/1863/1863 1862/1862/1862 
f 1860/1860/1860 1861/1861/1861 1865/1865/1865 
f 1863/1863/1863 1865/1865/1865 1861/1861/1861 
f 1857/1857/1857 1860/1860/1860 1866/1866/1866 
f 1865/1865/1865 1866/1866/1866 1860/1860/1860 
f 1866/1866/1866 1867/1867/1867 1857/1857/1857 
f 1856/1856/1856 1857/1857/1857 1867/1867/1867 
f 1348/1348/1348 1868/1868/1868 1349/1349/1349 
f 1348/1348/1348 1869/1869/1869 1868/1868/1868 
f 1869/1869/1869 1870/1870/1870 1868/1868/1868 
f 1869/1869/1869 1871/1871/1871 1870/1870/1870 
f 1871/1871/1871 1872/1872/1872 1870/1870/1870 
f 1871/1871/1871 1873/1873/1873 1872/1872/1872 
f 1874/1874/1874 1872/1872/1872 1873/1873/1873 
f 1872/1872/1872 1874/1874/1874 1875/1875/1875 
f 1876/1876/1876 1875/1875/1875 1874/1874/1874 
f 1875/1875/1875 1876/1876/1876 1877/1877/1877 
f 1878/1878/1878 1877/1877/1877 1876/1876/1876 
f 1877/1877/1877 1878/1878/1878 1879/1879/1879 
f 1880/1880/1880 1879/1879/1879 1878/1878/1878 
f 1879/1879/1879 1880/1880/1880 1881/1881/1881 
f 1882/1882/1882 1881/1881/1881 1880/1880/1880 
f 1881/1881/1881 1882/1882/1882 1883/1883/1883 
f 1884/1884/1884 1883/1883/1883 1882/1882/1882 
f 1883/1883/1883 1884/1884/1884 1885/1885/1885 
f 1886/1886/1886 1885/1885/1885 1884/1884/1884 
f 1885/1885/1885 1886/1886/1886 1887/1887/1887 
f 1371/1371/1371 1888/1888/1888 1370/1370/1370 
f 1370/1370/1370 1888/1888/1888 1889/1889/1889 
f 1888/1888/1888 1890/1890/1890 1889/1889/1889 
f 1889/1889/1889 1890/1890/1890 1891/1891/1891 
f 1890/1890/1890 1892/1892/1892 1891/1891/1891 
f 1891/1891/1891 1892/1892/1892 1893/1893/1893 
f 1892/1892/1892 1894/1894/1894 1893/1893/1893 
f 1894/1894/1894 1892/1892/1892 1895/1895/1895 
f 1895/1895/1895 1896/1896/1896 1894/1894/1894 
f 1896/1896/1896 1895/1895/1895 1897/1897/1897 
f 1897/1897/1897 1898/1898/1898 1896/1896/1896 
f 1898/1898/1898 1897/1897/1897 1899/1899/1899 
f 1899/1899/1899 1900/1900/1900 1898/1898/1898 
f 1900/1900/1900 1899/1899/1899 1901/1901/1901 
f 1901/1901/1901 1902/1902/1902 1900/1900/1900 
f 1902/1902/1902 1901/1901/1901 1903/1903/1903 
f 1903/1903/1903 1904/1904/1904 1902/1902/1902 
f 1904/1904/1904 1903/1903/1903 1905/1905/1905 
f 1905/1905/1905 1906/1906/1906 1904/1904/1904 
f 1906/1906/1906 1905/1905/1905 1907/1907/1907 
f 1908/1908/1908 1909/1909/1909 1910/1910/1910 
f 1817/1817/1817 1910/1910/1910 1909/1909/1909 
f 1909/1909/1909 1908/1908/1908 1911/1911/1911 
f 1912/1912/1912 1911/1911/1911 1908/1908/1908 
f 1913/1913/1913 1817/1817/1817 1909/1909/1909 
f 1911/1911/1911 1912/1912/1912 1914/1914/1914 
f 1914/1914/1914 1912/1912/1912 1915/1915/1915 
f 1914/1914/1914 1915/1915/1915 1916/1916/1916 
f 1917/1917/1917 1909/1909/1909 1911/1911/1911 
f 1917/1917/1917 1911/1911/1911 1914/1914/1914 
f 1909/1909/1909 1917/1917/1917 1913/1913/1913 
f 1918/1918/1918 1914/1914/1914 1916/1916/1916 
f 1914/1914/1914 1918/1918/1918 1917/1917/1917 
f 1916/1916/1916 1919/1919/1919 1918/1918/1918 
f 1919/1919/1919 1920/1920/1920 1918/1918/1918 
f 1921/1921/1921 1918/1918/1918 1920/1920/1920 
f 1918/1918/1918 1921/1921/1921 1917/1917/1917 
f 1920/1920/1920 1922/1922/1922 1921/1921/1921 
f 1923/1923/1923 1917/1917/1917 1921/1921/1921 
f 1924/1924/1924 1921/1921/1921 1922/1922/1922 
f 1924/1924/1924 1923/1923/1923 1921/1921/1921 
f 1922/1922/1922 1925/1925/1925 1924/1924/1924 
f 1925/1925/1925 1922/1922/1922 1926/1926/1926 
f 1923/1923/1923 1924/1924/1924 1927/1927/1927 
f 1925/1925/1925 1927/1927/1927 1924/1924/1924 
f 1926/1926/1926 1928/1928/1928 1925/1925/1925 
f 1927/1927/1927 1929/1929/1929 1923/1923/1923 
f 1929/1929/1929 1917/1917/1917 1923/1923/1923 
f 1917/1917/1917 1929/1929/1929 1913/1913/1913 
f 1925/1925/1925 1928/1928/1928 1930/1930/1930 
f 1928/1928/1928 1931/1931/1931 1930/1930/1930 
f 1931/1931/1931 1928/1928/1928 1932/1932/1932 
f 1930/1930/1930 1933/1933/1933 1925/1925/1925 
f 1933/1933/1933 1927/1927/1927 1925/1925/1925 
f 1932/1932/1932 1934/1934/1934 1931/1931/1931 
f 1933/1933/1933 1930/1930/1930 1935/1935/1935 
f 1931/1931/1931 1935/1935/1935 1930/1930/1930 
f 1933/1933/1933 1936/1936/1936 1927/1927/1927 
f 1929/1929/1929 1927/1927/1927 1936/1936/1936 
f 1935/1935/1935 1937/1937/1937 1933/1933/1933 
f 1936/1936/1936 1933/1933/1933 1937/1937/1937 
f 1936/1936/1936 1938/1938/1938 1929/1929/1929 
f 1938/1938/1938 1913/1913/1913 1929/1929/1929 
f 1937/1937/1937 1939/1939/1939 1936/1936/1936 
f 1938/1938/1938 1936/1936/1936 1939/1939/1939 
f 1937/1937/1937 1935/1935/1935 1940/1940/1940 
f 1913/1913/1913 1938/1938/1938 1941/1941/1941 
f 1817/1817/1817 1913/1913/1913 1941/1941/1941 
f 1941/1941/1941 1809/1809/1809 1817/1817/1817 
f 1809/1809/1809 1941/1941/1941 1807/1807/1807 
f 1941/1941/1941 1942/1942/1942 1807/1807/1807 
f 1942/1942/1942 1941/1941/1941 1938/1938/1938 
f 1805/1805/1805 1807/1807/1807 1942/1942/1942 
f 1943/1943/1943 1942/1942/1942 1938/1938/1938 
f 1943/1943/1943 1938/1938/1938 1939/1939/1939 
f 1944/1944/1944 1805/1805/1805 1942/1942/1942 
f 1944/1944/1944 1942/1942/1942 1943/1943/1943 
f 1805/1805/1805 1944/1944/1944 1945/1945/1945 
f 1803/1803/1803 1805/1805/1805 1945/1945/1945 
f 1946/1946/1946 1944/1944/1944 1943/1943/1943 
f 1803/1803/1803 1945/1945/1945 1947/1947/1947 
f 1796/1796/1796 1803/1803/1803 1947/1947/1947 
f 1948/1948/1948 1945/1945/1945 1944/1944/1944 
f 1948/1948/1948 1944/1944/1944 1946/1946/1946 
f 1947/1947/1947 1945/1945/1945 1949/1949/1949 
f 1945/1945/1945 1948/1948/1948 1949/1949/1949 
f 1796/1796/1796 1947/1947/1947 1950/1950/1950 
f 1794/1794/1794 1796/1796/1796 1950/1950/1950 
f 1947/1947/1947 1949/1949/1949 1951/1951/1951 
f 1950/1950/1950 1947/1947/1947 1951/1951/1951 
f 1952/1952/1952 1794/1794/1794 1950/1950/1950 
f 1791/1791/1791 1794/1794/1794 1952/1952/1952 
f 1952/1952/1952 1950/1950/1950 1953/1953/1953 
f 1950/1950/1950 1951/1951/1951 1953/1953/1953 
f 1954/1954/1954 1791/1791/1791 1952/1952/1952 
f 1790/1790/1790 1791/1791/1791 1954/1954/1954 
f 1955/1955/1955 1952/1952/1952 1953/1953/1953 
f 1955/1955/1955 1954/1954/1954 1952/1952/1952 
f 1951/1951/1951 1956/1956/1956 1953/1953/1953 
f 1956/1956/1956 1955/1955/1955 1953/1953/1953 
f 1957/1957/1957 1790/1790/1790 1954/1954/1954 
f 1792/1792/1792 1790/1790/1790 1957/1957/1957 
f 1958/1958/1958 1954/1954/1954 1955/1955/1955 
f 1958/1958/1958 1957/1957/1957 1954/1954/1954 
f 1959/1959/1959 1792/1792/1792 1957/1957/1957 
f 1959/1959/1959 1431/1431/1431 1792/1792/1792 
f 1538/1538/1538 1957/1957/1957 1958/1958/1958 
f 1538/1538/1538 1959/1959/1959 1957/1957/1957 
f 1436/1436/1436 1431/1431/1431 1959/1959/1959 
f 1538/1538/1538 1436/1436/1436 1959/1959/1959 
f 1958/1958/1958 1955/1955/1955 1960/1960/1960 
f 1538/1538/1538 1958/1958/1958 1536/1536/1536 
f 1536/1536/1536 1958/1958/1958 1960/1960/1960 
f 1960/1960/1960 1955/1955/1955 1961/1961/1961 
f 1955/1955/1955 1956/1956/1956 1961/1961/1961 
f 1536/1536/1536 1960/1960/1960 1533/1533/1533 
f 1530/1530/1530 1960/1960/1960 1961/1961/1961 
f 1533/1533/1533 1960/1960/1960 1530/1530/1530 
f 1961/1961/1961 1956/1956/1956 1962/1962/1962 
f 1530/1530/1530 1961/1961/1961 1962/1962/1962 
f 1956/1956/1956 1963/1963/1963 1962/1962/1962 
f 1530/1530/1530 1962/1962/1962 1527/1527/1527 
f 1963/1963/1963 1527/1527/1527 1962/1962/1962 
f 1956/1956/1956 1964/1964/1964 1963/1963/1963 
f 1956/1956/1956 1951/1951/1951 1964/1964/1964 
f 1964/1964/1964 1965/1965/1965 1963/1963/1963 
f 1951/1951/1951 1966/1966/1966 1964/1964/1964 
f 1964/1964/1964 1966/1966/1966 1965/1965/1965 
f 1966/1966/1966 1951/1951/1951 1949/1949/1949 
f 1949/1949/1949 1967/1967/1967 1966/1966/1966 
f 1967/1967/1967 1949/1949/1949 1948/1948/1948 
f 1966/1966/1966 1967/1967/1967 1968/1968/1968 
f 1966/1966/1966 1968/1968/1968 1965/1965/1965 
f 1948/1948/1948 1969/1969/1969 1967/1967/1967 
f 1969/1969/1969 1948/1948/1948 1946/1946/1946 
f 1967/1967/1967 1970/1970/1970 1968/1968/1968 
f 1967/1967/1967 1969/1969/1969 1970/1970/1970 
f 1968/1968/1968 1970/1970/1970 1971/1971/1971 
f 1965/1965/1965 1968/1968/1968 1972/1972/1972 
f 1971/1971/1971 1972/1972/1972 1968/1968/1968 
f 1965/1965/1965 1973/1973/1973 1963/1963/1963 
f 1527/1527/1527 1963/1963/1963 1973/1973/1973 
f 1972/1972/1972 1974/1974/1974 1965/1965/1965 
f 1973/1973/1973 1965/1965/1965 1974/1974/1974 
f 1974/1974/1974 1972/1972/1972 1975/1975/1975 
f 1973/1973/1973 1974/1974/1974 1976/1976/1976 
f 1976/1976/1976 1974/1974/1974 1975/1975/1975 
f 1527/1527/1527 1973/1973/1973 1524/1524/1524 
f 1524/1524/1524 1973/1973/1973 1976/1976/1976 
f 1975/1975/1975 1972/1972/1972 1977/1977/1977 
f 1972/1972/1972 1971/1971/1971 1977/1977/1977 
f 1975/1975/1975 1978/1978/1978 1976/1976/1976 
f 1976/1976/1976 1522/1522/1522 1524/1524/1524 
f 1522/1522/1522 1976/1976/1976 1978/1978/1978 
f 1978/1978/1978 1975/1975/1975 1979/1979/1979 
f 1977/1977/1977 1979/1979/1979 1975/1975/1975 
f 1522/1522/1522 1978/1978/1978 1520/1520/1520 
f 1978/1978/1978 1979/1979/1979 1512/1512/1512 
f 1978/1978/1978 1512/1512/1512 1520/1520/1520 
f 1979/1979/1979 1764/1764/1764 1512/1512/1512 
f 1979/1979/1979 1977/1977/1977 1980/1980/1980 
f 1979/1979/1979 1980/1980/1980 1764/1764/1764 
f 1981/1981/1981 1980/1980/1980 1977/1977/1977 
f 1977/1977/1977 1971/1971/1971 1981/1981/1981 
f 1980/1980/1980 1981/1981/1981 1752/1752/1752 
f 1520/1520/1520 1512/1512/1512 1511/1511/1511 
f 1971/1971/1971 1982/1982/1982 1981/1981/1981 
f 1980/1980/1980 1752/1752/1752 1755/1755/1755 
f 1980/1980/1980 1755/1755/1755 1764/1764/1764 
f 1981/1981/1981 1735/1735/1735 1752/1752/1752 
f 1981/1981/1981 1982/1982/1982 1735/1735/1735 
f 1982/1982/1982 1971/1971/1971 1983/1983/1983 
f 1983/1983/1983 1971/1971/1971 1970/1970/1970 
f 1970/1970/1970 1984/1984/1984 1983/1983/1983 
f 1969/1969/1969 1984/1984/1984 1970/1970/1970 
f 1983/1983/1983 1985/1985/1985 1982/1982/1982 
f 1982/1982/1982 1731/1731/1731 1735/1735/1735 
f 1985/1985/1985 1731/1731/1731 1982/1982/1982 
f 1985/1985/1985 1983/1983/1983 1986/1986/1986 
f 1986/1986/1986 1983/1983/1983 1984/1984/1984 
f 1969/1969/1969 1987/1987/1987 1984/1984/1984 
f 1984/1984/1984 1987/1987/1987 1986/1986/1986 
f 1987/1987/1987 1969/1969/1969 1988/1988/1988 
f 1946/1946/1946 1988/1988/1988 1969/1969/1969 
f 1989/1989/1989 1986/1986/1986 1987/1987/1987 
f 1988/1988/1988 1946/1946/1946 1990/1990/1990 
f 1946/1946/1946 1943/1943/1943 1990/1990/1990 
f 1990/1990/1990 1943/1943/1943 1939/1939/1939 
f 1988/1988/1988 1991/1991/1991 1987/1987/1987 
f 1987/1987/1987 1991/1991/1991 1989/1989/1989 
f 1990/1990/1990 1992/1992/1992 1988/1988/1988 
f 1991/1991/1991 1988/1988/1988 1992/1992/1992 
f 1939/1939/1939 1993/1993/1993 1990/1990/1990 
f 1992/1992/1992 1990/1990/1990 1993/1993/1993 
f 1939/1939/1939 1937/1937/1937 1993/1993/1993 
f 1940/1940/1940 1993/1993/1993 1937/1937/1937 
f 1993/1993/1993 1940/1940/1940 1992/1992/1992 
f 1992/1992/1992 1994/1994/1994 1991/1991/1991 
f 1994/1994/1994 1992/1992/1992 1940/1940/1940 
f 1991/1991/1991 1994/1994/1994 1995/1995/1995 
f 1995/1995/1995 1989/1989/1989 1991/1991/1991 
f 1940/1940/1940 1996/1996/1996 1994/1994/1994 
f 1996/1996/1996 1940/1940/1940 1935/1935/1935 
f 1996/1996/1996 1935/1935/1935 1931/1931/1931 
f 1994/1994/1994 1996/1996/1996 1997/1997/1997 
f 1997/1997/1997 1995/1995/1995 1994/1994/1994 
f 1998/1998/1998 1996/1996/1996 1931/1931/1931 
f 1997/1997/1997 1996/1996/1996 1998/1998/1998 
f 1998/1998/1998 1931/1931/1931 1934/1934/1934 
f 1934/1934/1934 1999/1999/1999 1998/1998/1998 
f 1998/1998/1998 1999/1999/1999 2000/2000/2000 
f 1998/1998/1998 2000/2000/2000 1997/1997/1997 
f 1999/1999/1999 2001/2001/2001 2000/2000/2000 
f 2002/2002/2002 1995/1995/1995 1997/1997/1997 
f 2002/2002/2002 1997/1997/1997 2000/2000/2000 
f 2000/2000/2000 2001/2001/2001 2003/2003/2003 
f 2003/2003/2003 2002/2002/2002 2000/2000/2000 
f 2001/2001/2001 2004/2004/2004 2003/2003/2003 
f 1995/1995/1995 2002/2002/2002 2005/2005/2005 
f 2005/2005/2005 1989/1989/1989 1995/1995/1995 
f 2002/2002/2002 2003/2003/2003 2006/2006/2006 
f 2002/2002/2002 2006/2006/2006 2005/2005/2005 
f 2003/2003/2003 2004/2004/2004 2007/2007/2007 
f 2006/2006/2006 2003/2003/2003 2007/2007/2007 
f 2004/2004/2004 1738/1738/1738 2007/2007/2007 
f 1738/1738/1738 2004/2004/2004 1742/1742/1742 
f 1737/1737/1737 2006/2006/2006 2007/2007/2007 
f 2007/2007/2007 1738/1738/1738 1737/1737/1737 
f 2005/2005/2005 2006/2006/2006 2008/2008/2008 
f 1737/1737/1737 2008/2008/2008 2006/2006/2006 
f 1989/1989/1989 2005/2005/2005 2009/2009/2009 
f 2005/2005/2005 2008/2008/2008 2009/2009/2009 
f 2009/2009/2009 1986/1986/1986 1989/1989/1989 
f 1986/1986/1986 2009/2009/2009 1985/1985/1985 
f 2009/2009/2009 1732/1732/1732 1985/1985/1985 
f 2009/2009/2009 2008/2008/2008 1732/1732/1732 
f 1731/1731/1731 1985/1985/1985 1732/1732/1732 
f 2008/2008/2008 1737/1737/1737 1733/1733/1733 
f 1733/1733/1733 1732/1732/1732 2008/2008/2008 
f 2010/2010/2010 2011/2011/2011 2012/2012/2012 
f 2012/2012/2012 2013/2013/2013 2010/2010/2010 
f 2013/2013/2013 2014/2014/2014 2010/2010/2010 
f 2015/2015/2015 2012/2012/2012 2011/2011/2011 
f 2011/2011/2011 2016/2016/2016 2015/2015/2015 
f 2012/2012/2012 2015/2015/2015 2017/2017/2017 
f 2017/2017/2017 2018/2018/2018 2012/2012/2012 
f 2013/2013/2013 2012/2012/2012 2018/2018/2018 
f 2019/2019/2019 2017/2017/2017 2015/2015/2015 
f 2018/2018/2018 2020/2020/2020 2013/2013/2013 
f 2021/2021/2021 2013/2013/2013 2020/2020/2020 
f 2022/2022/2022 2015/2015/2015 2016/2016/2016 
f 2019/2019/2019 2015/2015/2015 2022/2022/2022 
f 2016/2016/2016 2023/2023/2023 2022/2022/2022 
f 2024/2024/2024 2019/2019/2019 2022/2022/2022 
f 2024/2024/2024 2022/2022/2022 2023/2023/2023 
f 2019/2019/2019 2024/2024/2024 2025/2025/2025 
f 2024/2024/2024 2023/2023/2023 2026/2026/2026 
f 2027/2027/2027 2025/2025/2025 2024/2024/2024 
f 2026/2026/2026 2028/2028/2028 2024/2024/2024 
f 2024/2024/2024 2028/2028/2028 2027/2027/2027 
f 2028/2028/2028 2026/2026/2026 2029/2029/2029 
f 2030/2030/2030 2027/2027/2027 2028/2028/2028 
f 2030/2030/2030 2028/2028/2028 2029/2029/2029 
f 2027/2027/2027 2030/2030/2030 2031/2031/2031 
f 2029/2029/2029 2032/2032/2032 2030/2030/2030 
f 2033/2033/2033 2031/2031/2031 2030/2030/2030 
f 2032/2032/2032 2033/2033/2033 2030/2030/2030 
f 2031/2031/2031 2033/2033/2033 2034/2034/2034 
f 2033/2033/2033 2032/2032/2032 2035/2035/2035 
f 2036/2036/2036 2034/2034/2034 2033/2033/2033 
f 2037/2037/2037 2033/2033/2033 2035/2035/2035 
f 2036/2036/2036 2033/2033/2033 2038/2038/2038 
f 2033/2033/2033 2037/2037/2037 2038/2038/2038 
f 2039/2039/2039 2036/2036/2036 2038/2038/2038 
f 2040/2040/2040 2038/2038/2038 2037/2037/2037 
f 2039/2039/2039 2038/2038/2038 2041/2041/2041 
f 2038/2038/2038 2040/2040/2040 2041/2041/2041 
f 2042/2042/2042 2039/2039/2039 2041/2041/2041 
f 2040/2040/2040 2042/2042/2042 2041/2041/2041 
f 2039/2039/2039 2042/2042/2042 2043/2043/2043 
f 2042/2042/2042 2040/2040/2040 2044/2044/2044 
f 2042/2042/2042 2045/2045/2045 2043/2043/2043 
f 2044/2044/2044 2046/2046/2046 2042/2042/2042 
f 2045/2045/2045 2042/2042/2042 2046/2046/2046 
f 2046/2046/2046 2044/2044/2044 2047/2047/2047 
f 2048/2048/2048 2045/2045/2045 2046/2046/2046 
f 2047/2047/2047 2048/2048/2048 2046/2046/2046 
f 2045/2045/2045 2048/2048/2048 2049/2049/2049 
f 2048/2048/2048 2047/2047/2047 2050/2050/2050 
f 2051/2051/2051 2052/2052/2052 2053/2053/2053 
f 2053/2053/2053 2052/2052/2052 2054/2054/2054 
f 2052/2052/2052 2055/2055/2055 2054/2054/2054 
f 2056/2056/2056 2051/2051/2051 2053/2053/2053 
f 2057/2057/2057 2051/2051/2051 2056/2056/2056 
f 2056/2056/2056 2053/2053/2053 2058/2058/2058 
f 2059/2059/2059 2058/2058/2058 2053/2053/2053 
f 2054/2054/2054 2059/2059/2059 2053/2053/2053 
f 2058/2058/2058 2060/2060/2060 2056/2056/2056 
f 2061/2061/2061 2059/2059/2059 2054/2054/2054 
f 2054/2054/2054 2062/2062/2062 2061/2061/2061 
f 2056/2056/2056 2063/2063/2063 2057/2057/2057 
f 2056/2056/2056 2060/2060/2060 2063/2063/2063 
f 2064/2064/2064 2057/2057/2057 2063/2063/2063 
f 2060/2060/2060 2065/2065/2065 2063/2063/2063 
f 2064/2064/2064 2063/2063/2063 2065/2065/2065 
f 2065/2065/2065 2060/2060/2060 2066/2066/2066 
f 2067/2067/2067 2064/2064/2064 2065/2065/2065 
f 2066/2066/2066 2068/2068/2068 2065/2065/2065 
f 2069/2069/2069 2067/2067/2067 2065/2065/2065 
f 2065/2065/2065 2068/2068/2068 2069/2069/2069 
f 2067/2067/2067 2069/2069/2069 2070/2070/2070 
f 2068/2068/2068 2071/2071/2071 2069/2069/2069 
f 2069/2069/2069 2071/2071/2071 2070/2070/2070 
f 2071/2071/2071 2068/2068/2068 2072/2072/2072 
f 2073/2073/2073 2070/2070/2070 2071/2071/2071 
f 2072/2072/2072 2074/2074/2074 2071/2071/2071 
f 2071/2071/2071 2074/2074/2074 2073/2073/2073 
f 2074/2074/2074 2072/2072/2072 2075/2075/2075 
f 2073/2073/2073 2074/2074/2074 2076/2076/2076 
f 2077/2077/2077 2074/2074/2074 2075/2075/2075 
f 2074/2074/2074 2078/2078/2078 2076/2076/2076 
f 2074/2074/2074 2077/2077/2077 2079/2079/2079 
f 2078/2078/2078 2074/2074/2074 2079/2079/2079 
f 2080/2080/2080 2079/2079/2079 2077/2077/2077 
f 2079/2079/2079 2081/2081/2081 2078/2078/2078 
f 2079/2079/2079 2080/2080/2080 2082/2082/2082 
f 2081/2081/2081 2079/2079/2079 2082/2082/2082 
f 2080/2080/2080 2083/2083/2083 2082/2082/2082 
f 2081/2081/2081 2082/2082/2082 2083/2083/2083 
f 2083/2083/2083 2080/2080/2080 2084/2084/2084 
f 2085/2085/2085 2081/2081/2081 2083/2083/2083 
f 2086/2086/2086 2083/2083/2083 2084/2084/2084 
f 2085/2085/2085 2083/2083/2083 2087/2087/2087 
f 2087/2087/2087 2083/2083/2083 2086/2086/2086 
f 2088/2088/2088 2085/2085/2085 2087/2087/2087 
f 2086/2086/2086 2089/2089/2089 2087/2087/2087 
f 2089/2089/2089 2088/2088/2088 2087/2087/2087 
f 2089/2089/2089 2086/2086/2086 2090/2090/2090 
f 2088/2088/2088 2089/2089/2089 2091/2091/2091 
f 1033/1033/1033 2092/2092/2092 1034/1034/1034 
f 1034/1034/1034 2092/2092/2092 2093/2093/2093 
f 2094/2094/2094 2093/2093/2093 2092/2092/2092 
f 2095/2095/2095 2093/2093/2093 2094/2094/2094 
f 2092/2092/2092 2096/2096/2096 2094/2094/2094 
f 2096/2096/2096 2092/2092/2092 2097/2097/2097 
f 1033/1033/1033 2097/2097/2097 2092/2092/2092 
f 2098/2098/2098 2094/2094/2094 2096/2096/2096 
f 2097/2097/2097 1033/1033/1033 2099/2099/2099 
f 1030/1030/1030 2099/2099/2099 1033/1033/1033 
f 2094/2094/2094 2098/2098/2098 2100/2100/2100 
f 2094/2094/2094 2100/2100/2100 2095/2095/2095 
f 2101/2101/2101 2100/2100/2100 2098/2098/2098 
f 2100/2100/2100 2102/2102/2102 2095/2095/2095 
f 2100/2100/2100 2101/2101/2101 2103/2103/2103 
f 2100/2100/2100 2103/2103/2103 2102/2102/2102 
f 2104/2104/2104 2103/2103/2103 2101/2101/2101 
f 2102/2102/2102 2103/2103/2103 2105/2105/2105 
f 2106/2106/2106 2105/2105/2105 2103/2103/2103 
f 2103/2103/2103 2104/2104/2104 2106/2106/2106 
f 2105/2105/2105 2106/2106/2106 2107/2107/2107 
f 2104/2104/2104 2108/2108/2108 2106/2106/2106 
f 2106/2106/2106 2108/2108/2108 2107/2107/2107 
f 2108/2108/2108 2104/2104/2104 2109/2109/2109 
f 2110/2110/2110 2107/2107/2107 2108/2108/2108 
f 2109/2109/2109 2111/2111/2111 2108/2108/2108 
f 2111/2111/2111 2110/2110/2110 2108/2108/2108 
f 2110/2110/2110 2111/2111/2111 2112/2112/2112 
f 2111/2111/2111 2109/2109/2109 2113/2113/2113 
f 2111/2111/2111 2114/2114/2114 2112/2112/2112 
f 2115/2115/2115 2111/2111/2111 2113/2113/2113 
f 2114/2114/2114 2111/2111/2111 2115/2115/2115 
f 2115/2115/2115 2113/2113/2113 2116/2116/2116 
f 2115/2115/2115 2117/2117/2117 2114/2114/2114 
f 2118/2118/2118 2115/2115/2115 2116/2116/2116 
f 2117/2117/2117 2115/2115/2115 2119/2119/2119 
f 2115/2115/2115 2118/2118/2118 2119/2119/2119 
f 2119/2119/2119 2120/2120/2120 2117/2117/2117 
f 2121/2121/2121 2119/2119/2119 2118/2118/2118 
f 2120/2120/2120 2119/2119/2119 2122/2122/2122 
f 2119/2119/2119 2121/2121/2121 2122/2122/2122 
f 2122/2122/2122 2123/2123/2123 2120/2120/2120 
f 2121/2121/2121 2124/2124/2124 2122/2122/2122 
f 2123/2123/2123 2122/2122/2122 2124/2124/2124 
f 2124/2124/2124 2121/2121/2121 2125/2125/2125 
f 2126/2126/2126 2123/2123/2123 2124/2124/2124 
f 2125/2125/2125 2126/2126/2126 2124/2124/2124 
f 2123/2123/2123 2126/2126/2126 2127/2127/2127 
f 2126/2126/2126 2125/2125/2125 2128/2128/2128 
f 1048/1048/1048 2129/2129/2129 1047/1047/1047 
f 2129/2129/2129 1048/1048/1048 2130/2130/2130 
f 2131/2131/2131 2129/2129/2129 2130/2130/2130 
f 2130/2130/2130 2132/2132/2132 2131/2131/2131 
f 2133/2133/2133 2129/2129/2129 2131/2131/2131 
f 2129/2129/2129 2133/2133/2133 2134/2134/2134 
f 2134/2134/2134 1047/1047/1047 2129/2129/2129 
f 2131/2131/2131 2135/2135/2135 2133/2133/2133 
f 1047/1047/1047 2134/2134/2134 2136/2136/2136 
f 1044/1044/1044 1047/1047/1047 2136/2136/2136 
f 2132/2132/2132 2137/2137/2137 2131/2131/2131 
f 2135/2135/2135 2131/2131/2131 2137/2137/2137 
f 2137/2137/2137 2132/2132/2132 2138/2138/2138 
f 2137/2137/2137 2139/2139/2139 2135/2135/2135 
f 2140/2140/2140 2137/2137/2137 2138/2138/2138 
f 2139/2139/2139 2137/2137/2137 2140/2140/2140 
f 2138/2138/2138 2141/2141/2141 2140/2140/2140 
f 2140/2140/2140 2142/2142/2142 2139/2139/2139 
f 2141/2141/2141 2143/2143/2143 2140/2140/2140 
f 2142/2142/2142 2140/2140/2140 2143/2143/2143 
f 2143/2143/2143 2141/2141/2141 2144/2144/2144 
f 2143/2143/2143 2145/2145/2145 2142/2142/2142 
f 2145/2145/2145 2143/2143/2143 2144/2144/2144 
f 2146/2146/2146 2142/2142/2142 2145/2145/2145 
f 2144/2144/2144 2147/2147/2147 2145/2145/2145 
f 2148/2148/2148 2146/2146/2146 2145/2145/2145 
f 2147/2147/2147 2148/2148/2148 2145/2145/2145 
f 2148/2148/2148 2147/2147/2147 2149/2149/2149 
f 2150/2150/2150 2146/2146/2146 2148/2148/2148 
f 2151/2151/2151 2148/2148/2148 2149/2149/2149 
f 2152/2152/2152 2150/2150/2150 2148/2148/2148 
f 2148/2148/2148 2151/2151/2151 2152/2152/2152 
f 2153/2153/2153 2150/2150/2150 2152/2152/2152 
f 2154/2154/2154 2152/2152/2152 2151/2151/2151 
f 2152/2152/2152 2155/2155/2155 2153/2153/2153 
f 2152/2152/2152 2154/2154/2154 2156/2156/2156 
f 2155/2155/2155 2152/2152/2152 2156/2156/2156 
f 2157/2157/2157 2156/2156/2156 2154/2154/2154 
f 2156/2156/2156 2158/2158/2158 2155/2155/2155 
f 2156/2156/2156 2157/2157/2157 2159/2159/2159 
f 2158/2158/2158 2156/2156/2156 2159/2159/2159 
f 2160/2160/2160 2159/2159/2159 2157/2157/2157 
f 2161/2161/2161 2158/2158/2158 2159/2159/2159 
f 2159/2159/2159 2160/2160/2160 2161/2161/2161 
f 2162/2162/2162 2158/2158/2158 2161/2161/2161 
f 2160/2160/2160 2163/2163/2163 2161/2161/2161 
f 2163/2163/2163 2162/2162/2162 2161/2161/2161 
f 2163/2163/2163 2160/2160/2160 2164/2164/2164 
f 2165/2165/2165 2162/2162/2162 2163/2163/2163 
f 2166/2166/2166 2167/2167/2167 2168/2168/2168 
f 2166/2166/2166 2169/2169/2169 2167/2167/2167 
f 2169/2169/2169 2166/2166/2166 2170/2170/2170 
f 2170/2170/2170 2171/2171/2171 2169/2169/2169 
f 2172/2172/2172 2171/2171/2171 2170/2170/2170 
f 2172/2172/2172 2173/2173/2173 2171/2171/2171 
f 2174/2174/2174 2173/2173/2173 2172/2172/2172 
f 2174/2174/2174 2175/2175/2175 2173/2173/2173 
f 2176/2176/2176 2174/2174/2174 2172/2172/2172 
f 2176/2176/2176 2172/2172/2172 2177/2177/2177 
f 2177/2177/2177 2172/2172/2172 2170/2170/2170 
f 2177/2177/2177 2178/2178/2178 2176/2176/2176 
f 2179/2179/2179 2170/2170/2170 2166/2166/2166 
f 2177/2177/2177 2170/2170/2170 2179/2179/2179 
f 2178/2178/2178 2177/2177/2177 2180/2180/2180 
f 2179/2179/2179 2180/2180/2180 2177/2177/2177 
f 2180/2180/2180 2181/2181/2181 2178/2178/2178 
f 2179/2179/2179 2166/2166/2166 2182/2182/2182 
f 2180/2180/2180 2179/2179/2179 2183/2183/2183 
f 2182/2182/2182 2183/2183/2183 2179/2179/2179 
f 2181/2181/2181 2180/2180/2180 2184/2184/2184 
f 2183/2183/2183 2184/2184/2184 2180/2180/2180 
f 2185/2185/2185 2181/2181/2181 2184/2184/2184 
f 2185/2185/2185 2184/2184/2184 2186/2186/2186 
f 2186/2186/2186 2184/2184/2184 2187/2187/2187 
f 2184/2184/2184 2183/2183/2183 2187/2187/2187 
f 2186/2186/2186 2187/2187/2187 2188/2188/2188 
f 2188/2188/2188 2187/2187/2187 2189/2189/2189 
f 2183/2183/2183 2189/2189/2189 2187/2187/2187 
f 2188/2188/2188 2189/2189/2189 2190/2190/2190 
f 2189/2189/2189 2191/2191/2191 2190/2190/2190 
f 2189/2189/2189 2183/2183/2183 2192/2192/2192 
f 2183/2183/2183 2182/2182/2182 2192/2192/2192 
f 2191/2191/2191 2189/2189/2189 2193/2193/2193 
f 2192/2192/2192 2193/2193/2193 2189/2189/2189 
f 2193/2193/2193 2194/2194/2194 2191/2191/2191 
f 2182/2182/2182 2195/2195/2195 2192/2192/2192 
f 2193/2193/2193 2192/2192/2192 2195/2195/2195 
f 2194/2194/2194 2193/2193/2193 2196/2196/2196 
f 2196/2196/2196 2197/2197/2197 2194/2194/2194 
f 2198/2198/2198 2193/2193/2193 2195/2195/2195 
f 2193/2193/2193 2198/2198/2198 2196/2196/2196 
f 2195/2195/2195 2182/2182/2182 2199/2199/2199 
f 2199/2199/2199 2198/2198/2198 2195/2195/2195 
f 2197/2197/2197 2196/2196/2196 2200/2200/2200 
f 2198/2198/2198 2200/2200/2200 2196/2196/2196 
f 2200/2200/2200 2201/2201/2201 2197/2197/2197 
f 2201/2201/2201 2200/2200/2200 2202/2202/2202 
f 2202/2202/2202 2203/2203/2203 2201/2201/2201 
f 2203/2203/2203 2202/2202/2202 2204/2204/2204 
f 2202/2202/2202 2205/2205/2205 2204/2204/2204 
f 2206/2206/2206 2202/2202/2202 2200/2200/2200 
f 2200/2200/2200 2198/2198/2198 2206/2206/2206 
f 2205/2205/2205 2202/2202/2202 2207/2207/2207 
f 2202/2202/2202 2206/2206/2206 2207/2207/2207 
f 2207/2207/2207 2208/2208/2208 2205/2205/2205 
f 2209/2209/2209 2206/2206/2206 2198/2198/2198 
f 2198/2198/2198 2199/2199/2199 2209/2209/2209 
f 2210/2210/2210 2207/2207/2207 2206/2206/2206 
f 2206/2206/2206 2209/2209/2209 2210/2210/2210 
f 2208/2208/2208 2207/2207/2207 2211/2211/2211 
f 2207/2207/2207 2210/2210/2210 2211/2211/2211 
f 2212/2212/2212 2208/2208/2208 2211/2211/2211 
f 2208/2208/2208 2212/2212/2212 2213/2213/2213 
f 2214/2214/2214 2213/2213/2213 2212/2212/2212 
f 2214/2214/2214 2212/2212/2212 2215/2215/2215 
f 2212/2212/2212 2216/2216/2216 2215/2215/2215 
f 2211/2211/2211 2217/2217/2217 2212/2212/2212 
f 2216/2216/2216 2212/2212/2212 2217/2217/2217 
f 2217/2217/2217 2211/2211/2211 2210/2210/2210 
f 2217/2217/2217 2218/2218/2218 2216/2216/2216 
f 2210/2210/2210 2219/2219/2219 2217/2217/2217 
f 2218/2218/2218 2217/2217/2217 2219/2219/2219 
f 2219/2219/2219 2210/2210/2210 2209/2209/2209 
f 2219/2219/2219 2167/2167/2167 2218/2218/2218 
f 2167/2167/2167 2219/2219/2219 2168/2168/2168 
f 2209/2209/2209 2168/2168/2168 2219/2219/2219 
f 2168/2168/2168 2209/2209/2209 2199/2199/2199 
f 2182/2182/2182 2168/2168/2168 2199/2199/2199 
f 2182/2182/2182 2166/2166/2166 2168/2168/2168 
f 2220/2220/2220 2221/2221/2221 2222/2222/2222 
f 2222/2222/2222 2223/2223/2223 2220/2220/2220 
f 2222/2222/2222 2224/2224/2224 2223/2223/2223 
f 2225/2225/2225 2221/2221/2221 2220/2220/2220 
f 2226/2226/2226 2220/2220/2220 2223/2223/2223 
f 2227/2227/2227 2220/2220/2220 2226/2226/2226 
f 2220/2220/2220 2227/2227/2227 2225/2225/2225 
f 2223/2223/2223 2228/2228/2228 2226/2226/2226 
f 2224/2224/2224 2229/2229/2229 2223/2223/2223 
f 2228/2228/2228 2223/2223/2223 2229/2229/2229 
f 2221/2221/2221 2225/2225/2225 2230/2230/2230 
f 2231/2231/2231 2221/2221/2221 2230/2230/2230 
f 2224/2224/2224 2232/2232/2232 2229/2229/2229 
f 2231/2231/2231 2230/2230/2230 2233/2233/2233 
f 2231/2231/2231 2233/2233/2233 2234/2234/2234 
f 2233/2233/2233 2235/2235/2235 2234/2234/2234 
f 2236/2236/2236 2234/2234/2234 2235/2235/2235 
f 2235/2235/2235 2233/2233/2233 2237/2237/2237 
f 2230/2230/2230 2238/2238/2238 2233/2233/2233 
f 2238/2238/2238 2237/2237/2237 2233/2233/2233 
f 2225/2225/2225 2238/2238/2238 2230/2230/2230 
f 2237/2237/2237 2238/2238/2238 2239/2239/2239 
f 2238/2238/2238 2225/2225/2225 2240/2240/2240 
f 2240/2240/2240 2239/2239/2239 2238/2238/2238 
f 2239/2239/2239 2240/2240/2240 2241/2241/2241 
f 2227/2227/2227 2240/2240/2240 2225/2225/2225 
f 2242/2242/2242 2241/2241/2241 2240/2240/2240 
f 2240/2240/2240 2227/2227/2227 2242/2242/2242 
f 2241/2241/2241 2242/2242/2242 2243/2243/2243 
f 2244/2244/2244 2243/2243/2243 2242/2242/2242 
f 2227/2227/2227 2245/2245/2245 2242/2242/2242 
f 2242/2242/2242 2245/2245/2245 2244/2244/2244 
f 2227/2227/2227 2246/2246/2246 2245/2245/2245 
f 2226/2226/2226 2246/2246/2246 2227/2227/2227 
f 2246/2246/2246 2226/2226/2226 2228/2228/2228 
f 2247/2247/2247 2244/2244/2244 2245/2245/2245 
f 2246/2246/2246 2247/2247/2247 2245/2245/2245 
f 2244/2244/2244 2247/2247/2247 2248/2248/2248 
f 2228/2228/2228 2249/2249/2249 2246/2246/2246 
f 2247/2247/2247 2246/2246/2246 2249/2249/2249 
f 2250/2250/2250 2248/2248/2248 2247/2247/2247 
f 2249/2249/2249 2250/2250/2250 2247/2247/2247 
f 2248/2248/2248 2250/2250/2250 2251/2251/2251 
f 2249/2249/2249 2228/2228/2228 2252/2252/2252 
f 2229/2229/2229 2252/2252/2252 2228/2228/2228 
f 2250/2250/2250 2249/2249/2249 2253/2253/2253 
f 2252/2252/2252 2253/2253/2253 2249/2249/2249 
f 2254/2254/2254 2251/2251/2251 2250/2250/2250 
f 2253/2253/2253 2254/2254/2254 2250/2250/2250 
f 2251/2251/2251 2254/2254/2254 2255/2255/2255 
f 2256/2256/2256 2255/2255/2255 2254/2254/2254 
f 2252/2252/2252 2229/2229/2229 2257/2257/2257 
f 2253/2253/2253 2252/2252/2252 2258/2258/2258 
f 2257/2257/2257 2258/2258/2258 2252/2252/2252 
f 2232/2232/2232 2257/2257/2257 2229/2229/2229 
f 2258/2258/2258 2259/2259/2259 2253/2253/2253 
f 2254/2254/2254 2253/2253/2253 2259/2259/2259 
f 2254/2254/2254 2260/2260/2260 2256/2256/2256 
f 2259/2259/2259 2260/2260/2260 2254/2254/2254 
f 2261/2261/2261 2256/2256/2256 2260/2260/2260 
f 2256/2256/2256 2261/2261/2261 2262/2262/2262 
f 2260/2260/2260 2259/2259/2259 2263/2263/2263 
f 2260/2260/2260 2263/2263/2263 2261/2261/2261 
f 2264/2264/2264 2262/2262/2262 2261/2261/2261 
f 2265/2265/2265 2263/2263/2263 2259/2259/2259 
f 2259/2259/2259 2258/2258/2258 2265/2265/2265 
f 2263/2263/2263 2266/2266/2266 2261/2261/2261 
f 2263/2263/2263 2265/2265/2265 2266/2266/2266 
f 2261/2261/2261 2267/2267/2267 2264/2264/2264 
f 2267/2267/2267 2261/2261/2261 2266/2266/2266 
f 2268/2268/2268 2264/2264/2264 2267/2267/2267 
f 2269/2269/2269 2265/2265/2265 2258/2258/2258 
f 2258/2258/2258 2257/2257/2257 2269/2269/2269 
f 2270/2270/2270 2266/2266/2266 2265/2265/2265 
f 2265/2265/2265 2269/2269/2269 2270/2270/2270 
f 2266/2266/2266 2271/2271/2271 2267/2267/2267 
f 2266/2266/2266 2270/2270/2270 2271/2271/2271 
f 2268/2268/2268 2267/2267/2267 2272/2272/2272 
f 2271/2271/2271 2272/2272/2272 2267/2267/2267 
f 2273/2273/2273 2268/2268/2268 2272/2272/2272 
f 2257/2257/2257 2274/2274/2274 2269/2269/2269 
f 2274/2274/2274 2257/2257/2257 2232/2232/2232 
f 2275/2275/2275 2270/2270/2270 2269/2269/2269 
f 2275/2275/2275 2269/2269/2269 2274/2274/2274 
f 2276/2276/2276 2271/2271/2271 2270/2270/2270 
f 2276/2276/2276 2270/2270/2270 2275/2275/2275 
f 2277/2277/2277 2271/2271/2271 2276/2276/2276 
f 2277/2277/2277 2272/2272/2272 2271/2271/2271 
f 2273/2273/2273 2272/2272/2272 2278/2278/2278 
f 2272/2272/2272 2277/2277/2277 2278/2278/2278 
f 2279/2279/2279 2273/2273/2273 2278/2278/2278 
f 2273/2273/2273 2279/2279/2279 2280/2280/2280 
f 2277/2277/2277 2281/2281/2281 2278/2278/2278 
f 2279/2279/2279 2278/2278/2278 2281/2281/2281 
f 2282/2282/2282 2277/2277/2277 2276/2276/2276 
f 2277/2277/2277 2282/2282/2282 2281/2281/2281 
f 2283/2283/2283 2280/2280/2280 2279/2279/2279 
f 2280/2280/2280 2283/2283/2283 2284/2284/2284 
f 2285/2285/2285 2284/2284/2284 2283/2283/2283 
f 2281/2281/2281 2286/2286/2286 2279/2279/2279 
f 2279/2279/2279 2286/2286/2286 2283/2283/2283 
f 2281/2281/2281 2282/2282/2282 2287/2287/2287 
f 2287/2287/2287 2286/2286/2286 2281/2281/2281 
f 2276/2276/2276 2288/2288/2288 2282/2282/2282 
f 2288/2288/2288 2276/2276/2276 2275/2275/2275 
f 2289/2289/2289 2287/2287/2287 2282/2282/2282 
f 2282/2282/2282 2288/2288/2288 2289/2289/2289 
f 2290/2290/2290 2286/2286/2286 2287/2287/2287 
f 2275/2275/2275 2291/2291/2291 2288/2288/2288 
f 2291/2291/2291 2275/2275/2275 2274/2274/2274 
f 2292/2292/2292 2289/2289/2289 2288/2288/2288 
f 2288/2288/2288 2291/2291/2291 2292/2292/2292 
f 2293/2293/2293 2287/2287/2287 2289/2289/2289 
f 2287/2287/2287 2293/2293/2293 2290/2290/2290 
f 2294/2294/2294 2289/2289/2289 2292/2292/2292 
f 2289/2289/2289 2294/2294/2294 2293/2293/2293 
f 2274/2274/2274 2295/2295/2295 2291/2291/2291 
f 2295/2295/2295 2274/2274/2274 2232/2232/2232 
f 2296/2296/2296 2292/2292/2292 2291/2291/2291 
f 2291/2291/2291 2295/2295/2295 2296/2296/2296 
f 2292/2292/2292 2297/2297/2297 2294/2294/2294 
f 2297/2297/2297 2292/2292/2292 2296/2296/2296 
f 2232/2232/2232 2298/2298/2298 2295/2295/2295 
f 2298/2298/2298 2232/2232/2232 2224/2224/2224 
f 2299/2299/2299 2296/2296/2296 2295/2295/2295 
f 2295/2295/2295 2298/2298/2298 2299/2299/2299 
f 2297/2297/2297 2296/2296/2296 2299/2299/2299 
f 2300/2300/2300 2299/2299/2299 2298/2298/2298 
f 2298/2298/2298 2301/2301/2301 2300/2300/2300 
f 2302/2302/2302 2300/2300/2300 2301/2301/2301 
f 2303/2303/2303 2299/2299/2299 2300/2300/2300 
f 2303/2303/2303 2297/2297/2297 2299/2299/2299 
f 2304/2304/2304 2300/2300/2300 2302/2302/2302 
f 2304/2304/2304 2303/2303/2303 2300/2300/2300 
f 2305/2305/2305 2304/2304/2304 2302/2302/2302 
f 2306/2306/2306 2304/2304/2304 2305/2305/2305 
f 2307/2307/2307 2303/2303/2303 2304/2304/2304 
f 2304/2304/2304 2306/2306/2306 2307/2307/2307 
f 2308/2308/2308 2297/2297/2297 2303/2303/2303 
f 2303/2303/2303 2307/2307/2307 2308/2308/2308 
f 2297/2297/2297 2308/2308/2308 2309/2309/2309 
f 2309/2309/2309 2294/2294/2294 2297/2297/2297 
f 2307/2307/2307 2310/2310/2310 2308/2308/2308 
f 2294/2294/2294 2309/2309/2309 2311/2311/2311 
f 2311/2311/2311 2293/2293/2293 2294/2294/2294 
f 2308/2308/2308 2312/2312/2312 2309/2309/2309 
f 2308/2308/2308 2310/2310/2310 2312/2312/2312 
f 2309/2309/2309 2313/2313/2313 2311/2311/2311 
f 2309/2309/2309 2312/2312/2312 2313/2313/2313 
f 2293/2293/2293 2311/2311/2311 2314/2314/2314 
f 2314/2314/2314 2290/2290/2290 2293/2293/2293 
f 2311/2311/2311 2313/2313/2313 2315/2315/2315 
f 2315/2315/2315 2314/2314/2314 2311/2311/2311 
f 2290/2290/2290 2314/2314/2314 2316/2316/2316 
f 2315/2315/2315 2316/2316/2316 2314/2314/2314 
f 2316/2316/2316 2317/2317/2317 2290/2290/2290 
f 2286/2286/2286 2290/2290/2290 2317/2317/2317 
f 2286/2286/2286 2317/2317/2317 2283/2283/2283 
f 2318/2318/2318 2283/2283/2283 2317/2317/2317 
f 2285/2285/2285 2283/2283/2283 2318/2318/2318 
f 2318/2318/2318 2319/2319/2319 2285/2285/2285 
f 2320/2320/2320 2318/2318/2318 2317/2317/2317 
f 2317/2317/2317 2316/2316/2316 2320/2320/2320 
f 2319/2319/2319 2318/2318/2318 2321/2321/2321 
f 2318/2318/2318 2320/2320/2320 2321/2321/2321 
f 2322/2322/2322 2319/2319/2319 2321/2321/2321 
f 2319/2319/2319 2322/2322/2322 2323/2323/2323 
f 2324/2324/2324 2321/2321/2321 2320/2320/2320 
f 2322/2322/2322 2321/2321/2321 2324/2324/2324 
f 2325/2325/2325 2320/2320/2320 2316/2316/2316 
f 2320/2320/2320 2325/2325/2325 2324/2324/2324 
f 2316/2316/2316 2315/2315/2315 2325/2325/2325 
f 2326/2326/2326 2325/2325/2325 2315/2315/2315 
f 2313/2313/2313 2326/2326/2326 2315/2315/2315 
f 2327/2327/2327 2324/2324/2324 2325/2325/2325 
f 2325/2325/2325 2326/2326/2326 2327/2327/2327 
f 2328/2328/2328 2322/2322/2322 2324/2324/2324 
f 2324/2324/2324 2327/2327/2327 2328/2328/2328 
f 2329/2329/2329 2323/2323/2323 2322/2322/2322 
f 2322/2322/2322 2328/2328/2328 2329/2329/2329 
f 2323/2323/2323 2329/2329/2329 2330/2330/2330 
f 2327/2327/2327 2331/2331/2331 2328/2328/2328 
f 2331/2331/2331 2329/2329/2329 2328/2328/2328 
f 2332/2332/2332 2330/2330/2330 2329/2329/2329 
f 2332/2332/2332 2329/2329/2329 2331/2331/2331 
f 2330/2330/2330 2332/2332/2332 2333/2333/2333 
f 2332/2332/2332 2334/2334/2334 2333/2333/2333 
f 2334/2334/2334 2332/2332/2332 2335/2335/2335 
f 2331/2331/2331 2335/2335/2335 2332/2332/2332 
f 2335/2335/2335 2336/2336/2336 2334/2334/2334 
f 2331/2331/2331 2327/2327/2327 2337/2337/2337 
f 2326/2326/2326 2337/2337/2337 2327/2327/2327 
f 2335/2335/2335 2331/2331/2331 2338/2338/2338 
f 2336/2336/2336 2335/2335/2335 2339/2339/2339 
f 2338/2338/2338 2339/2339/2339 2335/2335/2335 
f 2339/2339/2339 2340/2340/2340 2336/2336/2336 
f 2331/2331/2331 2341/2341/2341 2338/2338/2338 
f 2341/2341/2341 2331/2331/2331 2337/2337/2337 
f 2339/2339/2339 2338/2338/2338 2342/2342/2342 
f 2341/2341/2341 2342/2342/2342 2338/2338/2338 
f 2340/2340/2340 2339/2339/2339 2343/2343/2343 
f 2342/2342/2342 2343/2343/2343 2339/2339/2339 
f 2343/2343/2343 2344/2344/2344 2340/2340/2340 
f 2345/2345/2345 2340/2340/2340 2344/2344/2344 
f 2343/2343/2343 2342/2342/2342 2346/2346/2346 
f 2346/2346/2346 2344/2344/2344 2343/2343/2343 
f 2344/2344/2344 2347/2347/2347 2345/2345/2345 
f 2345/2345/2345 2347/2347/2347 2348/2348/2348 
f 2344/2344/2344 2346/2346/2346 2349/2349/2349 
f 2349/2349/2349 2347/2347/2347 2344/2344/2344 
f 2347/2347/2347 2350/2350/2350 2348/2348/2348 
f 2351/2351/2351 2349/2349/2349 2346/2346/2346 
f 2352/2352/2352 2346/2346/2346 2342/2342/2342 
f 2342/2342/2342 2341/2341/2341 2352/2352/2352 
f 2346/2346/2346 2352/2352/2352 2351/2351/2351 
f 2353/2353/2353 2352/2352/2352 2341/2341/2341 
f 2337/2337/2337 2353/2353/2353 2341/2341/2341 
f 2354/2354/2354 2351/2351/2351 2352/2352/2352 
f 2352/2352/2352 2353/2353/2353 2354/2354/2354 
f 2353/2353/2353 2337/2337/2337 2355/2355/2355 
f 2337/2337/2337 2326/2326/2326 2355/2355/2355 
f 2356/2356/2356 2355/2355/2355 2326/2326/2326 
f 2313/2313/2313 2356/2356/2356 2326/2326/2326 
f 2312/2312/2312 2356/2356/2356 2313/2313/2313 
f 2312/2312/2312 2357/2357/2357 2356/2356/2356 
f 2357/2357/2357 2312/2312/2312 2310/2310/2310 
f 2355/2355/2355 2356/2356/2356 2358/2358/2358 
f 2357/2357/2357 2358/2358/2358 2356/2356/2356 
f 2355/2355/2355 2359/2359/2359 2353/2353/2353 
f 2359/2359/2359 2355/2355/2355 2358/2358/2358 
f 2360/2360/2360 2353/2353/2353 2359/2359/2359 
f 2353/2353/2353 2360/2360/2360 2354/2354/2354 
f 2358/2358/2358 2361/2361/2361 2359/2359/2359 
f 2358/2358/2358 2357/2357/2357 2362/2362/2362 
f 2361/2361/2361 2358/2358/2358 2362/2362/2362 
f 2363/2363/2363 2362/2362/2362 2357/2357/2357 
f 2363/2363/2363 2357/2357/2357 2310/2310/2310 
f 2359/2359/2359 2364/2364/2364 2360/2360/2360 
f 2364/2364/2364 2359/2359/2359 2361/2361/2361 
f 2363/2363/2363 2310/2310/2310 2365/2365/2365 
f 2365/2365/2365 2310/2310/2310 2307/2307/2307 
f 2365/2365/2365 2307/2307/2307 2306/2306/2306 
f 2366/2366/2366 2365/2365/2365 2306/2306/2306 
f 2367/2367/2367 2366/2366/2366 2306/2306/2306 
f 2368/2368/2368 2363/2363/2363 2365/2365/2365 
f 2368/2368/2368 2365/2365/2365 2366/2366/2366 
f 2369/2369/2369 2366/2366/2366 2367/2367/2367 
f 2368/2368/2368 2370/2370/2370 2363/2363/2363 
f 2362/2362/2362 2363/2363/2363 2370/2370/2370 
f 2371/2371/2371 2369/2369/2369 2367/2367/2367 
f 2372/2372/2372 2368/2368/2368 2366/2366/2366 
f 2369/2369/2369 2372/2372/2372 2366/2366/2366 
f 2370/2370/2370 2368/2368/2368 2373/2373/2373 
f 2372/2372/2372 2373/2373/2373 2368/2368/2368 
f 2374/2374/2374 2362/2362/2362 2370/2370/2370 
f 2362/2362/2362 2374/2374/2374 2361/2361/2361 
f 2375/2375/2375 2370/2370/2370 2373/2373/2373 
f 2370/2370/2370 2375/2375/2375 2374/2374/2374 
f 2373/2373/2373 2372/2372/2372 2376/2376/2376 
f 2377/2377/2377 2372/2372/2372 2369/2369/2369 
f 2377/2377/2377 2376/2376/2376 2372/2372/2372 
f 2371/2371/2371 2378/2378/2378 2369/2369/2369 
f 2378/2378/2378 2377/2377/2377 2369/2369/2369 
f 2379/2379/2379 2380/2380/2380 2381/2381/2381 
f 2382/2382/2382 2381/2381/2381 2380/2380/2380 
f 2383/2383/2383 2379/2379/2379 2381/2381/2381 
f 2379/2379/2379 2383/2383/2383 2384/2384/2384 
f 2385/2385/2385 2384/2384/2384 2383/2383/2383 
f 2384/2384/2384 2385/2385/2385 2386/2386/2386 
f 1863/1863/1863 1864/1864/1864 2387/2387/2387 
f 2388/2388/2388 2387/2387/2387 1864/1864/1864 
f 1865/1865/1865 1863/1863/1863 2389/2389/2389 
f 1863/1863/1863 2387/2387/2387 2389/2389/2389 
f 1866/1866/1866 1865/1865/1865 2390/2390/2390 
f 2389/2389/2389 2390/2390/2390 1865/1865/1865 
f 2390/2390/2390 2391/2391/2391 1866/1866/1866 
f 1867/1867/1867 1866/1866/1866 2391/2391/2391 
f 2390/2390/2390 2389/2389/2389 2392/2392/2392 
f 2387/2387/2387 2392/2392/2392 2389/2389/2389 
f 2391/2391/2391 2390/2390/2390 2393/2393/2393 
f 2392/2392/2392 2393/2393/2393 2390/2390/2390 
f 2392/2392/2392 2387/2387/2387 2394/2394/2394 
f 2387/2387/2387 2388/2388/2388 2394/2394/2394 
f 2393/2393/2393 2392/2392/2392 2395/2395/2395 
f 2395/2395/2395 2392/2392/2392 2394/2394/2394 
f 2388/2388/2388 2396/2396/2396 2394/2394/2394 
f 2394/2394/2394 2396/2396/2396 2395/2395/2395 
f 2388/2388/2388 2397/2397/2397 2396/2396/2396 
f 2398/2398/2398 2396/2396/2396 2397/2397/2397 
f 2397/2397/2397 2399/2399/2399 2398/2398/2398 
f 2396/2396/2396 2400/2400/2400 2395/2395/2395 
f 2400/2400/2400 2396/2396/2396 2398/2398/2398 
f 2401/2401/2401 2393/2393/2393 2395/2395/2395 
f 2400/2400/2400 2401/2401/2401 2395/2395/2395 
f 2401/2401/2401 2402/2402/2402 2393/2393/2393 
f 2402/2402/2402 2391/2391/2391 2393/2393/2393 
f 2403/2403/2403 2398/2398/2398 2399/2399/2399 
f 2399/2399/2399 2404/2404/2404 2403/2403/2403 
f 2405/2405/2405 2400/2400/2400 2398/2398/2398 
f 2405/2405/2405 2398/2398/2398 2403/2403/2403 
f 2400/2400/2400 2406/2406/2406 2401/2401/2401 
f 2406/2406/2406 2400/2400/2400 2405/2405/2405 
f 2401/2401/2401 2407/2407/2407 2402/2402/2402 
f 2407/2407/2407 2401/2401/2401 2406/2406/2406 
f 2408/2408/2408 2403/2403/2403 2404/2404/2404 
f 2404/2404/2404 2409/2409/2409 2408/2408/2408 
f 2410/2410/2410 2408/2408/2408 2409/2409/2409 
f 2403/2403/2403 2408/2408/2408 2411/2411/2411 
f 2411/2411/2411 2405/2405/2405 2403/2403/2403 
f 2408/2408/2408 2410/2410/2410 2412/2412/2412 
f 2413/2413/2413 2405/2405/2405 2411/2411/2411 
f 2406/2406/2406 2405/2405/2405 2413/2413/2413 
f 2414/2414/2414 2411/2411/2411 2408/2408/2408 
f 2408/2408/2408 2412/2412/2412 2414/2414/2414 
f 2415/2415/2415 2412/2412/2412 2410/2410/2410 
f 2410/2410/2410 2416/2416/2416 2415/2415/2415 
f 1915/1915/1915 2415/2415/2415 2416/2416/2416 
f 2417/2417/2417 2412/2412/2412 2415/2415/2415 
f 2412/2412/2412 2417/2417/2417 2414/2414/2414 
f 2415/2415/2415 1915/1915/1915 1912/1912/1912 
f 2418/2418/2418 2411/2411/2411 2414/2414/2414 
f 2411/2411/2411 2418/2418/2418 2413/2413/2413 
f 2419/2419/2419 2414/2414/2414 2417/2417/2417 
f 2414/2414/2414 2419/2419/2419 2418/2418/2418 
f 1908/1908/1908 2417/2417/2417 2415/2415/2415 
f 2415/2415/2415 1912/1912/1912 1908/1908/1908 
f 2417/2417/2417 1910/1910/1910 2419/2419/2419 
f 1910/1910/1910 2417/2417/2417 1908/1908/1908 
f 2420/2420/2420 2418/2418/2418 2419/2419/2419 
f 2421/2421/2421 2419/2419/2419 1910/1910/1910 
f 2419/2419/2419 2421/2421/2421 2420/2420/2420 
f 2418/2418/2418 2420/2420/2420 2422/2422/2422 
f 2422/2422/2422 2413/2413/2413 2418/2418/2418 
f 2421/2421/2421 2423/2423/2423 2420/2420/2420 
f 2423/2423/2423 2422/2422/2422 2420/2420/2420 
f 2423/2423/2423 2421/2421/2421 1815/1815/1815 
f 1815/1815/1815 1811/1811/1811 2423/2423/2423 
f 1817/1817/1817 1815/1815/1815 2421/2421/2421 
f 1910/1910/1910 1817/1817/1817 2421/2421/2421 
f 1811/1811/1811 2424/2424/2424 2423/2423/2423 
f 2422/2422/2422 2423/2423/2423 2424/2424/2424 
f 2424/2424/2424 1811/1811/1811 1812/1812/1812 
f 2413/2413/2413 2422/2422/2422 2425/2425/2425 
f 2424/2424/2424 2425/2425/2425 2422/2422/2422 
f 2425/2425/2425 2406/2406/2406 2413/2413/2413 
f 2407/2407/2407 2406/2406/2406 2425/2425/2425 
f 2425/2425/2425 2424/2424/2424 2426/2426/2426 
f 2426/2426/2426 2407/2407/2407 2425/2425/2425 
f 1812/1812/1812 2426/2426/2426 2424/2424/2424 
f 2427/2427/2427 2407/2407/2407 2426/2426/2426 
f 2426/2426/2426 1812/1812/1812 2428/2428/2428 
f 2428/2428/2428 2427/2427/2427 2426/2426/2426 
f 1812/1812/1812 1814/1814/1814 2428/2428/2428 
f 2427/2427/2427 2402/2402/2402 2407/2407/2407 
f 1814/1814/1814 2429/2429/2429 2428/2428/2428 
f 2429/2429/2429 2427/2427/2427 2428/2428/2428 
f 1816/1816/1816 2429/2429/2429 1814/1814/1814 
f 2402/2402/2402 2427/2427/2427 2430/2430/2430 
f 2429/2429/2429 2430/2430/2430 2427/2427/2427 
f 2402/2402/2402 2430/2430/2430 2391/2391/2391 
f 2430/2430/2430 1867/1867/1867 2391/2391/2391 
f 2430/2430/2430 2429/2429/2429 2431/2431/2431 
f 2430/2430/2430 2431/2431/2431 1867/1867/1867 
f 1816/1816/1816 2431/2431/2431 2429/2429/2429 
f 2431/2431/2431 1856/1856/1856 1867/1867/1867 
f 2431/2431/2431 1816/1816/1816 1853/1853/1853 
f 2431/2431/2431 1853/1853/1853 1856/1856/1856 
f 2432/2432/2432 2433/2433/2433 2434/2434/2434 
f 2433/2433/2433 2432/2432/2432 2435/2435/2435 
f 2436/2436/2436 2434/2434/2434 2437/2437/2437 
f 2438/2438/2438 2437/2437/2437 2439/2439/2439 
f 2438/2438/2438 2436/2436/2436 2437/2437/2437 
f 2440/2440/2440 2438/2438/2438 2439/2439/2439 
f 2441/2441/2441 2440/2440/2440 2439/2439/2439 
f 2442/2442/2442 2435/2435/2435 2432/2432/2432 
f 2435/2435/2435 2442/2442/2442 2443/2443/2443 
f 2444/2444/2444 2443/2443/2443 2442/2442/2442 
f 2440/2440/2440 2441/2441/2441 2445/2445/2445 
f 2445/2445/2445 2441/2441/2441 2446/2446/2446 
f 2444/2444/2444 2442/2442/2442 2447/2447/2447 
f 2447/2447/2447 2448/2448/2448 2444/2444/2444 
f 2448/2448/2448 2447/2447/2447 2449/2449/2449 
f 2450/2450/2450 2447/2447/2447 2442/2442/2442 
f 2450/2450/2450 2442/2442/2442 2432/2432/2432 
f 2449/2449/2449 2447/2447/2447 2451/2451/2451 
f 2450/2450/2450 2451/2451/2451 2447/2447/2447 
f 2451/2451/2451 2452/2452/2452 2449/2449/2449 
f 2453/2453/2453 2450/2450/2450 2432/2432/2432 
f 2453/2453/2453 2432/2432/2432 2434/2434/2434 
f 2436/2436/2436 2453/2453/2453 2434/2434/2434 
f 2453/2453/2453 2454/2454/2454 2450/2450/2450 
f 2451/2451/2451 2450/2450/2450 2454/2454/2454 
f 2436/2436/2436 2455/2455/2455 2453/2453/2453 
f 2454/2454/2454 2453/2453/2453 2455/2455/2455 
f 2455/2455/2455 2436/2436/2436 2456/2456/2456 
f 2438/2438/2438 2456/2456/2456 2436/2436/2436 
f 2454/2454/2454 2455/2455/2455 2457/2457/2457 
f 2456/2456/2456 2438/2438/2438 2458/2458/2458 
f 2440/2440/2440 2458/2458/2458 2438/2438/2438 
f 2455/2455/2455 2456/2456/2456 2459/2459/2459 
f 2457/2457/2457 2455/2455/2455 2459/2459/2459 
f 2458/2458/2458 2460/2460/2460 2456/2456/2456 
f 2459/2459/2459 2456/2456/2456 2460/2460/2460 
f 2458/2458/2458 2440/2440/2440 2461/2461/2461 
f 2445/2445/2445 2461/2461/2461 2440/2440/2440 
f 2460/2460/2460 2458/2458/2458 2462/2462/2462 
f 2458/2458/2458 2461/2461/2461 2462/2462/2462 
f 2461/2461/2461 2445/2445/2445 2463/2463/2463 
f 2446/2446/2446 2463/2463/2463 2445/2445/2445 
f 2463/2463/2463 2446/2446/2446 2350/2350/2350 
f 2350/2350/2350 2347/2347/2347 2463/2463/2463 
f 2464/2464/2464 2461/2461/2461 2463/2463/2463 
f 2463/2463/2463 2347/2347/2347 2464/2464/2464 
f 2462/2462/2462 2461/2461/2461 2464/2464/2464 
f 2347/2347/2347 2349/2349/2349 2464/2464/2464 
f 2465/2465/2465 2464/2464/2464 2349/2349/2349 
f 2464/2464/2464 2465/2465/2465 2462/2462/2462 
f 2349/2349/2349 2351/2351/2351 2465/2465/2465 
f 2466/2466/2466 2465/2465/2465 2351/2351/2351 
f 2351/2351/2351 2354/2354/2354 2466/2466/2466 
f 2467/2467/2467 2462/2462/2462 2465/2465/2465 
f 2465/2465/2465 2466/2466/2466 2467/2467/2467 
f 2462/2462/2462 2467/2467/2467 2460/2460/2460 
f 2354/2354/2354 2468/2468/2468 2466/2466/2466 
f 2468/2468/2468 2467/2467/2467 2466/2466/2466 
f 2468/2468/2468 2354/2354/2354 2360/2360/2360 
f 2469/2469/2469 2460/2460/2460 2467/2467/2467 
f 2467/2467/2467 2468/2468/2468 2469/2469/2469 
f 2460/2460/2460 2469/2469/2469 2459/2459/2459 
f 2360/2360/2360 2470/2470/2470 2468/2468/2468 
f 2470/2470/2470 2469/2469/2469 2468/2468/2468 
f 2470/2470/2470 2360/2360/2360 2364/2364/2364 
f 2471/2471/2471 2459/2459/2459 2469/2469/2469 
f 2469/2469/2469 2470/2470/2470 2471/2471/2471 
f 2459/2459/2459 2471/2471/2471 2457/2457/2457 
f 2364/2364/2364 2472/2472/2472 2470/2470/2470 
f 2472/2472/2472 2471/2471/2471 2470/2470/2470 
f 2472/2472/2472 2364/2364/2364 2473/2473/2473 
f 2361/2361/2361 2473/2473/2473 2364/2364/2364 
f 2473/2473/2473 2361/2361/2361 2374/2374/2374 
f 2471/2471/2471 2474/2474/2474 2457/2457/2457 
f 2474/2474/2474 2454/2454/2454 2457/2457/2457 
f 2451/2451/2451 2454/2454/2454 2474/2474/2474 
f 2474/2474/2474 2471/2471/2471 2475/2475/2475 
f 2471/2471/2471 2472/2472/2472 2475/2475/2475 
f 2476/2476/2476 2451/2451/2451 2474/2474/2474 
f 2475/2475/2475 2476/2476/2476 2474/2474/2474 
f 2451/2451/2451 2476/2476/2476 2452/2452/2452 
f 2477/2477/2477 2452/2452/2452 2476/2476/2476 
f 2476/2476/2476 2475/2475/2475 2478/2478/2478 
f 2478/2478/2478 2477/2477/2477 2476/2476/2476 
f 2479/2479/2479 2475/2475/2475 2472/2472/2472 
f 2475/2475/2475 2479/2479/2479 2478/2478/2478 
f 2473/2473/2473 2479/2479/2479 2472/2472/2472 
f 2479/2479/2479 2473/2473/2473 2480/2480/2480 
f 2374/2374/2374 2480/2480/2480 2473/2473/2473 
f 2480/2480/2480 2374/2374/2374 2375/2375/2375 
f 2480/2480/2480 2481/2481/2481 2479/2479/2479 
f 2481/2481/2481 2478/2478/2478 2479/2479/2479 
f 2375/2375/2375 2482/2482/2482 2480/2480/2480 
f 2481/2481/2481 2480/2480/2480 2482/2482/2482 
f 2482/2482/2482 2375/2375/2375 2483/2483/2483 
f 2483/2483/2483 2484/2484/2484 2482/2482/2482 
f 2482/2482/2482 2485/2485/2485 2481/2481/2481 
f 2485/2485/2485 2482/2482/2482 2484/2484/2484 
f 2478/2478/2478 2481/2481/2481 2486/2486/2486 
f 2477/2477/2477 2478/2478/2478 2486/2486/2486 
f 2481/2481/2481 2485/2485/2485 2487/2487/2487 
f 2487/2487/2487 2486/2486/2486 2481/2481/2481 
f 2484/2484/2484 2488/2488/2488 2485/2485/2485 
f 2488/2488/2488 2487/2487/2487 2485/2485/2485 
f 2488/2488/2488 2484/2484/2484 2489/2489/2489 
f 2486/2486/2486 2490/2490/2490 2477/2477/2477 
f 2490/2490/2490 2486/2486/2486 2487/2487/2487 
f 2491/2491/2491 2477/2477/2477 2490/2490/2490 
f 2490/2490/2490 2492/2492/2492 2491/2491/2491 
f 2492/2492/2492 2490/2490/2490 2493/2493/2493 
f 2487/2487/2487 2493/2493/2493 2490/2490/2490 
f 2494/2494/2494 2492/2492/2492 2493/2493/2493 
f 2493/2493/2493 2487/2487/2487 2495/2495/2495 
f 2494/2494/2494 2493/2493/2493 2495/2495/2495 
f 2487/2487/2487 2488/2488/2488 2495/2495/2495 
f 2494/2494/2494 2495/2495/2495 2496/2496/2496 
f 2496/2496/2496 2495/2495/2495 2488/2488/2488 
f 2496/2496/2496 2497/2497/2497 2494/2494/2494 
f 2498/2498/2498 2494/2494/2494 2497/2497/2497 
f 2497/2497/2497 2499/2499/2499 2498/2498/2498 
f 2488/2488/2488 2500/2500/2500 2496/2496/2496 
f 2489/2489/2489 2500/2500/2500 2488/2488/2488 
f 2500/2500/2500 2489/2489/2489 2501/2501/2501 
f 2501/2501/2501 2502/2502/2502 2500/2500/2500 
f 2503/2503/2503 2496/2496/2496 2500/2500/2500 
f 2497/2497/2497 2496/2496/2496 2503/2503/2503 
f 2500/2500/2500 2502/2502/2502 2503/2503/2503 
f 2499/2499/2499 2497/2497/2497 2504/2504/2504 
f 2503/2503/2503 2504/2504/2504 2497/2497/2497 
f 2505/2505/2505 2499/2499/2499 2504/2504/2504 
f 2504/2504/2504 2503/2503/2503 2506/2506/2506 
f 2502/2502/2502 2506/2506/2506 2503/2503/2503 
f 2504/2504/2504 2506/2506/2506 2505/2505/2505 
f 2506/2506/2506 2502/2502/2502 2507/2507/2507 
f 2502/2502/2502 2508/2508/2508 2507/2507/2507 
f 2507/2507/2507 2509/2509/2509 2506/2506/2506 
f 2505/2505/2505 2506/2506/2506 2509/2509/2509 
f 2510/2510/2510 2507/2507/2507 2508/2508/2508 
f 2507/2507/2507 2510/2510/2510 2509/2509/2509 
f 2508/2508/2508 2511/2511/2511 2510/2510/2510 
f 2512/2512/2512 2510/2510/2510 2511/2511/2511 
f 2513/2513/2513 2509/2509/2509 2510/2510/2510 
f 2510/2510/2510 2512/2512/2512 2513/2513/2513 
f 2505/2505/2505 2509/2509/2509 2514/2514/2514 
f 2509/2509/2509 2513/2513/2513 2514/2514/2514 
f 2515/2515/2515 2513/2513/2513 2512/2512/2512 
f 2515/2515/2515 2514/2514/2514 2513/2513/2513 
f 2512/2512/2512 2516/2516/2516 2515/2515/2515 
f 2516/2516/2516 2517/2517/2517 2515/2515/2515 
f 2518/2518/2518 2515/2515/2515 2517/2517/2517 
f 2518/2518/2518 2514/2514/2514 2515/2515/2515 
f 2519/2519/2519 2518/2518/2518 2517/2517/2517 
f 2520/2520/2520 2505/2505/2505 2514/2514/2514 
f 2514/2514/2514 2518/2518/2518 2521/2521/2521 
f 2514/2514/2514 2521/2521/2521 2520/2520/2520 
f 2522/2522/2522 2521/2521/2521 2518/2518/2518 
f 2522/2522/2522 2518/2518/2518 2519/2519/2519 
f 2523/2523/2523 2520/2520/2520 2521/2521/2521 
f 2524/2524/2524 2521/2521/2521 2522/2522/2522 
f 2524/2524/2524 2523/2523/2523 2521/2521/2521 
f 2525/2525/2525 2526/2526/2526 2527/2527/2527 
f 2528/2528/2528 2527/2527/2527 2526/2526/2526 
f 2527/2527/2527 2529/2529/2529 2525/2525/2525 
f 2526/2526/2526 2525/2525/2525 2530/2530/2530 
f 2527/2527/2527 2528/2528/2528 2531/2531/2531 
f 2526/2526/2526 2532/2532/2532 2528/2528/2528 
f 2529/2529/2529 2527/2527/2527 2533/2533/2533 
f 2531/2531/2531 2533/2533/2533 2527/2527/2527 
f 2534/2534/2534 2529/2529/2529 2533/2533/2533 
f 2533/2533/2533 2531/2531/2531 2535/2535/2535 
f 2535/2535/2535 2534/2534/2534 2533/2533/2533 
f 2531/2531/2531 2528/2528/2528 2536/2536/2536 
f 2492/2492/2492 2536/2536/2536 2528/2528/2528 
f 2528/2528/2528 2532/2532/2532 2492/2492/2492 
f 2536/2536/2536 2498/2498/2498 2531/2531/2531 
f 2498/2498/2498 2535/2535/2535 2531/2531/2531 
f 2494/2494/2494 2498/2498/2498 2536/2536/2536 
f 2492/2492/2492 2494/2494/2494 2536/2536/2536 
f 2537/2537/2537 2538/2538/2538 2539/2539/2539 
f 2540/2540/2540 2539/2539/2539 2538/2538/2538 
f 2539/2539/2539 2540/2540/2540 2541/2541/2541 
f 2542/2542/2542 2541/2541/2541 2540/2540/2540 
f 2541/2541/2541 2542/2542/2542 2543/2543/2543 
f 2543/2543/2543 2542/2542/2542 2544/2544/2544 
f 2448/2448/2448 2545/2545/2545 2546/2546/2546 
f 2545/2545/2545 2547/2547/2547 2546/2546/2546 
f 2548/2548/2548 2546/2546/2546 2547/2547/2547 
f 2549/2549/2549 2548/2548/2548 2547/2547/2547 
f 2546/2546/2546 2444/2444/2444 2448/2448/2448 
f 2548/2548/2548 2549/2549/2549 2550/2550/2550 
f 2551/2551/2551 2550/2550/2550 2549/2549/2549 
f 2550/2550/2550 2551/2551/2551 2552/2552/2552 
f 2552/2552/2552 2553/2553/2553 2550/2550/2550 
f 2550/2550/2550 2554/2554/2554 2548/2548/2548 
f 2550/2550/2550 2553/2553/2553 2554/2554/2554 
f 2546/2546/2546 2548/2548/2548 2555/2555/2555 
f 2444/2444/2444 2546/2546/2546 2555/2555/2555 
f 2556/2556/2556 2548/2548/2548 2554/2554/2554 
f 2556/2556/2556 2555/2555/2555 2548/2548/2548 
f 2553/2553/2553 2557/2557/2557 2554/2554/2554 
f 2557/2557/2557 2556/2556/2556 2554/2554/2554 
f 2557/2557/2557 2553/2553/2553 2558/2558/2558 
f 2555/2555/2555 2556/2556/2556 2443/2443/2443 
f 2443/2443/2443 2444/2444/2444 2555/2555/2555 
f 2556/2556/2556 2557/2557/2557 2559/2559/2559 
f 2559/2559/2559 2443/2443/2443 2556/2556/2556 
f 2558/2558/2558 2560/2560/2560 2557/2557/2557 
f 2560/2560/2560 2559/2559/2559 2557/2557/2557 
f 2560/2560/2560 2558/2558/2558 2561/2561/2561 
f 2561/2561/2561 2562/2562/2562 2560/2560/2560 
f 2562/2562/2562 2561/2561/2561 2563/2563/2563 
f 2563/2563/2563 2564/2564/2564 2562/2562/2562 
f 2562/2562/2562 2565/2565/2565 2560/2560/2560 
f 2559/2559/2559 2560/2560/2560 2565/2565/2565 
f 2566/2566/2566 2562/2562/2562 2564/2564/2564 
f 2443/2443/2443 2559/2559/2559 2435/2435/2435 
f 2565/2565/2565 2435/2435/2435 2559/2559/2559 
f 2564/2564/2564 2567/2567/2567 2566/2566/2566 
f 2567/2567/2567 2564/2564/2564 2568/2568/2568 
f 2568/2568/2568 2569/2569/2569 2567/2567/2567 
f 2566/2566/2566 2570/2570/2570 2562/2562/2562 
f 2565/2565/2565 2562/2562/2562 2570/2570/2570 
f 2566/2566/2566 2567/2567/2567 2571/2571/2571 
f 2570/2570/2570 2566/2566/2566 2571/2571/2571 
f 2567/2567/2567 2569/2569/2569 2572/2572/2572 
f 2569/2569/2569 2573/2573/2573 2572/2572/2572 
f 2567/2567/2567 2574/2574/2574 2571/2571/2571 
f 2574/2574/2574 2567/2567/2567 2572/2572/2572 
f 2571/2571/2571 2575/2575/2575 2570/2570/2570 
f 2575/2575/2575 2571/2571/2571 2574/2574/2574 
f 2570/2570/2570 2433/2433/2433 2565/2565/2565 
f 2433/2433/2433 2570/2570/2570 2575/2575/2575 
f 2435/2435/2435 2565/2565/2565 2433/2433/2433 
f 2572/2572/2572 2573/2573/2573 2441/2441/2441 
f 2446/2446/2446 2441/2441/2441 2573/2573/2573 
f 2439/2439/2439 2574/2574/2574 2572/2572/2572 
f 2572/2572/2572 2441/2441/2441 2439/2439/2439 
f 2437/2437/2437 2574/2574/2574 2439/2439/2439 
f 2574/2574/2574 2437/2437/2437 2575/2575/2575 
f 2575/2575/2575 2434/2434/2434 2433/2433/2433 
f 2434/2434/2434 2575/2575/2575 2437/2437/2437 
f 2576/2576/2576 2577/2577/2577 2578/2578/2578 
f 2371/2371/2371 2577/2577/2577 2576/2576/2576 
f 2579/2579/2579 2580/2580/2580 2578/2578/2578 
f 2577/2577/2577 2579/2579/2579 2578/2578/2578 
f 2580/2580/2580 2579/2579/2579 2581/2581/2581 
f 2577/2577/2577 2371/2371/2371 2367/2367/2367 
f 2577/2577/2577 2305/2305/2305 2579/2579/2579 
f 2306/2306/2306 2577/2577/2577 2367/2367/2367 
f 2577/2577/2577 2306/2306/2306 2305/2305/2305 
f 2305/2305/2305 2302/2302/2302 2579/2579/2579 
f 2302/2302/2302 2581/2581/2581 2579/2579/2579 
f 2581/2581/2581 2582/2582/2582 2580/2580/2580 
f 2583/2583/2583 2580/2580/2580 2582/2582/2582 
f 2582/2582/2582 2584/2584/2584 2583/2583/2583 
f 2584/2584/2584 2582/2582/2582 2585/2585/2585 
f 2582/2582/2582 2581/2581/2581 2586/2586/2586 
f 2586/2586/2586 2585/2585/2585 2582/2582/2582 
f 2581/2581/2581 2587/2587/2587 2586/2586/2586 
f 2581/2581/2581 2302/2302/2302 2587/2587/2587 
f 2585/2585/2585 2586/2586/2586 2588/2588/2588 
f 2586/2586/2586 2587/2587/2587 2589/2589/2589 
f 2589/2589/2589 2588/2588/2588 2586/2586/2586 
f 2301/2301/2301 2587/2587/2587 2302/2302/2302 
f 2587/2587/2587 2301/2301/2301 2589/2589/2589 
f 2585/2585/2585 2588/2588/2588 2590/2590/2590 
f 2585/2585/2585 2590/2590/2590 2591/2591/2591 
f 2591/2591/2591 2590/2590/2590 2592/2592/2592 
f 2588/2588/2588 2593/2593/2593 2590/2590/2590 
f 2588/2588/2588 2589/2589/2589 2594/2594/2594 
f 2588/2588/2588 2594/2594/2594 2593/2593/2593 
f 2589/2589/2589 2301/2301/2301 2595/2595/2595 
f 2595/2595/2595 2594/2594/2594 2589/2589/2589 
f 2301/2301/2301 2298/2298/2298 2595/2595/2595 
f 2590/2590/2590 2593/2593/2593 2596/2596/2596 
f 2592/2592/2592 2590/2590/2590 2596/2596/2596 
f 2594/2594/2594 2221/2221/2221 2593/2593/2593 
f 2594/2594/2594 2595/2595/2595 2222/2222/2222 
f 2594/2594/2594 2222/2222/2222 2221/2221/2221 
f 2224/2224/2224 2222/2222/2222 2595/2595/2595 
f 2595/2595/2595 2298/2298/2298 2224/2224/2224 
f 2596/2596/2596 2593/2593/2593 2231/2231/2231 
f 2593/2593/2593 2221/2221/2221 2231/2231/2231 
f 2596/2596/2596 2597/2597/2597 2592/2592/2592 
f 2596/2596/2596 2231/2231/2231 2234/2234/2234 
f 2597/2597/2597 2596/2596/2596 2234/2234/2234 
f 2234/2234/2234 2236/2236/2236 2597/2597/2597 
f 2236/2236/2236 2598/2598/2598 2597/2597/2597 
f 2598/2598/2598 2236/2236/2236 2599/2599/2599 
f 2599/2599/2599 2600/2600/2600 2598/2598/2598 
f 2600/2600/2600 2599/2599/2599 2601/2601/2601 
f 2601/2601/2601 2602/2602/2602 2600/2600/2600 
f 2602/2602/2602 2601/2601/2601 2603/2603/2603 
f 2603/2603/2603 2604/2604/2604 2602/2602/2602 
f 2604/2604/2604 2603/2603/2603 2605/2605/2605 
f 2605/2605/2605 2606/2606/2606 2604/2604/2604 
f 2606/2606/2606 2605/2605/2605 2607/2607/2607 
f 2607/2607/2607 2608/2608/2608 2606/2606/2606 
f 2608/2608/2608 2607/2607/2607 2609/2609/2609 
f 2609/2609/2609 2610/2610/2610 2608/2608/2608 
f 2610/2610/2610 2609/2609/2609 2611/2611/2611 
f 2611/2611/2611 2612/2612/2612 2610/2610/2610 
f 2612/2612/2612 2611/2611/2611 2613/2613/2613 
f 2613/2613/2613 2614/2614/2614 2612/2612/2612 
f 2614/2614/2614 2613/2613/2613 2615/2615/2615 
f 2616/2616/2616 2614/2614/2614 2615/2615/2615 
f 2614/2614/2614 2616/2616/2616 2617/2617/2617 
f 2618/2618/2618 2617/2617/2617 2616/2616/2616 
f 2617/2617/2617 2618/2618/2618 2619/2619/2619 
f 2620/2620/2620 2619/2619/2619 2618/2618/2618 
f 2618/2618/2618 2621/2621/2621 2620/2620/2620 
f 2621/2621/2621 2622/2622/2622 2620/2620/2620 
f 2621/2621/2621 2623/2623/2623 2622/2622/2622 
f 2624/2624/2624 2622/2622/2622 2623/2623/2623 
f 2623/2623/2623 2625/2625/2625 2624/2624/2624 
f 2626/2626/2626 2624/2624/2624 2625/2625/2625 
f 2624/2624/2624 2626/2626/2626 2627/2627/2627 
f 2628/2628/2628 2378/2378/2378 2371/2371/2371 
f 2373/2373/2373 2483/2483/2483 2375/2375/2375 
f 2483/2483/2483 2373/2373/2373 2376/2376/2376 
f 2628/2628/2628 2629/2629/2629 2378/2378/2378 
f 2630/2630/2630 2377/2377/2377 2378/2378/2378 
f 2629/2629/2629 2630/2630/2630 2378/2378/2378 
f 2631/2631/2631 2629/2629/2629 2628/2628/2628 
f 2630/2630/2630 2632/2632/2632 2377/2377/2377 
f 2376/2376/2376 2377/2377/2377 2632/2632/2632 
f 2376/2376/2376 2633/2633/2633 2483/2483/2483 
f 2633/2633/2633 2376/2376/2376 2632/2632/2632 
f 2484/2484/2484 2483/2483/2483 2633/2633/2633 
f 2634/2634/2634 2630/2630/2630 2629/2629/2629 
f 2632/2632/2632 2630/2630/2630 2635/2635/2635 
f 2634/2634/2634 2635/2635/2635 2630/2630/2630 
f 2632/2632/2632 2636/2636/2636 2633/2633/2633 
f 2636/2636/2636 2632/2632/2632 2635/2635/2635 
f 2489/2489/2489 2633/2633/2633 2636/2636/2636 
f 2633/2633/2633 2489/2489/2489 2484/2484/2484 
f 2637/2637/2637 2634/2634/2634 2629/2629/2629 
f 2631/2631/2631 2637/2637/2637 2629/2629/2629 
f 2635/2635/2635 2634/2634/2634 2638/2638/2638 
f 2635/2635/2635 2639/2639/2639 2636/2636/2636 
f 2639/2639/2639 2635/2635/2635 2638/2638/2638 
f 2640/2640/2640 2638/2638/2638 2634/2634/2634 
f 2637/2637/2637 2640/2640/2640 2634/2634/2634 
f 2638/2638/2638 2641/2641/2641 2639/2639/2639 
f 2501/2501/2501 2636/2636/2636 2639/2639/2639 
f 2636/2636/2636 2501/2501/2501 2489/2489/2489 
f 2642/2642/2642 2639/2639/2639 2641/2641/2641 
f 2639/2639/2639 2642/2642/2642 2501/2501/2501 
f 2641/2641/2641 2638/2638/2638 2643/2643/2643 
f 2638/2638/2638 2640/2640/2640 2643/2643/2643 
f 2644/2644/2644 2642/2642/2642 2641/2641/2641 
f 2643/2643/2643 2644/2644/2644 2641/2641/2641 
f 2502/2502/2502 2501/2501/2501 2642/2642/2642 
f 2645/2645/2645 2643/2643/2643 2640/2640/2640 
f 2637/2637/2637 2645/2645/2645 2640/2640/2640 
f 2644/2644/2644 2643/2643/2643 2646/2646/2646 
f 2643/2643/2643 2645/2645/2645 2646/2646/2646 
f 2642/2642/2642 2644/2644/2644 2508/2508/2508 
f 2508/2508/2508 2502/2502/2502 2642/2642/2642 
f 2646/2646/2646 2511/2511/2511 2644/2644/2644 
f 2511/2511/2511 2508/2508/2508 2644/2644/2644 
f 2645/2645/2645 2637/2637/2637 2647/2647/2647 
f 2631/2631/2631 2647/2647/2647 2637/2637/2637 
f 2648/2648/2648 2646/2646/2646 2645/2645/2645 
f 2647/2647/2647 2648/2648/2648 2645/2645/2645 
f 2511/2511/2511 2646/2646/2646 2649/2649/2649 
f 2646/2646/2646 2648/2648/2648 2649/2649/2649 
f 2647/2647/2647 2631/2631/2631 2650/2650/2650 
f 2650/2650/2650 2631/2631/2631 2651/2651/2651 
f 2648/2648/2648 2647/2647/2647 2652/2652/2652 
f 2650/2650/2650 2652/2652/2652 2647/2647/2647 
f 2648/2648/2648 2653/2653/2653 2649/2649/2649 
f 2653/2653/2653 2511/2511/2511 2649/2649/2649 
f 2651/2651/2651 2654/2654/2654 2650/2650/2650 
f 2652/2652/2652 2650/2650/2650 2654/2654/2654 
f 2651/2651/2651 2655/2655/2655 2654/2654/2654 
f 2652/2652/2652 2656/2656/2656 2648/2648/2648 
f 2656/2656/2656 2653/2653/2653 2648/2648/2648 
f 2654/2654/2654 2657/2657/2657 2652/2652/2652 
f 2656/2656/2656 2652/2652/2652 2657/2657/2657 
f 2535/2535/2535 2498/2498/2498 2499/2499/2499 
f 2491/2491/2491 2492/2492/2492 2532/2532/2532 
f 2532/2532/2532 2526/2526/2526 2658/2658/2658 
f 2530/2530/2530 2658/2658/2658 2526/2526/2526 
f 2658/2658/2658 2659/2659/2659 2532/2532/2532 
f 2532/2532/2532 2659/2659/2659 2491/2491/2491 
f 2658/2658/2658 2530/2530/2530 2660/2660/2660 
f 2659/2659/2659 2658/2658/2658 2661/2661/2661 
f 2660/2660/2660 2661/2661/2661 2658/2658/2658 
f 2660/2660/2660 2530/2530/2530 2662/2662/2662 
f 2661/2661/2661 2663/2663/2663 2659/2659/2659 
f 2664/2664/2664 2491/2491/2491 2659/2659/2659 
f 2659/2659/2659 2663/2663/2663 2664/2664/2664 
f 2477/2477/2477 2491/2491/2491 2664/2664/2664 
f 2452/2452/2452 2664/2664/2664 2663/2663/2663 
f 2452/2452/2452 2477/2477/2477 2664/2664/2664 
f 2663/2663/2663 2661/2661/2661 2665/2665/2665 
f 2663/2663/2663 2449/2449/2449 2452/2452/2452 
f 2665/2665/2665 2449/2449/2449 2663/2663/2663 
f 2666/2666/2666 2665/2665/2665 2661/2661/2661 
f 2661/2661/2661 2660/2660/2660 2666/2666/2666 
f 2449/2449/2449 2665/2665/2665 2448/2448/2448 
f 2665/2665/2665 2666/2666/2666 2545/2545/2545 
f 2545/2545/2545 2448/2448/2448 2665/2665/2665 
f 2666/2666/2666 2660/2660/2660 2667/2667/2667 
f 2662/2662/2662 2667/2667/2667 2660/2660/2660 
f 2667/2667/2667 2668/2668/2668 2666/2666/2666 
f 2545/2545/2545 2666/2666/2666 2668/2668/2668 
f 2669/2669/2669 2668/2668/2668 2667/2667/2667 
f 2668/2668/2668 2670/2670/2670 2545/2545/2545 
f 2671/2671/2671 2670/2670/2670 2668/2668/2668 
f 2668/2668/2668 2669/2669/2669 2671/2671/2671 
f 2547/2547/2547 2545/2545/2545 2670/2670/2670 
f 2672/2672/2672 2671/2671/2671 2669/2669/2669 
f 2671/2671/2671 2672/2672/2672 2673/2673/2673 
f 2669/2669/2669 2674/2674/2674 2672/2672/2672 
f 2670/2670/2670 2671/2671/2671 2675/2675/2675 
f 2673/2673/2673 2675/2675/2675 2671/2671/2671 
f 2675/2675/2675 2547/2547/2547 2670/2670/2670 
f 2675/2675/2675 2673/2673/2673 2676/2676/2676 
f 2676/2676/2676 2549/2549/2549 2675/2675/2675 
f 2547/2547/2547 2675/2675/2675 2549/2549/2549 
f 2549/2549/2549 2676/2676/2676 2551/2551/2551 
f 2674/2674/2674 2669/2669/2669 2677/2677/2677 
f 2667/2667/2667 2677/2677/2677 2669/2669/2669 
f 2677/2677/2677 2678/2678/2678 2674/2674/2674 
f 2674/2674/2674 2678/2678/2678 2679/2679/2679 
f 2678/2678/2678 2680/2680/2680 2679/2679/2679 
f 2679/2679/2679 2680/2680/2680 2681/2681/2681 
f 2680/2680/2680 2682/2682/2682 2681/2681/2681 
f 2683/2683/2683 2681/2681/2681 2682/2682/2682 
f 2682/2682/2682 2684/2684/2684 2683/2683/2683 
f 2685/2685/2685 2683/2683/2683 2684/2684/2684 
f 2684/2684/2684 2686/2686/2686 2685/2685/2685 
f 2687/2687/2687 2685/2685/2685 2686/2686/2686 
f 2686/2686/2686 2688/2688/2688 2687/2687/2687 
f 2689/2689/2689 2687/2687/2687 2688/2688/2688 
f 2688/2688/2688 2690/2690/2690 2689/2689/2689 
f 2691/2691/2691 2689/2689/2689 2690/2690/2690 
f 2690/2690/2690 2692/2692/2692 2691/2691/2691 
f 2693/2693/2693 2691/2691/2691 2692/2692/2692 
f 2692/2692/2692 2694/2694/2694 2693/2693/2693 
f 2695/2695/2695 2693/2693/2693 2694/2694/2694 
f 2694/2694/2694 2696/2696/2696 2695/2695/2695 
f 2696/2696/2696 2694/2694/2694 2697/2697/2697 
f 2697/2697/2697 2698/2698/2698 2696/2696/2696 
f 2698/2698/2698 2697/2697/2697 2699/2699/2699 
f 2700/2700/2700 2698/2698/2698 2699/2699/2699 
f 2698/2698/2698 2700/2700/2700 2701/2701/2701 
f 2702/2702/2702 2701/2701/2701 2700/2700/2700 
f 2701/2701/2701 2702/2702/2702 2703/2703/2703 
f 2704/2704/2704 2703/2703/2703 2702/2702/2702 
f 2703/2703/2703 2704/2704/2704 2705/2705/2705 
f 2704/2704/2704 2706/2706/2706 2705/2705/2705 
f 2706/2706/2706 2704/2704/2704 2707/2707/2707 
f 2708/2708/2708 2709/2709/2709 2710/2710/2710 
f 2711/2711/2711 2708/2708/2708 2710/2710/2710 
f 2712/2712/2712 2713/2713/2713 2714/2714/2714 
f 2715/2715/2715 2714/2714/2714 2713/2713/2713 
f 2713/2713/2713 2712/2712/2712 2716/2716/2716 
f 2715/2715/2715 2717/2717/2717 2709/2709/2709 
f 2718/2718/2718 2710/2710/2710 2709/2709/2709 
f 2709/2709/2709 2717/2717/2717 2718/2718/2718 
f 2710/2710/2710 2718/2718/2718 2719/2719/2719 
f 2719/2719/2719 2711/2711/2711 2710/2710/2710 
f 2720/2720/2720 2719/2719/2719 2718/2718/2718 
f 2717/2717/2717 2720/2720/2720 2718/2718/2718 
f 2711/2711/2711 2719/2719/2719 2721/2721/2721 
f 2719/2719/2719 2720/2720/2720 2655/2655/2655 
f 2655/2655/2655 2721/2721/2721 2719/2719/2719 
f 2721/2721/2721 2722/2722/2722 2711/2711/2711 
f 2722/2722/2722 2723/2723/2723 2711/2711/2711 
f 2722/2722/2722 2724/2724/2724 2723/2723/2723 
f 2723/2723/2723 2724/2724/2724 2583/2583/2583 
f 2722/2722/2722 2725/2725/2725 2724/2724/2724 
f 2724/2724/2724 2580/2580/2580 2583/2583/2583 
f 2580/2580/2580 2724/2724/2724 2725/2725/2725 
f 2721/2721/2721 2726/2726/2726 2722/2722/2722 
f 2725/2725/2725 2722/2722/2722 2726/2726/2726 
f 2726/2726/2726 2721/2721/2721 2727/2727/2727 
f 2721/2721/2721 2655/2655/2655 2727/2727/2727 
f 2728/2728/2728 2725/2725/2725 2726/2726/2726 
f 2729/2729/2729 2726/2726/2726 2727/2727/2727 
f 2729/2729/2729 2728/2728/2728 2726/2726/2726 
f 2727/2727/2727 2655/2655/2655 2651/2651/2651 
f 2651/2651/2651 2729/2729/2729 2727/2727/2727 
f 2631/2631/2631 2729/2729/2729 2651/2651/2651 
f 2729/2729/2729 2628/2628/2628 2728/2728/2728 
f 2631/2631/2631 2628/2628/2628 2729/2729/2729 
f 2728/2728/2728 2576/2576/2576 2725/2725/2725 
f 2628/2628/2628 2371/2371/2371 2728/2728/2728 
f 2728/2728/2728 2371/2371/2371 2576/2576/2576 
f 2725/2725/2725 2576/2576/2576 2578/2578/2578 
f 2725/2725/2725 2578/2578/2578 2580/2580/2580 
f 2730/2730/2730 2731/2731/2731 2732/2732/2732 
f 2732/2732/2732 2733/2733/2733 2730/2730/2730 
f 2731/2731/2731 2734/2734/2734 2735/2735/2735 
f 2733/2733/2733 2732/2732/2732 2736/2736/2736 
f 2736/2736/2736 2737/2737/2737 2733/2733/2733 
f 2738/2738/2738 2732/2732/2732 2731/2731/2731 
f 2735/2735/2735 2739/2739/2739 2731/2731/2731 
f 2738/2738/2738 2731/2731/2731 2739/2739/2739 
f 2739/2739/2739 2735/2735/2735 2740/2740/2740 
f 2732/2732/2732 2738/2738/2738 2741/2741/2741 
f 2741/2741/2741 2736/2736/2736 2732/2732/2732 
f 2739/2739/2739 2742/2742/2742 2738/2738/2738 
f 2740/2740/2740 2743/2743/2743 2739/2739/2739 
f 2742/2742/2742 2739/2739/2739 2743/2743/2743 
f 2743/2743/2743 2740/2740/2740 2744/2744/2744 
f 2745/2745/2745 2738/2738/2738 2742/2742/2742 
f 2745/2745/2745 2741/2741/2741 2738/2738/2738 
f 2743/2743/2743 2746/2746/2746 2742/2742/2742 
f 2744/2744/2744 2747/2747/2747 2743/2743/2743 
f 2746/2746/2746 2743/2743/2743 2747/2747/2747 
f 2747/2747/2747 2744/2744/2744 2748/2748/2748 
f 2748/2748/2748 2749/2749/2749 2747/2747/2747 
f 2750/2750/2750 2747/2747/2747 2749/2749/2749 
f 2747/2747/2747 2750/2750/2750 2746/2746/2746 
f 2749/2749/2749 2751/2751/2751 2750/2750/2750 
f 2752/2752/2752 2742/2742/2742 2746/2746/2746 
f 2742/2742/2742 2752/2752/2752 2745/2745/2745 
f 2753/2753/2753 2746/2746/2746 2750/2750/2750 
f 2746/2746/2746 2753/2753/2753 2752/2752/2752 
f 2754/2754/2754 2750/2750/2750 2751/2751/2751 
f 2750/2750/2750 2754/2754/2754 2753/2753/2753 
f 2751/2751/2751 2755/2755/2755 2754/2754/2754 
f 2756/2756/2756 2754/2754/2754 2755/2755/2755 
f 2755/2755/2755 2757/2757/2757 2756/2756/2756 
f 2758/2758/2758 2754/2754/2754 2756/2756/2756 
f 2754/2754/2754 2758/2758/2758 2753/2753/2753 
f 2753/2753/2753 2758/2758/2758 2759/2759/2759 
f 2753/2753/2753 2759/2759/2759 2752/2752/2752 
f 2752/2752/2752 2759/2759/2759 2760/2760/2760 
f 2752/2752/2752 2760/2760/2760 2745/2745/2745 
f 2760/2760/2760 2761/2761/2761 2745/2745/2745 
f 2741/2741/2741 2745/2745/2745 2761/2761/2761 
f 2761/2761/2761 2760/2760/2760 2762/2762/2762 
f 2761/2761/2761 2763/2763/2763 2741/2741/2741 
f 2736/2736/2736 2741/2741/2741 2763/2763/2763 
f 2762/2762/2762 2764/2764/2764 2761/2761/2761 
f 2763/2763/2763 2761/2761/2761 2764/2764/2764 
f 2764/2764/2764 2762/2762/2762 2765/2765/2765 
f 2763/2763/2763 2766/2766/2766 2736/2736/2736 
f 2737/2737/2737 2736/2736/2736 2766/2766/2766 
f 2766/2766/2766 2767/2767/2767 2737/2737/2737 
f 2767/2767/2767 2766/2766/2766 2768/2768/2768 
f 2766/2766/2766 2763/2763/2763 2769/2769/2769 
f 2769/2769/2769 2768/2768/2768 2766/2766/2766 
f 2764/2764/2764 2769/2769/2769 2763/2763/2763 
f 2768/2768/2768 2769/2769/2769 2770/2770/2770 
f 2765/2765/2765 2771/2771/2771 2764/2764/2764 
f 2769/2769/2769 2764/2764/2764 2771/2771/2771 
f 2771/2771/2771 2770/2770/2770 2769/2769/2769 
f 2771/2771/2771 2765/2765/2765 2772/2772/2772 
f 2770/2770/2770 2771/2771/2771 2773/2773/2773 
f 2772/2772/2772 2773/2773/2773 2771/2771/2771 
f 2773/2773/2773 2772/2772/2772 2774/2774/2774 
f 2775/2775/2775 2584/2584/2584 2776/2776/2776 
f 2584/2584/2584 2591/2591/2591 2776/2776/2776 
f 2775/2775/2775 2776/2776/2776 2777/2777/2777 
f 2775/2775/2775 2583/2583/2583 2584/2584/2584 
f 2591/2591/2591 2778/2778/2778 2776/2776/2776 
f 2584/2584/2584 2585/2585/2585 2591/2591/2591 
f 2776/2776/2776 2778/2778/2778 2779/2779/2779 
f 2777/2777/2777 2776/2776/2776 2779/2779/2779 
f 2778/2778/2778 2591/2591/2591 2592/2592/2592 
f 2780/2780/2780 2775/2775/2775 2777/2777/2777 
f 2778/2778/2778 2781/2781/2781 2779/2779/2779 
f 2780/2780/2780 2723/2723/2723 2775/2775/2775 
f 2583/2583/2583 2775/2775/2775 2723/2723/2723 
f 2777/2777/2777 2708/2708/2708 2780/2780/2780 
f 2723/2723/2723 2780/2780/2780 2711/2711/2711 
f 2708/2708/2708 2711/2711/2711 2780/2780/2780 
f 2779/2779/2779 2782/2782/2782 2777/2777/2777 
f 2708/2708/2708 2777/2777/2777 2782/2782/2782 
f 2782/2782/2782 2779/2779/2779 2783/2783/2783 
f 2781/2781/2781 2783/2783/2783 2779/2779/2779 
f 2784/2784/2784 2708/2708/2708 2782/2782/2782 
f 2783/2783/2783 2714/2714/2714 2782/2782/2782 
f 2784/2784/2784 2782/2782/2782 2714/2714/2714 
f 2714/2714/2714 2783/2783/2783 2712/2712/2712 
f 2715/2715/2715 2784/2784/2784 2714/2714/2714 
f 2783/2783/2783 2781/2781/2781 2785/2785/2785 
f 2785/2785/2785 2712/2712/2712 2783/2783/2783 
f 2709/2709/2709 2708/2708/2708 2784/2784/2784 
f 2784/2784/2784 2715/2715/2715 2709/2709/2709 
f 2786/2786/2786 2787/2787/2787 2788/2788/2788 
f 2787/2787/2787 2786/2786/2786 2789/2789/2789 
f 2788/2788/2788 2790/2790/2790 2786/2786/2786 
f 2791/2791/2791 2788/2788/2788 2787/2787/2787 
f 2787/2787/2787 2792/2792/2792 2791/2791/2791 
f 2788/2788/2788 2791/2791/2791 2793/2793/2793 
f 2794/2794/2794 2787/2787/2787 2789/2789/2789 
f 2792/2792/2792 2787/2787/2787 2794/2794/2794 
f 2789/2789/2789 2795/2795/2795 2794/2794/2794 
f 2794/2794/2794 2796/2796/2796 2792/2792/2792 
f 2793/2793/2793 2797/2797/2797 2788/2788/2788 
f 2790/2790/2790 2788/2788/2788 2797/2797/2797 
f 2797/2797/2797 2793/2793/2793 2798/2798/2798 
f 2797/2797/2797 2799/2799/2799 2790/2790/2790 
f 2795/2795/2795 2800/2800/2800 2794/2794/2794 
f 2796/2796/2796 2794/2794/2794 2800/2800/2800 
f 2800/2800/2800 2795/2795/2795 2801/2801/2801 
f 2800/2800/2800 2802/2802/2802 2796/2796/2796 
f 2800/2800/2800 2801/2801/2801 2802/2802/2802 
f 2796/2796/2796 2802/2802/2802 2803/2803/2803 
f 2801/2801/2801 2804/2804/2804 2802/2802/2802 
f 2799/2799/2799 2797/2797/2797 2805/2805/2805 
f 2798/2798/2798 2805/2805/2805 2797/2797/2797 
f 2805/2805/2805 2806/2806/2806 2799/2799/2799 
f 2805/2805/2805 2798/2798/2798 2807/2807/2807 
f 2806/2806/2806 2805/2805/2805 2808/2808/2808 
f 2807/2807/2807 2808/2808/2808 2805/2805/2805 
f 2808/2808/2808 2807/2807/2807 2809/2809/2809 
f 2804/2804/2804 2810/2810/2810 2802/2802/2802 
f 2802/2802/2802 2810/2810/2810 2803/2803/2803 
f 2810/2810/2810 2804/2804/2804 2811/2811/2811 
f 2803/2803/2803 2810/2810/2810 2812/2812/2812 
f 2811/2811/2811 2813/2813/2813 2810/2810/2810 
f 2813/2813/2813 2812/2812/2812 2810/2810/2810 
f 2814/2814/2814 2815/2815/2815 2816/2816/2816 
f 2816/2816/2816 2815/2815/2815 2817/2817/2817 
f 2815/2815/2815 2818/2818/2818 2817/2817/2817 
f 2819/2819/2819 2814/2814/2814 2816/2816/2816 
f 2814/2814/2814 2819/2819/2819 2820/2820/2820 
f 2817/2817/2817 2821/2821/2821 2816/2816/2816 
f 2822/2822/2822 2816/2816/2816 2821/2821/2821 
f 2816/2816/2816 2822/2822/2822 2819/2819/2819 
f 2821/2821/2821 2817/2817/2817 2823/2823/2823 
f 2824/2824/2824 2819/2819/2819 2822/2822/2822 
f 2825/2825/2825 2820/2820/2820 2819/2819/2819 
f 2819/2819/2819 2824/2824/2824 2825/2825/2825 
f 2820/2820/2820 2825/2825/2825 2826/2826/2826 
f 2827/2827/2827 2823/2823/2823 2817/2817/2817 
f 2817/2817/2817 2818/2818/2818 2827/2827/2827 
f 2823/2823/2823 2827/2827/2827 2828/2828/2828 
f 2829/2829/2829 2827/2827/2827 2818/2818/2818 
f 2825/2825/2825 2830/2830/2830 2826/2826/2826 
f 2830/2830/2830 2825/2825/2825 2824/2824/2824 
f 2826/2826/2826 2830/2830/2830 2831/2831/2831 
f 2824/2824/2824 2832/2832/2832 2830/2830/2830 
f 2827/2827/2827 2829/2829/2829 2833/2833/2833 
f 2833/2833/2833 2828/2828/2828 2827/2827/2827 
f 2834/2834/2834 2833/2833/2833 2829/2829/2829 
f 2828/2828/2828 2833/2833/2833 2835/2835/2835 
f 2833/2833/2833 2834/2834/2834 2836/2836/2836 
f 2836/2836/2836 2835/2835/2835 2833/2833/2833 
f 2835/2835/2835 2836/2836/2836 2837/2837/2837 
f 2838/2838/2838 2830/2830/2830 2832/2832/2832 
f 2838/2838/2838 2831/2831/2831 2830/2830/2830 
f 2832/2832/2832 2839/2839/2839 2838/2838/2838 
f 2831/2831/2831 2838/2838/2838 2840/2840/2840 
f 2841/2841/2841 2838/2838/2838 2839/2839/2839 
f 2841/2841/2841 2840/2840/2840 2838/2838/2838 
f 2842/2842/2842 2843/2843/2843 2844/2844/2844 
f 2845/2845/2845 2844/2844/2844 2843/2843/2843 
f 2843/2843/2843 2842/2842/2842 2846/2846/2846 
f 2844/2844/2844 2845/2845/2845 1499/1499/1499 
f 1499/1499/1499 2845/2845/2845 1504/1504/1504 
f 1494/1494/1494 2842/2842/2842 2844/2844/2844 
f 1499/1499/1499 1494/1494/1494 2844/2844/2844 
f 2847/2847/2847 2846/2846/2846 2842/2842/2842 
f 2846/2846/2846 2847/2847/2847 2848/2848/2848 
f 2847/2847/2847 2849/2849/2849 2848/2848/2848 
f 2850/2850/2850 2847/2847/2847 2842/2842/2842 
f 2842/2842/2842 1494/1494/1494 2850/2850/2850 
f 2849/2849/2849 2847/2847/2847 2851/2851/2851 
f 2851/2851/2851 2852/2852/2852 2849/2849/2849 
f 2852/2852/2852 2851/2851/2851 2853/2853/2853 
f 2854/2854/2854 2851/2851/2851 2847/2847/2847 
f 2847/2847/2847 2850/2850/2850 2854/2854/2854 
f 2855/2855/2855 2853/2853/2853 2851/2851/2851 
f 2851/2851/2851 2854/2854/2854 2855/2855/2855 
f 2853/2853/2853 2855/2855/2855 2856/2856/2856 
f 2855/2855/2855 2857/2857/2857 2856/2856/2856 
f 2857/2857/2857 2855/2855/2855 2858/2858/2858 
f 2854/2854/2854 2858/2858/2858 2855/2855/2855 
f 2858/2858/2858 2859/2859/2859 2857/2857/2857 
f 2860/2860/2860 2854/2854/2854 2850/2850/2850 
f 2858/2858/2858 2854/2854/2854 2861/2861/2861 
f 2854/2854/2854 2860/2860/2860 2861/2861/2861 
f 2850/2850/2850 1491/1491/1491 2860/2860/2860 
f 1491/1491/1491 2850/2850/2850 1494/1494/1494 
f 2862/2862/2862 2861/2861/2861 2860/2860/2860 
f 1491/1491/1491 2862/2862/2862 2860/2860/2860 
f 2863/2863/2863 2858/2858/2858 2861/2861/2861 
f 2861/2861/2861 2862/2862/2862 2863/2863/2863 
f 2859/2859/2859 2858/2858/2858 2864/2864/2864 
f 2858/2858/2858 2863/2863/2863 2864/2864/2864 
f 2865/2865/2865 2859/2859/2859 2864/2864/2864 
f 2859/2859/2859 2865/2865/2865 2866/2866/2866 
f 2867/2867/2867 2864/2864/2864 2863/2863/2863 
f 2864/2864/2864 2867/2867/2867 2865/2865/2865 
f 1488/1488/1488 2863/2863/2863 2862/2862/2862 
f 2863/2863/2863 1488/1488/1488 2867/2867/2867 
f 1489/1489/1489 1488/1488/1488 2862/2862/2862 
f 2862/2862/2862 1491/1491/1491 1489/1489/1489 
f 2868/2868/2868 2866/2866/2866 2865/2865/2865 
f 2866/2866/2866 2868/2868/2868 2869/2869/2869 
f 2870/2870/2870 2865/2865/2865 2867/2867/2867 
f 2865/2865/2865 2870/2870/2870 2868/2868/2868 
f 1461/1461/1461 2867/2867/2867 1488/1488/1488 
f 2867/2867/2867 1461/1461/1461 2870/2870/2870 
f 2871/2871/2871 2869/2869/2869 2868/2868/2868 
f 2869/2869/2869 2871/2871/2871 2872/2872/2872 
f 2871/2871/2871 2873/2873/2873 2872/2872/2872 
f 2874/2874/2874 2868/2868/2868 2870/2870/2870 
f 2868/2868/2868 2874/2874/2874 2871/2871/2871 
f 2870/2870/2870 1459/1459/1459 2874/2874/2874 
f 1459/1459/1459 2870/2870/2870 1461/1461/1461 
f 2875/2875/2875 2871/2871/2871 2874/2874/2874 
f 2873/2873/2873 2871/2871/2871 2876/2876/2876 
f 2871/2871/2871 2875/2875/2875 2876/2876/2876 
f 2876/2876/2876 2877/2877/2877 2873/2873/2873 
f 2877/2877/2877 2876/2876/2876 2878/2878/2878 
f 2875/2875/2875 2878/2878/2878 2876/2876/2876 
f 2878/2878/2878 2875/2875/2875 2879/2879/2879 
f 2875/2875/2875 2880/2880/2880 2879/2879/2879 
f 2874/2874/2874 2881/2881/2881 2875/2875/2875 
f 2880/2880/2880 2875/2875/2875 2881/2881/2881 
f 2881/2881/2881 2874/2874/2874 1459/1459/1459 
f 2881/2881/2881 1463/1463/1463 2880/2880/2880 
f 1459/1459/1459 1458/1458/1458 2881/2881/2881 
f 1463/1463/1463 2881/2881/2881 1458/1458/1458 
f 2882/2882/2882 2883/2883/2883 2884/2884/2884 
f 2883/2883/2883 2885/2885/2885 2884/2884/2884 
f 2886/2886/2886 2882/2882/2882 2884/2884/2884 
f 2885/2885/2885 2886/2886/2886 2884/2884/2884 
f 2882/2882/2882 2886/2886/2886 2887/2887/2887 
f 2885/2885/2885 2883/2883/2883 2888/2888/2888 
f 2889/2889/2889 2887/2887/2887 2886/2886/2886 
f 2888/2888/2888 2890/2890/2890 2885/2885/2885 
f 2890/2890/2890 2888/2888/2888 2891/2891/2891 
f 2887/2887/2887 2889/2889/2889 2892/2892/2892 
f 2893/2893/2893 2890/2890/2890 2891/2891/2891 
f 2886/2886/2886 2885/2885/2885 2894/2894/2894 
f 2894/2894/2894 2889/2889/2889 2886/2886/2886 
f 2895/2895/2895 2885/2885/2885 2890/2890/2890 
f 2885/2885/2885 2895/2895/2895 2894/2894/2894 
f 2890/2890/2890 2893/2893/2893 2896/2896/2896 
f 2897/2897/2897 2896/2896/2896 2893/2893/2893 
f 2890/2890/2890 2898/2898/2898 2895/2895/2895 
f 2898/2898/2898 2890/2890/2890 2896/2896/2896 
f 2899/2899/2899 2894/2894/2894 2895/2895/2895 
f 2900/2900/2900 2895/2895/2895 2898/2898/2898 
f 2895/2895/2895 2900/2900/2900 2899/2899/2899 
f 2898/2898/2898 2901/2901/2901 2900/2900/2900 
f 2902/2902/2902 2899/2899/2899 2900/2900/2900 
f 2901/2901/2901 2902/2902/2902 2900/2900/2900 
f 2894/2894/2894 2899/2899/2899 2903/2903/2903 
f 2889/2889/2889 2894/2894/2894 2903/2903/2903 
f 2904/2904/2904 2903/2903/2903 2899/2899/2899 
f 2899/2899/2899 2902/2902/2902 2904/2904/2904 
f 2905/2905/2905 2889/2889/2889 2903/2903/2903 
f 2903/2903/2903 2904/2904/2904 2905/2905/2905 
f 2889/2889/2889 2905/2905/2905 2906/2906/2906 
f 2906/2906/2906 2892/2892/2892 2889/2889/2889 
f 2892/2892/2892 2906/2906/2906 2907/2907/2907 
f 2908/2908/2908 2906/2906/2906 2905/2905/2905 
f 2904/2904/2904 2908/2908/2908 2905/2905/2905 
f 2909/2909/2909 2907/2907/2907 2906/2906/2906 
f 2906/2906/2906 2908/2908/2908 2909/2909/2909 
f 2907/2907/2907 2909/2909/2909 2910/2910/2910 
f 2909/2909/2909 2911/2911/2911 2910/2910/2910 
f 2908/2908/2908 2904/2904/2904 2912/2912/2912 
f 2902/2902/2902 2912/2912/2912 2904/2904/2904 
f 2913/2913/2913 2909/2909/2909 2908/2908/2908 
f 2912/2912/2912 2913/2913/2913 2908/2908/2908 
f 2911/2911/2911 2909/2909/2909 2914/2914/2914 
f 2909/2909/2909 2913/2913/2913 2914/2914/2914 
f 2914/2914/2914 2915/2915/2915 2911/2911/2911 
f 2915/2915/2915 2914/2914/2914 2916/2916/2916 
f 2916/2916/2916 2917/2917/2917 2915/2915/2915 
f 2917/2917/2917 2916/2916/2916 2918/2918/2918 
f 2914/2914/2914 2919/2919/2919 2916/2916/2916 
f 2919/2919/2919 2918/2918/2918 2916/2916/2916 
f 2919/2919/2919 2914/2914/2914 2913/2913/2913 
f 2918/2918/2918 2919/2919/2919 2920/2920/2920 
f 2913/2913/2913 2912/2912/2912 2921/2921/2921 
f 2921/2921/2921 2919/2919/2919 2913/2913/2913 
f 2922/2922/2922 2920/2920/2920 2919/2919/2919 
f 2919/2919/2919 2921/2921/2921 2922/2922/2922 
f 2920/2920/2920 2922/2922/2922 2923/2923/2923 
f 2924/2924/2924 2921/2921/2921 2912/2912/2912 
f 2912/2912/2912 2902/2902/2902 2924/2924/2924 
f 2925/2925/2925 2922/2922/2922 2921/2921/2921 
f 2921/2921/2921 2924/2924/2924 2925/2925/2925 
f 2926/2926/2926 2923/2923/2923 2922/2922/2922 
f 2922/2922/2922 2925/2925/2925 2926/2926/2926 
f 2923/2923/2923 2926/2926/2926 2927/2927/2927 
f 2928/2928/2928 2924/2924/2924 2902/2902/2902 
f 2929/2929/2929 2925/2925/2925 2924/2924/2924 
f 2924/2924/2924 2928/2928/2928 2929/2929/2929 
f 2902/2902/2902 2901/2901/2901 2928/2928/2928 
f 2925/2925/2925 2929/2929/2929 2930/2930/2930 
f 2930/2930/2930 2926/2926/2926 2925/2925/2925 
f 2931/2931/2931 2927/2927/2927 2926/2926/2926 
f 2926/2926/2926 2930/2930/2930 2931/2931/2931 
f 2927/2927/2927 2931/2931/2931 2932/2932/2932 
f 2933/2933/2933 2929/2929/2929 2928/2928/2928 
f 2934/2934/2934 2930/2930/2930 2929/2929/2929 
f 2929/2929/2929 2933/2933/2933 2934/2934/2934 
f 2935/2935/2935 2931/2931/2931 2930/2930/2930 
f 2930/2930/2930 2934/2934/2934 2935/2935/2935 
f 2936/2936/2936 2932/2932/2932 2931/2931/2931 
f 2931/2931/2931 2935/2935/2935 2936/2936/2936 
f 2932/2932/2932 2936/2936/2936 2937/2937/2937 
f 2936/2936/2936 2938/2938/2938 2937/2937/2937 
f 2938/2938/2938 2936/2936/2936 2939/2939/2939 
f 2935/2935/2935 2939/2939/2939 2936/2936/2936 
f 2939/2939/2939 2940/2940/2940 2938/2938/2938 
f 2934/2934/2934 2941/2941/2941 2935/2935/2935 
f 2939/2939/2939 2935/2935/2935 2941/2941/2941 
f 2940/2940/2940 2939/2939/2939 2942/2942/2942 
f 2941/2941/2941 2942/2942/2942 2939/2939/2939 
f 2943/2943/2943 2940/2940/2940 2942/2942/2942 
f 2942/2942/2942 2944/2944/2944 2943/2943/2943 
f 2944/2944/2944 2942/2942/2942 2945/2945/2945 
f 2942/2942/2942 2941/2941/2941 2945/2945/2945 
f 2944/2944/2944 2945/2945/2945 2946/2946/2946 
f 2945/2945/2945 2947/2947/2947 2946/2946/2946 
f 2941/2941/2941 2934/2934/2934 2948/2948/2948 
f 2948/2948/2948 2945/2945/2945 2941/2941/2941 
f 2933/2933/2933 2948/2948/2948 2934/2934/2934 
f 2947/2947/2947 2945/2945/2945 2949/2949/2949 
f 2945/2945/2945 2948/2948/2948 2949/2949/2949 
f 2949/2949/2949 2950/2950/2950 2947/2947/2947 
f 2948/2948/2948 2933/2933/2933 2951/2951/2951 
f 2951/2951/2951 2949/2949/2949 2948/2948/2948 
f 2950/2950/2950 2949/2949/2949 2952/2952/2952 
f 2949/2949/2949 2951/2951/2951 2952/2952/2952 
f 2952/2952/2952 2953/2953/2953 2950/2950/2950 
f 2951/2951/2951 2954/2954/2954 2952/2952/2952 
f 2953/2953/2953 2952/2952/2952 2954/2954/2954 
f 2933/2933/2933 2955/2955/2955 2951/2951/2951 
f 2954/2954/2954 2951/2951/2951 2955/2955/2955 
f 2956/2956/2956 2953/2953/2953 2954/2954/2954 
f 2955/2955/2955 2956/2956/2956 2954/2954/2954 
f 2956/2956/2956 2957/2957/2957 2953/2953/2953 
f 2956/2956/2956 2958/2958/2958 2957/2957/2957 
f 2955/2955/2955 2933/2933/2933 2959/2959/2959 
f 2928/2928/2928 2959/2959/2959 2933/2933/2933 
f 2959/2959/2959 2928/2928/2928 2901/2901/2901 
f 2959/2959/2959 2960/2960/2960 2955/2955/2955 
f 2956/2956/2956 2955/2955/2955 2960/2960/2960 
f 2901/2901/2901 2961/2961/2961 2959/2959/2959 
f 2960/2960/2960 2959/2959/2959 2961/2961/2961 
f 2960/2960/2960 2962/2962/2962 2956/2956/2956 
f 2958/2958/2958 2956/2956/2956 2962/2962/2962 
f 2963/2963/2963 2958/2958/2958 2962/2962/2962 
f 2963/2963/2963 2964/2964/2964 2958/2958/2958 
f 2962/2962/2962 2960/2960/2960 2965/2965/2965 
f 2965/2965/2965 2963/2963/2963 2962/2962/2962 
f 2961/2961/2961 2965/2965/2965 2960/2960/2960 
f 2963/2963/2963 2965/2965/2965 2966/2966/2966 
f 2967/2967/2967 2966/2966/2966 2965/2965/2965 
f 2965/2965/2965 2961/2961/2961 2967/2967/2967 
f 2966/2966/2966 2967/2967/2967 2968/2968/2968 
f 2967/2967/2967 2897/2897/2897 2968/2968/2968 
f 2897/2897/2897 2967/2967/2967 2969/2969/2969 
f 2961/2961/2961 2969/2969/2969 2967/2967/2967 
f 2896/2896/2896 2897/2897/2897 2969/2969/2969 
f 2969/2969/2969 2961/2961/2961 2970/2970/2970 
f 2970/2970/2970 2896/2896/2896 2969/2969/2969 
f 2961/2961/2961 2901/2901/2901 2970/2970/2970 
f 2896/2896/2896 2970/2970/2970 2898/2898/2898 
f 2901/2901/2901 2898/2898/2898 2970/2970/2970 
f 2971/2971/2971 2972/2972/2972 2973/2973/2973 
f 2974/2974/2974 2973/2973/2973 2972/2972/2972 
f 2971/2971/2971 2973/2973/2973 2975/2975/2975 
f 2973/2973/2973 2974/2974/2974 2976/2976/2976 
f 2975/2975/2975 2977/2977/2977 2971/2971/2971 
f 2978/2978/2978 2976/2976/2976 2974/2974/2974 
f 2977/2977/2977 2975/2975/2975 2979/2979/2979 
f 2974/2974/2974 2980/2980/2980 2978/2978/2978 
f 2981/2981/2981 2978/2978/2978 2980/2980/2980 
f 2978/2978/2978 2981/2981/2981 2982/2982/2982 
f 2979/2979/2979 2983/2983/2983 2977/2977/2977 
f 2984/2984/2984 2977/2977/2977 2983/2983/2983 
f 2983/2983/2983 2985/2985/2985 2984/2984/2984 
f 2984/2984/2984 2985/2985/2985 2986/2986/2986 
f 2985/2985/2985 2987/2987/2987 2986/2986/2986 
f 2987/2987/2987 2985/2985/2985 2988/2988/2988 
f 2989/2989/2989 2987/2987/2987 2988/2988/2988 
f 2990/2990/2990 2987/2987/2987 2989/2989/2989 
f 2989/2989/2989 2991/2991/2991 2990/2990/2990 
f 2991/2991/2991 2989/2989/2989 2992/2992/2992 
f 2993/2993/2993 2994/2994/2994 2995/2995/2995 
f 2993/2993/2993 2996/2996/2996 2994/2994/2994 
f 2996/2996/2996 2993/2993/2993 1326/1326/1326 
f 2995/2995/2995 1314/1314/1314 2993/2993/2993 
f 1314/1314/1314 2995/2995/2995 2997/2997/2997 
f 1318/1318/1318 1326/1326/1326 2993/2993/2993 
f 1315/1315/1315 2993/2993/2993 1314/1314/1314 
f 2993/2993/2993 1315/1315/1315 1318/1318/1318 
f 2997/2997/2997 2998/2998/2998 1314/1314/1314 
f 2998/2998/2998 2997/2997/2997 2999/2999/2999 
f 1326/1326/1326 1318/1318/1318 1321/1321/1321 
f 2999/2999/2999 3000/3000/3000 2998/2998/2998 
f 3000/3000/3000 2999/2999/2999 3001/3001/3001 
f 1313/1313/1313 1314/1314/1314 2998/2998/2998 
f 3001/3001/3001 3002/3002/3002 3000/3000/3000 
f 3002/3002/3002 3001/3001/3001 3003/3003/3003 
f 3003/3003/3003 3004/3004/3004 3002/3002/3002 
f 3005/3005/3005 3002/3002/3002 3004/3004/3004 
f 3002/3002/3002 3005/3005/3005 3006/3006/3006 
f 3006/3006/3006 3000/3000/3000 3002/3002/3002 
f 3007/3007/3007 3006/3006/3006 3005/3005/3005 
f 3008/3008/3008 2998/2998/2998 3000/3000/3000 
f 3000/3000/3000 3006/3006/3006 3008/3008/3008 
f 2998/2998/2998 3008/3008/3008 1313/1313/1313 
f 3006/3006/3006 3007/3007/3007 3009/3009/3009 
f 3009/3009/3009 3008/3008/3008 3006/3006/3006 
f 3010/3010/3010 3009/3009/3009 3007/3007/3007 
f 3011/3011/3011 1313/1313/1313 3008/3008/3008 
f 3008/3008/3008 3009/3009/3009 3011/3011/3011 
f 3009/3009/3009 3010/3010/3010 3012/3012/3012 
f 3012/3012/3012 3011/3011/3011 3009/3009/3009 
f 3013/3013/3013 3012/3012/3012 3010/3010/3010 
f 3013/3013/3013 3010/3010/3010 3014/3014/3014 
f 3015/3015/3015 3013/3013/3013 3014/3014/3014 
f 3013/3013/3013 3015/3015/3015 3016/3016/3016 
f 3017/3017/3017 3016/3016/3016 3015/3015/3015 
f 3018/3018/3018 3012/3012/3012 3013/3013/3013 
f 3016/3016/3016 3018/3018/3018 3013/3013/3013 
f 3011/3011/3011 3012/3012/3012 1308/1308/1308 
f 3018/3018/3018 1308/1308/1308 3012/3012/3012 
f 1308/1308/1308 1310/1310/1310 3011/3011/3011 
f 1313/1313/1313 3011/3011/3011 1310/1310/1310 
f 1277/1277/1277 1308/1308/1308 3018/3018/3018 
f 3016/3016/3016 3017/3017/3017 3019/3019/3019 
f 3020/3020/3020 3019/3019/3019 3017/3017/3017 
f 3018/3018/3018 3016/3016/3016 3021/3021/3021 
f 3021/3021/3021 1277/1277/1277 3018/3018/3018 
f 3022/3022/3022 3016/3016/3016 3019/3019/3019 
f 3016/3016/3016 3022/3022/3022 3021/3021/3021 
f 3019/3019/3019 3020/3020/3020 3023/3023/3023 
f 3023/3023/3023 3022/3022/3022 3019/3019/3019 
f 3024/3024/3024 3023/3023/3023 3020/3020/3020 
f 3023/3023/3023 3024/3024/3024 3025/3025/3025 
f 3025/3025/3025 3026/3026/3026 3023/3023/3023 
f 3022/3022/3022 3023/3023/3023 3026/3026/3026 
f 3026/3026/3026 3025/3025/3025 3027/3027/3027 
f 3028/3028/3028 3021/3021/3021 3022/3022/3022 
f 3026/3026/3026 3028/3028/3028 3022/3022/3022 
f 3021/3021/3021 3028/3028/3028 1278/1278/1278 
f 1277/1277/1277 3021/3021/3021 1278/1278/1278 
f 3027/3027/3027 3029/3029/3029 3026/3026/3026 
f 3028/3028/3028 3026/3026/3026 3029/3029/3029 
f 3029/3029/3029 3027/3027/3027 3030/3030/3030 
f 3030/3030/3030 1281/1281/1281 3029/3029/3029 
f 3029/3029/3029 1279/1279/1279 3028/3028/3028 
f 1279/1279/1279 1278/1278/1278 3028/3028/3028 
f 1279/1279/1279 3029/3029/3029 1281/1281/1281 
f 3031/3031/3031 3032/3032/3032 3033/3033/3033 
f 3033/3033/3033 3032/3032/3032 3034/3034/3034 
f 3035/3035/3035 3033/3033/3033 3034/3034/3034 
f 3036/3036/3036 3034/3034/3034 3032/3032/3032 
f 3037/3037/3037 3033/3033/3033 3035/3035/3035 
f 3037/3037/3037 3031/3031/3031 3033/3033/3033 
f 3038/3038/3038 3036/3036/3036 3032/3032/3032 
f 3031/3031/3031 3037/3037/3037 3039/3039/3039 
f 3039/3039/3039 3040/3040/3040 3031/3031/3031 
f 3038/3038/3038 3032/3032/3032 3041/3041/3041 
f 3032/3032/3032 3031/3031/3031 3041/3041/3041 
f 3038/3038/3038 3041/3041/3041 3042/3042/3042 
f 3042/3042/3042 3031/3031/3031 3040/3040/3040 
f 3031/3031/3031 3042/3042/3042 3041/3041/3041 
f 3043/3043/3043 3044/3044/3044 3045/3045/3045 
f 2519/2519/2519 3046/3046/3046 2522/2522/2522 
f 3046/3046/3046 2519/2519/2519 3047/3047/3047 
f 3048/3048/3048 3046/3046/3046 3047/3047/3047 
f 3047/3047/3047 3049/3049/3049 3048/3048/3048 
f 3050/3050/3050 2522/2522/2522 3046/3046/3046 
f 2522/2522/2522 3050/3050/3050 2524/2524/2524 
f 3051/3051/3051 3046/3046/3046 3048/3048/3048 
f 3046/3046/3046 3051/3051/3051 3050/3050/3050 
f 3048/3048/3048 3052/3052/3052 3051/3051/3051 
f 3053/3053/3053 3051/3051/3051 3052/3052/3052 
f 3053/3053/3053 3052/3052/3052 3054/3054/3054 
f 3055/3055/3055 3050/3050/3050 3051/3051/3051 
f 3051/3051/3051 3053/3053/3053 3055/3055/3055 
f 3056/3056/3056 2524/2524/2524 3050/3050/3050 
f 3050/3050/3050 3055/3055/3055 3056/3056/3056 
f 2524/2524/2524 3056/3056/3056 3057/3057/3057 
f 3057/3057/3057 2523/2523/2523 2524/2524/2524 
f 3058/3058/3058 3053/3053/3053 3054/3054/3054 
f 3058/3058/3058 3054/3054/3054 3059/3059/3059 
f 3060/3060/3060 3055/3055/3055 3053/3053/3053 
f 3053/3053/3053 3058/3058/3058 3060/3060/3060 
f 3061/3061/3061 3058/3058/3058 3059/3059/3059 
f 3061/3061/3061 3060/3060/3060 3058/3058/3058 
f 3061/3061/3061 3059/3059/3059 3062/3062/3062 
f 3055/3055/3055 3060/3060/3060 3063/3063/3063 
f 3063/3063/3063 3056/3056/3056 3055/3055/3055 
f 3060/3060/3060 3061/3061/3061 3064/3064/3064 
f 3065/3065/3065 3061/3061/3061 3062/3062/3062 
f 3065/3065/3065 3064/3064/3064 3061/3061/3061 
f 3065/3065/3065 3062/3062/3062 3066/3066/3066 
f 3060/3060/3060 3064/3064/3064 3067/3067/3067 
f 3060/3060/3060 3067/3067/3067 3063/3063/3063 
f 3068/3068/3068 3065/3065/3065 3066/3066/3066 
f 3068/3068/3068 3066/3066/3066 3069/3069/3069 
f 3065/3065/3065 3070/3070/3070 3064/3064/3064 
f 3065/3065/3065 3068/3068/3068 3070/3070/3070 
f 3071/3071/3071 3067/3067/3067 3064/3064/3064 
f 3070/3070/3070 3071/3071/3071 3064/3064/3064 
f 3072/3072/3072 3068/3068/3068 3069/3069/3069 
f 3070/3070/3070 3068/3068/3068 3072/3072/3072 
f 3072/3072/3072 3069/3069/3069 3073/3073/3073 
f 3074/3074/3074 3071/3071/3071 3070/3070/3070 
f 3074/3074/3074 3070/3070/3070 3072/3072/3072 
f 3067/3067/3067 3071/3071/3071 3075/3075/3075 
f 3063/3063/3063 3067/3067/3067 3075/3075/3075 
f 3076/3076/3076 3071/3071/3071 3074/3074/3074 
f 3071/3071/3071 3076/3076/3076 3075/3075/3075 
f 3077/3077/3077 3072/3072/3072 3073/3073/3073 
f 3077/3077/3077 3074/3074/3074 3072/3072/3072 
f 3077/3077/3077 3073/3073/3073 3078/3078/3078 
f 3063/3063/3063 3075/3075/3075 3079/3079/3079 
f 3056/3056/3056 3063/3063/3063 3079/3079/3079 
f 3079/3079/3079 3057/3057/3057 3056/3056/3056 
f 3080/3080/3080 3079/3079/3079 3075/3075/3075 
f 3076/3076/3076 3080/3080/3080 3075/3075/3075 
f 3057/3057/3057 3079/3079/3079 3081/3081/3081 
f 3079/3079/3079 3080/3080/3080 3081/3081/3081 
f 3057/3057/3057 3081/3081/3081 3082/3082/3082 
f 3082/3082/3082 2523/2523/2523 3057/3057/3057 
f 3080/3080/3080 3083/3083/3083 3081/3081/3081 
f 3083/3083/3083 3082/3082/3082 3081/3081/3081 
f 3080/3080/3080 3076/3076/3076 3084/3084/3084 
f 3085/3085/3085 3083/3083/3083 3080/3080/3080 
f 3080/3080/3080 3084/3084/3084 3085/3085/3085 
f 3076/3076/3076 3086/3086/3086 3084/3084/3084 
f 3087/3087/3087 3084/3084/3084 3086/3086/3086 
f 3084/3084/3084 3087/3087/3087 3085/3085/3085 
f 3076/3076/3076 3088/3088/3088 3086/3086/3086 
f 3088/3088/3088 3087/3087/3087 3086/3086/3086 
f 3088/3088/3088 3076/3076/3076 3074/3074/3074 
f 3074/3074/3074 3077/3077/3077 3088/3088/3088 
f 3089/3089/3089 3088/3088/3088 3077/3077/3077 
f 3088/3088/3088 3089/3089/3089 3087/3087/3087 
f 3078/3078/3078 3089/3089/3089 3077/3077/3077 
f 3089/3089/3089 3078/3078/3078 3090/3090/3090 
f 3091/3091/3091 3089/3089/3089 3090/3090/3090 
f 3092/3092/3092 3087/3087/3087 3089/3089/3089 
f 3089/3089/3089 3091/3091/3091 3092/3092/3092 
f 3093/3093/3093 3087/3087/3087 3092/3092/3092 
f 3093/3093/3093 3085/3085/3085 3087/3087/3087 
f 3091/3091/3091 3094/3094/3094 3092/3092/3092 
f 3094/3094/3094 3093/3093/3093 3092/3092/3092 
f 3094/3094/3094 3091/3091/3091 3095/3095/3095 
f 3095/3095/3095 3096/3096/3096 3094/3094/3094 
f 3096/3096/3096 3095/3095/3095 3097/3097/3097 
f 3093/3093/3093 3094/3094/3094 3098/3098/3098 
f 3096/3096/3096 3098/3098/3098 3094/3094/3094 
f 3085/3085/3085 3093/3093/3093 3099/3099/3099 
f 3098/3098/3098 3099/3099/3099 3093/3093/3093 
f 3085/3085/3085 3099/3099/3099 3100/3100/3100 
f 3085/3085/3085 3100/3100/3100 3083/3083/3083 
f 3099/3099/3099 3098/3098/3098 3101/3101/3101 
f 3101/3101/3101 3100/3100/3100 3099/3099/3099 
f 3098/3098/3098 3096/3096/3096 3102/3102/3102 
f 3102/3102/3102 3101/3101/3101 3098/3098/3098 
f 3100/3100/3100 3103/3103/3103 3083/3083/3083 
f 3083/3083/3083 3103/3103/3103 3082/3082/3082 
f 3100/3100/3100 3101/3101/3101 3104/3104/3104 
f 3103/3103/3103 3100/3100/3100 3104/3104/3104 
f 3101/3101/3101 3102/3102/3102 3105/3105/3105 
f 3105/3105/3105 3104/3104/3104 3101/3101/3101 
f 3096/3096/3096 3106/3106/3106 3102/3102/3102 
f 3106/3106/3106 3105/3105/3105 3102/3102/3102 
f 3106/3106/3106 3096/3096/3096 3107/3107/3107 
f 3107/3107/3107 3096/3096/3096 3097/3097/3097 
f 3097/3097/3097 3108/3108/3108 3107/3107/3107 
f 2677/2677/2677 3107/3107/3107 3108/3108/3108 
f 3107/3107/3107 2677/2677/2677 2662/2662/2662 
f 3107/3107/3107 2662/2662/2662 3106/3106/3106 
f 2677/2677/2677 2667/2667/2667 2662/2662/2662 
f 3106/3106/3106 2662/2662/2662 3109/3109/3109 
f 3109/3109/3109 3105/3105/3105 3106/3106/3106 
f 2530/2530/2530 3109/3109/3109 2662/2662/2662 
f 3109/3109/3109 2530/2530/2530 2525/2525/2525 
f 3105/3105/3105 3109/3109/3109 3110/3110/3110 
f 2525/2525/2525 3110/3110/3110 3109/3109/3109 
f 3104/3104/3104 3105/3105/3105 3110/3110/3110 
f 3110/3110/3110 2525/2525/2525 2529/2529/2529 
f 3111/3111/3111 3104/3104/3104 3110/3110/3110 
f 3111/3111/3111 3110/3110/3110 2529/2529/2529 
f 3104/3104/3104 3111/3111/3111 3103/3103/3103 
f 2534/2534/2534 3111/3111/3111 2529/2529/2529 
f 3112/3112/3112 3103/3103/3103 3111/3111/3111 
f 3111/3111/3111 2534/2534/2534 3112/3112/3112 
f 3103/3103/3103 3112/3112/3112 3082/3082/3082 
f 3112/3112/3112 3113/3113/3113 3082/3082/3082 
f 3112/3112/3112 2534/2534/2534 3113/3113/3113 
f 3082/3082/3082 3113/3113/3113 2523/2523/2523 
f 2534/2534/2534 3114/3114/3114 3113/3113/3113 
f 2534/2534/2534 2535/2535/2535 3114/3114/3114 
f 3113/3113/3113 3115/3115/3115 2523/2523/2523 
f 3115/3115/3115 3113/3113/3113 3114/3114/3114 
f 2523/2523/2523 3115/3115/3115 2520/2520/2520 
f 3116/3116/3116 3114/3114/3114 2535/2535/2535 
f 3114/3114/3114 3116/3116/3116 3115/3115/3115 
f 3116/3116/3116 2520/2520/2520 3115/3115/3115 
f 2535/2535/2535 2499/2499/2499 3116/3116/3116 
f 2520/2520/2520 3116/3116/3116 2505/2505/2505 
f 2499/2499/2499 2505/2505/2505 3116/3116/3116 
f 2655/2655/2655 3117/3117/3117 2654/2654/2654 
f 2657/2657/2657 2654/2654/2654 3117/3117/3117 
f 3117/3117/3117 2655/2655/2655 2720/2720/2720 
f 3118/3118/3118 2656/2656/2656 2657/2657/2657 
f 3117/3117/3117 3118/3118/3118 2657/2657/2657 
f 2656/2656/2656 3119/3119/3119 2653/2653/2653 
f 2656/2656/2656 3118/3118/3118 3120/3120/3120 
f 3120/3120/3120 3119/3119/3119 2656/2656/2656 
f 3118/3118/3118 3121/3121/3121 3120/3120/3120 
f 2512/2512/2512 2653/2653/2653 3119/3119/3119 
f 3118/3118/3118 3122/3122/3122 3121/3121/3121 
f 3118/3118/3118 3117/3117/3117 3122/3122/3122 
f 3122/3122/3122 3123/3123/3123 3121/3121/3121 
f 3119/3119/3119 2516/2516/2516 2512/2512/2512 
f 2653/2653/2653 2512/2512/2512 2511/2511/2511 
f 2720/2720/2720 3124/3124/3124 3117/3117/3117 
f 3122/3122/3122 3117/3117/3117 3124/3124/3124 
f 2720/2720/2720 2717/2717/2717 3124/3124/3124 
f 3123/3123/3123 3122/3122/3122 3125/3125/3125 
f 3124/3124/3124 3125/3125/3125 3122/3122/3122 
f 3126/3126/3126 3123/3123/3123 3125/3125/3125 
f 3123/3123/3123 3126/3126/3126 3127/3127/3127 
f 3125/3125/3125 3124/3124/3124 3128/3128/3128 
f 2717/2717/2717 3128/3128/3128 3124/3124/3124 
f 3129/3129/3129 3127/3127/3127 3126/3126/3126 
f 3127/3127/3127 3129/3129/3129 3130/3130/3130 
f 3125/3125/3125 3131/3131/3131 3126/3126/3126 
f 3131/3131/3131 3125/3125/3125 3128/3128/3128 
f 3126/3126/3126 3132/3132/3132 3129/3129/3129 
f 3132/3132/3132 3126/3126/3126 3131/3131/3131 
f 3129/3129/3129 3132/3132/3132 3133/3133/3133 
f 3128/3128/3128 2717/2717/2717 3134/3134/3134 
f 2715/2715/2715 3134/3134/3134 2717/2717/2717 
f 3128/3128/3128 3135/3135/3135 3131/3131/3131 
f 3135/3135/3135 3128/3128/3128 3134/3134/3134 
f 3131/3131/3131 3136/3136/3136 3132/3132/3132 
f 3136/3136/3136 3131/3131/3131 3135/3135/3135 
f 3137/3137/3137 3133/3133/3133 3132/3132/3132 
f 3132/3132/3132 3136/3136/3136 3137/3137/3137 
f 3137/3137/3137 3138/3138/3138 3133/3133/3133 
f 3134/3134/3134 2715/2715/2715 3139/3139/3139 
f 3139/3139/3139 2715/2715/2715 2713/2713/2713 
f 3134/3134/3134 3140/3140/3140 3135/3135/3135 
f 3140/3140/3140 3134/3134/3134 3139/3139/3139 
f 3139/3139/3139 2713/2713/2713 3141/3141/3141 
f 3141/3141/3141 3140/3140/3140 3139/3139/3139 
f 3137/3137/3137 3142/3142/3142 3138/3138/3138 
f 3142/3142/3142 3143/3143/3143 3138/3138/3138 
f 3142/3142/3142 3137/3137/3137 3144/3144/3144 
f 3136/3136/3136 3144/3144/3144 3137/3137/3137 
f 3142/3142/3142 3145/3145/3145 3143/3143/3143 
f 3144/3144/3144 3145/3145/3145 3142/3142/3142 
f 3146/3146/3146 3143/3143/3143 3145/3145/3145 
f 3144/3144/3144 3136/3136/3136 3147/3147/3147 
f 3135/3135/3135 3147/3147/3147 3136/3136/3136 
f 3147/3147/3147 3135/3135/3135 3140/3140/3140 
f 3148/3148/3148 3146/3146/3146 3145/3145/3145 
f 3148/3148/3148 3149/3149/3149 3146/3146/3146 
f 3145/3145/3145 3144/3144/3144 3150/3150/3150 
f 3148/3148/3148 3145/3145/3145 3150/3150/3150 
f 3151/3151/3151 3144/3144/3144 3147/3147/3147 
f 3150/3150/3150 3144/3144/3144 3151/3151/3151 
f 3147/3147/3147 3140/3140/3140 3152/3152/3152 
f 3147/3147/3147 3152/3152/3152 3151/3151/3151 
f 3140/3140/3140 3141/3141/3141 3152/3152/3152 
f 3153/3153/3153 3149/3149/3149 3148/3148/3148 
f 3149/3149/3149 3153/3153/3153 3154/3154/3154 
f 3148/3148/3148 3150/3150/3150 3155/3155/3155 
f 3148/3148/3148 3155/3155/3155 3153/3153/3153 
f 3156/3156/3156 3150/3150/3150 3151/3151/3151 
f 3151/3151/3151 3152/3152/3152 3156/3156/3156 
f 3155/3155/3155 3150/3150/3150 3156/3156/3156 
f 3157/3157/3157 3154/3154/3154 3153/3153/3153 
f 3155/3155/3155 3157/3157/3157 3153/3153/3153 
f 3154/3154/3154 3157/3157/3157 3158/3158/3158 
f 3156/3156/3156 3152/3152/3152 3159/3159/3159 
f 3141/3141/3141 3159/3159/3159 3152/3152/3152 
f 3156/3156/3156 3160/3160/3160 3155/3155/3155 
f 3160/3160/3160 3157/3157/3157 3155/3155/3155 
f 3156/3156/3156 3159/3159/3159 3160/3160/3160 
f 3161/3161/3161 3158/3158/3158 3157/3157/3157 
f 3160/3160/3160 3161/3161/3161 3157/3157/3157 
f 3158/3158/3158 3161/3161/3161 3162/3162/3162 
f 3159/3159/3159 3163/3163/3163 3160/3160/3160 
f 3161/3161/3161 3160/3160/3160 3163/3163/3163 
f 3164/3164/3164 3162/3162/3162 3161/3161/3161 
f 3163/3163/3163 3164/3164/3164 3161/3161/3161 
f 3164/3164/3164 3165/3165/3165 3162/3162/3162 
f 3164/3164/3164 3166/3166/3166 3165/3165/3165 
f 3163/3163/3163 3159/3159/3159 3167/3167/3167 
f 3164/3164/3164 3163/3163/3163 3168/3168/3168 
f 3163/3163/3163 3167/3167/3167 3168/3168/3168 
f 3159/3159/3159 3169/3169/3169 3167/3167/3167 
f 3169/3169/3169 3168/3168/3168 3167/3167/3167 
f 3159/3159/3159 3141/3141/3141 3169/3169/3169 
f 3141/3141/3141 2716/2716/2716 3169/3169/3169 
f 3168/3168/3168 3169/3169/3169 2716/2716/2716 
f 2716/2716/2716 3141/3141/3141 2713/2713/2713 
f 3170/3170/3170 3164/3164/3164 3168/3168/3168 
f 3166/3166/3166 3164/3164/3164 3170/3170/3170 
f 2716/2716/2716 3171/3171/3171 3168/3168/3168 
f 3168/3168/3168 3171/3171/3171 3170/3170/3170 
f 3172/3172/3172 3166/3166/3166 3170/3170/3170 
f 3171/3171/3171 3172/3172/3172 3170/3170/3170 
f 3166/3166/3166 3172/3172/3172 3173/3173/3173 
f 3171/3171/3171 2716/2716/2716 3174/3174/3174 
f 2716/2716/2716 2712/2712/2712 3174/3174/3174 
f 2712/2712/2712 2785/2785/2785 3174/3174/3174 
f 3174/3174/3174 3175/3175/3175 3171/3171/3171 
f 3172/3172/3172 3171/3171/3171 3175/3175/3175 
f 3175/3175/3175 3174/3174/3174 2785/2785/2785 
f 3176/3176/3176 3173/3173/3173 3172/3172/3172 
f 3176/3176/3176 3172/3172/3172 3175/3175/3175 
f 3176/3176/3176 3177/3177/3177 3173/3173/3173 
f 2785/2785/2785 3178/3178/3178 3175/3175/3175 
f 3178/3178/3178 3176/3176/3176 3175/3175/3175 
f 3178/3178/3178 2785/2785/2785 2781/2781/2781 
f 3179/3179/3179 3178/3178/3178 2781/2781/2781 
f 3179/3179/3179 3176/3176/3176 3178/3178/3178 
f 2781/2781/2781 2778/2778/2778 3179/3179/3179 
f 3179/3179/3179 2778/2778/2778 2592/2592/2592 
f 3176/3176/3176 3179/3179/3179 3180/3180/3180 
f 3180/3180/3180 3177/3177/3177 3176/3176/3176 
f 3179/3179/3179 2592/2592/2592 3180/3180/3180 
f 3181/3181/3181 3177/3177/3177 3180/3180/3180 
f 2597/2597/2597 3180/3180/3180 2592/2592/2592 
f 2597/2597/2597 3181/3181/3181 3180/3180/3180 
f 2839/2839/2839 3182/3182/3182 2841/2841/2841 
f 2840/2840/2840 2841/2841/2841 3183/3183/3183 
f 3184/3184/3184 2841/2841/2841 3182/3182/3182 
f 3184/3184/3184 3183/3183/3183 2841/2841/2841 
f 3182/3182/3182 3185/3185/3185 3184/3184/3184 
f 3183/3183/3183 3184/3184/3184 3186/3186/3186 
f 3187/3187/3187 3184/3184/3184 3185/3185/3185 
f 3188/3188/3188 3186/3186/3186 3184/3184/3184 
f 3184/3184/3184 3187/3187/3187 3188/3188/3188 
f 3186/3186/3186 3188/3188/3188 3189/3189/3189 
f 3190/3190/3190 3188/3188/3188 3187/3187/3187 
f 3190/3190/3190 3189/3189/3189 3188/3188/3188 
f 3187/3187/3187 3191/3191/3191 3190/3190/3190 
f 3189/3189/3189 3190/3190/3190 3192/3192/3192 
f 3193/3193/3193 3190/3190/3190 3191/3191/3191 
f 3193/3193/3193 3192/3192/3192 3190/3190/3190 
f 3191/3191/3191 3194/3194/3194 3193/3193/3193 
f 3192/3192/3192 3193/3193/3193 3195/3195/3195 
f 3196/3196/3196 3193/3193/3193 3194/3194/3194 
f 3196/3196/3196 3195/3195/3195 3193/3193/3193 
f 3194/3194/3194 3197/3197/3197 3196/3196/3196 
f 3195/3195/3195 3196/3196/3196 3198/3198/3198 
f 3199/3199/3199 3196/3196/3196 3197/3197/3197 
f 3200/3200/3200 3198/3198/3198 3196/3196/3196 
f 3196/3196/3196 3199/3199/3199 3200/3200/3200 
f 3198/3198/3198 3200/3200/3200 3201/3201/3201 
f 3202/3202/3202 3200/3200/3200 3199/3199/3199 
f 3200/3200/3200 3203/3203/3203 3201/3201/3201 
f 3200/3200/3200 3202/3202/3202 3203/3203/3203 
f 3204/3204/3204 3201/3201/3201 3203/3203/3203 
f 3205/3205/3205 3203/3203/3203 3202/3202/3202 
f 3203/3203/3203 3205/3205/3205 3204/3204/3204 
f 3206/3206/3206 3204/3204/3204 3205/3205/3205 
f 3202/3202/3202 3207/3207/3207 3205/3205/3205 
f 3205/3205/3205 3208/3208/3208 3206/3206/3206 
f 3207/3207/3207 3209/3209/3209 3205/3205/3205 
f 3208/3208/3208 3205/3205/3205 3209/3209/3209 
f 3209/3209/3209 3207/3207/3207 3210/3210/3210 
f 3211/3211/3211 3209/3209/3209 3210/3210/3210 
f 3209/3209/3209 3211/3211/3211 3212/3212/3212 
f 3209/3209/3209 3212/3212/3212 3208/3208/3208 
f 3212/3212/3212 3213/3213/3213 3208/3208/3208 
f 3212/3212/3212 3214/3214/3214 3213/3213/3213 
f 2813/2813/2813 2811/2811/2811 3215/3215/3215 
f 2812/2812/2812 2813/2813/2813 3216/3216/3216 
f 3215/3215/3215 3217/3217/3217 2813/2813/2813 
f 3217/3217/3217 3216/3216/3216 2813/2813/2813 
f 3216/3216/3216 3217/3217/3217 3218/3218/3218 
f 3217/3217/3217 3215/3215/3215 3219/3219/3219 
f 3217/3217/3217 3220/3220/3220 3218/3218/3218 
f 3219/3219/3219 3221/3221/3221 3217/3217/3217 
f 3220/3220/3220 3217/3217/3217 3221/3221/3221 
f 3221/3221/3221 3219/3219/3219 3222/3222/3222 
f 3221/3221/3221 3223/3223/3223 3220/3220/3220 
f 3222/3222/3222 3223/3223/3223 3221/3221/3221 
f 3220/3220/3220 3223/3223/3223 3224/3224/3224 
f 3223/3223/3223 3222/3222/3222 3225/3225/3225 
f 3223/3223/3223 3226/3226/3226 3224/3224/3224 
f 3225/3225/3225 3226/3226/3226 3223/3223/3223 
f 3224/3224/3224 3226/3226/3226 3227/3227/3227 
f 3226/3226/3226 3225/3225/3225 3228/3228/3228 
f 3226/3226/3226 3229/3229/3229 3227/3227/3227 
f 3228/3228/3228 3229/3229/3229 3226/3226/3226 
f 3227/3227/3227 3229/3229/3229 3230/3230/3230 
f 3229/3229/3229 3228/3228/3228 3231/3231/3231 
f 3229/3229/3229 3232/3232/3232 3230/3230/3230 
f 3231/3231/3231 3233/3233/3233 3229/3229/3229 
f 3232/3232/3232 3229/3229/3229 3233/3233/3233 
f 3233/3233/3233 3231/3231/3231 3234/3234/3234 
f 3233/3233/3233 3235/3235/3235 3232/3232/3232 
f 3234/3234/3234 3236/3236/3236 3233/3233/3233 
f 3235/3235/3235 3233/3233/3233 3236/3236/3236 
f 3234/3234/3234 3237/3237/3237 3236/3236/3236 
f 3238/3238/3238 3235/3235/3235 3236/3236/3236 
f 3237/3237/3237 3238/3238/3238 3236/3236/3236 
f 3237/3237/3237 3239/3239/3239 3238/3238/3238 
f 3235/3235/3235 3238/3238/3238 3240/3240/3240 
f 3241/3241/3241 3238/3238/3238 3239/3239/3239 
f 3238/3238/3238 3242/3242/3242 3240/3240/3240 
f 3238/3238/3238 3241/3241/3241 3242/3242/3242 
f 3243/3243/3243 3240/3240/3240 3242/3242/3242 
f 3242/3242/3242 3244/3244/3244 3243/3243/3243 
f 3244/3244/3244 3242/3242/3242 3245/3245/3245 
f 3242/3242/3242 3241/3241/3241 3245/3245/3245 
f 3245/3245/3245 3241/3241/3241 3246/3246/3246 
f 3245/3245/3245 3246/3246/3246 3247/3247/3247 
f 3248/3248/3248 3249/3249/3249 3250/3250/3250 
f 3249/3249/3249 3251/3251/3251 3250/3250/3250 
f 3249/3249/3249 3252/3252/3252 3251/3251/3251 
f 3248/3248/3248 3250/3250/3250 3253/3253/3253 
f 3252/3252/3252 3249/3249/3249 3254/3254/3254 
f 3248/3248/3248 3254/3254/3254 3249/3249/3249 
f 3254/3254/3254 3255/3255/3255 3252/3252/3252 
f 3254/3254/3254 3248/3248/3248 3256/3256/3256 
f 3257/3257/3257 3248/3248/3248 3253/3253/3253 
f 3257/3257/3257 3256/3256/3256 3248/3248/3248 
f 3253/3253/3253 2014/2014/2014 3257/3257/3257 
f 3256/3256/3256 3257/3257/3257 2021/2021/2021 
f 2014/2014/2014 2013/2013/2013 3257/3257/3257 
f 2013/2013/2013 2021/2021/2021 3257/3257/3257 
f 3258/3258/3258 3259/3259/3259 3260/3260/3260 
f 3259/3259/3259 3261/3261/3261 3260/3260/3260 
f 3262/3262/3262 3260/3260/3260 3261/3261/3261 
f 3263/3263/3263 3259/3259/3259 3258/3258/3258 
f 3260/3260/3260 3262/3262/3262 3264/3264/3264 
f 3264/3264/3264 3258/3258/3258 3260/3260/3260 
f 3265/3265/3265 3264/3264/3264 3262/3262/3262 
f 3258/3258/3258 3264/3264/3264 3266/3266/3266 
f 3267/3267/3267 3263/3263/3263 3258/3258/3258 
f 3266/3266/3266 3267/3267/3267 3258/3258/3258 
f 2055/2055/2055 3263/3263/3263 3267/3267/3267 
f 3267/3267/3267 3266/3266/3266 2062/2062/2062 
f 2054/2054/2054 2055/2055/2055 3267/3267/3267 
f 2062/2062/2062 2054/2054/2054 3267/3267/3267 

g Handle3

v -325.235 4.946 109.583 
v -325.096 5.06549 109.65 
v -325.251 5.06549 109.65 
v -325.096 4.946 109.583 
v -324.958 4.946 109.583 
v -324.942 5.06549 109.65 
v -325.427 5.06549 109.677 
v -325.481 5.06549 109.589 
v -325.374 4.79824 109.553 
v -325.374 4.79824 109.553 
v -325.527 5.06549 109.515 
v -324.766 5.06549 109.677 
v -324.819 4.79824 109.553 
v -324.712 5.06549 109.589 
v -324.819 4.79824 109.553 
v -324.666 5.06549 109.515 
v -325.718 5.06549 109.277 
v -325.484 4.946 109.463 
v -325.527 5.06549 109.515 
v -325.656 4.946 109.247 
v -324.475 5.06549 109.277 
v -324.709 4.946 109.463 
v -324.537 4.946 109.247 
v -324.666 5.06549 109.515 
v -325.251 5.06549 109.65 
v -325.328 5.06549 109.661 
v -325.374 4.79824 109.553 
v -325.427 5.06549 109.677 
v -324.942 5.06549 109.65 
v -324.819 4.79824 109.553 
v -324.865 5.06549 109.661 
v -324.766 5.06549 109.677 
v -325.814 5.06549 109.061 
v -325.786 5.06549 108.977 
v -325.719 4.79824 109.119 
v -325.719 4.79824 109.119 
v -325.849 5.06549 109.158 
v -324.379 5.06549 109.061 
v -324.474 4.79824 109.119 
v -324.406 5.06549 108.977 
v -324.344 5.06549 109.158 
v -324.474 4.79824 109.119 
v -325.849 5.06549 109.158 
v -325.719 4.79824 109.119 
v -325.775 5.06549 109.225 
v -325.718 5.06549 109.277 
v -325.527 5.06549 108.438 
v -325.596 4.79824 108.579 
v -325.609 5.06549 108.468 
v -324.344 5.06549 109.158 
v -324.418 5.06549 109.225 
v -324.474 4.79824 109.119 
v -324.475 5.06549 109.277 
v -324.666 5.06549 108.438 
v -324.584 5.06549 108.468 
v -324.597 4.79824 108.579 
v -325.786 5.06549 108.977 
v -325.718 5.06549 108.678 
v -325.656 4.946 108.708 
v -325.717 4.946 108.977 
v -324.475 5.06549 108.678 
v -324.406 5.06549 108.977 
v -324.537 4.946 108.708 
v -324.476 4.946 108.977 
v -325.713 5.06549 108.601 
v -325.707 5.06549 108.501 
v -325.596 4.79824 108.579 
v -325.718 5.06549 108.678 
v -325.596 4.79824 108.579 
v -325.596 4.79824 108.579 
v -325.707 5.06549 108.501 
v -325.609 5.06549 108.468 
v -324.479 5.06549 108.601 
v -324.597 4.79824 108.579 
v -324.486 5.06549 108.501 
v -324.475 5.06549 108.678 
v -324.597 4.79824 108.579 
v -324.597 4.79824 108.579 
v -324.584 5.06549 108.468 
v -324.486 5.06549 108.501 
v -325.241 5.06549 108.247 
v -325.484 4.946 108.492 
v -325.527 5.06549 108.438 
v -325.27 4.946 108.372 
v -324.952 5.06549 108.247 
v -324.709 4.946 108.492 
v -324.923 4.946 108.372 
v -324.666 5.06549 108.438 
v -325.427 5.06549 109.677 
v -325.41 5.23585 109.636 
v -325.481 5.06549 109.589 
v -324.766 5.06549 109.677 
v -324.712 5.06549 109.589 
v -324.783 5.23585 109.636 
v -325.849 5.06549 109.158 
v -325.807 5.23585 109.145 
v -325.814 5.06549 109.061 
v -324.344 5.06549 109.158 
v -324.379 5.06549 109.061 
v -324.386 5.23585 109.145 
v -325.096 5.06549 108.097 
v -325.241 5.06549 108.247 
v -325.096 5.30334 108.103 
v -325.096 5.06549 108.097 
v -325.096 5.30334 108.103 
v -324.952 5.06549 108.247 
v -325.27 4.946 108.372 
v -325.241 5.06549 108.247 
v -325.096 4.79824 108.355 
v -324.923 4.946 108.372 
v -325.096 4.79824 108.355 
v -324.952 5.06549 108.247 
v -325.707 5.06549 108.501 
v -325.662 5.2765 108.536 
v -325.609 5.06549 108.468 
v -324.486 5.06549 108.501 
v -324.584 5.06549 108.468 
v -324.531 5.2765 108.536 
v -325.427 5.06549 109.677 
v -325.328 5.06549 109.661 
v -325.41 5.23585 109.636 
v -325.251 5.06549 109.65 
v -325.235 5.18497 109.583 
v -324.766 5.06549 109.677 
v -324.783 5.23585 109.636 
v -324.865 5.06549 109.661 
v -324.942 5.06549 109.65 
v -324.958 5.18497 109.583 
v -325.235 4.946 109.583 
v -325.251 5.06549 109.65 
v -325.374 4.79824 109.553 
v -324.958 4.946 109.583 
v -324.819 4.79824 109.553 
v -324.942 5.06549 109.65 
v -325.656 4.946 109.247 
v -325.718 5.06549 109.277 
v -325.719 4.79824 109.119 
v -325.849 5.06549 109.158 
v -325.775 5.06549 109.225 
v -325.807 5.23585 109.145 
v -325.718 5.06549 109.277 
v -325.656 5.18497 109.247 
v -324.537 4.946 109.247 
v -324.474 4.79824 109.119 
v -324.475 5.06549 109.277 
v -324.344 5.06549 109.158 
v -324.386 5.23585 109.145 
v -324.418 5.06549 109.225 
v -324.475 5.06549 109.277 
v -324.537 5.18497 109.247 
v -325.707 5.06549 108.501 
v -325.713 5.06549 108.601 
v -325.662 5.2765 108.536 
v -325.718 5.06549 108.678 
v -325.657 5.18497 108.709 
v -324.486 5.06549 108.501 
v -324.531 5.2765 108.536 
v -324.479 5.06549 108.601 
v -324.475 5.06549 108.678 
v -324.535 5.18497 108.709 
v -325.527 5.06549 109.515 
v -325.484 4.946 109.463 
v -325.374 4.79824 109.553 
v -324.666 5.06549 109.515 
v -324.819 4.79824 109.553 
v -324.709 4.946 109.463 
v -325.656 4.946 108.708 
v -325.718 5.06549 108.678 
v -325.596 4.79824 108.579 
v -324.537 4.946 108.708 
v -324.597 4.79824 108.579 
v -324.475 5.06549 108.678 
v -325.786 5.06549 108.977 
v -325.717 4.946 108.977 
v -325.719 4.79824 109.119 
v -324.406 5.06549 108.977 
v -324.474 4.79824 109.119 
v -324.476 4.946 108.977 
v -325.527 5.06549 108.438 
v -325.484 4.946 108.492 
v -325.596 4.79824 108.579 
v -324.666 5.06549 108.438 
v -324.597 4.79824 108.579 
v -324.709 4.946 108.492 
v -325.096 5.06549 108.097 
v -325.096 4.79824 108.355 
v -325.241 5.06549 108.247 
v -325.096 5.06549 108.097 
v -324.952 5.06549 108.247 
v -325.096 4.79824 108.355 
v -325.096 5.06549 109.65 
v -325.235 5.18497 109.583 
v -325.251 5.06549 109.65 
v -325.096 5.18497 109.583 
v -324.958 5.18497 109.583 
v -324.942 5.06549 109.65 
v -325.656 5.18497 109.247 
v -325.718 5.06549 109.277 
v -325.484 5.18497 109.462 
v -325.527 5.06549 109.515 
v -324.537 5.18497 109.247 
v -324.708 5.18497 109.462 
v -324.475 5.06549 109.277 
v -324.666 5.06549 109.515 
v -325.241 5.06549 108.247 
v -325.527 5.06549 108.438 
v -325.484 5.18497 108.49 
v -325.282 5.21117 108.371 
v -324.952 5.06549 108.247 
v -324.709 5.18497 108.49 
v -324.666 5.06549 108.438 
v -324.911 5.21117 108.371 
v -325.657 5.18497 108.709 
v -325.786 5.06549 108.977 
v -325.718 5.18497 108.977 
v -325.718 5.06549 108.678 
v -324.535 5.18497 108.709 
v -324.406 5.06549 108.977 
v -324.475 5.06549 108.678 
v -324.475 5.18497 108.977 
v -325.481 5.06549 109.589 
v -325.484 5.18497 109.462 
v -325.527 5.06549 109.515 
v -324.712 5.06549 109.589 
v -324.666 5.06549 109.515 
v -324.708 5.18497 109.462 
v -325.605 5.54595 108.577 
v -325.575 5.743 108.601 
v -325.55 5.55768 108.57 
v -325.53 5.41912 108.543 
v -325.626 5.43026 108.562 
v -325.662 5.2765 108.536 
v -325.484 5.18497 108.49 
v -324.588 5.54595 108.577 
v -324.643 5.55768 108.57 
v -324.618 5.743 108.601 
v -324.663 5.41912 108.543 
v -324.567 5.43026 108.562 
v -324.531 5.2765 108.536 
v -324.709 5.18497 108.49 
v -325.605 5.54595 108.577 
v -325.598 5.55768 108.631 
v -325.575 5.743 108.601 
v -325.619 5.41912 108.655 
v -325.626 5.43026 108.562 
v -325.662 5.2765 108.536 
v -325.657 5.18497 108.709 
v -324.588 5.54595 108.577 
v -324.618 5.743 108.601 
v -324.595 5.55768 108.631 
v -324.574 5.41912 108.655 
v -324.567 5.43026 108.562 
v -324.531 5.2765 108.536 
v -324.535 5.18497 108.709 
v -325.814 5.06549 109.061 
v -325.718 5.18497 108.977 
v -325.786 5.06549 108.977 
v -324.379 5.06549 109.061 
v -324.406 5.06549 108.977 
v -324.475 5.18497 108.977 
v -325.609 5.06549 108.468 
v -325.484 5.18497 108.49 
v -325.527 5.06549 108.438 
v -324.584 5.06549 108.468 
v -324.666 5.06549 108.438 
v -324.709 5.18497 108.49 
v -325.41 5.23585 109.636 
v -325.484 5.18497 109.462 
v -325.481 5.06549 109.589 
v -324.783 5.23585 109.636 
v -324.712 5.06549 109.589 
v -324.708 5.18497 109.462 
v -325.807 5.23585 109.145 
v -325.718 5.18497 108.977 
v -325.814 5.06549 109.061 
v -324.386 5.23585 109.145 
v -324.379 5.06549 109.061 
v -324.475 5.18497 108.977 
v -325.41 5.23585 109.636 
v -325.328 5.06549 109.661 
v -325.235 5.18497 109.583 
v -324.783 5.23585 109.636 
v -324.958 5.18497 109.583 
v -324.865 5.06549 109.661 
v -325.662 5.2765 108.536 
v -325.484 5.18497 108.49 
v -325.609 5.06549 108.468 
v -324.531 5.2765 108.536 
v -324.584 5.06549 108.468 
v -324.709 5.18497 108.49 
v -325.807 5.23585 109.145 
v -325.775 5.06549 109.225 
v -325.656 5.18497 109.247 
v -324.386 5.23585 109.145 
v -324.537 5.18497 109.247 
v -324.418 5.06549 109.225 
v -325.662 5.2765 108.536 
v -325.713 5.06549 108.601 
v -325.657 5.18497 108.709 
v -324.531 5.2765 108.536 
v -324.535 5.18497 108.709 
v -324.479 5.06549 108.601 
v -325.484 5.18497 109.462 
v -325.41 5.23585 109.636 
v -325.44 5.28111 109.48 
v -325.397 5.31464 109.608 
v -324.752 5.28111 109.48 
v -324.783 5.23585 109.636 
v -324.708 5.18497 109.462 
v -324.796 5.31464 109.608 
v -325.096 5.76392 108.204 
v -325.133 5.76173 108.265 
v -325.096 5.9524 108.29 
v -325.168 5.60274 108.265 
v -325.096 5.58107 108.143 
v -325.221 5.3848 108.296 
v -325.096 5.58107 108.143 
v -325.096 5.30334 108.103 
v -325.282 5.21117 108.371 
v -325.096 5.76392 108.204 
v -325.096 5.9524 108.29 
v -325.059 5.76173 108.265 
v -325.025 5.60274 108.265 
v -325.096 5.58107 108.143 
v -324.972 5.3848 108.296 
v -325.096 5.30334 108.103 
v -325.096 5.58107 108.143 
v -324.911 5.21117 108.371 
v -325.718 5.18497 108.977 
v -325.807 5.23585 109.145 
v -325.705 5.28111 109.024 
v -325.777 5.31464 109.138 
v -324.488 5.28111 109.024 
v -324.386 5.23585 109.145 
v -324.475 5.18497 108.977 
v -324.416 5.31464 109.138 
v -325.41 5.23585 109.636 
v -325.235 5.18497 109.583 
v -325.276 5.28111 109.558 
v -325.397 5.31464 109.608 
v -324.796 5.31464 109.608 
v -324.917 5.28111 109.558 
v -324.783 5.23585 109.636 
v -324.958 5.18497 109.583 
v -325.807 5.23585 109.145 
v -325.656 5.18497 109.247 
v -325.662 5.28111 109.201 
v -325.777 5.31464 109.138 
v -324.416 5.31464 109.138 
v -324.531 5.28111 109.201 
v -324.386 5.23585 109.145 
v -324.537 5.18497 109.247 
v -325.096 5.30334 108.103 
v -325.241 5.06549 108.247 
v -325.282 5.21117 108.371 
v -325.096 5.30334 108.103 
v -324.911 5.21117 108.371 
v -324.952 5.06549 108.247 
v -325.382 5.41588 109.576 
v -325.359 5.58209 109.526 
v -325.4 5.39566 109.502 
v -325.397 5.31464 109.608 
v -325.4 5.39566 109.502 
v -325.44 5.28111 109.48 
v -324.811 5.41588 109.576 
v -324.793 5.39566 109.502 
v -324.834 5.58209 109.526 
v -324.796 5.31464 109.608 
v -324.793 5.39566 109.502 
v -324.752 5.28111 109.48 
v -325.742 5.41588 109.13 
v -325.689 5.58209 109.116 
v -325.696 5.39566 109.069 
v -325.777 5.31464 109.138 
v -325.696 5.39566 109.069 
v -325.705 5.28111 109.024 
v -324.451 5.41588 109.13 
v -324.497 5.39566 109.069 
v -324.504 5.58209 109.116 
v -324.416 5.31464 109.138 
v -324.497 5.39566 109.069 
v -324.488 5.28111 109.024 
v -325.382 5.41588 109.576 
v -325.316 5.39566 109.542 
v -325.359 5.58209 109.526 
v -325.397 5.31464 109.608 
v -325.316 5.39566 109.542 
v -325.276 5.28111 109.558 
v -324.811 5.41588 109.576 
v -324.834 5.58209 109.526 
v -324.877 5.39566 109.542 
v -324.796 5.31464 109.608 
v -324.877 5.39566 109.542 
v -324.917 5.28111 109.558 
v -325.742 5.41588 109.13 
v -325.674 5.39566 109.159 
v -325.689 5.58209 109.116 
v -325.777 5.31464 109.138 
v -325.674 5.39566 109.159 
v -325.662 5.28111 109.201 
v -324.451 5.41588 109.13 
v -324.504 5.58209 109.116 
v -324.519 5.39566 109.159 
v -324.416 5.31464 109.138 
v -324.519 5.39566 109.159 
v -324.531 5.28111 109.201 
v -325.656 4.946 109.247 
v -325.717 4.946 108.977 
v -325.579 4.946 108.977 
v -325.656 4.946 108.708 
v -325.532 4.946 109.187 
v -325.532 4.946 108.768 
v -325.398 4.946 109.355 
v -325.398 4.946 108.6 
v -325.484 4.946 109.463 
v -325.484 4.946 108.492 
v -325.204 4.946 109.448 
v -325.27 4.946 108.372 
v -325.235 4.946 109.583 
v -325.204 4.946 108.507 
v -325.096 4.946 109.583 
v -325.096 4.946 108.372 
v -325.096 4.946 109.448 
v -325.096 4.946 108.507 
v -324.989 4.946 109.448 
v -324.989 4.946 108.507 
v -324.958 4.946 109.583 
v -324.923 4.946 108.372 
v -324.709 4.946 109.463 
v -324.795 4.946 108.6 
v -324.795 4.946 109.355 
v -324.709 4.946 108.492 
v -324.537 4.946 109.247 
v -324.537 4.946 108.708 
v -324.661 4.946 109.187 
v -324.661 4.946 108.768 
v -324.614 4.946 108.977 
v -324.476 4.946 108.977 
v -325.656 5.18497 109.247 
v -325.579 5.18497 108.977 
v -325.718 5.18497 108.977 
v -325.657 5.18497 108.709 
v -325.532 5.18497 109.187 
v -325.484 5.18497 109.462 
v -325.398 5.18497 109.355 
v -325.532 5.18497 108.768 
v -325.484 5.18497 108.49 
v -325.398 5.18497 108.6 
v -325.235 5.18497 109.583 
v -325.398 5.18497 109.355 
v -325.484 5.18497 109.462 
v -325.204 5.18497 109.448 
v -325.096 5.18497 109.448 
v -325.204 5.18497 109.448 
v -325.096 5.18497 109.583 
v -325.235 5.18497 109.583 
v -324.989 5.18497 109.448 
v -324.958 5.18497 109.583 
v -324.614 5.18497 108.977 
v -324.537 5.18497 109.247 
v -324.475 5.18497 108.977 
v -324.535 5.18497 108.709 
v -324.661 5.18497 109.187 
v -324.708 5.18497 109.462 
v -324.795 5.18497 109.355 
v -324.661 5.18497 108.768 
v -324.709 5.18497 108.49 
v -324.795 5.18497 108.6 
v -324.958 5.18497 109.583 
v -324.795 5.18497 109.355 
v -324.989 5.18497 109.448 
v -324.708 5.18497 109.462 
v -325.398 5.18497 108.6 
v -325.282 5.21117 108.371 
v -325.484 5.18497 108.49 
v -325.204 5.18497 108.507 
v -324.795 5.18497 108.6 
v -324.709 5.18497 108.49 
v -324.911 5.21117 108.371 
v -324.989 5.18497 108.507 
v -325.204 5.18497 108.507 
v -325.096 5.2312 108.412 
v -325.282 5.21117 108.371 
v -325.096 5.18497 108.507 
v -324.989 5.18497 108.507 
v -325.096 5.2312 108.412 
v -324.911 5.21117 108.371 
v -325.096 4.946 108.507 
v -325.189 5.06549 108.574 
v -325.204 4.946 108.507 
v -325.096 5.06549 108.574 
v -325.004 5.06549 108.574 
v -324.989 4.946 108.507 
v -325.204 4.946 108.507 
v -325.355 5.06549 108.654 
v -325.398 4.946 108.6 
v -325.189 5.06549 108.574 
v -324.989 4.946 108.507 
v -324.838 5.06549 108.654 
v -325.004 5.06549 108.574 
v -324.795 4.946 108.6 
v -325.398 4.946 108.6 
v -325.355 5.06549 108.654 
v -325.532 4.946 108.768 
v -325.469 5.06549 108.798 
v -324.795 4.946 108.6 
v -324.661 4.946 108.768 
v -324.838 5.06549 108.654 
v -324.724 5.06549 108.798 
v -325.532 4.946 108.768 
v -325.469 5.06549 108.798 
v -325.579 4.946 108.977 
v -325.51 5.06549 108.977 
v -324.661 4.946 108.768 
v -324.614 4.946 108.977 
v -324.724 5.06549 108.798 
v -324.683 5.06549 108.977 
v -325.579 4.946 108.977 
v -325.469 5.06549 109.157 
v -325.532 4.946 109.187 
v -325.51 5.06549 108.977 
v -324.614 4.946 108.977 
v -324.724 5.06549 109.157 
v -324.683 5.06549 108.977 
v -324.661 4.946 109.187 
v -325.532 4.946 109.187 
v -325.355 5.06549 109.301 
v -325.398 4.946 109.355 
v -325.469 5.06549 109.157 
v -324.661 4.946 109.187 
v -324.838 5.06549 109.301 
v -324.724 5.06549 109.157 
v -324.795 4.946 109.355 
v -325.189 5.06549 109.381 
v -325.204 4.946 109.448 
v -325.355 5.06549 109.301 
v -325.398 4.946 109.355 
v -325.004 5.06549 109.381 
v -324.838 5.06549 109.301 
v -324.989 4.946 109.448 
v -324.795 4.946 109.355 
v -325.189 5.06549 109.381 
v -325.096 4.946 109.448 
v -325.204 4.946 109.448 
v -325.096 5.06549 109.381 
v -325.004 5.06549 109.381 
v -324.989 4.946 109.448 
v -325.282 5.21117 108.371 
v -325.096 5.45022 108.323 
v -325.221 5.3848 108.296 
v -324.911 5.21117 108.371 
v -324.972 5.3848 108.296 
v -325.096 5.45022 108.323 
v -325.189 5.06549 108.574 
v -325.096 5.18497 108.507 
v -325.204 5.18497 108.507 
v -325.096 5.06549 108.574 
v -325.004 5.06549 108.574 
v -324.989 5.18497 108.507 
v -325.355 5.06549 108.654 
v -325.189 5.06549 108.574 
v -325.204 5.18497 108.507 
v -325.398 5.18497 108.6 
v -324.838 5.06549 108.654 
v -324.989 5.18497 108.507 
v -325.004 5.06549 108.574 
v -324.795 5.18497 108.6 
v -325.355 5.06549 108.654 
v -325.532 5.18497 108.768 
v -325.469 5.06549 108.798 
v -325.398 5.18497 108.6 
v -324.838 5.06549 108.654 
v -324.661 5.18497 108.768 
v -324.795 5.18497 108.6 
v -324.724 5.06549 108.798 
v -325.469 5.06549 108.798 
v -325.579 5.18497 108.977 
v -325.51 5.06549 108.977 
v -325.532 5.18497 108.768 
v -324.724 5.06549 108.798 
v -324.614 5.18497 108.977 
v -324.661 5.18497 108.768 
v -324.683 5.06549 108.977 
v -325.51 5.06549 108.977 
v -325.579 5.18497 108.977 
v -325.469 5.06549 109.157 
v -325.532 5.18497 109.187 
v -324.724 5.06549 109.157 
v -324.614 5.18497 108.977 
v -324.683 5.06549 108.977 
v -324.661 5.18497 109.187 
v -325.469 5.06549 109.157 
v -325.532 5.18497 109.187 
v -325.355 5.06549 109.301 
v -325.398 5.18497 109.355 
v -324.724 5.06549 109.157 
v -324.838 5.06549 109.301 
v -324.661 5.18497 109.187 
v -324.795 5.18497 109.355 
v -325.204 5.18497 109.448 
v -325.355 5.06549 109.301 
v -325.398 5.18497 109.355 
v -325.189 5.06549 109.381 
v -324.838 5.06549 109.301 
v -324.989 5.18497 109.448 
v -324.795 5.18497 109.355 
v -325.004 5.06549 109.381 
v -325.096 5.18497 109.448 
v -325.189 5.06549 109.381 
v -325.204 5.18497 109.448 
v -325.096 5.06549 109.381 
v -325.004 5.06549 109.381 
v -324.989 5.18497 109.448 
v -325.282 5.21117 108.371 
v -325.096 5.2312 108.412 
v -325.096 5.45022 108.323 
v -324.911 5.21117 108.371 
v -325.096 5.45022 108.323 
v -325.096 5.2312 108.412 
v -325.484 4.946 108.492 
v -325.656 4.946 108.708 
v -325.596 4.79824 108.579 
v -324.709 4.946 108.492 
v -324.597 4.79824 108.579 
v -324.537 4.946 108.708 
v -325.717 4.946 108.977 
v -325.656 4.946 109.247 
v -325.719 4.79824 109.119 
v -324.476 4.946 108.977 
v -324.474 4.79824 109.119 
v -324.537 4.946 109.247 
v -325.484 4.946 109.463 
v -325.235 4.946 109.583 
v -325.374 4.79824 109.553 
v -324.709 4.946 109.463 
v -324.819 4.79824 109.553 
v -324.958 4.946 109.583 
v -325.133 5.76173 108.265 
v -325.096 5.75769 108.282 
v -325.096 5.9524 108.29 
v -325.096 5.60999 108.285 
v -325.168 5.60274 108.265 
v -325.168 5.60274 108.265 
v -325.096 5.45022 108.323 
v -325.221 5.3848 108.296 
v -325.059 5.76173 108.265 
v -325.096 5.9524 108.29 
v -325.096 5.75769 108.282 
v -325.096 5.60999 108.285 
v -325.025 5.60274 108.265 
v -325.096 5.45022 108.323 
v -325.025 5.60274 108.265 
v -324.972 5.3848 108.296 
v -325.096 4.79824 108.355 
v -325.096 4.946 108.372 
v -325.27 4.946 108.372 
v -324.923 4.946 108.372 
v -325.619 5.41912 108.655 
v -325.484 5.18497 108.49 
v -325.53 5.41912 108.543 
v -325.657 5.18497 108.709 
v -325.55 5.55768 108.57 
v -325.598 5.55768 108.631 
v -325.575 5.743 108.601 
v -324.663 5.41912 108.543 
v -324.709 5.18497 108.49 
v -324.574 5.41912 108.655 
v -324.535 5.18497 108.709 
v -324.643 5.55768 108.57 
v -324.595 5.55768 108.631 
v -324.618 5.743 108.601 
v -325.705 5.28111 109.024 
v -325.656 5.18497 109.247 
v -325.718 5.18497 108.977 
v -325.662 5.28111 109.201 
v -325.696 5.39566 109.069 
v -325.674 5.39566 109.159 
v -325.689 5.58209 109.116 
v -324.488 5.28111 109.024 
v -324.537 5.18497 109.247 
v -324.531 5.28111 109.201 
v -324.475 5.18497 108.977 
v -324.497 5.39566 109.069 
v -324.519 5.39566 109.159 
v -324.504 5.58209 109.116 
v -325.235 5.18497 109.583 
v -325.44 5.28111 109.48 
v -325.276 5.28111 109.558 
v -325.484 5.18497 109.462 
v -325.4 5.39566 109.502 
v -325.316 5.39566 109.542 
v -325.359 5.58209 109.526 
v -324.958 5.18497 109.583 
v -324.752 5.28111 109.48 
v -324.708 5.18497 109.462 
v -324.917 5.28111 109.558 
v -324.793 5.39566 109.502 
v -324.877 5.39566 109.542 
v -324.834 5.58209 109.526 

vn 0.165354 -0.464567 0.866142 
vn 0 -0.488189 0.874016 
vn 0.102362 -0.448819 0.889764 
vn 0 -0.488189 0.874016 
vn -0.165354 -0.464567 0.866142 
vn -0.102362 -0.448819 0.889764 
vn -0.787402 -0.377953 0.480315 
vn -0.787402 -0.377953 0.488189 
vn -0.811024 -0.401575 0.425197 
vn -0.811024 -0.401575 0.425197 
vn -0.748031 -0.440945 0.488189 
vn 0.787402 -0.377953 0.480315 
vn 0.811024 -0.401575 0.425197 
vn 0.787402 -0.377953 0.488189 
vn 0.811024 -0.401575 0.425197 
vn 0.748031 -0.440945 0.488189 
vn -0.629921 -0.448819 0.637795 
vn -0.779528 -0.464567 0.409449 
vn -0.748031 -0.440945 0.488189 
vn -0.574803 -0.464567 0.669291 
vn 0.629921 -0.448819 0.637795 
vn 0.779528 -0.464567 0.409449 
vn 0.574803 -0.464567 0.669291 
vn 0.748031 -0.440945 0.488189 
vn 0.102362 -0.448819 0.889764 
vn 0.141732 -0.393701 0.913386 
vn 0.19685 -0.409449 0.889764 
vn 0.141732 -0.393701 0.905512 
vn -0.102362 -0.448819 0.889764 
vn -0.19685 -0.409449 0.889764 
vn -0.141732 -0.393701 0.913386 
vn -0.141732 -0.393701 0.905512 
vn -0.874016 -0.377953 -0.299213 
vn -0.850394 -0.440945 -0.283465 
vn -0.84252 -0.401575 -0.362205 
vn -0.84252 -0.401575 -0.362205 
vn -0.874016 -0.377953 -0.307087 
vn 0.874016 -0.377953 -0.299213 
vn 0.84252 -0.401575 -0.362205 
vn 0.850394 -0.440945 -0.283465 
vn 0.874016 -0.377953 -0.307087 
vn 0.84252 -0.401575 -0.362205 
vn -0.614173 -0.393701 0.685039 
vn -0.566929 -0.417323 0.708661 
vn -0.614173 -0.393701 0.677165 
vn -0.629921 -0.448819 0.637795 
vn -0.346457 -0.480315 -0.811024 
vn -0.23622 -0.401575 -0.88189 
vn -0.307087 -0.377953 -0.874016 
vn 0.614173 -0.393701 0.685039 
vn 0.614173 -0.393701 0.677165 
vn 0.566929 -0.417323 0.708661 
vn 0.629921 -0.448819 0.637795 
vn 0.346457 -0.480315 -0.811024 
vn 0.307087 -0.377953 -0.874016 
vn 0.23622 -0.401575 -0.88189 
vn -0.850394 -0.440945 -0.283465 
vn -0.889764 -0.448819 -0.0944882 
vn -0.88189 -0.464567 -0.0314961 
vn -0.811024 -0.464567 -0.354331 
vn 0.889764 -0.448819 -0.0944882 
vn 0.850394 -0.440945 -0.283465 
vn 0.88189 -0.464567 -0.0314961 
vn 0.811024 -0.464567 -0.354331 
vn -0.913386 -0.401575 -0.0551181 
vn -0.913386 -0.393701 -0.0629921 
vn -0.913386 -0.417323 0 
vn -0.889764 -0.448819 -0.0944882 
vn -0.913386 -0.417323 0 
vn -0.23622 -0.401575 -0.88189 
vn -0.299213 -0.377953 -0.874016 
vn -0.307087 -0.377953 -0.874016 
vn 0.913386 -0.401575 -0.0551181 
vn 0.913386 -0.417323 0 
vn 0.913386 -0.393701 -0.0629921 
vn 0.889764 -0.448819 -0.0944882 
vn 0.913386 -0.417323 0 
vn 0.23622 -0.401575 -0.88189 
vn 0.307087 -0.377953 -0.874016 
vn 0.299213 -0.377953 -0.874016 
vn -0.535433 -0.559055 -0.637795 
vn -0.251969 -0.496063 -0.826772 
vn -0.346457 -0.480315 -0.811024 
vn -0.480315 -0.551181 -0.677165 
vn 0.535433 -0.559055 -0.637795 
vn 0.251969 -0.496063 -0.826772 
vn 0.480315 -0.551181 -0.677165 
vn 0.346457 -0.480315 -0.811024 
vn -0.834646 0.204724 0.511811 
vn -0.897638 0.291339 0.322835 
vn -0.84252 0.314961 0.433071 
vn 0.834646 0.204724 0.511811 
vn 0.84252 0.314961 0.433071 
vn 0.897638 0.291339 0.322835 
vn -0.92126 0.204724 -0.330709 
vn -0.818898 0.291339 -0.496063 
vn -0.866142 0.314961 -0.385827 
vn 0.92126 0.204724 -0.330709 
vn 0.866142 0.314961 -0.385827 
vn 0.818898 0.291339 -0.496063 
vn -0.716535 0.015748 -0.692913 
vn -0.724409 0.244094 -0.645669 
vn -0.80315 0.0787402 -0.582677 
vn 0.716535 0.015748 -0.692913 
vn 0.80315 0.0787402 -0.582677 
vn 0.724409 0.244094 -0.645669 
vn -0.480315 -0.551181 -0.677165 
vn -0.535433 -0.559055 -0.637795 
vn -0.566929 -0.551181 -0.614173 
vn 0.480315 -0.551181 -0.677165 
vn 0.566929 -0.551181 -0.614173 
vn 0.535433 -0.559055 -0.637795 
vn -0.314961 0.220472 -0.92126 
vn -0.165354 0.220472 -0.96063 
vn -0.244094 0.314961 -0.92126 
vn 0.314961 0.220472 -0.92126 
vn 0.244094 0.314961 -0.92126 
vn 0.165354 0.220472 -0.96063 
vn 0.149606 0.212598 0.968504 
vn 0.220472 0.322835 0.92126 
vn 0.338583 0.299213 0.889764 
vn 0.0708661 0.480315 0.874016 
vn 0.204724 0.409449 0.889764 
vn -0.149606 0.212598 0.968504 
vn -0.338583 0.299213 0.889764 
vn -0.220472 0.322835 0.92126 
vn -0.0708661 0.480315 0.874016 
vn -0.204724 0.409449 0.889764 
vn 0.165354 -0.464567 0.866142 
vn 0.102362 -0.448819 0.889764 
vn 0.19685 -0.409449 0.889764 
vn -0.165354 -0.464567 0.866142 
vn -0.19685 -0.409449 0.889764 
vn -0.102362 -0.448819 0.889764 
vn -0.574803 -0.464567 0.669291 
vn -0.629921 -0.448819 0.637795 
vn -0.566929 -0.417323 0.708661 
vn -0.653543 0.212598 0.724409 
vn -0.574803 0.322835 0.748031 
vn -0.480315 0.299213 0.826772 
vn -0.637795 0.480315 0.606299 
vn -0.566929 0.409449 0.716535 
vn 0.574803 -0.464567 0.669291 
vn 0.566929 -0.417323 0.708661 
vn 0.629921 -0.448819 0.637795 
vn 0.653543 0.212598 0.724409 
vn 0.480315 0.299213 0.826772 
vn 0.574803 0.322835 0.748031 
vn 0.637795 0.480315 0.606299 
vn 0.566929 0.409449 0.716535 
vn -0.976378 0.220472 -0.0629921 
vn -0.952756 0.314961 0.015748 
vn -0.968504 0.220472 0.102362 
vn -0.874016 0.472441 -0.11811 
vn -0.929134 0.370079 -0.00787402 
vn 0.976378 0.220472 -0.0629921 
vn 0.968504 0.220472 0.102362 
vn 0.952756 0.314961 0.015748 
vn 0.874016 0.472441 -0.11811 
vn 0.929134 0.370079 -0.00787402 
vn -0.748031 -0.440945 0.488189 
vn -0.779528 -0.464567 0.409449 
vn -0.811024 -0.401575 0.425197 
vn 0.748031 -0.440945 0.488189 
vn 0.811024 -0.401575 0.425197 
vn 0.779528 -0.464567 0.409449 
vn -0.88189 -0.464567 -0.0314961 
vn -0.889764 -0.448819 -0.0944882 
vn -0.913386 -0.417323 0 
vn 0.88189 -0.464567 -0.0314961 
vn 0.913386 -0.417323 0 
vn 0.889764 -0.448819 -0.0944882 
vn -0.850394 -0.440945 -0.283465 
vn -0.811024 -0.464567 -0.354331 
vn -0.84252 -0.401575 -0.362205 
vn 0.850394 -0.440945 -0.283465 
vn 0.84252 -0.401575 -0.362205 
vn 0.811024 -0.464567 -0.354331 
vn -0.346457 -0.480315 -0.811024 
vn -0.251969 -0.496063 -0.826772 
vn -0.23622 -0.401575 -0.88189 
vn 0.346457 -0.480315 -0.811024 
vn 0.23622 -0.401575 -0.88189 
vn 0.251969 -0.496063 -0.826772 
vn -0.598425 -0.559055 -0.574803 
vn -0.566929 -0.551181 -0.614173 
vn -0.535433 -0.559055 -0.637795 
vn 0.598425 -0.559055 -0.574803 
vn 0.535433 -0.559055 -0.637795 
vn 0.566929 -0.551181 -0.614173 
vn 0 0.488189 0.874016 
vn 0.204724 0.409449 0.889764 
vn 0.0708661 0.480315 0.874016 
vn 0 0.488189 0.874016 
vn -0.204724 0.409449 0.889764 
vn -0.0708661 0.480315 0.874016 
vn -0.566929 0.409449 0.716535 
vn -0.637795 0.480315 0.606299 
vn -0.811024 0.401575 0.417323 
vn -0.716535 0.480315 0.503937 
vn 0.566929 0.409449 0.716535 
vn 0.811024 0.401575 0.417323 
vn 0.637795 0.480315 0.606299 
vn 0.716535 0.480315 0.503937 
vn -0.724409 0.244094 -0.645669 
vn -0.393701 0.480315 -0.787402 
vn -0.299213 0.377953 -0.874016 
vn -0.677165 0.330709 -0.653543 
vn 0.724409 0.244094 -0.645669 
vn 0.299213 0.377953 -0.874016 
vn 0.393701 0.480315 -0.787402 
vn 0.677165 0.330709 -0.653543 
vn -0.929134 0.370079 -0.00787402 
vn -0.84252 0.480315 -0.23622 
vn -0.834646 0.401575 -0.370079 
vn -0.874016 0.472441 -0.11811 
vn 0.929134 0.370079 -0.00787402 
vn 0.84252 0.480315 -0.23622 
vn 0.874016 0.472441 -0.11811 
vn 0.834646 0.401575 -0.370079 
vn -0.84252 0.314961 0.433071 
vn -0.811024 0.401575 0.417323 
vn -0.716535 0.480315 0.503937 
vn 0.84252 0.314961 0.433071 
vn 0.716535 0.480315 0.503937 
vn 0.811024 0.401575 0.417323 
vn -0.165354 0.15748 -0.976378 
vn -0.15748 0.141732 -0.976378 
vn -0.165354 0.149606 -0.976378 
vn -0.165354 0.181102 -0.968504 
vn -0.165354 0.181102 -0.968504 
vn -0.165354 0.220472 -0.96063 
vn -0.299213 0.377953 -0.874016 
vn 0.165354 0.15748 -0.976378 
vn 0.165354 0.149606 -0.976378 
vn 0.15748 0.141732 -0.976378 
vn 0.165354 0.181102 -0.968504 
vn 0.165354 0.181102 -0.968504 
vn 0.165354 0.220472 -0.96063 
vn 0.299213 0.377953 -0.874016 
vn -0.984252 0.15748 0.0944882 
vn -0.984252 0.149606 0.0944882 
vn -0.984252 0.133858 0.0944882 
vn -0.976378 0.181102 0.102362 
vn -0.976378 0.181102 0.102362 
vn -0.968504 0.220472 0.102362 
vn -0.929134 0.370079 -0.00787402 
vn 0.984252 0.15748 0.0944882 
vn 0.984252 0.133858 0.0944882 
vn 0.984252 0.149606 0.0944882 
vn 0.976378 0.181102 0.102362 
vn 0.976378 0.181102 0.102362 
vn 0.968504 0.220472 0.102362 
vn 0.929134 0.370079 -0.00787402 
vn -0.866142 0.314961 -0.385827 
vn -0.834646 0.401575 -0.370079 
vn -0.84252 0.480315 -0.23622 
vn 0.866142 0.314961 -0.385827 
vn 0.84252 0.480315 -0.23622 
vn 0.834646 0.401575 -0.370079 
vn -0.244094 0.314961 -0.92126 
vn -0.299213 0.377953 -0.874016 
vn -0.393701 0.480315 -0.787402 
vn 0.244094 0.314961 -0.92126 
vn 0.393701 0.480315 -0.787402 
vn 0.299213 0.377953 -0.874016 
vn -0.897638 0.291339 0.322835 
vn -0.811024 0.401575 0.417323 
vn -0.84252 0.314961 0.433071 
vn 0.897638 0.291339 0.322835 
vn 0.84252 0.314961 0.433071 
vn 0.811024 0.401575 0.417323 
vn -0.818898 0.291339 -0.496063 
vn -0.834646 0.401575 -0.370079 
vn -0.866142 0.314961 -0.385827 
vn 0.818898 0.291339 -0.496063 
vn 0.866142 0.314961 -0.385827 
vn 0.834646 0.401575 -0.370079 
vn 0.338583 0.299213 0.889764 
vn 0.220472 0.322835 0.92126 
vn 0.204724 0.409449 0.889764 
vn -0.338583 0.299213 0.889764 
vn -0.204724 0.409449 0.889764 
vn -0.220472 0.322835 0.92126 
vn -0.165354 0.220472 -0.96063 
vn -0.299213 0.377953 -0.874016 
vn -0.244094 0.314961 -0.92126 
vn 0.165354 0.220472 -0.96063 
vn 0.244094 0.314961 -0.92126 
vn 0.299213 0.377953 -0.874016 
vn -0.480315 0.299213 0.826772 
vn -0.574803 0.322835 0.748031 
vn -0.566929 0.409449 0.716535 
vn 0.480315 0.299213 0.826772 
vn 0.566929 0.409449 0.716535 
vn 0.574803 0.322835 0.748031 
vn -0.968504 0.220472 0.102362 
vn -0.952756 0.314961 0.015748 
vn -0.929134 0.370079 -0.00787402 
vn 0.968504 0.220472 0.102362 
vn 0.929134 0.370079 -0.00787402 
vn 0.952756 0.314961 0.015748 
vn -0.811024 0.401575 0.417323 
vn -0.897638 0.291339 0.322835 
vn -0.92126 0.291339 0.251969 
vn -0.929134 0.283465 0.244094 
vn 0.92126 0.291339 0.251969 
vn 0.897638 0.291339 0.322835 
vn 0.811024 0.401575 0.417323 
vn 0.929134 0.283465 0.244094 
vn -0.834646 0.19685 -0.511811 
vn -0.834646 0.19685 -0.503937 
vn -0.834646 0.228346 -0.496063 
vn -0.84252 0.15748 -0.519685 
vn -0.834646 0.133858 -0.535433 
vn -0.826772 0.0787402 -0.559055 
vn -0.834646 0.133858 -0.535433 
vn -0.80315 0.0787402 -0.582677 
vn -0.677165 0.330709 -0.653543 
vn 0.834646 0.19685 -0.511811 
vn 0.834646 0.228346 -0.496063 
vn 0.834646 0.19685 -0.503937 
vn 0.84252 0.15748 -0.519685 
vn 0.834646 0.133858 -0.535433 
vn 0.826772 0.0787402 -0.559055 
vn 0.80315 0.0787402 -0.582677 
vn 0.834646 0.133858 -0.535433 
vn 0.677165 0.330709 -0.653543 
vn -0.834646 0.401575 -0.370079 
vn -0.818898 0.291339 -0.496063 
vn -0.779528 0.299213 -0.559055 
vn -0.771654 0.283465 -0.566929 
vn 0.779528 0.299213 -0.559055 
vn 0.818898 0.291339 -0.496063 
vn 0.834646 0.401575 -0.370079 
vn 0.771654 0.283465 -0.566929 
vn 0.338583 0.299213 0.889764 
vn 0.204724 0.409449 0.889764 
vn 0.409449 0.291339 0.866142 
vn 0.425197 0.283465 0.858268 
vn -0.425197 0.283465 0.858268 
vn -0.409449 0.291339 0.866142 
vn -0.338583 0.299213 0.889764 
vn -0.204724 0.409449 0.889764 
vn -0.480315 0.299213 0.826772 
vn -0.566929 0.409449 0.716535 
vn -0.409449 0.291339 0.866142 
vn -0.401575 0.283465 0.874016 
vn 0.401575 0.283465 0.874016 
vn 0.409449 0.291339 0.866142 
vn 0.480315 0.299213 0.826772 
vn 0.566929 0.409449 0.716535 
vn -0.80315 0.0787402 -0.582677 
vn -0.724409 0.244094 -0.645669 
vn -0.677165 0.330709 -0.653543 
vn 0.80315 0.0787402 -0.582677 
vn 0.677165 0.330709 -0.653543 
vn 0.724409 0.244094 -0.645669 
vn -0.952756 0.220472 0.204724 
vn -0.96063 0.188976 0.188976 
vn -0.952756 0.228346 0.212598 
vn -0.929134 0.283465 0.244094 
vn -0.952756 0.228346 0.212598 
vn -0.92126 0.291339 0.251969 
vn 0.952756 0.220472 0.204724 
vn 0.952756 0.228346 0.212598 
vn 0.96063 0.188976 0.188976 
vn 0.929134 0.283465 0.244094 
vn 0.952756 0.228346 0.212598 
vn 0.92126 0.291339 0.251969 
vn -0.76378 0.220472 -0.614173 
vn -0.755906 0.188976 -0.629921 
vn -0.76378 0.228346 -0.606299 
vn -0.771654 0.283465 -0.566929 
vn -0.76378 0.228346 -0.606299 
vn -0.779528 0.299213 -0.559055 
vn 0.76378 0.220472 -0.614173 
vn 0.76378 0.228346 -0.606299 
vn 0.755906 0.188976 -0.629921 
vn 0.771654 0.283465 -0.566929 
vn 0.76378 0.228346 -0.606299 
vn 0.779528 0.299213 -0.559055 
vn 0.472441 0.212598 0.850394 
vn 0.472441 0.220472 0.850394 
vn 0.496063 0.188976 0.850394 
vn 0.425197 0.283465 0.858268 
vn 0.472441 0.220472 0.850394 
vn 0.409449 0.291339 0.866142 
vn -0.472441 0.212598 0.850394 
vn -0.496063 0.188976 0.850394 
vn -0.472441 0.220472 0.850394 
vn -0.425197 0.283465 0.858268 
vn -0.472441 0.220472 0.850394 
vn -0.409449 0.291339 0.866142 
vn -0.362205 0.212598 0.905512 
vn -0.370079 0.220472 0.905512 
vn -0.346457 0.188976 0.92126 
vn -0.401575 0.283465 0.874016 
vn -0.370079 0.220472 0.905512 
vn -0.409449 0.291339 0.866142 
vn 0.362205 0.212598 0.905512 
vn 0.346457 0.188976 0.92126 
vn 0.370079 0.220472 0.905512 
vn 0.401575 0.283465 0.874016 
vn 0.370079 0.220472 0.905512 
vn 0.409449 0.291339 0.866142 
vn 0 -1 0 
vn 0 -1 0 
vn 0 -1 0 
vn 0 -1 0 
vn 0 -1 0 
vn 0 -1 0 
vn 0 -1 0 
vn 0 -1 0 
vn 0 -1 0 
vn 0 -1 0 
vn 0 -1 0 
vn 0 -1 0 
vn 0 -1 0 
vn 0 -1 0 
vn 0 -1 0 
vn 0 -1 0 
vn 0 -1 0 
vn 0 -1 0 
vn 0 -1 0 
vn 0 -1 0 
vn 0 -1 0 
vn 0 -1 0 
vn 0 -1 0 
vn 0 -1 0 
vn 0 -1 0 
vn 0 -1 0 
vn 0 -1 0 
vn 0 -1 0 
vn 0 -1 0 
vn 0 -1 0 
vn 0 -1 0 
vn 0 -1 0 
vn 0 1 0 
vn 0 1 0 
vn 0 1 0 
vn 0 1 0 
vn 0 1 0 
vn 0 1 0 
vn 0 1 0 
vn 0 1 0 
vn 0 1 0.0551181 
vn 0 1 0.0551181 
vn 0 1 0 
vn 0 1 0 
vn 0 1 0 
vn 0 1 0 
vn 0 1 0 
vn 0 1 0 
vn 0 1 0 
vn 0 1 0 
vn 0 1 0 
vn 0 1 0 
vn 0 1 0 
vn 0 1 0 
vn 0 1 0 
vn 0 1 0 
vn 0 1 0 
vn 0 1 0 
vn 0 1 0 
vn 0 1 0 
vn 0 1 0.0551181 
vn 0 1 0.0551181 
vn 0 1 0 
vn 0 1 0 
vn 0 1 0 
vn 0 1 0 
vn 0 1 0.0551181 
vn -0.149606 0.866142 0.472441 
vn 0 1 0.0551181 
vn -0.0708661 0.968504 0.244094 
vn 0 1 0.0551181 
vn 0 1 0.0551181 
vn 0.149606 0.866142 0.472441 
vn 0.0708661 0.968504 0.244094 
vn -0.0708661 0.968504 0.244094 
vn 0 0.740157 0.677165 
vn -0.149606 0.866142 0.472441 
vn 0 0.944882 0.338583 
vn 0.0708661 0.968504 0.244094 
vn 0 0.740157 0.677165 
vn 0.149606 0.866142 0.472441 
vn 0 -0.488189 0.874016 
vn 0.188976 -0.496063 0.84252 
vn 0.188976 -0.496063 0.84252 
vn 0 -0.488189 0.874016 
vn -0.188976 -0.496063 0.84252 
vn -0.188976 -0.496063 0.84252 
vn 0.188976 -0.496063 0.84252 
vn 0.543307 -0.496063 0.677165 
vn 0.543307 -0.496063 0.677165 
vn 0.188976 -0.496063 0.84252 
vn -0.188976 -0.496063 0.84252 
vn -0.543307 -0.496063 0.677165 
vn -0.188976 -0.496063 0.84252 
vn -0.543307 -0.496063 0.677165 
vn 0.543307 -0.496063 0.677165 
vn 0.543307 -0.496063 0.677165 
vn 0.779528 -0.496063 0.377953 
vn 0.779528 -0.496063 0.377953 
vn -0.543307 -0.496063 0.677165 
vn -0.779528 -0.496063 0.377953 
vn -0.543307 -0.496063 0.677165 
vn -0.779528 -0.496063 0.377953 
vn 0.779528 -0.496063 0.377953 
vn 0.779528 -0.496063 0.377953 
vn 0.866142 -0.496063 0 
vn 0.866142 -0.496063 0 
vn -0.779528 -0.496063 0.377953 
vn -0.866142 -0.496063 0 
vn -0.779528 -0.496063 0.377953 
vn -0.866142 -0.496063 0 
vn 0.866142 -0.496063 0 
vn 0.779528 -0.496063 -0.377953 
vn 0.779528 -0.496063 -0.377953 
vn 0.866142 -0.496063 0 
vn -0.866142 -0.496063 0 
vn -0.779528 -0.496063 -0.377953 
vn -0.866142 -0.496063 0 
vn -0.779528 -0.496063 -0.377953 
vn 0.779528 -0.496063 -0.377953 
vn 0.543307 -0.496063 -0.677165 
vn 0.543307 -0.496063 -0.677165 
vn 0.779528 -0.496063 -0.377953 
vn -0.779528 -0.496063 -0.377953 
vn -0.543307 -0.496063 -0.677165 
vn -0.779528 -0.496063 -0.377953 
vn -0.543307 -0.496063 -0.677165 
vn 0.188976 -0.496063 -0.84252 
vn 0.188976 -0.496063 -0.84252 
vn 0.543307 -0.496063 -0.677165 
vn 0.543307 -0.496063 -0.677165 
vn -0.188976 -0.496063 -0.84252 
vn -0.543307 -0.496063 -0.677165 
vn -0.188976 -0.496063 -0.84252 
vn -0.543307 -0.496063 -0.677165 
vn 0.188976 -0.496063 -0.84252 
vn 0 -0.488189 -0.874016 
vn 0.188976 -0.496063 -0.84252 
vn 0 -0.488189 -0.874016 
vn -0.188976 -0.496063 -0.84252 
vn -0.188976 -0.496063 -0.84252 
vn -0.149606 0.866142 0.472441 
vn -0.314961 0.291339 0.905512 
vn -0.393701 0.409449 0.826772 
vn 0.149606 0.866142 0.472441 
vn 0.393701 0.409449 0.826772 
vn 0.314961 0.291339 0.905512 
vn 0.188976 0.496063 0.84252 
vn 0 0.488189 0.874016 
vn 0.188976 0.496063 0.84252 
vn 0 0.488189 0.874016 
vn -0.188976 0.496063 0.84252 
vn -0.188976 0.496063 0.84252 
vn 0.543307 0.496063 0.677165 
vn 0.188976 0.496063 0.84252 
vn 0.188976 0.496063 0.84252 
vn 0.543307 0.496063 0.677165 
vn -0.543307 0.496063 0.677165 
vn -0.188976 0.496063 0.84252 
vn -0.188976 0.496063 0.84252 
vn -0.543307 0.496063 0.677165 
vn 0.543307 0.496063 0.677165 
vn 0.779528 0.496063 0.377953 
vn 0.779528 0.496063 0.377953 
vn 0.543307 0.496063 0.677165 
vn -0.543307 0.496063 0.677165 
vn -0.779528 0.496063 0.377953 
vn -0.543307 0.496063 0.677165 
vn -0.779528 0.496063 0.377953 
vn 0.779528 0.496063 0.377953 
vn 0.866142 0.496063 0 
vn 0.866142 0.496063 0 
vn 0.779528 0.496063 0.377953 
vn -0.779528 0.496063 0.377953 
vn -0.866142 0.496063 0 
vn -0.779528 0.496063 0.377953 
vn -0.866142 0.496063 0 
vn 0.866142 0.496063 0 
vn 0.866142 0.496063 0 
vn 0.779528 0.496063 -0.377953 
vn 0.779528 0.496063 -0.377953 
vn -0.779528 0.496063 -0.377953 
vn -0.866142 0.496063 0 
vn -0.866142 0.496063 0 
vn -0.779528 0.496063 -0.377953 
vn 0.779528 0.496063 -0.377953 
vn 0.779528 0.496063 -0.377953 
vn 0.543307 0.496063 -0.677165 
vn 0.543307 0.496063 -0.677165 
vn -0.779528 0.496063 -0.377953 
vn -0.543307 0.496063 -0.677165 
vn -0.779528 0.496063 -0.377953 
vn -0.543307 0.496063 -0.677165 
vn 0.188976 0.496063 -0.84252 
vn 0.543307 0.496063 -0.677165 
vn 0.543307 0.496063 -0.677165 
vn 0.188976 0.496063 -0.84252 
vn -0.543307 0.496063 -0.677165 
vn -0.188976 0.496063 -0.84252 
vn -0.543307 0.496063 -0.677165 
vn -0.188976 0.496063 -0.84252 
vn 0 0.488189 -0.874016 
vn 0.188976 0.496063 -0.84252 
vn 0.188976 0.496063 -0.84252 
vn 0 0.488189 -0.874016 
vn -0.188976 0.496063 -0.84252 
vn -0.188976 0.496063 -0.84252 
vn -0.149606 0.866142 0.472441 
vn 0 0.740157 0.677165 
vn -0.314961 0.291339 0.905512 
vn 0.149606 0.866142 0.472441 
vn 0.314961 0.291339 0.905512 
vn 0 0.740157 0.677165 
vn 0.76378 -0.220472 0.606299 
vn 0.76378 -0.220472 0.606299 
vn 0.76378 -0.220472 0.606299 
vn -0.76378 -0.220472 0.606299 
vn -0.76378 -0.220472 0.606299 
vn -0.76378 -0.220472 0.606299 
vn 0.952756 -0.220472 -0.220472 
vn 0.952756 -0.220472 -0.220472 
vn 0.952756 -0.220472 -0.220472 
vn -0.952756 -0.220472 -0.220472 
vn -0.952756 -0.220472 -0.220472 
vn -0.952756 -0.220472 -0.220472 
vn 0.425197 -0.220472 -0.88189 
vn 0.425197 -0.220472 -0.88189 
vn 0.425197 -0.220472 -0.88189 
vn -0.425197 -0.220472 -0.88189 
vn -0.425197 -0.220472 -0.88189 
vn -0.425197 -0.220472 -0.88189 
vn -0.370079 0.00787402 0.929134 
vn -0.370079 0.00787402 0.929134 
vn -0.417323 -0.0393701 0.905512 
vn -0.322835 0.125984 0.937008 
vn -0.314961 0.149606 0.937008 
vn -0.314961 0.149606 0.937008 
vn -0.314961 0.291339 0.905512 
vn -0.393701 0.409449 0.826772 
vn 0.370079 0.00787402 0.929134 
vn 0.417323 -0.0393701 0.905512 
vn 0.370079 0.00787402 0.929134 
vn 0.322835 0.125984 0.937008 
vn 0.314961 0.149606 0.937008 
vn 0.314961 0.291339 0.905512 
vn 0.314961 0.149606 0.937008 
vn 0.393701 0.409449 0.826772 
vn 0 -0.110236 0.992126 
vn 0 -0.110236 0.992126 
vn 0 -0.110236 0.992126 
vn 0 -0.110236 0.992126 
vn 0.787402 0 0.622047 
vn 0.787402 0.015748 0.622047 
vn 0.787402 0 0.622047 
vn 0.787402 0.015748 0.622047 
vn 0.787402 -0.00787402 0.614173 
vn 0.787402 -0.00787402 0.614173 
vn 0.787402 0.00787402 0.614173 
vn -0.787402 0 0.622047 
vn -0.787402 0.015748 0.622047 
vn -0.787402 0 0.622047 
vn -0.787402 0.015748 0.622047 
vn -0.787402 -0.00787402 0.614173 
vn -0.787402 -0.00787402 0.614173 
vn -0.787402 0.00787402 0.614173 
vn 0.976378 -0.015748 -0.228346 
vn 0.976378 -0.0314961 -0.228346 
vn 0.976378 -0.0314961 -0.228346 
vn 0.976378 -0.015748 -0.228346 
vn 0.968504 0.023622 -0.23622 
vn 0.968504 0.023622 -0.23622 
vn 0.968504 0.023622 -0.23622 
vn -0.976378 -0.015748 -0.228346 
vn -0.976378 -0.0314961 -0.228346 
vn -0.976378 -0.015748 -0.228346 
vn -0.976378 -0.0314961 -0.228346 
vn -0.968504 0.023622 -0.23622 
vn -0.968504 0.023622 -0.23622 
vn -0.968504 0.023622 -0.23622 
vn 0.433071 -0.0314961 -0.897638 
vn 0.433071 -0.015748 -0.897638 
vn 0.433071 -0.015748 -0.897638 
vn 0.433071 -0.0314961 -0.897638 
vn 0.433071 0.023622 -0.905512 
vn 0.433071 0.023622 -0.905512 
vn 0.433071 0.023622 -0.905512 
vn -0.433071 -0.0314961 -0.897638 
vn -0.433071 -0.015748 -0.897638 
vn -0.433071 -0.0314961 -0.897638 
vn -0.433071 -0.015748 -0.897638 
vn -0.433071 0.023622 -0.905512 
vn -0.433071 0.023622 -0.905512 
vn -0.433071 0.023622 -0.905512 

vt 0.92477 0.0566392 
vt 0.910441 0.224991 
vt 0.926491 0.224991 
vt 0.910441 0.0566392 
vt 0.896112 0.0566392 
vt 0.894391 0.224991 
vt 0.795486 0.163525 
vt 0.780481 0.163525 
vt 0.795005 0.0371627 
vt 0.795005 0.0371627 
vt 0.766142 0.163525 
vt 0.794992 0.164064 
vt 0.795472 0.0377022 
vt 0.809997 0.164064 
vt 0.795472 0.0377022 
vt 0.824335 0.164064 
vt 0.97488 0.224991 
vt 0.95059 0.0566392 
vt 0.95513 0.224991 
vt 0.968458 0.0566392 
vt 0.846001 0.224991 
vt 0.870292 0.0566392 
vt 0.852423 0.0566392 
vt 0.865752 0.224991 
vt 0.822904 0.163525 
vt 0.810145 0.163525 
vt 0.795005 0.0371627 
vt 0.795486 0.163525 
vt 0.767574 0.164064 
vt 0.795472 0.0377022 
vt 0.780333 0.164064 
vt 0.794992 0.164064 
vt 0.779908 0.163496 
vt 0.764963 0.163496 
vt 0.79473 0.0371345 
vt 0.79473 0.0371345 
vt 0.795167 0.163496 
vt 0.81046 0.161996 
vt 0.795637 0.035634 
vt 0.825405 0.161996 
vt 0.7952 0.161996 
vt 0.795637 0.035634 
vt 0.795167 0.163496 
vt 0.79473 0.0371345 
vt 0.810365 0.163496 
vt 0.823327 0.163496 
vt 0.769494 0.139145 
vt 0.794679 0.035979 
vt 0.782201 0.139145 
vt 0.7952 0.161996 
vt 0.780003 0.161996 
vt 0.795637 0.035634 
vt 0.76704 0.161996 
vt 0.822781 0.139688 
vt 0.808997 0.139688 
vt 0.795461 0.0365219 
vt 0.982011 0.224991 
vt 0.974905 0.224991 
vt 0.968458 0.0566392 
vt 0.974836 0.0566392 
vt 0.845977 0.224991 
vt 0.838871 0.224991 
vt 0.852423 0.0566392 
vt 0.846046 0.0566392 
vt 0.807997 0.139145 
vt 0.795135 0.139145 
vt 0.794679 0.035979 
vt 0.819016 0.139145 
vt 0.794679 0.035979 
vt 0.794679 0.035979 
vt 0.795135 0.139145 
vt 0.782201 0.139145 
vt 0.781015 0.139688 
vt 0.795461 0.0365219 
vt 0.794967 0.139688 
vt 0.769062 0.139688 
vt 0.795461 0.0365219 
vt 0.795461 0.0365219 
vt 0.808997 0.139688 
vt 0.794967 0.139688 
vt 0.925415 0.224991 
vt 0.95059 0.0566392 
vt 0.955051 0.224991 
vt 0.928443 0.0566392 
vt 0.895466 0.224991 
vt 0.870292 0.0566392 
vt 0.892439 0.0566392 
vt 0.86583 0.224991 
vt 0.795486 0.163525 
vt 0.79518 0.244078 
vt 0.780481 0.163525 
vt 0.794992 0.164064 
vt 0.809997 0.164064 
vt 0.795298 0.244617 
vt 0.795167 0.163496 
vt 0.794992 0.244049 
vt 0.779908 0.163496 
vt 0.7952 0.161996 
vt 0.81046 0.161996 
vt 0.795376 0.242549 
vt 0.795235 0.1337 
vt 0.816555 0.1337 
vt 0.795235 0.218734 
vt 0.795235 0.1337 
vt 0.795235 0.218734 
vt 0.773916 0.1337 
vt 0.825989 0.0909836 
vt 0.816555 0.1337 
vt 0.795235 0.0381569 
vt 0.764482 0.0909836 
vt 0.795235 0.0381569 
vt 0.773916 0.1337 
vt 0.795135 0.139145 
vt 0.795303 0.220604 
vt 0.782201 0.139145 
vt 0.794967 0.139688 
vt 0.808997 0.139688 
vt 0.794785 0.221147 
vt 0.795486 0.163525 
vt 0.810145 0.163525 
vt 0.79518 0.244078 
vt 0.822904 0.163525 
vt 0.82312 0.220019 
vt 0.794992 0.164064 
vt 0.795298 0.244617 
vt 0.780333 0.164064 
vt 0.767574 0.164064 
vt 0.767358 0.220559 
vt 0.823268 0.107029 
vt 0.822904 0.163525 
vt 0.795005 0.0371627 
vt 0.767209 0.107568 
vt 0.795472 0.0377022 
vt 0.767574 0.164064 
vt 0.82389 0.107001 
vt 0.823327 0.163496 
vt 0.79473 0.0371345 
vt 0.795167 0.163496 
vt 0.810365 0.163496 
vt 0.794992 0.244049 
vt 0.823327 0.163496 
vt 0.82399 0.219991 
vt 0.766478 0.105501 
vt 0.795637 0.035634 
vt 0.76704 0.161996 
vt 0.7952 0.161996 
vt 0.795376 0.242549 
vt 0.780003 0.161996 
vt 0.76704 0.161996 
vt 0.766378 0.218491 
vt 0.795135 0.139145 
vt 0.807997 0.139145 
vt 0.795303 0.220604 
vt 0.819016 0.139145 
vt 0.819824 0.185269 
vt 0.794967 0.139688 
vt 0.794785 0.221147 
vt 0.781015 0.139688 
vt 0.769062 0.139688 
vt 0.768185 0.185813 
vt 0.766142 0.163525 
vt 0.766771 0.107029 
vt 0.795005 0.0371627 
vt 0.824335 0.164064 
vt 0.795472 0.0377022 
vt 0.823706 0.107568 
vt 0.819519 0.0930203 
vt 0.819016 0.139145 
vt 0.794679 0.035979 
vt 0.768516 0.0935636 
vt 0.795461 0.0365219 
vt 0.769062 0.139688 
vt 0.764963 0.163496 
vt 0.765619 0.107001 
vt 0.79473 0.0371345 
vt 0.825405 0.161996 
vt 0.795637 0.035634 
vt 0.824748 0.105501 
vt 0.769494 0.139145 
vt 0.769855 0.0930203 
vt 0.794679 0.035979 
vt 0.822781 0.139688 
vt 0.795461 0.0365219 
vt 0.82239 0.0935636 
vt 0.795235 0.1337 
vt 0.795235 0.0381569 
vt 0.816555 0.1337 
vt 0.795235 0.1337 
vt 0.773916 0.1337 
vt 0.795235 0.0381569 
vt 0.910441 0.224991 
vt 0.924847 0.393342 
vt 0.926491 0.224991 
vt 0.910441 0.393342 
vt 0.896034 0.393342 
vt 0.894391 0.224991 
vt 0.968434 0.393341 
vt 0.97488 0.224991 
vt 0.950685 0.393341 
vt 0.95513 0.224991 
vt 0.852448 0.393341 
vt 0.870197 0.393341 
vt 0.846001 0.224991 
vt 0.865752 0.224991 
vt 0.925415 0.224991 
vt 0.955051 0.224991 
vt 0.950624 0.393341 
vt 0.929698 0.430257 
vt 0.895466 0.224991 
vt 0.870258 0.393341 
vt 0.86583 0.224991 
vt 0.891183 0.430257 
vt 0.968624 0.393341 
vt 0.982011 0.224991 
vt 0.974924 0.393341 
vt 0.974905 0.224991 
vt 0.852258 0.393341 
vt 0.838871 0.224991 
vt 0.845977 0.224991 
vt 0.845958 0.393341 
vt 0.780481 0.163525 
vt 0.766508 0.220019 
vt 0.766142 0.163525 
vt 0.809997 0.164064 
vt 0.824335 0.164064 
vt 0.823969 0.220559 
vt 0.795335 0.324621 
vt 0.7956 0.400687 
vt 0.788363 0.329147 
vt 0.7823 0.27566 
vt 0.795289 0.279961 
vt 0.795303 0.220604 
vt 0.769667 0.185269 
vt 0.79475 0.325164 
vt 0.802313 0.329689 
vt 0.794463 0.40123 
vt 0.80889 0.276203 
vt 0.7948 0.280503 
vt 0.794785 0.221147 
vt 0.822593 0.185813 
vt 0.795335 0.324621 
vt 0.802513 0.329147 
vt 0.7956 0.400687 
vt 0.80814 0.27566 
vt 0.795289 0.279961 
vt 0.795303 0.220604 
vt 0.819824 0.185269 
vt 0.79475 0.325164 
vt 0.794463 0.40123 
vt 0.786964 0.329689 
vt 0.78086 0.276203 
vt 0.7948 0.280503 
vt 0.794785 0.221147 
vt 0.768185 0.185813 
vt 0.779908 0.163496 
vt 0.765515 0.219991 
vt 0.764963 0.163496 
vt 0.81046 0.161996 
vt 0.825405 0.161996 
vt 0.824853 0.218491 
vt 0.782201 0.139145 
vt 0.769667 0.185269 
vt 0.769494 0.139145 
vt 0.803219 0.139688 
vt 0.817004 0.139688 
vt 0.816816 0.185813 
vt 0.79518 0.244078 
vt 0.766508 0.220019 
vt 0.780481 0.163525 
vt 0.795298 0.244617 
vt 0.809997 0.164064 
vt 0.823969 0.220559 
vt 0.794992 0.244049 
vt 0.765515 0.219991 
vt 0.779908 0.163496 
vt 0.795376 0.242549 
vt 0.81046 0.161996 
vt 0.824853 0.218491 
vt 0.79518 0.244078 
vt 0.810145 0.163525 
vt 0.82312 0.220019 
vt 0.795298 0.244617 
vt 0.767358 0.220559 
vt 0.780333 0.164064 
vt 0.795303 0.220604 
vt 0.769667 0.185269 
vt 0.782201 0.139145 
vt 0.794785 0.221147 
vt 0.808997 0.139688 
vt 0.822593 0.185813 
vt 0.794992 0.244049 
vt 0.810365 0.163496 
vt 0.82399 0.219991 
vt 0.795376 0.242549 
vt 0.766378 0.218491 
vt 0.780003 0.161996 
vt 0.795303 0.220604 
vt 0.807997 0.139145 
vt 0.819824 0.185269 
vt 0.794785 0.221147 
vt 0.768185 0.185813 
vt 0.781015 0.139688 
vt 0.766508 0.220019 
vt 0.79518 0.244078 
vt 0.776088 0.265475 
vt 0.795313 0.281329 
vt 0.814389 0.266014 
vt 0.795298 0.244617 
vt 0.823969 0.220559 
vt 0.795164 0.281868 
vt 0.795235 0.383395 
vt 0.80092 0.38261 
vt 0.795235 0.450776 
vt 0.806182 0.32577 
vt 0.795235 0.318024 
vt 0.815122 0.247856 
vt 0.795235 0.318024 
vt 0.795235 0.218734 
vt 0.827952 0.185783 
vt 0.795235 0.383395 
vt 0.795235 0.450776 
vt 0.789551 0.38261 
vt 0.784289 0.32577 
vt 0.795235 0.318024 
vt 0.775349 0.247856 
vt 0.795235 0.218734 
vt 0.795235 0.318024 
vt 0.762519 0.185783 
vt 0.765515 0.219991 
vt 0.794992 0.244049 
vt 0.775743 0.265447 
vt 0.795237 0.2813 
vt 0.814625 0.263946 
vt 0.795376 0.242549 
vt 0.824853 0.218491 
vt 0.79513 0.2798 
vt 0.79518 0.244078 
vt 0.82312 0.220019 
vt 0.813823 0.265475 
vt 0.795313 0.281329 
vt 0.795164 0.281868 
vt 0.776654 0.266014 
vt 0.795298 0.244617 
vt 0.767358 0.220559 
vt 0.794992 0.244049 
vt 0.82399 0.219991 
vt 0.814671 0.265447 
vt 0.795237 0.2813 
vt 0.79513 0.2798 
vt 0.775696 0.263946 
vt 0.795376 0.242549 
vt 0.766378 0.218491 
vt 0.795235 0.218734 
vt 0.816555 0.1337 
vt 0.827952 0.185783 
vt 0.795235 0.218734 
vt 0.762519 0.185783 
vt 0.773916 0.1337 
vt 0.795422 0.329201 
vt 0.795444 0.407788 
vt 0.785595 0.31964 
vt 0.795313 0.281329 
vt 0.785595 0.31964 
vt 0.776088 0.265475 
vt 0.795055 0.32974 
vt 0.804882 0.320179 
vt 0.795033 0.408327 
vt 0.795164 0.281868 
vt 0.804882 0.320179 
vt 0.814389 0.266014 
vt 0.795484 0.329172 
vt 0.795747 0.407759 
vt 0.785588 0.319611 
vt 0.795237 0.2813 
vt 0.785588 0.319611 
vt 0.775743 0.265447 
vt 0.794884 0.327672 
vt 0.80478 0.318111 
vt 0.79462 0.406259 
vt 0.79513 0.2798 
vt 0.80478 0.318111 
vt 0.814625 0.263946 
vt 0.795422 0.329201 
vt 0.804916 0.31964 
vt 0.795444 0.407788 
vt 0.795313 0.281329 
vt 0.804916 0.31964 
vt 0.813823 0.265475 
vt 0.795055 0.32974 
vt 0.795033 0.408327 
vt 0.785561 0.320179 
vt 0.795164 0.281868 
vt 0.785561 0.320179 
vt 0.776654 0.266014 
vt 0.795484 0.329172 
vt 0.805521 0.319611 
vt 0.795747 0.407759 
vt 0.795237 0.2813 
vt 0.805521 0.319611 
vt 0.814671 0.265447 
vt 0.794884 0.327672 
vt 0.79462 0.406259 
vt 0.784846 0.318111 
vt 0.79513 0.2798 
vt 0.784846 0.318111 
vt 0.775696 0.263946 
vt 0.968458 0.0566392 
vt 0.974836 0.0566392 
vt 0.960526 0.0566392 
vt 0.968458 0.0566392 
vt 0.955566 0.0566392 
vt 0.955566 0.0566392 
vt 0.941668 0.0566392 
vt 0.941668 0.0566392 
vt 0.95059 0.0566392 
vt 0.95059 0.0566392 
vt 0.921586 0.0566392 
vt 0.928443 0.0566392 
vt 0.92477 0.0566392 
vt 0.921586 0.0566392 
vt 0.910441 0.0566392 
vt 0.910441 0.0566392 
vt 0.910441 0.0566392 
vt 0.910441 0.0566392 
vt 0.899296 0.0566392 
vt 0.899296 0.0566392 
vt 0.896112 0.0566392 
vt 0.892439 0.0566392 
vt 0.870292 0.0566392 
vt 0.879214 0.0566392 
vt 0.879214 0.0566392 
vt 0.870292 0.0566392 
vt 0.852423 0.0566392 
vt 0.852423 0.0566392 
vt 0.865316 0.0566392 
vt 0.865316 0.0566392 
vt 0.860356 0.0566392 
vt 0.846046 0.0566392 
vt 0.968434 0.393341 
vt 0.960526 0.393341 
vt 0.974924 0.393341 
vt 0.968624 0.393341 
vt 0.955566 0.393341 
vt 0.950685 0.393341 
vt 0.941668 0.393341 
vt 0.955566 0.393341 
vt 0.950624 0.393341 
vt 0.941668 0.393341 
vt 0.924847 0.393342 
vt 0.941668 0.393341 
vt 0.950685 0.393341 
vt 0.921586 0.393341 
vt 0.910441 0.393341 
vt 0.921586 0.393341 
vt 0.910441 0.393342 
vt 0.924847 0.393342 
vt 0.899296 0.393341 
vt 0.896034 0.393342 
vt 0.860356 0.393341 
vt 0.852448 0.393341 
vt 0.845958 0.393341 
vt 0.852258 0.393341 
vt 0.865316 0.393341 
vt 0.870197 0.393341 
vt 0.879214 0.393341 
vt 0.865316 0.393341 
vt 0.870258 0.393341 
vt 0.879214 0.393341 
vt 0.896034 0.393342 
vt 0.879214 0.393341 
vt 0.899296 0.393341 
vt 0.870197 0.393341 
vt 0.941668 0.393341 
vt 0.929698 0.430257 
vt 0.950624 0.393341 
vt 0.921586 0.393341 
vt 0.879214 0.393341 
vt 0.870258 0.393341 
vt 0.891183 0.430257 
vt 0.899296 0.393341 
vt 0.921586 0.393341 
vt 0.910441 0.458472 
vt 0.929698 0.430257 
vt 0.910441 0.393341 
vt 0.899296 0.393341 
vt 0.910441 0.458472 
vt 0.891183 0.430257 
vt 0.910441 0.0566392 
vt 0.919993 0.224991 
vt 0.921586 0.0566392 
vt 0.910441 0.224991 
vt 0.900888 0.224991 
vt 0.899296 0.0566392 
vt 0.921586 0.0566392 
vt 0.937207 0.224991 
vt 0.941668 0.0566392 
vt 0.919993 0.224991 
vt 0.899296 0.0566392 
vt 0.883675 0.224991 
vt 0.900888 0.224991 
vt 0.879214 0.0566392 
vt 0.941668 0.0566392 
vt 0.937207 0.224991 
vt 0.955566 0.0566392 
vt 0.949119 0.224991 
vt 0.879214 0.0566392 
vt 0.865316 0.0566392 
vt 0.883675 0.224991 
vt 0.871762 0.224991 
vt 0.955566 0.0566392 
vt 0.949119 0.224991 
vt 0.960526 0.0566392 
vt 0.95337 0.224991 
vt 0.865316 0.0566392 
vt 0.860356 0.0566392 
vt 0.871762 0.224991 
vt 0.867511 0.224991 
vt 0.960526 0.0566392 
vt 0.949119 0.224991 
vt 0.955566 0.0566392 
vt 0.95337 0.224991 
vt 0.860356 0.0566392 
vt 0.871762 0.224991 
vt 0.867511 0.224991 
vt 0.865316 0.0566392 
vt 0.955566 0.0566392 
vt 0.937207 0.224991 
vt 0.941668 0.0566392 
vt 0.949119 0.224991 
vt 0.865316 0.0566392 
vt 0.883675 0.224991 
vt 0.871762 0.224991 
vt 0.879214 0.0566392 
vt 0.919993 0.224991 
vt 0.921586 0.0566392 
vt 0.937207 0.224991 
vt 0.941668 0.0566392 
vt 0.900888 0.224991 
vt 0.883675 0.224991 
vt 0.899296 0.0566392 
vt 0.879214 0.0566392 
vt 0.919993 0.224991 
vt 0.910441 0.0566392 
vt 0.921586 0.0566392 
vt 0.910441 0.224991 
vt 0.900888 0.224991 
vt 0.899296 0.0566392 
vt 0.827952 0.185783 
vt 0.795235 0.271244 
vt 0.815122 0.247856 
vt 0.762519 0.185783 
vt 0.775349 0.247856 
vt 0.795235 0.271244 
vt 0.919993 0.224991 
vt 0.910441 0.393341 
vt 0.921586 0.393341 
vt 0.910441 0.224991 
vt 0.900888 0.224991 
vt 0.899296 0.393341 
vt 0.937207 0.224991 
vt 0.919993 0.224991 
vt 0.921586 0.393341 
vt 0.941668 0.393341 
vt 0.883675 0.224991 
vt 0.899296 0.393341 
vt 0.900888 0.224991 
vt 0.879214 0.393341 
vt 0.937207 0.224991 
vt 0.955566 0.393341 
vt 0.949119 0.224991 
vt 0.941668 0.393341 
vt 0.883675 0.224991 
vt 0.865316 0.393341 
vt 0.879214 0.393341 
vt 0.871762 0.224991 
vt 0.949119 0.224991 
vt 0.960526 0.393341 
vt 0.95337 0.224991 
vt 0.955566 0.393341 
vt 0.871762 0.224991 
vt 0.860356 0.393341 
vt 0.865316 0.393341 
vt 0.867511 0.224991 
vt 0.95337 0.224991 
vt 0.960526 0.393341 
vt 0.949119 0.224991 
vt 0.955566 0.393341 
vt 0.871762 0.224991 
vt 0.860356 0.393341 
vt 0.867511 0.224991 
vt 0.865316 0.393341 
vt 0.949119 0.224991 
vt 0.955566 0.393341 
vt 0.937207 0.224991 
vt 0.941668 0.393341 
vt 0.871762 0.224991 
vt 0.883675 0.224991 
vt 0.865316 0.393341 
vt 0.879214 0.393341 
vt 0.921586 0.393341 
vt 0.937207 0.224991 
vt 0.941668 0.393341 
vt 0.919993 0.224991 
vt 0.883675 0.224991 
vt 0.899296 0.393341 
vt 0.879214 0.393341 
vt 0.900888 0.224991 
vt 0.910441 0.393341 
vt 0.919993 0.224991 
vt 0.921586 0.393341 
vt 0.910441 0.224991 
vt 0.900888 0.224991 
vt 0.899296 0.393341 
vt 0.827952 0.185783 
vt 0.795235 0.192942 
vt 0.795235 0.271244 
vt 0.762519 0.185783 
vt 0.795235 0.271244 
vt 0.795235 0.192942 
vt 0.769855 0.0930203 
vt 0.819519 0.0930203 
vt 0.794679 0.035979 
vt 0.82239 0.0935636 
vt 0.795461 0.0365219 
vt 0.768516 0.0935636 
vt 0.765619 0.107001 
vt 0.82389 0.107001 
vt 0.79473 0.0371345 
vt 0.824748 0.105501 
vt 0.795637 0.035634 
vt 0.766478 0.105501 
vt 0.766771 0.107029 
vt 0.823268 0.107029 
vt 0.795005 0.0371627 
vt 0.823706 0.107568 
vt 0.795472 0.0377022 
vt 0.767209 0.107568 
vt 0.80092 0.38261 
vt 0.795235 0.381168 
vt 0.795235 0.450776 
vt 0.795235 0.328363 
vt 0.806182 0.32577 
vt 0.806182 0.32577 
vt 0.795235 0.271244 
vt 0.815122 0.247856 
vt 0.789551 0.38261 
vt 0.795235 0.450776 
vt 0.795235 0.381168 
vt 0.795235 0.328363 
vt 0.784289 0.32577 
vt 0.795235 0.271244 
vt 0.784289 0.32577 
vt 0.775349 0.247856 
vt 0.795235 0.0381569 
vt 0.795235 0.0909836 
vt 0.825989 0.0909836 
vt 0.764482 0.0909836 
vt 0.80814 0.27566 
vt 0.769667 0.185269 
vt 0.7823 0.27566 
vt 0.819824 0.185269 
vt 0.788363 0.329147 
vt 0.802513 0.329147 
vt 0.7956 0.400687 
vt 0.80889 0.276203 
vt 0.822593 0.185813 
vt 0.78086 0.276203 
vt 0.768185 0.185813 
vt 0.802313 0.329689 
vt 0.786964 0.329689 
vt 0.794463 0.40123 
vt 0.775743 0.265447 
vt 0.82399 0.219991 
vt 0.765515 0.219991 
vt 0.814671 0.265447 
vt 0.785588 0.319611 
vt 0.805521 0.319611 
vt 0.795747 0.407759 
vt 0.814625 0.263946 
vt 0.766378 0.218491 
vt 0.775696 0.263946 
vt 0.824853 0.218491 
vt 0.80478 0.318111 
vt 0.784846 0.318111 
vt 0.79462 0.406259 
vt 0.82312 0.220019 
vt 0.776088 0.265475 
vt 0.813823 0.265475 
vt 0.766508 0.220019 
vt 0.785595 0.31964 
vt 0.804916 0.31964 
vt 0.795444 0.407788 
vt 0.767358 0.220559 
vt 0.814389 0.266014 
vt 0.823969 0.220559 
vt 0.776654 0.266014 
vt 0.804882 0.320179 
vt 0.785561 0.320179 
vt 0.795033 0.408327 

usemtl Handle1Mtl

f 3268/3268/3268 3269/3269/3269 3270/3270/3270 
f 3269/3269/3269 3268/3268/3268 3271/3271/3271 
f 3272/3272/3272 3269/3269/3269 3271/3271/3271 
f 3269/3269/3269 3272/3272/3272 3273/3273/3273 
f 3274/3274/3274 3275/3275/3275 3276/3276/3276 
f 3277/3277/3277 3275/3275/3275 3278/3278/3278 
f 3279/3279/3279 3280/3280/3280 3281/3281/3281 
f 3282/3282/3282 3283/3283/3283 3281/3281/3281 
f 3284/3284/3284 3285/3285/3285 3286/3286/3286 
f 3285/3285/3285 3284/3284/3284 3287/3287/3287 
f 3288/3288/3288 3289/3289/3289 3290/3290/3290 
f 3289/3289/3289 3288/3288/3288 3291/3291/3291 
f 3292/3292/3292 3293/3293/3293 3294/3294/3294 
f 3293/3293/3293 3295/3295/3295 3294/3294/3294 
f 3296/3296/3296 3297/3297/3297 3298/3298/3298 
f 3298/3298/3298 3297/3297/3297 3299/3299/3299 
f 3300/3300/3300 3301/3301/3301 3302/3302/3302 
f 3300/3300/3300 3303/3303/3303 3304/3304/3304 
f 3305/3305/3305 3306/3306/3306 3307/3307/3307 
f 3305/3305/3305 3308/3308/3308 3309/3309/3309 
f 3310/3310/3310 3311/3311/3311 3312/3312/3312 
f 3313/3313/3313 3312/3312/3312 3311/3311/3311 
f 3314/3314/3314 3315/3315/3315 3316/3316/3316 
f 3317/3317/3317 3318/3318/3318 3319/3319/3319 
f 3320/3320/3320 3319/3319/3319 3318/3318/3318 
f 3321/3321/3321 3322/3322/3322 3323/3323/3323 
f 3324/3324/3324 3325/3325/3325 3326/3326/3326 
f 3326/3326/3326 3327/3327/3327 3324/3324/3324 
f 3328/3328/3328 3329/3329/3329 3330/3330/3330 
f 3330/3330/3330 3329/3329/3329 3331/3331/3331 
f 3332/3332/3332 3333/3333/3333 3334/3334/3334 
f 3335/3335/3335 3332/3332/3332 3336/3336/3336 
f 3337/3337/3337 3338/3338/3338 3339/3339/3339 
f 3340/3340/3340 3341/3341/3341 3342/3342/3342 
f 3343/3343/3343 3344/3344/3344 3340/3340/3340 
f 3345/3345/3345 3346/3346/3346 3347/3347/3347 
f 3348/3348/3348 3349/3349/3349 3350/3350/3350 
f 3349/3349/3349 3348/3348/3348 3351/3351/3351 
f 3352/3352/3352 3353/3353/3353 3354/3354/3354 
f 3353/3353/3353 3352/3352/3352 3355/3355/3355 
f 3356/3356/3356 3357/3357/3357 3358/3358/3358 
f 3359/3359/3359 3360/3360/3360 3361/3361/3361 
f 3362/3362/3362 3363/3363/3363 3364/3364/3364 
f 3365/3365/3365 3366/3366/3366 3367/3367/3367 
f 3368/3368/3368 3369/3369/3369 3370/3370/3370 
f 3371/3371/3371 3372/3372/3372 3373/3373/3373 
f 3374/3374/3374 3375/3375/3375 3376/3376/3376 
f 3377/3377/3377 3378/3378/3378 3379/3379/3379 
f 3380/3380/3380 3381/3381/3381 3382/3382/3382 
f 3383/3383/3383 3384/3384/3384 3385/3385/3385 
f 3386/3386/3386 3387/3387/3387 3388/3388/3388 
f 3389/3389/3389 3390/3390/3390 3387/3387/3387 
f 3391/3391/3391 3392/3392/3392 3393/3393/3393 
f 3394/3394/3394 3393/3393/3393 3395/3395/3395 
f 3396/3396/3396 3397/3397/3397 3398/3398/3398 
f 3399/3399/3399 3400/3400/3400 3401/3401/3401 
f 3402/3402/3402 3403/3403/3403 3404/3404/3404 
f 3405/3405/3405 3406/3406/3406 3407/3407/3407 
f 3408/3408/3408 3409/3409/3409 3406/3406/3406 
f 3410/3410/3410 3411/3411/3411 3412/3412/3412 
f 3413/3413/3413 3414/3414/3414 3415/3415/3415 
f 3416/3416/3416 3415/3415/3415 3417/3417/3417 
f 3418/3418/3418 3419/3419/3419 3420/3420/3420 
f 3421/3421/3421 3422/3422/3422 3419/3419/3419 
f 3423/3423/3423 3424/3424/3424 3425/3425/3425 
f 3426/3426/3426 3425/3425/3425 3427/3427/3427 
f 3428/3428/3428 3429/3429/3429 3430/3430/3430 
f 3431/3431/3431 3432/3432/3432 3433/3433/3433 
f 3434/3434/3434 3435/3435/3435 3436/3436/3436 
f 3437/3437/3437 3438/3438/3438 3439/3439/3439 
f 3440/3440/3440 3441/3441/3441 3442/3442/3442 
f 3443/3443/3443 3444/3444/3444 3445/3445/3445 
f 3446/3446/3446 3447/3447/3447 3448/3448/3448 
f 3449/3449/3449 3450/3450/3450 3451/3451/3451 
f 3452/3452/3452 3453/3453/3453 3454/3454/3454 
f 3455/3455/3455 3456/3456/3456 3457/3457/3457 
f 3458/3458/3458 3459/3459/3459 3460/3460/3460 
f 3459/3459/3459 3458/3458/3458 3461/3461/3461 
f 3458/3458/3458 3462/3462/3462 3461/3461/3461 
f 3458/3458/3458 3463/3463/3463 3462/3462/3462 
f 3464/3464/3464 3465/3465/3465 3466/3466/3466 
f 3465/3465/3465 3467/3467/3467 3466/3466/3466 
f 3468/3468/3468 3469/3469/3469 3470/3470/3470 
f 3471/3471/3471 3470/3470/3470 3469/3469/3469 
f 3472/3472/3472 3473/3473/3473 3474/3474/3474 
f 3472/3472/3472 3474/3474/3474 3475/3475/3475 
f 3476/3476/3476 3477/3477/3477 3478/3478/3478 
f 3477/3477/3477 3476/3476/3476 3479/3479/3479 
f 3480/3480/3480 3481/3481/3481 3482/3482/3482 
f 3481/3481/3481 3480/3480/3480 3483/3483/3483 
f 3484/3484/3484 3485/3485/3485 3486/3486/3486 
f 3485/3485/3485 3484/3484/3484 3487/3487/3487 
f 3488/3488/3488 3489/3489/3489 3490/3490/3490 
f 3491/3491/3491 3492/3492/3492 3493/3493/3493 
f 3494/3494/3494 3495/3495/3495 3496/3496/3496 
f 3497/3497/3497 3494/3494/3494 3496/3496/3496 
f 3494/3494/3494 3497/3497/3497 3498/3498/3498 
f 3497/3497/3497 3499/3499/3499 3498/3498/3498 
f 3497/3497/3497 3500/3500/3500 3499/3499/3499 
f 3501/3501/3501 3502/3502/3502 3503/3503/3503 
f 3501/3501/3501 3504/3504/3504 3502/3502/3502 
f 3504/3504/3504 3501/3501/3501 3505/3505/3505 
f 3506/3506/3506 3504/3504/3504 3505/3505/3505 
f 3506/3506/3506 3507/3507/3507 3504/3504/3504 
f 3508/3508/3508 3509/3509/3509 3510/3510/3510 
f 3508/3508/3508 3511/3511/3511 3509/3509/3509 
f 3511/3511/3511 3508/3508/3508 3512/3512/3512 
f 3512/3512/3512 3513/3513/3513 3511/3511/3511 
f 3513/3513/3513 3514/3514/3514 3511/3511/3511 
f 3515/3515/3515 3516/3516/3516 3517/3517/3517 
f 3518/3518/3518 3515/3515/3515 3517/3517/3517 
f 3515/3515/3515 3518/3518/3518 3519/3519/3519 
f 3518/3518/3518 3520/3520/3520 3519/3519/3519 
f 3520/3520/3520 3518/3518/3518 3521/3521/3521 
f 3522/3522/3522 3523/3523/3523 3524/3524/3524 
f 3525/3525/3525 3526/3526/3526 3527/3527/3527 
f 3528/3528/3528 3529/3529/3529 3530/3530/3530 
f 3531/3531/3531 3532/3532/3532 3533/3533/3533 
f 3534/3534/3534 3535/3535/3535 3536/3536/3536 
f 3537/3537/3537 3538/3538/3538 3539/3539/3539 
f 3540/3540/3540 3541/3541/3541 3542/3542/3542 
f 3543/3543/3543 3544/3544/3544 3545/3545/3545 
f 3546/3546/3546 3547/3547/3547 3548/3548/3548 
f 3549/3549/3549 3550/3550/3550 3551/3551/3551 
f 3552/3552/3552 3553/3553/3553 3554/3554/3554 
f 3555/3555/3555 3556/3556/3556 3557/3557/3557 
f 3558/3558/3558 3559/3559/3559 3560/3560/3560 
f 3561/3561/3561 3562/3562/3562 3563/3563/3563 
f 3564/3564/3564 3565/3565/3565 3566/3566/3566 
f 3567/3567/3567 3568/3568/3568 3569/3569/3569 
f 3570/3570/3570 3571/3571/3571 3572/3572/3572 
f 3571/3571/3571 3573/3573/3573 3572/3572/3572 
f 3574/3574/3574 3575/3575/3575 3576/3576/3576 
f 3575/3575/3575 3574/3574/3574 3577/3577/3577 
f 3578/3578/3578 3579/3579/3579 3580/3580/3580 
f 3578/3578/3578 3581/3581/3581 3579/3579/3579 
f 3581/3581/3581 3578/3578/3578 3582/3582/3582 
f 3582/3582/3582 3583/3583/3583 3581/3581/3581 
f 3583/3583/3583 3584/3584/3584 3585/3585/3585 
f 3585/3585/3585 3586/3586/3586 3583/3583/3583 
f 3587/3587/3587 3588/3588/3588 3589/3589/3589 
f 3590/3590/3590 3587/3587/3587 3589/3589/3589 
f 3587/3587/3587 3590/3590/3590 3591/3591/3591 
f 3591/3591/3591 3590/3590/3590 3592/3592/3592 
f 3592/3592/3592 3593/3593/3593 3594/3594/3594 
f 3593/3593/3593 3592/3592/3592 3595/3595/3595 
f 3596/3596/3596 3597/3597/3597 3598/3598/3598 
f 3597/3597/3597 3599/3599/3599 3598/3598/3598 
f 3600/3600/3600 3601/3601/3601 3602/3602/3602 
f 3601/3601/3601 3600/3600/3600 3603/3603/3603 
f 3604/3604/3604 3605/3605/3605 3606/3606/3606 
f 3604/3604/3604 3606/3606/3606 3607/3607/3607 
f 3608/3608/3608 3609/3609/3609 3610/3610/3610 
f 3611/3611/3611 3610/3610/3610 3609/3609/3609 
f 3612/3612/3612 3613/3613/3613 3614/3614/3614 
f 3612/3612/3612 3614/3614/3614 3615/3615/3615 
f 3616/3616/3616 3617/3617/3617 3618/3618/3618 
f 3619/3619/3619 3618/3618/3618 3617/3617/3617 
f 3620/3620/3620 3621/3621/3621 3622/3622/3622 
f 3623/3623/3623 3624/3624/3624 3625/3625/3625 
f 3626/3626/3626 3627/3627/3627 3628/3628/3628 
f 3629/3629/3629 3626/3626/3626 3630/3630/3630 
f 3630/3630/3630 3631/3631/3631 3629/3629/3629 
f 3632/3632/3632 3633/3633/3633 3634/3634/3634 
f 3635/3635/3635 3636/3636/3636 3632/3632/3632 
f 3636/3636/3636 3635/3635/3635 3637/3637/3637 
f 3638/3638/3638 3639/3639/3639 3640/3640/3640 
f 3641/3641/3641 3638/3638/3638 3642/3642/3642 
f 3642/3642/3642 3643/3643/3643 3641/3641/3641 
f 3644/3644/3644 3645/3645/3645 3646/3646/3646 
f 3647/3647/3647 3648/3648/3648 3644/3644/3644 
f 3648/3648/3648 3647/3647/3647 3649/3649/3649 
f 3650/3650/3650 3651/3651/3651 3652/3652/3652 
f 3653/3653/3653 3654/3654/3654 3650/3650/3650 
f 3655/3655/3655 3654/3654/3654 3653/3653/3653 
f 3656/3656/3656 3657/3657/3657 3658/3658/3658 
f 3659/3659/3659 3656/3656/3656 3660/3660/3660 
f 3661/3661/3661 3659/3659/3659 3660/3660/3660 
f 3662/3662/3662 3663/3663/3663 3664/3664/3664 
f 3665/3665/3665 3666/3666/3666 3662/3662/3662 
f 3667/3667/3667 3666/3666/3666 3665/3665/3665 
f 3668/3668/3668 3669/3669/3669 3670/3670/3670 
f 3671/3671/3671 3668/3668/3668 3672/3672/3672 
f 3673/3673/3673 3671/3671/3671 3672/3672/3672 
f 3674/3674/3674 3675/3675/3675 3676/3676/3676 
f 3677/3677/3677 3676/3676/3676 3675/3675/3675 
f 3674/3674/3674 3676/3676/3676 3678/3678/3678 
f 3676/3676/3676 3677/3677/3677 3679/3679/3679 
f 3680/3680/3680 3674/3674/3674 3678/3678/3678 
f 3677/3677/3677 3681/3681/3681 3679/3679/3679 
f 3674/3674/3674 3680/3680/3680 3682/3682/3682 
f 3681/3681/3681 3677/3677/3677 3683/3683/3683 
f 3684/3684/3684 3682/3682/3682 3680/3680/3680 
f 3685/3685/3685 3681/3681/3681 3683/3683/3683 
f 3682/3682/3682 3684/3684/3684 3686/3686/3686 
f 3681/3681/3681 3685/3685/3685 3687/3687/3687 
f 3684/3684/3684 3688/3688/3688 3686/3686/3686 
f 3685/3685/3685 3689/3689/3689 3687/3687/3687 
f 3688/3688/3688 3684/3684/3684 3690/3690/3690 
f 3687/3687/3687 3689/3689/3689 3691/3691/3691 
f 3692/3692/3692 3688/3688/3688 3690/3690/3690 
f 3689/3689/3689 3693/3693/3693 3691/3691/3691 
f 3688/3688/3688 3692/3692/3692 3694/3694/3694 
f 3689/3689/3689 3695/3695/3695 3693/3693/3693 
f 3692/3692/3692 3696/3696/3696 3694/3694/3694 
f 3695/3695/3695 3697/3697/3697 3693/3693/3693 
f 3696/3696/3696 3692/3692/3692 3698/3698/3698 
f 3697/3697/3697 3695/3695/3695 3699/3699/3699 
f 3698/3698/3698 3700/3700/3700 3696/3696/3696 
f 3697/3697/3697 3699/3699/3699 3701/3701/3701 
f 3700/3700/3700 3698/3698/3698 3702/3702/3702 
f 3703/3703/3703 3697/3697/3697 3701/3701/3701 
f 3704/3704/3704 3700/3700/3700 3702/3702/3702 
f 3701/3701/3701 3704/3704/3704 3703/3703/3703 
f 3705/3705/3705 3700/3700/3700 3704/3704/3704 
f 3704/3704/3704 3701/3701/3701 3705/3705/3705 
f 3706/3706/3706 3707/3707/3707 3708/3708/3708 
f 3709/3709/3709 3708/3708/3708 3707/3707/3707 
f 3707/3707/3707 3706/3706/3706 3710/3710/3710 
f 3711/3711/3711 3710/3710/3710 3706/3706/3706 
f 3710/3710/3710 3711/3711/3711 3712/3712/3712 
f 3707/3707/3707 3713/3713/3713 3709/3709/3709 
f 3713/3713/3713 3714/3714/3714 3709/3709/3709 
f 3714/3714/3714 3713/3713/3713 3715/3715/3715 
f 3716/3716/3716 3717/3717/3717 3718/3718/3718 
f 3717/3717/3717 3716/3716/3716 3719/3719/3719 
f 3720/3720/3720 3721/3721/3721 3722/3722/3722 
f 3721/3721/3721 3723/3723/3723 3722/3722/3722 
f 3720/3720/3720 3722/3722/3722 3724/3724/3724 
f 3724/3724/3724 3722/3722/3722 3725/3725/3725 
f 3726/3726/3726 3727/3727/3727 3728/3728/3728 
f 3729/3729/3729 3726/3726/3726 3728/3728/3728 
f 3727/3727/3727 3726/3726/3726 3730/3730/3730 
f 3730/3730/3730 3731/3731/3731 3727/3727/3727 
f 3731/3731/3731 3730/3730/3730 3732/3732/3732 
f 3726/3726/3726 3729/3729/3729 3733/3733/3733 
f 3734/3734/3734 3733/3733/3733 3729/3729/3729 
f 3733/3733/3733 3734/3734/3734 3735/3735/3735 
f 3736/3736/3736 3737/3737/3737 3738/3738/3738 
f 3737/3737/3737 3736/3736/3736 3739/3739/3739 
f 3740/3740/3740 3741/3741/3741 3742/3742/3742 
f 3741/3741/3741 3740/3740/3740 3743/3743/3743 
f 3744/3744/3744 3745/3745/3745 3746/3746/3746 
f 3744/3744/3744 3746/3746/3746 3747/3747/3747 
f 3748/3748/3748 3749/3749/3749 3750/3750/3750 
f 3749/3749/3749 3748/3748/3748 3751/3751/3751 
f 3752/3752/3752 3753/3753/3753 3751/3751/3751 
f 3753/3753/3753 3752/3752/3752 3754/3754/3754 
f 3755/3755/3755 3756/3756/3756 3757/3757/3757 
f 3756/3756/3756 3755/3755/3755 3758/3758/3758 
f 3755/3755/3755 3759/3759/3759 3758/3758/3758 
f 3755/3755/3755 3760/3760/3760 3759/3759/3759 
f 3761/3761/3761 3762/3762/3762 3763/3763/3763 
f 3762/3762/3762 3761/3761/3761 3764/3764/3764 
f 3765/3765/3765 3766/3766/3766 3767/3767/3767 
f 3766/3766/3766 3765/3765/3765 3768/3768/3768 
f 3769/3769/3769 3770/3770/3770 3771/3771/3771 
f 3770/3770/3770 3772/3772/3772 3771/3771/3771 
f 3773/3773/3773 3774/3774/3774 3775/3775/3775 
f 3775/3775/3775 3774/3774/3774 3776/3776/3776 
f 3777/3777/3777 3778/3778/3778 3779/3779/3779 
f 3778/3778/3778 3780/3780/3780 3779/3779/3779 
f 3781/3781/3781 3782/3782/3782 3783/3783/3783 
f 3783/3783/3783 3782/3782/3782 3784/3784/3784 
f 3785/3785/3785 3786/3786/3786 3787/3787/3787 
f 3786/3786/3786 3785/3785/3785 3788/3788/3788 
f 3789/3789/3789 3790/3790/3790 3791/3791/3791 
f 3790/3790/3790 3789/3789/3789 3792/3792/3792 
f 3793/3793/3793 3794/3794/3794 3795/3795/3795 
f 3794/3794/3794 3793/3793/3793 3796/3796/3796 
f 3797/3797/3797 3798/3798/3798 3799/3799/3799 
f 3798/3798/3798 3797/3797/3797 3800/3800/3800 
f 3801/3801/3801 3802/3802/3802 3803/3803/3803 
f 3803/3803/3803 3802/3802/3802 3804/3804/3804 
f 3805/3805/3805 3806/3806/3806 3807/3807/3807 
f 3806/3806/3806 3808/3808/3808 3807/3807/3807 
f 3809/3809/3809 3810/3810/3810 3811/3811/3811 
f 3810/3810/3810 3809/3809/3809 3812/3812/3812 
f 3813/3813/3813 3810/3810/3810 3812/3812/3812 
f 3810/3810/3810 3813/3813/3813 3814/3814/3814 
f 3815/3815/3815 3816/3816/3816 3817/3817/3817 
f 3818/3818/3818 3819/3819/3819 3820/3820/3820 
f 3821/3821/3821 3822/3822/3822 3823/3823/3823 
f 3822/3822/3822 3821/3821/3821 3824/3824/3824 
f 3825/3825/3825 3822/3822/3822 3824/3824/3824 
f 3822/3822/3822 3825/3825/3825 3826/3826/3826 
f 3827/3827/3827 3828/3828/3828 3829/3829/3829 
f 3829/3829/3829 3830/3830/3830 3827/3827/3827 
f 3831/3831/3831 3832/3832/3832 3833/3833/3833 
f 3832/3832/3832 3831/3831/3831 3834/3834/3834 
f 3835/3835/3835 3836/3836/3836 3837/3837/3837 
f 3836/3836/3836 3835/3835/3835 3838/3838/3838 
f 3839/3839/3839 3840/3840/3840 3841/3841/3841 
f 3840/3840/3840 3839/3839/3839 3842/3842/3842 
f 3843/3843/3843 3844/3844/3844 3845/3845/3845 
f 3844/3844/3844 3843/3843/3843 3846/3846/3846 
f 3847/3847/3847 3848/3848/3848 3849/3849/3849 
f 3848/3848/3848 3847/3847/3847 3850/3850/3850 
f 3851/3851/3851 3852/3852/3852 3853/3853/3853 
f 3852/3852/3852 3854/3854/3854 3853/3853/3853 
f 3855/3855/3855 3856/3856/3856 3857/3857/3857 
f 3856/3856/3856 3855/3855/3855 3858/3858/3858 
f 3859/3859/3859 3860/3860/3860 3861/3861/3861 
f 3860/3860/3860 3862/3862/3862 3861/3861/3861 
f 3863/3863/3863 3864/3864/3864 3865/3865/3865 
f 3866/3866/3866 3865/3865/3865 3864/3864/3864 
f 3867/3867/3867 3868/3868/3868 3869/3869/3869 
f 3868/3868/3868 3867/3867/3867 3870/3870/3870 
f 3871/3871/3871 3872/3872/3872 3873/3873/3873 
f 3872/3872/3872 3871/3871/3871 3874/3874/3874 
f 3875/3875/3875 3876/3876/3876 3877/3877/3877 
f 3876/3876/3876 3875/3875/3875 3878/3878/3878 
f 3875/3875/3875 3879/3879/3879 3878/3878/3878 
f 3875/3875/3875 3880/3880/3880 3879/3879/3879 
f 3881/3881/3881 3882/3882/3882 3883/3883/3883 
f 3884/3884/3884 3885/3885/3885 3886/3886/3886 
f 3887/3887/3887 3888/3888/3888 3889/3889/3889 
f 3890/3890/3890 3891/3891/3891 3892/3892/3892 
f 3893/3893/3893 3894/3894/3894 3895/3895/3895 
f 3896/3896/3896 3897/3897/3897 3898/3898/3898 
f 3899/3899/3899 3900/3900/3900 3901/3901/3901 
f 3902/3902/3902 3903/3903/3903 3904/3904/3904 
f 3905/3905/3905 3906/3906/3906 3907/3907/3907 
f 3905/3905/3905 3908/3908/3908 3906/3906/3906 
f 3908/3908/3908 3905/3905/3905 3909/3909/3909 
f 3910/3910/3910 3911/3911/3911 3908/3908/3908 
f 3911/3911/3911 3910/3910/3910 3912/3912/3912 
f 3913/3913/3913 3914/3914/3914 3915/3915/3915 
f 3916/3916/3916 3913/3913/3913 3915/3915/3915 
f 3913/3913/3913 3916/3916/3916 3917/3917/3917 
f 3918/3918/3918 3919/3919/3919 3916/3916/3916 
f 3919/3919/3919 3918/3918/3918 3920/3920/3920 
f 3921/3921/3921 3922/3922/3922 3923/3923/3923 
f 3921/3921/3921 3924/3924/3924 3922/3922/3922 
f 3925/3925/3925 3926/3926/3926 3927/3927/3927 
f 3926/3926/3926 3925/3925/3925 3928/3928/3928 
f 3929/3929/3929 3925/3925/3925 3927/3927/3927 
f 3925/3925/3925 3929/3929/3929 3930/3930/3930 
f 3931/3931/3931 3930/3930/3930 3929/3929/3929 
f 3932/3932/3932 3933/3933/3933 3934/3934/3934 
f 3933/3933/3933 3935/3935/3935 3934/3934/3934 
f 3936/3936/3936 3932/3932/3932 3934/3934/3934 
f 3936/3936/3936 3934/3934/3934 3937/3937/3937 
f 3938/3938/3938 3936/3936/3936 3937/3937/3937 
f 3939/3939/3939 3940/3940/3940 3941/3941/3941 
f 3940/3940/3940 3939/3939/3939 3942/3942/3942 
f 3943/3943/3943 3942/3942/3942 3939/3939/3939 
f 3942/3942/3942 3943/3943/3943 3944/3944/3944 
f 3945/3945/3945 3944/3944/3944 3943/3943/3943 
f 3946/3946/3946 3947/3947/3947 3948/3948/3948 
f 3947/3947/3947 3946/3946/3946 3949/3949/3949 
f 3950/3950/3950 3946/3946/3946 3948/3948/3948 
f 3950/3950/3950 3948/3948/3948 3951/3951/3951 
f 3952/3952/3952 3950/3950/3950 3951/3951/3951 
f 3953/3953/3953 3954/3954/3954 3955/3955/3955 
f 3954/3954/3954 3953/3953/3953 3956/3956/3956 
f 3955/3955/3955 3954/3954/3954 3957/3957/3957 
f 3955/3955/3955 3957/3957/3957 3958/3958/3958 
f 3959/3959/3959 3958/3958/3958 3957/3957/3957 
f 3960/3960/3960 3961/3961/3961 3962/3962/3962 
f 3961/3961/3961 3960/3960/3960 3963/3963/3963 
f 3963/3963/3963 3964/3964/3964 3961/3961/3961 
f 3964/3964/3964 3963/3963/3963 3965/3965/3965 
f 3966/3966/3966 3964/3964/3964 3965/3965/3965 

g Androeofficial1

v -324.325 0.19116 108.426 
v -324.31 0.00938439 108.426 
v -324.435 0.00938439 108.292 
v -324.445 0.279776 108.292 
v -324.335 2.01432 108.724 
v -324.477 2.21148 108.734 
v -324.477 2.21148 109.14 
v -324.335 2.01432 109.163 
v -324.296 0.24584 109.181 
v -324.455 0.333161 109.353 
v -324.435 0.00938439 109.383 
v -324.273 0.00938439 109.212 
v -324.273 0.00938439 109.212 
v -324.435 0.00938439 109.383 
v -324.435 0.00938439 108.687 
v -324.273 0.00938439 108.687 
v -324.296 0.24584 109.181 
v -324.273 0.00938439 109.212 
v -324.273 0.00938439 108.687 
v -324.296 0.24584 108.696 
v -325.065 0.00938439 108.687 
v -325.065 0.00938439 109.212 
v -325.041 0.24584 109.181 
v -325.041 0.24584 108.696 
v -324.351 0.940656 108.746 
v -324.296 0.24584 108.696 
v -324.455 0.412513 108.539 
v -324.487 0.940656 108.59 
v -324.986 0.940656 109.061 
v -324.986 0.940656 108.746 
v -324.351 0.940656 109.061 
v -324.487 0.940656 109.232 
v -324.351 0.940656 109.061 
v -324.351 0.940656 108.746 
v -324.477 2.21148 108.734 
v -324.335 2.01432 108.724 
v -324.478 2.00934 108.574 
v -324.99 1.72092 108.733 
v -324.973 1.29569 108.746 
v -324.973 1.29569 109.061 
v -324.99 1.72092 109.084 
v -324.477 2.21148 109.14 
v -324.478 2.01746 109.293 
v -324.335 2.01432 109.163 
v -324.365 1.29569 109.061 
v -324.365 1.29569 108.746 
v -324.347 1.72092 108.733 
v -324.347 1.72092 109.084 
v -324.341 1.1362 108.732 
v -324.457 1.1362 108.548 
v -324.495 1.29569 108.59 
v -324.365 1.29569 108.746 
v -324.996 1.1362 108.732 
v -324.996 1.1362 109.061 
v -324.365 1.29569 109.061 
v -324.495 1.29569 109.232 
v -324.481 1.1362 109.209 
v -324.341 1.1362 109.061 
v -324.341 1.1362 109.061 
v -324.341 1.1362 108.732 
v -324.31 0.00938439 108.426 
v -324.435 0.00938439 108.292 
v -324.325 0.19116 108.426 
v -324.31 0.00938439 108.426 
v -324.455 0.412513 108.539 
v -324.296 0.24584 108.696 
v -324.325 0.19116 108.426 
v -324.445 0.279776 108.292 
v -325.013 0.19116 108.426 
v -325.028 0.00938439 108.426 
v -324.848 1.29569 108.59 
v -324.886 1.1362 108.548 
v -324.996 1.1362 108.732 
v -324.973 1.29569 108.746 
v -324.889 0.412513 108.539 
v -325.041 0.24584 108.696 
v -324.986 0.940656 108.746 
v -324.856 0.940656 108.59 
v -324.889 0.412513 108.539 
v -324.899 0.279776 108.292 
v -324.909 0.00938439 108.292 
v -325.028 0.00938439 108.426 
v -325.013 0.19116 108.426 
v -324.899 0.279776 108.292 
v -324.909 0.00938439 108.687 
v -325.065 0.00938439 108.687 
v -325.028 0.00938439 108.426 
v -324.909 0.00938439 108.292 
v -324.909 0.00938439 109.383 
v -325.065 0.00938439 109.212 
v -324.909 0.00938439 109.383 
v -324.889 0.333161 109.353 
v -325.041 0.24584 109.181 
v -325.065 0.00938439 109.212 
v -324.856 0.940656 109.232 
v -324.986 0.940656 109.061 
v -324.862 1.1362 109.209 
v -324.848 1.29569 109.232 
v -324.973 1.29569 109.061 
v -324.996 1.1362 109.061 
v -325.003 2.01432 109.163 
v -324.866 2.00419 109.291 
v -324.866 2.21148 109.14 
v -324.866 2.21148 109.14 
v -324.866 2.21148 108.734 
v -325.003 2.01432 108.724 
v -325.003 2.01432 109.163 
v -325.003 2.01432 108.724 
v -324.866 2.21148 108.734 
v -324.866 2.01226 108.574 
v -324.495 1.29569 108.59 
v -324.457 1.1362 108.548 
v -324.595 1.1362 108.509 
v -324.608 1.29569 108.566 
v -324.594 0.448174 108.504 
v -324.605 0.940656 108.566 
v -324.487 0.940656 108.59 
v -324.455 0.412513 108.539 
v -324.594 0.448174 108.504 
v -324.455 0.412513 108.539 
v -324.445 0.279776 108.292 
v -324.591 0.315436 108.254 
v -324.445 0.279776 108.292 
v -324.435 0.00938439 108.292 
v -324.587 0.00938439 108.254 
v -324.591 0.315436 108.254 
v -324.587 0.00938439 108.687 
v -324.587 0.00938439 108.254 
v -324.587 0.00938439 109.45 
v -324.594 0.333161 109.419 
v -324.587 0.00938439 109.45 
v -324.605 0.940656 109.268 
v -324.608 1.29569 109.247 
v -324.603 1.1362 109.209 
v -324.602 2.21148 109.14 
v -324.602 2.0132 109.335 
v -324.477 2.21148 108.734 
v -324.602 2.21148 108.695 
v -324.602 2.21148 109.14 
v -324.477 2.21148 109.14 
v -324.602 2.01028 108.535 
v -324.602 2.21148 108.695 
v -324.595 1.1362 108.509 
v -324.457 1.1362 108.548 
v -324.99 1.72092 108.733 
v -324.859 1.7197 108.58 
v -324.605 1.71853 108.548 
v -324.485 1.71797 108.58 
v -324.485 1.71797 108.58 
v -324.347 1.72092 108.733 
v -324.347 1.72092 109.084 
v -324.485 1.72278 109.231 
v -324.605 1.72025 109.262 
v -324.859 1.71493 109.23 
v -324.99 1.72092 109.084 
v -324.737 0.448174 108.504 
v -324.74 0.315436 108.254 
v -324.899 0.279776 108.292 
v -324.889 0.412513 108.539 
v -324.743 0.00938439 108.254 
v -324.909 0.00938439 108.292 
v -324.899 0.279776 108.292 
v -324.74 0.315436 108.254 
v -324.743 0.00938439 108.687 
v -324.743 0.00938439 108.254 
v -324.743 0.00938439 109.45 
v -324.737 0.333161 109.419 
v -324.889 0.333161 109.353 
v -324.909 0.00938439 109.383 
v -324.743 0.00938439 109.45 
v -324.727 0.940656 109.268 
v -324.856 0.940656 109.232 
v -324.729 1.1362 109.209 
v -324.862 1.1362 109.209 
v -324.724 1.29569 109.247 
v -324.848 1.29569 109.232 
v -324.727 1.71768 109.262 
v -324.859 1.71493 109.23 
v -324.73 2.21148 109.14 
v -324.73 2.00885 109.334 
v -324.73 2.21148 109.14 
v -324.73 2.21148 108.695 
v -324.866 2.21148 108.734 
v -324.866 2.21148 109.14 
v -324.73 2.21148 108.695 
v -324.73 2.01124 108.535 
v -324.727 1.7191 108.548 
v -324.724 1.29569 108.566 
v -324.848 1.29569 108.59 
v -324.859 1.7197 108.58 
v -324.736 1.1362 108.509 
v -324.886 1.1362 108.548 
v -324.736 1.1362 108.509 
v -324.727 0.940656 108.566 
v -324.856 0.940656 108.59 
v -324.886 1.1362 108.548 
v -324.737 0.448174 108.504 
v -324.889 0.412513 108.539 
v -324.478 2.00934 108.574 
v -324.335 2.01432 108.724 
v -324.602 2.01028 108.535 
v -324.478 2.00934 108.574 
v -324.73 2.01124 108.535 
v -324.866 2.01226 108.574 
v -324.866 2.01226 108.574 
v -325.003 2.01432 108.724 
v -325.003 2.01432 108.724 
v -325.003 2.01432 109.163 
v -324.866 2.00419 109.291 
v -325.003 2.01432 109.163 
v -324.73 2.00885 109.334 
v -324.866 2.00419 109.291 
v -324.602 2.0132 109.335 
v -324.478 2.01746 109.293 
v -324.335 2.01432 109.163 
v -324.335 2.01432 108.724 
v -324.335 2.01432 109.163 

vn 0.740157 0.0393701 -0.669291 
vn 0.724409 0.0629921 -0.685039 
vn 0.740157 0.0472441 -0.669291 
vn 0.755906 0.023622 -0.661417 
vn 0.811024 0.582677 0 
vn 0.811024 0.582677 0 
vn 0.811024 0.582677 0 
vn 0.811024 0.582677 0 
vn 0.748031 0.141732 0.645669 
vn 0.598425 0.15748 0.787402 
vn 0.582677 0.125984 0.80315 
vn 0.716535 0.15748 0.677165 
vn 0 -1 0 
vn 0 -1 0 
vn 0 -1 0 
vn 0 -1 0 
vn 0.992126 0.0866142 0 
vn 0.992126 0.102362 0 
vn 0.992126 0.0944882 -0.0629921 
vn 0.992126 0.0944882 -0.0393701 
vn -0.992126 0.0944882 -0.0629921 
vn -0.992126 0.102362 0 
vn -0.992126 0.0866142 0 
vn -0.976378 0.188976 -0.0708661 
vn 0.755906 0.00787402 -0.653543 
vn 0.755906 0.110236 -0.653543 
vn 0.755906 0.110236 -0.653543 
vn 0.779528 -0.0314961 -0.622047 
vn -1 0.015748 0 
vn -1 0.015748 0 
vn 0.76378 0.0787402 0.637795 
vn 0.535433 0.173228 0.826772 
vn 1 0.015748 0 
vn 1 0.015748 0 
vn 0.393701 0.566929 -0.724409 
vn 0.622047 0.480315 -0.614173 
vn 0.393701 0.566929 -0.716535 
vn -1 -0.0393701 0 
vn -1 0.0551181 0 
vn -1 0.0551181 0 
vn -1 -0.0393701 0 
vn 0.212598 0.606299 0.771654 
vn 0.338583 0.622047 0.708661 
vn 0.590551 0.496063 0.637795 
vn 1 0.0551181 0 
vn 1 0.0551181 0 
vn 1 -0.0393701 0 
vn 1 -0.0393701 0 
vn 0.80315 0.0393701 -0.598425 
vn 0.84252 0.0472441 -0.535433 
vn 0.787402 0.11811 -0.606299 
vn 0.76378 0.0708661 -0.637795 
vn -1 0.0472441 0 
vn -1 0.0472441 0 
vn 0.779528 -0.00787402 0.629921 
vn 0.472441 -0.0866142 0.874016 
vn 0.448819 0.00787402 0.889764 
vn 0.724409 0.0314961 0.685039 
vn 1 0.0472441 0 
vn 1 0.0472441 0 
vn 0 -1 0 
vn 0 -1 0 
vn 0.984252 0.0944882 -0.133858 
vn 0.984252 0.0787402 -0.141732 
vn 0.779528 0.582677 -0.23622 
vn 0.795276 0.574803 -0.19685 
vn 0.771654 0.582677 -0.244094 
vn 0.755906 0.590551 -0.283465 
vn -0.905512 0.370079 -0.19685 
vn -0.984252 0.0787402 -0.141732 
vn -0.795276 0.110236 -0.590551 
vn -0.858268 0.0472441 -0.511811 
vn -0.818898 0.0393701 -0.574803 
vn -0.779528 0.0629921 -0.622047 
vn -0.76378 0.110236 -0.629921 
vn -0.76378 0.110236 -0.629921 
vn -0.771654 0.00787402 -0.637795 
vn -0.795276 -0.0314961 -0.606299 
vn -0.795276 0.559055 -0.228346 
vn -0.771654 0.574803 -0.275591 
vn -0.755906 0.0472441 -0.645669 
vn -0.748031 0.0629921 -0.661417 
vn -0.76378 0.0393701 -0.645669 
vn -0.771654 0.0314961 -0.637795 
vn 0 -1 0 
vn 0 -1 0 
vn 0 -1 0 
vn 0 -1 0 
vn 0 -1 0 
vn 0 -1 0 
vn -0.582677 0.11811 0.80315 
vn -0.598425 0.15748 0.787402 
vn -0.76378 0.141732 0.629921 
vn -0.732283 0.15748 0.661417 
vn -0.527559 0.173228 0.826772 
vn -0.779528 0.0787402 0.622047 
vn -0.456693 0.00787402 0.889764 
vn -0.480315 -0.0708661 0.874016 
vn -0.779528 0.015748 0.622047 
vn -0.740157 0.0314961 0.669291 
vn -0.582677 0.480315 0.661417 
vn -0.338583 0.598425 0.724409 
vn -0.19685 0.574803 0.787402 
vn -0.818898 0.566929 0 
vn -0.818898 0.566929 0 
vn -0.818898 0.566929 0 
vn -0.818898 0.566929 0 
vn -0.645669 0.480315 -0.598425 
vn -0.385827 0.574803 -0.716535 
vn -0.385827 0.574803 -0.716535 
vn 0.220472 0.149606 -0.96063 
vn 0.251969 0.299213 -0.92126 
vn 0.11811 0.330709 -0.937008 
vn 0.102362 0.149606 -0.984252 
vn 0.141732 0.11811 -0.984252 
vn 0.0944882 -0.0787402 -0.992126 
vn 0.212598 -0.0787402 -0.976378 
vn 0.275591 0.110236 -0.952756 
vn 0.165354 0.874016 -0.456693 
vn 0.322835 0.834646 -0.440945 
vn 0.322835 0.834646 -0.440945 
vn 0.15748 0.874016 -0.464567 
vn 0.251969 0.00787402 -0.968504 
vn 0.244094 0.00787402 -0.968504 
vn 0.125984 0 -0.992126 
vn 0.11811 0 -0.992126 
vn 0 -1 0 
vn 0 -1 0 
vn 0 -1 0 
vn 0.212598 0.165354 0.96063 
vn 0.212598 0.102362 0.976378 
vn 0.141732 0.251969 0.952756 
vn 0.0629921 -0.133858 0.992126 
vn 0.0393701 0.015748 1 
vn 0.0314961 0.669291 0.740157 
vn 0.0866142 0.692913 0.716535 
vn 0 1 0 
vn 0 1 0 
vn 0 1 0 
vn 0 1 0 
vn 0.11811 0.622047 -0.779528 
vn 0.125984 0.622047 -0.771654 
vn 0.11811 -0.267717 -0.952756 
vn 0.259843 -0.23622 -0.937008 
vn -0.755906 -0.0393701 -0.653543 
vn -0.755906 -0.0314961 -0.653543 
vn 0.133858 -0.0393701 -0.992126 
vn 0.267717 -0.0314961 -0.96063 
vn 0.748031 -0.0393701 -0.661417 
vn 0.740157 -0.0472441 -0.669291 
vn 0.732283 -0.11811 0.669291 
vn 0.511811 -0.110236 0.850394 
vn 0.125984 -0.125984 0.984252 
vn -0.519685 -0.11811 0.850394 
vn -0.740157 -0.133858 0.661417 
vn -0.15748 0.874016 -0.456693 
vn -0.149606 0.874016 -0.464567 
vn -0.299213 0.84252 -0.440945 
vn -0.299213 0.84252 -0.440945 
vn -0.11811 0 -0.992126 
vn -0.228346 0.00787402 -0.976378 
vn -0.228346 0.00787402 -0.976378 
vn -0.110236 0 -0.992126 
vn 0 -1 0 
vn 0 -1 0 
vn 0 -1 0 
vn -0.19685 0.173228 0.968504 
vn -0.598425 0.15748 0.787402 
vn -0.582677 0.11811 0.80315 
vn -0.188976 0.0944882 0.976378 
vn -0.133858 0.251969 0.96063 
vn -0.527559 0.173228 0.826772 
vn -0.0393701 0.015748 1 
vn -0.456693 0.00787402 0.889764 
vn -0.0551181 -0.133858 0.992126 
vn -0.480315 -0.0708661 0.874016 
vn -0.11811 -0.125984 0.984252 
vn -0.519685 -0.11811 0.850394 
vn -0.0393701 0.661417 0.748031 
vn -0.125984 0.685039 0.716535 
vn 0 1 0 
vn 0 1 0 
vn 0 1 0 
vn 0 1 0 
vn -0.11811 0.622047 -0.771654 
vn -0.102362 0.622047 -0.779528 
vn -0.11811 -0.0393701 -0.992126 
vn -0.0944882 0.149606 -0.984252 
vn -0.204724 0.149606 -0.968504 
vn -0.244094 -0.0314961 -0.968504 
vn -0.110236 0.322835 -0.937008 
vn -0.23622 0.299213 -0.929134 
vn -0.110236 -0.267717 -0.96063 
vn -0.0866142 -0.0787402 -0.992126 
vn -0.19685 -0.0787402 -0.976378 
vn -0.23622 -0.23622 -0.944882 
vn -0.125984 0.11811 -0.984252 
vn -0.251969 0.110236 -0.96063 
vn 0.732283 -0.0472441 -0.685039 
vn 0.724409 -0.0551181 -0.685039 
vn 0.149606 -0.0393701 -0.992126 
vn 0.299213 -0.0314961 -0.952756 
vn -0.133858 -0.0393701 -0.992126 
vn -0.275591 -0.0314961 -0.96063 
vn -0.748031 -0.0472441 -0.669291 
vn -0.740157 -0.0551181 -0.677165 
vn -1 -0.0393701 0 
vn -1 -0.0393701 0 
vn -0.480315 -0.204724 0.858268 
vn -0.700787 -0.181102 0.692913 
vn -0.133858 -0.244094 0.96063 
vn -0.480315 -0.204724 0.858268 
vn 0.165354 -0.23622 0.96063 
vn 0.480315 -0.204724 0.850394 
vn 0.677165 -0.188976 0.708661 
vn 1 -0.0393701 0 
vn 1 -0.0393701 0 

vt 0.468806 0.624954 
vt 0.463017 0.624954 
vt 0.463017 0.594877 
vt 0.468806 0.591077 
vt 0.345868 0.2644 
vt 0.355305 0.2644 
vt 0.355305 0.336603 
vt 0.345868 0.336603 
vt 0.479383 0.702454 
vt 0.479383 0.749575 
vt 0.463017 0.749575 
vt 0.463017 0.705171 
vt 0.451007 0.234413 
vt 0.460703 0.234413 
vt 0.460563 0.313381 
vt 0.451007 0.313323 
vt 0.479383 0.702454 
vt 0.463017 0.705171 
vt 0.463017 0.637936 
vt 0.479383 0.62517 
vt 0.463017 0.481601 
vt 0.463017 0.414274 
vt 0.479383 0.416655 
vt 0.479383 0.499795 
vt 0.504713 0.62517 
vt 0.479383 0.62517 
vt 0.479383 0.601373 
vt 0.504713 0.59053 
vt 0.504713 0.427591 
vt 0.504713 0.499795 
vt 0.504713 0.690646 
vt 0.504713 0.749575 
vt 0.504713 0.690646 
vt 0.504713 0.62517 
vt 0.355305 0.2644 
vt 0.345868 0.2644 
vt 0.355305 0.23507 
vt 0.54305 0.499795 
vt 0.521768 0.499795 
vt 0.521768 0.426146 
vt 0.54305 0.423034 
vt 0.355305 0.336603 
vt 0.355305 0.359042 
vt 0.345868 0.336603 
vt 0.521768 0.691507 
vt 0.521768 0.62517 
vt 0.54305 0.62517 
vt 0.54305 0.694555 
vt 0.513946 0.62517 
vt 0.513946 0.593041 
vt 0.521768 0.590384 
vt 0.521768 0.62517 
vt 0.513946 0.499795 
vt 0.513946 0.427701 
vt 0.521768 0.691507 
vt 0.521768 0.749575 
vt 0.513946 0.749575 
vt 0.513946 0.690218 
vt 0.513946 0.690218 
vt 0.513946 0.62517 
vt 0.451007 0.358593 
vt 0.460483 0.358593 
vt 0.468806 0.624954 
vt 0.463017 0.624954 
vt 0.479383 0.601373 
vt 0.479383 0.62517 
vt 0.468806 0.624954 
vt 0.468806 0.591077 
vt 0.468806 0.499795 
vt 0.463017 0.499795 
vt 0.521768 0.530782 
vt 0.513946 0.52862 
vt 0.513946 0.499795 
vt 0.521768 0.499795 
vt 0.479383 0.518081 
vt 0.479383 0.499795 
vt 0.504713 0.499795 
vt 0.504713 0.531045 
vt 0.479383 0.518081 
vt 0.468806 0.527305 
vt 0.463017 0.520523 
vt 0.463017 0.499795 
vt 0.468806 0.499795 
vt 0.468806 0.527305 
vt 0.488406 0.313551 
vt 0.497644 0.313607 
vt 0.497644 0.358593 
vt 0.488326 0.358593 
vt 0.488547 0.234413 
vt 0.497644 0.234413 
vt 0.463017 0.37575 
vt 0.479383 0.37575 
vt 0.479383 0.416655 
vt 0.463017 0.414274 
vt 0.504713 0.37575 
vt 0.504713 0.427591 
vt 0.513946 0.37575 
vt 0.521768 0.37575 
vt 0.521768 0.426146 
vt 0.513946 0.427701 
vt 0.392161 0.336603 
vt 0.383285 0.359042 
vt 0.383285 0.336603 
vt 0.383285 0.336603 
vt 0.383285 0.2644 
vt 0.392161 0.2644 
vt 0.392161 0.336603 
vt 0.392161 0.2644 
vt 0.383285 0.2644 
vt 0.383285 0.23507 
vt 0.521768 0.590384 
vt 0.513946 0.593041 
vt 0.513946 0.572533 
vt 0.521768 0.570604 
vt 0.479383 0.573131 
vt 0.504713 0.572633 
vt 0.504713 0.59053 
vt 0.479383 0.601373 
vt 0.479383 0.573131 
vt 0.479383 0.601373 
vt 0.468806 0.591077 
vt 0.468806 0.571444 
vt 0.468806 0.591077 
vt 0.463017 0.594877 
vt 0.463017 0.571026 
vt 0.468806 0.571444 
vt 0.469496 0.313435 
vt 0.469407 0.358593 
vt 0.469649 0.234413 
vt 0.479383 0.795594 
vt 0.463017 0.79589 
vt 0.504713 0.793938 
vt 0.521768 0.791939 
vt 0.513946 0.791561 
vt 0.363331 0.336603 
vt 0.363331 0.359042 
vt 0.355305 0.2644 
vt 0.363331 0.2644 
vt 0.363331 0.336603 
vt 0.355305 0.336603 
vt 0.363331 0.23507 
vt 0.363331 0.2644 
vt 0.513946 0.572533 
vt 0.513946 0.593041 
vt 0.54305 0.499795 
vt 0.54305 0.532252 
vt 0.54305 0.572119 
vt 0.54305 0.59118 
vt 0.54305 0.59118 
vt 0.54305 0.62517 
vt 0.54305 0.694555 
vt 0.54305 0.749575 
vt 0.54305 0.78679 
vt 0.54305 0.37575 
vt 0.54305 0.423034 
vt 0.479383 0.545462 
vt 0.468806 0.550097 
vt 0.468806 0.527305 
vt 0.479383 0.518081 
vt 0.463017 0.547654 
vt 0.463017 0.520523 
vt 0.468806 0.527305 
vt 0.468806 0.550097 
vt 0.478637 0.313491 
vt 0.478549 0.358593 
vt 0.478792 0.234413 
vt 0.479383 0.840533 
vt 0.479383 0.874644 
vt 0.463017 0.874644 
vt 0.463017 0.8457 
vt 0.504713 0.832457 
vt 0.504713 0.874644 
vt 0.513946 0.831527 
vt 0.513946 0.874644 
vt 0.521768 0.828574 
vt 0.521768 0.874644 
vt 0.54305 0.825959 
vt 0.54305 0.874644 
vt 0.373667 0.336603 
vt 0.373667 0.359042 
vt 0.373667 0.336603 
vt 0.373667 0.2644 
vt 0.383285 0.2644 
vt 0.383285 0.336603 
vt 0.373667 0.2644 
vt 0.373667 0.23507 
vt 0.54305 0.553041 
vt 0.521768 0.550942 
vt 0.521768 0.530782 
vt 0.54305 0.532252 
vt 0.513946 0.550976 
vt 0.513946 0.52862 
vt 0.513946 0.550976 
vt 0.504713 0.55408 
vt 0.504713 0.531045 
vt 0.513946 0.52862 
vt 0.479383 0.545462 
vt 0.479383 0.518081 
vt 0.556399 0.593198 
vt 0.556399 0.62517 
vt 0.556399 0.572459 
vt 0.556399 0.593198 
vt 0.556399 0.55254 
vt 0.556399 0.530174 
vt 0.556399 0.530174 
vt 0.556399 0.499795 
vt 0.556399 0.499795 
vt 0.556399 0.41358 
vt 0.556399 0.37575 
vt 0.556399 0.41358 
vt 0.556399 0.823973 
vt 0.556399 0.874644 
vt 0.556399 0.783907 
vt 0.556399 0.749575 
vt 0.556399 0.703541 
vt 0.556399 0.62517 
vt 0.556399 0.703541 

usemtl Androeofficial1Mtl

f 3967/3967/3967 3968/3968/3968 3969/3969/3969 
f 3969/3969/3969 3970/3970/3970 3967/3967/3967 
f 3971/3971/3971 3972/3972/3972 3973/3973/3973 
f 3973/3973/3973 3974/3974/3974 3971/3971/3971 
f 3975/3975/3975 3976/3976/3976 3977/3977/3977 
f 3977/3977/3977 3978/3978/3978 3975/3975/3975 
f 3979/3979/3979 3980/3980/3980 3981/3981/3981 
f 3981/3981/3981 3982/3982/3982 3979/3979/3979 
f 3983/3983/3983 3984/3984/3984 3985/3985/3985 
f 3985/3985/3985 3986/3986/3986 3983/3983/3983 
f 3987/3987/3987 3988/3988/3988 3989/3989/3989 
f 3989/3989/3989 3990/3990/3990 3987/3987/3987 
f 3991/3991/3991 3992/3992/3992 3993/3993/3993 
f 3993/3993/3993 3994/3994/3994 3991/3991/3991 
f 3990/3990/3990 3989/3989/3989 3995/3995/3995 
f 3995/3995/3995 3996/3996/3996 3990/3990/3990 
f 3997/3997/3997 3998/3998/3998 3976/3976/3976 
f 3976/3976/3976 3975/3975/3975 3997/3997/3997 
f 3999/3999/3999 3983/3983/3983 3986/3986/3986 
f 3986/3986/3986 4000/4000/4000 3999/3999/3999 
f 4001/4001/4001 4002/4002/4002 4003/4003/4003 
f 4004/4004/4004 4005/4005/4005 4006/4006/4006 
f 4006/4006/4006 4007/4007/4007 4004/4004/4004 
f 4008/4008/4008 4009/4009/4009 4010/4010/4010 
f 4011/4011/4011 4012/4012/4012 4013/4013/4013 
f 4013/4013/4013 4014/4014/4014 4011/4011/4011 
f 4015/4015/4015 4016/4016/4016 4017/4017/4017 
f 4017/4017/4017 4018/4018/4018 4015/4015/4015 
f 4005/4005/4005 4019/4019/4019 4020/4020/4020 
f 4020/4020/4020 4006/4006/4006 4005/4005/4005 
f 4021/4021/4021 4022/4022/4022 4023/4023/4023 
f 4023/4023/4023 4024/4024/4024 4021/4021/4021 
f 4025/4025/4025 4026/4026/4026 4012/4012/4012 
f 4012/4012/4012 4011/4011/4011 4025/4025/4025 
f 4027/4027/4027 3982/3982/3982 3981/3981/3981 
f 3981/3981/3981 4028/4028/4028 4027/4027/4027 
f 4029/4029/4029 3986/3986/3986 3985/3985/3985 
f 3985/3985/3985 4030/4030/4030 4029/4029/4029 
f 4031/4031/4031 4032/4032/4032 4033/4033/4033 
f 4033/4033/4033 4034/4034/4034 4031/4031/4031 
f 3987/3987/3987 3990/3990/3990 4035/4035/4035 
f 4035/4035/4035 4036/4036/4036 3987/3987/3987 
f 4037/4037/4037 4038/4038/4038 4039/4039/4039 
f 4039/4039/4039 4040/4040/4040 4037/4037/4037 
f 4041/4041/4041 4042/4042/4042 4043/4043/4043 
f 4043/4043/4043 4044/4044/4044 4041/4041/4041 
f 4045/4045/4045 4046/4046/4046 4035/4035/4035 
f 4035/4035/4035 3990/3990/3990 4045/4045/4045 
f 4047/4047/4047 4048/4048/4048 4049/4049/4049 
f 4049/4049/4049 4050/4050/4050 4047/4047/4047 
f 4051/4051/4051 4052/4052/4052 4053/4053/4053 
f 4053/4053/4053 4054/4054/4054 4051/4051/4051 
f 4051/4051/4051 4055/4055/4055 4056/4056/4056 
f 4056/4056/4056 4052/4052/4052 4051/4051/4051 
f 4057/4057/4057 4058/4058/4058 4059/4059/4059 
f 4059/4059/4059 4060/4060/4060 4057/4057/4057 
f 4058/4058/4058 4061/4061/4061 4062/4062/4062 
f 4062/4062/4062 4059/4059/4059 4058/4058/4058 
f 4063/4063/4063 4064/4064/4064 4065/4065/4065 
f 4065/4065/4065 4066/4066/4066 4063/4063/4063 
f 4067/4067/4067 4068/4068/4068 4069/4069/4069 
f 4070/4070/4070 4071/4071/4071 4072/4072/4072 
f 4072/4072/4072 4073/4073/4073 4070/4070/4070 
f 4074/4074/4074 4075/4075/4075 4076/4076/4076 
f 4077/4077/4077 4078/4078/4078 4079/4079/4079 
f 4079/4079/4079 4080/4080/4080 4077/4077/4077 
f 4081/4081/4081 4082/4082/4082 4083/4083/4083 
f 4083/4083/4083 4084/4084/4084 4081/4081/4081 
f 4085/4085/4085 4086/4086/4086 4087/4087/4087 
f 4087/4087/4087 4088/4088/4088 4085/4085/4085 
f 4089/4089/4089 4090/4090/4090 4091/4091/4091 
f 4091/4091/4091 4092/4092/4092 4089/4089/4089 
f 4028/4028/4028 3981/3981/3981 4093/4093/4093 
f 4093/4093/4093 4094/4094/4094 4028/4028/4028 
f 3980/3980/3980 4095/4095/4095 4093/4093/4093 
f 4093/4093/4093 3981/3981/3981 3980/3980/3980 
f 3976/3976/3976 4096/4096/4096 4097/4097/4097 
f 4097/4097/4097 3977/3977/3977 3976/3976/3976 
f 3976/3976/3976 3998/3998/3998 4098/4098/4098 
f 4098/4098/4098 4096/4096/4096 3976/3976/3976 
f 4022/4022/4022 4099/4099/4099 4100/4100/4100 
f 4100/4100/4100 4023/4023/4023 4022/4022/4022 
f 4009/4009/4009 4008/4008/4008 4101/4101/4101 
f 4101/4101/4101 4102/4102/4102 4009/4009/4009 
f 4103/4103/4103 4104/4104/4104 4105/4105/4105 
f 4105/4105/4105 4106/4106/4106 4103/4103/4103 
f 4003/4003/4003 4107/4107/4107 4108/4108/4108 
f 4108/4108/4108 4001/4001/4001 4003/4003/4003 
f 4015/4015/4015 3991/3991/3991 3994/3994/3994 
f 3994/3994/3994 4016/4016/4016 4015/4015/4015 
f 4025/4025/4025 3999/3999/3999 4000/4000/4000 
f 4000/4000/4000 4026/4026/4026 4025/4025/4025 
f 3997/3997/3997 4024/4024/4024 4023/4023/4023 
f 4023/4023/4023 3998/3998/3998 3997/3997/3997 
f 3998/3998/3998 4023/4023/4023 4100/4100/4100 
f 4100/4100/4100 4098/4098/4098 3998/3998/3998 
f 4063/4063/4063 4066/4066/4066 4062/4062/4062 
f 4062/4062/4062 4061/4061/4061 4063/4063/4063 
f 3996/3996/3996 3995/3995/3995 4020/4020/4020 
f 4020/4020/4020 4019/4019/4019 3996/3996/3996 
f 4044/4044/4044 4043/4043/4043 4039/4039/4039 
f 4039/4039/4039 4038/4038/4038 4044/4044/4044 
f 4083/4083/4083 4082/4082/4082 4109/4109/4109 
f 4109/4109/4109 4110/4110/4110 4083/4083/4083 
f 4037/4037/4037 4040/4040/4040 4111/4111/4111 
f 4111/4111/4111 4112/4112/4112 4037/4037/4037 
f 4113/4113/4113 4114/4114/4114 4077/4077/4077 
f 4077/4077/4077 4080/4080/4080 4113/4113/4113 
f 4115/4115/4115 4116/4116/4116 4018/4018/4018 
f 4018/4018/4018 4017/4017/4017 4115/4115/4115 
f 4117/4117/4117 4118/4118/4118 4022/4022/4022 
f 4022/4022/4022 4021/4021/4021 4117/4117/4117 
f 4022/4022/4022 4118/4118/4118 4119/4119/4119 
f 4119/4119/4119 4099/4099/4099 4022/4022/4022 
f 4120/4120/4120 4121/4121/4121 4065/4065/4065 
f 4065/4065/4065 4064/4064/4064 4120/4120/4120 
f 4122/4122/4122 4123/4123/4123 4124/4124/4124 
f 4124/4124/4124 4125/4125/4125 4122/4122/4122 
f 4126/4126/4126 4127/4127/4127 4128/4128/4128 
f 4128/4128/4128 4129/4129/4129 4126/4126/4126 
f 4130/4130/4130 4051/4051/4051 4054/4054/4054 
f 4054/4054/4054 4131/4131/4131 4130/4130/4130 
f 4130/4130/4130 4132/4132/4132 4055/4055/4055 
f 4055/4055/4055 4051/4051/4051 4130/4130/4130 
f 4133/4133/4133 4134/4134/4134 4135/4135/4135 
f 4135/4135/4135 4136/4136/4136 4133/4133/4133 
f 4137/4137/4137 4138/4138/4138 4134/4134/4134 
f 4134/4134/4134 4133/4133/4133 4137/4137/4137 
f 4139/4139/4139 4140/4140/4140 4138/4138/4138 
f 4138/4138/4138 4137/4137/4137 4139/4139/4139 
f 4139/4139/4139 4141/4141/4141 4142/4142/4142 
f 4142/4142/4142 4140/4140/4140 4139/4139/4139 
f 4143/4143/4143 4144/4144/4144 4142/4142/4142 
f 4142/4142/4142 4141/4141/4141 4143/4143/4143 
f 4145/4145/4145 4069/4069/4069 4068/4068/4068 
f 4068/4068/4068 4146/4146/4146 4145/4145/4145 
f 4147/4147/4147 4148/4148/4148 4149/4149/4149 
f 4149/4149/4149 4150/4150/4150 4147/4147/4147 
f 4076/4076/4076 4075/4075/4075 4151/4151/4151 
f 4151/4151/4151 4152/4152/4152 4076/4076/4076 
f 4153/4153/4153 4154/4154/4154 4155/4155/4155 
f 4155/4155/4155 4156/4156/4156 4153/4153/4153 
f 4157/4157/4157 4158/4158/4158 4155/4155/4155 
f 4155/4155/4155 4154/4154/4154 4157/4157/4157 
f 4159/4159/4159 4160/4160/4160 4161/4161/4161 
f 4161/4161/4161 4162/4162/4162 4159/4159/4159 
f 4163/4163/4163 4164/4164/4164 4161/4161/4161 
f 4161/4161/4161 4160/4160/4160 4163/4163/4163 
f 4085/4085/4085 4088/4088/4088 4123/4123/4123 
f 4123/4123/4123 4122/4122/4122 4085/4085/4085 
f 4091/4091/4091 4126/4126/4126 4129/4129/4129 
f 4129/4129/4129 4092/4092/4092 4091/4091/4091 
f 4093/4093/4093 4130/4130/4130 4131/4131/4131 
f 4131/4131/4131 4094/4094/4094 4093/4093/4093 
f 4095/4095/4095 4132/4132/4132 4130/4130/4130 
f 4130/4130/4130 4093/4093/4093 4095/4095/4095 
f 4096/4096/4096 4133/4133/4133 4136/4136/4136 
f 4136/4136/4136 4097/4097/4097 4096/4096/4096 
f 4098/4098/4098 4137/4137/4137 4133/4133/4133 
f 4133/4133/4133 4096/4096/4096 4098/4098/4098 
f 4100/4100/4100 4139/4139/4139 4137/4137/4137 
f 4137/4137/4137 4098/4098/4098 4100/4100/4100 
f 4099/4099/4099 4141/4141/4141 4139/4139/4139 
f 4139/4139/4139 4100/4100/4100 4099/4099/4099 
f 4099/4099/4099 4119/4119/4119 4143/4143/4143 
f 4143/4143/4143 4141/4141/4141 4099/4099/4099 
f 4102/4102/4102 4101/4101/4101 4145/4145/4145 
f 4145/4145/4145 4146/4146/4146 4102/4102/4102 
f 4104/4104/4104 4148/4148/4148 4147/4147/4147 
f 4147/4147/4147 4105/4105/4105 4104/4104/4104 
f 4152/4152/4152 4151/4151/4151 4108/4108/4108 
f 4108/4108/4108 4107/4107/4107 4152/4152/4152 
f 4113/4113/4113 4080/4080/4080 4154/4154/4154 
f 4154/4154/4154 4153/4153/4153 4113/4113/4113 
f 4080/4080/4080 4079/4079/4079 4157/4157/4157 
f 4157/4157/4157 4154/4154/4154 4080/4080/4080 
f 4082/4082/4082 4160/4160/4160 4159/4159/4159 
f 4159/4159/4159 4109/4109/4109 4082/4082/4082 
f 4163/4163/4163 4160/4160/4160 4082/4082/4082 
f 4082/4082/4082 4081/4081/4081 4163/4163/4163 
f 4165/4165/4165 4166/4166/4166 4116/4116/4116 
f 4116/4116/4116 4115/4115/4115 4165/4165/4165 
f 4167/4167/4167 4168/4168/4168 4114/4114/4114 
f 4114/4114/4114 4113/4113/4113 4167/4167/4167 
f 4113/4113/4113 4153/4153/4153 4169/4169/4169 
f 4169/4169/4169 4167/4167/4167 4113/4113/4113 
f 4169/4169/4169 4153/4153/4153 4156/4156/4156 
f 4156/4156/4156 4170/4170/4170 4169/4169/4169 
f 4171/4171/4171 4112/4112/4112 4111/4111/4111 
f 4111/4111/4111 4172/4172/4172 4171/4171/4171 
f 4173/4173/4173 4004/4004/4004 4007/4007/4007 
f 4007/4007/4007 4174/4174/4174 4173/4173/4173 
f 4120/4120/4120 4175/4175/4175 4176/4176/4176 
f 4176/4176/4176 4121/4121/4121 4120/4120/4120 
f 4143/4143/4143 4177/4177/4177 4178/4178/4178 
f 4178/4178/4178 4144/4144/4144 4143/4143/4143 
f 4119/4119/4119 4179/4179/4179 4177/4177/4177 
f 4177/4177/4177 4143/4143/4143 4119/4119/4119 
f 4180/4180/4180 4179/4179/4179 4119/4119/4119 
f 4119/4119/4119 4118/4118/4118 4180/4180/4180 
f 4181/4181/4181 4180/4180/4180 4118/4118/4118 
f 4118/4118/4118 4117/4117/4117 4181/4181/4181 
f 4014/4014/4014 4013/4013/4013 4182/4182/4182 
f 4182/4182/4182 4183/4183/4183 4014/4014/4014 

g Androeofficial2

v -325.884 0.19116 108.426 
v -325.764 0.279776 108.292 
v -325.774 0.00938439 108.292 
v -325.899 0.00938439 108.426 
v -325.732 2.21148 109.14 
v -325.732 2.21148 108.734 
v -325.874 2.01432 108.724 
v -325.874 2.01432 109.163 
v -325.774 0.00938439 109.383 
v -325.754 0.333161 109.353 
v -325.913 0.24584 109.181 
v -325.936 0.00938439 109.212 
v -325.774 0.00938439 108.687 
v -325.774 0.00938439 109.383 
v -325.936 0.00938439 109.212 
v -325.936 0.00938439 108.687 
v -325.913 0.24584 109.181 
v -325.913 0.24584 108.696 
v -325.936 0.00938439 108.687 
v -325.936 0.00938439 109.212 
v -325.168 0.24584 109.181 
v -325.144 0.00938439 109.212 
v -325.144 0.00938439 108.687 
v -325.168 0.24584 108.696 
v -325.858 0.940656 108.746 
v -325.722 0.940656 108.59 
v -325.754 0.412513 108.539 
v -325.913 0.24584 108.696 
v -325.223 0.940656 109.061 
v -325.223 0.940656 108.746 
v -325.722 0.940656 109.232 
v -325.858 0.940656 109.061 
v -325.858 0.940656 109.061 
v -325.858 0.940656 108.746 
v -325.732 2.21148 108.734 
v -325.731 2.00934 108.574 
v -325.874 2.01432 108.724 
v -325.218 1.72092 108.733 
v -325.218 1.72092 109.084 
v -325.236 1.29569 109.061 
v -325.236 1.29569 108.746 
v -325.732 2.21148 109.14 
v -325.874 2.01432 109.163 
v -325.731 2.01746 109.293 
v -325.862 1.72092 108.733 
v -325.844 1.29569 108.746 
v -325.844 1.29569 109.061 
v -325.862 1.72092 109.084 
v -325.714 1.29569 108.59 
v -325.752 1.1362 108.548 
v -325.868 1.1362 108.732 
v -325.844 1.29569 108.746 
v -325.213 1.1362 109.061 
v -325.213 1.1362 108.732 
v -325.728 1.1362 109.209 
v -325.714 1.29569 109.232 
v -325.844 1.29569 109.061 
v -325.868 1.1362 109.061 
v -325.868 1.1362 108.732 
v -325.868 1.1362 109.061 
v -325.899 0.00938439 108.426 
v -325.774 0.00938439 108.292 
v -325.884 0.19116 108.426 
v -325.899 0.00938439 108.426 
v -325.884 0.19116 108.426 
v -325.913 0.24584 108.696 
v -325.754 0.412513 108.539 
v -325.764 0.279776 108.292 
v -325.196 0.19116 108.426 
v -325.181 0.00938439 108.426 
v -325.361 1.29569 108.59 
v -325.236 1.29569 108.746 
v -325.213 1.1362 108.732 
v -325.323 1.1362 108.548 
v -325.223 0.940656 108.746 
v -325.168 0.24584 108.696 
v -325.32 0.412513 108.539 
v -325.352 0.940656 108.59 
v -325.31 0.279776 108.292 
v -325.32 0.412513 108.539 
v -325.196 0.19116 108.426 
v -325.181 0.00938439 108.426 
v -325.3 0.00938439 108.292 
v -325.31 0.279776 108.292 
v -325.181 0.00938439 108.426 
v -325.144 0.00938439 108.687 
v -325.3 0.00938439 108.687 
v -325.3 0.00938439 108.292 
v -325.144 0.00938439 109.212 
v -325.3 0.00938439 109.383 
v -325.3 0.00938439 109.383 
v -325.144 0.00938439 109.212 
v -325.168 0.24584 109.181 
v -325.32 0.333161 109.353 
v -325.223 0.940656 109.061 
v -325.352 0.940656 109.232 
v -325.346 1.1362 109.209 
v -325.213 1.1362 109.061 
v -325.236 1.29569 109.061 
v -325.361 1.29569 109.232 
v -325.206 2.01432 109.163 
v -325.343 2.21148 109.14 
v -325.343 2.00419 109.291 
v -325.343 2.21148 109.14 
v -325.206 2.01432 109.163 
v -325.206 2.01432 108.724 
v -325.343 2.21148 108.734 
v -325.206 2.01432 108.724 
v -325.343 2.01226 108.574 
v -325.343 2.21148 108.734 
v -325.714 1.29569 108.59 
v -325.601 1.29569 108.566 
v -325.614 1.1362 108.509 
v -325.752 1.1362 108.548 
v -325.722 0.940656 108.59 
v -325.604 0.940656 108.566 
v -325.615 0.448174 108.504 
v -325.754 0.412513 108.539 
v -325.615 0.448174 108.504 
v -325.618 0.315436 108.254 
v -325.764 0.279776 108.292 
v -325.754 0.412513 108.539 
v -325.764 0.279776 108.292 
v -325.618 0.315436 108.254 
v -325.622 0.00938439 108.254 
v -325.774 0.00938439 108.292 
v -325.622 0.00938439 108.254 
v -325.622 0.00938439 108.687 
v -325.622 0.00938439 109.45 
v -325.622 0.00938439 109.45 
v -325.615 0.333161 109.419 
v -325.604 0.940656 109.268 
v -325.606 1.1362 109.209 
v -325.601 1.29569 109.247 
v -325.607 2.0132 109.335 
v -325.607 2.21148 109.14 
v -325.607 2.21148 109.14 
v -325.607 2.21148 108.695 
v -325.732 2.21148 108.734 
v -325.732 2.21148 109.14 
v -325.607 2.21148 108.695 
v -325.607 2.01028 108.535 
v -325.614 1.1362 108.509 
v -325.752 1.1362 108.548 
v -325.218 1.72092 108.733 
v -325.35 1.7197 108.58 
v -325.724 1.71797 108.58 
v -325.604 1.71853 108.548 
v -325.862 1.72092 108.733 
v -325.724 1.71797 108.58 
v -325.724 1.72278 109.231 
v -325.862 1.72092 109.084 
v -325.604 1.72025 109.262 
v -325.218 1.72092 109.084 
v -325.35 1.71493 109.23 
v -325.31 0.279776 108.292 
v -325.469 0.315436 108.254 
v -325.472 0.448174 108.504 
v -325.32 0.412513 108.539 
v -325.31 0.279776 108.292 
v -325.3 0.00938439 108.292 
v -325.466 0.00938439 108.254 
v -325.469 0.315436 108.254 
v -325.466 0.00938439 108.687 
v -325.466 0.00938439 108.254 
v -325.466 0.00938439 109.45 
v -325.3 0.00938439 109.383 
v -325.32 0.333161 109.353 
v -325.472 0.333161 109.419 
v -325.466 0.00938439 109.45 
v -325.352 0.940656 109.232 
v -325.482 0.940656 109.268 
v -325.346 1.1362 109.209 
v -325.48 1.1362 109.209 
v -325.361 1.29569 109.232 
v -325.485 1.29569 109.247 
v -325.35 1.71493 109.23 
v -325.482 1.71768 109.262 
v -325.479 2.21148 109.14 
v -325.479 2.00885 109.334 
v -325.479 2.21148 109.14 
v -325.343 2.21148 109.14 
v -325.343 2.21148 108.734 
v -325.479 2.21148 108.695 
v -325.479 2.21148 108.695 
v -325.479 2.01124 108.535 
v -325.361 1.29569 108.59 
v -325.485 1.29569 108.566 
v -325.482 1.7191 108.548 
v -325.35 1.7197 108.58 
v -325.323 1.1362 108.548 
v -325.473 1.1362 108.509 
v -325.473 1.1362 108.509 
v -325.323 1.1362 108.548 
v -325.352 0.940656 108.59 
v -325.482 0.940656 108.566 
v -325.32 0.412513 108.539 
v -325.472 0.448174 108.504 
v -325.874 2.01432 108.724 
v -325.731 2.00934 108.574 
v -325.731 2.00934 108.574 
v -325.607 2.01028 108.535 
v -325.479 2.01124 108.535 
v -325.343 2.01226 108.574 
v -325.343 2.01226 108.574 
v -325.206 2.01432 108.724 
v -325.206 2.01432 108.724 
v -325.206 2.01432 109.163 
v -325.206 2.01432 109.163 
v -325.343 2.00419 109.291 
v -325.343 2.00419 109.291 
v -325.479 2.00885 109.334 
v -325.607 2.0132 109.335 
v -325.731 2.01746 109.293 
v -325.874 2.01432 109.163 
v -325.874 2.01432 108.724 
v -325.874 2.01432 109.163 

vn -0.740157 0.0393701 -0.669291 
vn -0.755906 0.023622 -0.661417 
vn -0.740157 0.0472441 -0.669291 
vn -0.724409 0.0629921 -0.685039 
vn -0.811024 0.582677 0 
vn -0.811024 0.582677 0 
vn -0.811024 0.582677 0 
vn -0.811024 0.582677 0 
vn -0.582677 0.125984 0.80315 
vn -0.598425 0.15748 0.787402 
vn -0.748031 0.141732 0.645669 
vn -0.716535 0.15748 0.677165 
vn 0 -1 0 
vn 0 -1 0 
vn 0 -1 0 
vn 0 -1 0 
vn -0.992126 0.0866142 0 
vn -0.992126 0.0944882 -0.0393701 
vn -0.992126 0.0944882 -0.0629921 
vn -0.992126 0.102362 0 
vn 0.992126 0.0866142 0 
vn 0.992126 0.102362 0 
vn 0.992126 0.0944882 -0.0629921 
vn 0.976378 0.188976 -0.0708661 
vn -0.755906 0.00787402 -0.653543 
vn -0.779528 -0.0314961 -0.622047 
vn -0.755906 0.110236 -0.653543 
vn -0.755906 0.110236 -0.653543 
vn 1 0.015748 0 
vn 1 0.015748 0 
vn -0.535433 0.173228 0.826772 
vn -0.76378 0.0787402 0.637795 
vn -1 0.015748 0 
vn -1 0.015748 0 
vn -0.393701 0.566929 -0.724409 
vn -0.393701 0.574803 -0.716535 
vn -0.622047 0.480315 -0.614173 
vn 1 -0.0393701 0 
vn 1 -0.0393701 0 
vn 1 0.0551181 0 
vn 1 0.0551181 0 
vn -0.204724 0.606299 0.771654 
vn -0.582677 0.496063 0.637795 
vn -0.330709 0.622047 0.708661 
vn -1 -0.0393701 0 
vn -1 0.0551181 0 
vn -1 0.0551181 0 
vn -1 -0.0393701 0 
vn -0.787402 0.11811 -0.606299 
vn -0.84252 0.0472441 -0.535433 
vn -0.80315 0.0393701 -0.590551 
vn -0.76378 0.0708661 -0.637795 
vn 1 0.0472441 0 
vn 1 0.0472441 0 
vn -0.448819 0.00787402 0.889764 
vn -0.472441 -0.0866142 0.874016 
vn -0.779528 -0.00787402 0.629921 
vn -0.724409 0.0314961 0.685039 
vn -1 0.0472441 0 
vn -1 0.0472441 0 
vn 0 -1 0 
vn 0 -1 0 
vn -0.984252 0.0944882 -0.133858 
vn -0.984252 0.0787402 -0.141732 
vn -0.771654 0.582677 -0.244094 
vn -0.795276 0.574803 -0.19685 
vn -0.779528 0.582677 -0.23622 
vn -0.755906 0.590551 -0.283465 
vn 0.905512 0.370079 -0.19685 
vn 0.984252 0.0787402 -0.141732 
vn 0.795276 0.110236 -0.590551 
vn 0.779528 0.0629921 -0.622047 
vn 0.818898 0.0393701 -0.574803 
vn 0.858268 0.0472441 -0.511811 
vn 0.771654 0.00787402 -0.637795 
vn 0.76378 0.110236 -0.629921 
vn 0.76378 0.110236 -0.629921 
vn 0.795276 -0.0314961 -0.606299 
vn 0.771654 0.574803 -0.275591 
vn 0.795276 0.559055 -0.228346 
vn 0.76378 0.0393701 -0.645669 
vn 0.748031 0.0629921 -0.661417 
vn 0.755906 0.0472441 -0.645669 
vn 0.771654 0.0314961 -0.637795 
vn 0 -1 0 
vn 0 -1 0 
vn 0 -1 0 
vn 0 -1 0 
vn 0 -1 0 
vn 0 -1 0 
vn 0.582677 0.11811 0.80315 
vn 0.732283 0.15748 0.661417 
vn 0.76378 0.141732 0.629921 
vn 0.598425 0.15748 0.787402 
vn 0.779528 0.0787402 0.622047 
vn 0.527559 0.173228 0.826772 
vn 0.456693 0.00787402 0.889764 
vn 0.740157 0.0314961 0.669291 
vn 0.779528 0.015748 0.622047 
vn 0.480315 -0.0708661 0.874016 
vn 0.582677 0.480315 0.661417 
vn 0.19685 0.574803 0.787402 
vn 0.338583 0.598425 0.724409 
vn 0.818898 0.566929 0 
vn 0.818898 0.566929 0 
vn 0.818898 0.566929 0 
vn 0.818898 0.566929 0 
vn 0.645669 0.480315 -0.598425 
vn 0.385827 0.574803 -0.716535 
vn 0.385827 0.574803 -0.716535 
vn -0.220472 0.149606 -0.96063 
vn -0.102362 0.149606 -0.984252 
vn -0.11811 0.330709 -0.937008 
vn -0.251969 0.299213 -0.92126 
vn -0.212598 -0.0787402 -0.976378 
vn -0.0944882 -0.0787402 -0.992126 
vn -0.141732 0.11811 -0.984252 
vn -0.275591 0.110236 -0.952756 
vn -0.165354 0.874016 -0.456693 
vn -0.15748 0.874016 -0.464567 
vn -0.322835 0.834646 -0.440945 
vn -0.322835 0.834646 -0.440945 
vn -0.251969 0.00787402 -0.968504 
vn -0.11811 0 -0.992126 
vn -0.125984 0 -0.992126 
vn -0.244094 0.00787402 -0.968504 
vn 0 -1 0 
vn 0 -1 0 
vn 0 -1 0 
vn -0.204724 0.102362 0.976378 
vn -0.212598 0.165354 0.96063 
vn -0.141732 0.251969 0.952756 
vn -0.0393701 0.015748 1 
vn -0.0629921 -0.133858 0.992126 
vn -0.0866142 0.692913 0.716535 
vn -0.0314961 0.669291 0.740157 
vn 0 1 0 
vn 0 1 0 
vn 0 1 0 
vn 0 1 0 
vn -0.125984 0.622047 -0.771654 
vn -0.11811 0.622047 -0.779528 
vn -0.11811 -0.267717 -0.952756 
vn -0.259843 -0.23622 -0.937008 
vn 0.755906 -0.0393701 -0.653543 
vn 0.755906 -0.0314961 -0.653543 
vn -0.267717 -0.0314961 -0.96063 
vn -0.133858 -0.0393701 -0.992126 
vn -0.740157 -0.0472441 -0.669291 
vn -0.748031 -0.0393701 -0.661417 
vn -0.511811 -0.110236 0.850394 
vn -0.732283 -0.11811 0.669291 
vn -0.125984 -0.125984 0.984252 
vn 0.740157 -0.133858 0.661417 
vn 0.519685 -0.11811 0.850394 
vn 0.299213 0.84252 -0.440945 
vn 0.149606 0.874016 -0.464567 
vn 0.15748 0.874016 -0.456693 
vn 0.299213 0.84252 -0.440945 
vn 0.228346 0.00787402 -0.976378 
vn 0.228346 0.00787402 -0.976378 
vn 0.11811 0 -0.992126 
vn 0.110236 0 -0.992126 
vn 0 -1 0 
vn 0 -1 0 
vn 0 -1 0 
vn 0.582677 0.11811 0.80315 
vn 0.598425 0.15748 0.787402 
vn 0.19685 0.173228 0.968504 
vn 0.188976 0.0944882 0.976378 
vn 0.527559 0.173228 0.826772 
vn 0.133858 0.251969 0.96063 
vn 0.456693 0.00787402 0.889764 
vn 0.0393701 0.015748 1 
vn 0.480315 -0.0708661 0.874016 
vn 0.0629921 -0.133858 0.992126 
vn 0.519685 -0.11811 0.850394 
vn 0.11811 -0.125984 0.984252 
vn 0.0393701 0.661417 0.748031 
vn 0.125984 0.685039 0.716535 
vn 0 1 0 
vn 0 1 0 
vn 0 1 0 
vn 0 1 0 
vn 0.11811 0.622047 -0.771654 
vn 0.102362 0.622047 -0.779528 
vn 0.204724 0.149606 -0.968504 
vn 0.0944882 0.149606 -0.984252 
vn 0.11811 -0.0393701 -0.992126 
vn 0.244094 -0.0314961 -0.968504 
vn 0.23622 0.299213 -0.92126 
vn 0.110236 0.322835 -0.937008 
vn 0.110236 -0.267717 -0.96063 
vn 0.23622 -0.23622 -0.944882 
vn 0.19685 -0.0787402 -0.976378 
vn 0.0866142 -0.0787402 -0.992126 
vn 0.251969 0.110236 -0.96063 
vn 0.125984 0.11811 -0.984252 
vn -0.724409 -0.0551181 -0.685039 
vn -0.732283 -0.0472441 -0.677165 
vn -0.299213 -0.0314961 -0.952756 
vn -0.149606 -0.0393701 -0.992126 
vn 0.133858 -0.0393701 -0.992126 
vn 0.275591 -0.0314961 -0.96063 
vn 0.748031 -0.0472441 -0.669291 
vn 0.740157 -0.0551181 -0.677165 
vn 1 -0.0393701 0 
vn 1 -0.0393701 0 
vn 0.700787 -0.181102 0.692913 
vn 0.480315 -0.204724 0.858268 
vn 0.480315 -0.204724 0.858268 
vn 0.133858 -0.244094 0.96063 
vn -0.165354 -0.23622 0.96063 
vn -0.480315 -0.204724 0.850394 
vn -0.677165 -0.188976 0.708661 
vn -1 -0.0393701 0 
vn -1 -0.0393701 0 

vt 0.615535 0.749928 
vt 0.615535 0.783806 
vt 0.609762 0.780006 
vt 0.609762 0.749928 
vt 0.435326 0.336603 
vt 0.435326 0.2644 
vt 0.444762 0.2644 
vt 0.444762 0.336603 
vt 0.609762 0.625307 
vt 0.626081 0.625307 
vt 0.626081 0.672428 
vt 0.609762 0.669712 
vt 0.540922 0.313381 
vt 0.540781 0.234413 
vt 0.550478 0.234413 
vt 0.550478 0.313323 
vt 0.626081 0.672428 
vt 0.626081 0.749712 
vt 0.609762 0.736946 
vt 0.609762 0.669712 
vt 0.626081 0.958227 
vt 0.609762 0.960609 
vt 0.609762 0.893282 
vt 0.626081 0.875088 
vt 0.651339 0.749712 
vt 0.651339 0.784353 
vt 0.626081 0.77351 
vt 0.626081 0.749712 
vt 0.651339 0.947291 
vt 0.651339 0.875088 
vt 0.651339 0.625307 
vt 0.651339 0.684236 
vt 0.651339 0.684236 
vt 0.651339 0.749712 
vt 0.435326 0.2644 
vt 0.435326 0.23507 
vt 0.444762 0.2644 
vt 0.689565 0.875088 
vt 0.689565 0.951849 
vt 0.668344 0.948736 
vt 0.668344 0.875088 
vt 0.435326 0.336603 
vt 0.444762 0.336603 
vt 0.435326 0.359042 
vt 0.689565 0.749712 
vt 0.668344 0.749712 
vt 0.668344 0.683376 
vt 0.689565 0.680328 
vt 0.668344 0.784499 
vt 0.660545 0.781841 
vt 0.660545 0.749712 
vt 0.668344 0.749712 
vt 0.660545 0.947181 
vt 0.660545 0.875088 
vt 0.660545 0.625307 
vt 0.668344 0.625307 
vt 0.668344 0.683376 
vt 0.660545 0.684665 
vt 0.660545 0.749712 
vt 0.660545 0.684665 
vt 0.550478 0.358593 
vt 0.541003 0.358593 
vt 0.615535 0.749928 
vt 0.609762 0.749928 
vt 0.615535 0.749928 
vt 0.626081 0.749712 
vt 0.626081 0.77351 
vt 0.615535 0.783806 
vt 0.615535 0.875088 
vt 0.609762 0.875088 
vt 0.668344 0.844101 
vt 0.668344 0.875088 
vt 0.660545 0.875088 
vt 0.660545 0.846263 
vt 0.651339 0.875088 
vt 0.626081 0.875088 
vt 0.626081 0.856802 
vt 0.651339 0.843838 
vt 0.615535 0.847577 
vt 0.626081 0.856802 
vt 0.615535 0.875088 
vt 0.609762 0.875088 
vt 0.609762 0.85436 
vt 0.615535 0.847577 
vt 0.503841 0.358593 
vt 0.503841 0.313607 
vt 0.513079 0.313551 
vt 0.513159 0.358593 
vt 0.503841 0.234413 
vt 0.512938 0.234413 
vt 0.609762 0.999133 
vt 0.609762 0.960609 
vt 0.626081 0.958227 
vt 0.626081 0.999133 
vt 0.651339 0.947291 
vt 0.651339 0.999133 
vt 0.660545 0.999133 
vt 0.660545 0.947181 
vt 0.668344 0.948736 
vt 0.668344 0.999133 
vt 0.39847 0.336603 
vt 0.407346 0.336603 
vt 0.407346 0.359042 
vt 0.407346 0.336603 
vt 0.39847 0.336603 
vt 0.39847 0.2644 
vt 0.407346 0.2644 
vt 0.39847 0.2644 
vt 0.407346 0.23507 
vt 0.407346 0.2644 
vt 0.668344 0.784499 
vt 0.668344 0.804278 
vt 0.660545 0.80235 
vt 0.660545 0.781841 
vt 0.651339 0.784353 
vt 0.651339 0.802249 
vt 0.626081 0.801752 
vt 0.626081 0.77351 
vt 0.626081 0.801752 
vt 0.615535 0.803439 
vt 0.615535 0.783806 
vt 0.626081 0.77351 
vt 0.615535 0.783806 
vt 0.615535 0.803439 
vt 0.609762 0.803856 
vt 0.609762 0.780006 
vt 0.532078 0.358593 
vt 0.53199 0.313435 
vt 0.531835 0.234413 
vt 0.609762 0.578993 
vt 0.626081 0.579289 
vt 0.651339 0.580945 
vt 0.660545 0.583322 
vt 0.668344 0.582943 
vt 0.427298 0.359042 
vt 0.427298 0.336603 
vt 0.427298 0.336603 
vt 0.427298 0.2644 
vt 0.435326 0.2644 
vt 0.435326 0.336603 
vt 0.427298 0.2644 
vt 0.427298 0.23507 
vt 0.660545 0.80235 
vt 0.660545 0.781841 
vt 0.689565 0.875088 
vt 0.689565 0.84263 
vt 0.689565 0.783702 
vt 0.689565 0.802764 
vt 0.689565 0.749712 
vt 0.689565 0.783702 
vt 0.689565 0.625307 
vt 0.689565 0.680328 
vt 0.689565 0.588093 
vt 0.689565 0.951849 
vt 0.689565 0.999133 
vt 0.615535 0.847577 
vt 0.615535 0.824785 
vt 0.626081 0.829421 
vt 0.626081 0.856802 
vt 0.615535 0.847577 
vt 0.609762 0.85436 
vt 0.609762 0.827228 
vt 0.615535 0.824785 
vt 0.522848 0.313491 
vt 0.522936 0.358593 
vt 0.522693 0.234413 
vt 0.609762 0.500238 
vt 0.626081 0.500238 
vt 0.626081 0.53435 
vt 0.609762 0.529183 
vt 0.651339 0.500238 
vt 0.651339 0.542426 
vt 0.660545 0.500238 
vt 0.660545 0.543356 
vt 0.668344 0.500238 
vt 0.668344 0.546309 
vt 0.689565 0.500238 
vt 0.689565 0.548924 
vt 0.416963 0.336603 
vt 0.416963 0.359042 
vt 0.416963 0.336603 
vt 0.407346 0.336603 
vt 0.407346 0.2644 
vt 0.416963 0.2644 
vt 0.416963 0.2644 
vt 0.416963 0.23507 
vt 0.668344 0.844101 
vt 0.668344 0.823941 
vt 0.689565 0.821841 
vt 0.689565 0.84263 
vt 0.660545 0.846263 
vt 0.660545 0.823907 
vt 0.660545 0.823907 
vt 0.660545 0.846263 
vt 0.651339 0.843838 
vt 0.651339 0.820803 
vt 0.626081 0.856802 
vt 0.626081 0.829421 
vt 0.702877 0.749712 
vt 0.702877 0.781684 
vt 0.702877 0.781684 
vt 0.702877 0.802424 
vt 0.702877 0.822343 
vt 0.702877 0.844708 
vt 0.702877 0.844708 
vt 0.702877 0.875088 
vt 0.702877 0.875088 
vt 0.702877 0.961303 
vt 0.702877 0.961303 
vt 0.702877 0.999133 
vt 0.702877 0.500238 
vt 0.702877 0.550909 
vt 0.702877 0.590975 
vt 0.702877 0.625307 
vt 0.702877 0.671342 
vt 0.702877 0.749712 
vt 0.702877 0.671342 

usemtl Androeofficial1Mtl

f 4184/4184/4184 4185/4185/4185 4186/4186/4186 
f 4186/4186/4186 4187/4187/4187 4184/4184/4184 
f 4188/4188/4188 4189/4189/4189 4190/4190/4190 
f 4190/4190/4190 4191/4191/4191 4188/4188/4188 
f 4192/4192/4192 4193/4193/4193 4194/4194/4194 
f 4194/4194/4194 4195/4195/4195 4192/4192/4192 
f 4196/4196/4196 4197/4197/4197 4198/4198/4198 
f 4198/4198/4198 4199/4199/4199 4196/4196/4196 
f 4200/4200/4200 4201/4201/4201 4202/4202/4202 
f 4202/4202/4202 4203/4203/4203 4200/4200/4200 
f 4204/4204/4204 4205/4205/4205 4206/4206/4206 
f 4206/4206/4206 4207/4207/4207 4204/4204/4204 
f 4208/4208/4208 4209/4209/4209 4210/4210/4210 
f 4210/4210/4210 4211/4211/4211 4208/4208/4208 
f 4212/4212/4212 4204/4204/4204 4207/4207/4207 
f 4207/4207/4207 4213/4213/4213 4212/4212/4212 
f 4193/4193/4193 4214/4214/4214 4215/4215/4215 
f 4215/4215/4215 4194/4194/4194 4193/4193/4193 
f 4216/4216/4216 4217/4217/4217 4201/4201/4201 
f 4201/4201/4201 4200/4200/4200 4216/4216/4216 
f 4218/4218/4218 4219/4219/4219 4220/4220/4220 
f 4221/4221/4221 4222/4222/4222 4223/4223/4223 
f 4223/4223/4223 4224/4224/4224 4221/4221/4221 
f 4225/4225/4225 4226/4226/4226 4227/4227/4227 
f 4228/4228/4228 4229/4229/4229 4230/4230/4230 
f 4230/4230/4230 4231/4231/4231 4228/4228/4228 
f 4232/4232/4232 4233/4233/4233 4234/4234/4234 
f 4234/4234/4234 4235/4235/4235 4232/4232/4232 
f 4224/4224/4224 4223/4223/4223 4236/4236/4236 
f 4236/4236/4236 4237/4237/4237 4224/4224/4224 
f 4238/4238/4238 4239/4239/4239 4240/4240/4240 
f 4240/4240/4240 4241/4241/4241 4238/4238/4238 
f 4229/4229/4229 4242/4242/4242 4243/4243/4243 
f 4243/4243/4243 4230/4230/4230 4229/4229/4229 
f 4244/4244/4244 4245/4245/4245 4196/4196/4196 
f 4196/4196/4196 4199/4199/4199 4244/4244/4244 
f 4246/4246/4246 4247/4247/4247 4202/4202/4202 
f 4202/4202/4202 4201/4201/4201 4246/4246/4246 
f 4248/4248/4248 4249/4249/4249 4250/4250/4250 
f 4250/4250/4250 4251/4251/4251 4248/4248/4248 
f 4252/4252/4252 4207/4207/4207 4206/4206/4206 
f 4206/4206/4206 4253/4253/4253 4252/4252/4252 
f 4254/4254/4254 4255/4255/4255 4256/4256/4256 
f 4256/4256/4256 4257/4257/4257 4254/4254/4254 
f 4258/4258/4258 4259/4259/4259 4260/4260/4260 
f 4260/4260/4260 4261/4261/4261 4258/4258/4258 
f 4252/4252/4252 4262/4262/4262 4263/4263/4263 
f 4263/4263/4263 4207/4207/4207 4252/4252/4252 
f 4264/4264/4264 4265/4265/4265 4266/4266/4266 
f 4266/4266/4266 4267/4267/4267 4264/4264/4264 
f 4268/4268/4268 4269/4269/4269 4270/4270/4270 
f 4270/4270/4270 4271/4271/4271 4268/4268/4268 
f 4270/4270/4270 4269/4269/4269 4272/4272/4272 
f 4272/4272/4272 4273/4273/4273 4270/4270/4270 
f 4274/4274/4274 4275/4275/4275 4276/4276/4276 
f 4276/4276/4276 4277/4277/4277 4274/4274/4274 
f 4277/4277/4277 4276/4276/4276 4278/4278/4278 
f 4278/4278/4278 4279/4279/4279 4277/4277/4277 
f 4280/4280/4280 4281/4281/4281 4282/4282/4282 
f 4282/4282/4282 4283/4283/4283 4280/4280/4280 
f 4284/4284/4284 4285/4285/4285 4286/4286/4286 
f 4287/4287/4287 4288/4288/4288 4289/4289/4289 
f 4289/4289/4289 4290/4290/4290 4287/4287/4287 
f 4291/4291/4291 4292/4292/4292 4293/4293/4293 
f 4294/4294/4294 4295/4295/4295 4296/4296/4296 
f 4296/4296/4296 4297/4297/4297 4294/4294/4294 
f 4298/4298/4298 4299/4299/4299 4300/4300/4300 
f 4300/4300/4300 4301/4301/4301 4298/4298/4298 
f 4302/4302/4302 4303/4303/4303 4304/4304/4304 
f 4304/4304/4304 4305/4305/4305 4302/4302/4302 
f 4306/4306/4306 4307/4307/4307 4308/4308/4308 
f 4308/4308/4308 4309/4309/4309 4306/4306/4306 
f 4245/4245/4245 4310/4310/4310 4311/4311/4311 
f 4311/4311/4311 4196/4196/4196 4245/4245/4245 
f 4311/4311/4311 4312/4312/4312 4197/4197/4197 
f 4197/4197/4197 4196/4196/4196 4311/4311/4311 
f 4313/4313/4313 4314/4314/4314 4193/4193/4193 
f 4193/4193/4193 4192/4192/4192 4313/4313/4313 
f 4193/4193/4193 4314/4314/4314 4315/4315/4315 
f 4315/4315/4315 4214/4214/4214 4193/4193/4193 
f 4316/4316/4316 4317/4317/4317 4239/4239/4239 
f 4239/4239/4239 4238/4238/4238 4316/4316/4316 
f 4227/4227/4227 4318/4318/4318 4319/4319/4319 
f 4319/4319/4319 4225/4225/4225 4227/4227/4227 
f 4320/4320/4320 4321/4321/4321 4322/4322/4322 
f 4322/4322/4322 4323/4323/4323 4320/4320/4320 
f 4219/4219/4219 4218/4218/4218 4324/4324/4324 
f 4324/4324/4324 4325/4325/4325 4219/4219/4219 
f 4234/4234/4234 4233/4233/4233 4209/4209/4209 
f 4209/4209/4209 4208/4208/4208 4234/4234/4234 
f 4243/4243/4243 4242/4242/4242 4217/4217/4217 
f 4217/4217/4217 4216/4216/4216 4243/4243/4243 
f 4215/4215/4215 4214/4214/4214 4238/4238/4238 
f 4238/4238/4238 4241/4241/4241 4215/4215/4215 
f 4214/4214/4214 4315/4315/4315 4316/4316/4316 
f 4316/4316/4316 4238/4238/4238 4214/4214/4214 
f 4278/4278/4278 4281/4281/4281 4280/4280/4280 
f 4280/4280/4280 4279/4279/4279 4278/4278/4278 
f 4236/4236/4236 4212/4212/4212 4213/4213/4213 
f 4213/4213/4213 4237/4237/4237 4236/4236/4236 
f 4256/4256/4256 4258/4258/4258 4261/4261/4261 
f 4261/4261/4261 4257/4257/4257 4256/4256/4256 
f 4326/4326/4326 4299/4299/4299 4298/4298/4298 
f 4298/4298/4298 4327/4327/4327 4326/4326/4326 
f 4328/4328/4328 4255/4255/4255 4254/4254/4254 
f 4254/4254/4254 4329/4329/4329 4328/4328/4328 
f 4294/4294/4294 4330/4330/4330 4331/4331/4331 
f 4331/4331/4331 4295/4295/4295 4294/4294/4294 
f 4235/4235/4235 4332/4332/4332 4333/4333/4333 
f 4333/4333/4333 4232/4232/4232 4235/4235/4235 
f 4239/4239/4239 4334/4334/4334 4335/4335/4335 
f 4335/4335/4335 4240/4240/4240 4239/4239/4239 
f 4239/4239/4239 4317/4317/4317 4336/4336/4336 
f 4336/4336/4336 4334/4334/4334 4239/4239/4239 
f 4282/4282/4282 4337/4337/4337 4338/4338/4338 
f 4338/4338/4338 4283/4283/4283 4282/4282/4282 
f 4339/4339/4339 4340/4340/4340 4341/4341/4341 
f 4341/4341/4341 4342/4342/4342 4339/4339/4339 
f 4343/4343/4343 4344/4344/4344 4345/4345/4345 
f 4345/4345/4345 4346/4346/4346 4343/4343/4343 
f 4271/4271/4271 4270/4270/4270 4347/4347/4347 
f 4347/4347/4347 4348/4348/4348 4271/4271/4271 
f 4347/4347/4347 4270/4270/4270 4273/4273/4273 
f 4273/4273/4273 4349/4349/4349 4347/4347/4347 
f 4350/4350/4350 4351/4351/4351 4352/4352/4352 
f 4352/4352/4352 4353/4353/4353 4350/4350/4350 
f 4351/4351/4351 4354/4354/4354 4355/4355/4355 
f 4355/4355/4355 4352/4352/4352 4351/4351/4351 
f 4354/4354/4354 4356/4356/4356 4357/4357/4357 
f 4357/4357/4357 4355/4355/4355 4354/4354/4354 
f 4357/4357/4357 4356/4356/4356 4358/4358/4358 
f 4358/4358/4358 4359/4359/4359 4357/4357/4357 
f 4358/4358/4358 4360/4360/4360 4361/4361/4361 
f 4361/4361/4361 4359/4359/4359 4358/4358/4358 
f 4286/4286/4286 4285/4285/4285 4362/4362/4362 
f 4362/4362/4362 4363/4363/4363 4286/4286/4286 
f 4364/4364/4364 4365/4365/4365 4366/4366/4366 
f 4366/4366/4366 4367/4367/4367 4364/4364/4364 
f 4368/4368/4368 4293/4293/4293 4292/4292/4292 
f 4292/4292/4292 4369/4369/4369 4368/4368/4368 
f 4370/4370/4370 4371/4371/4371 4372/4372/4372 
f 4372/4372/4372 4373/4373/4373 4370/4370/4370 
f 4370/4370/4370 4374/4374/4374 4375/4375/4375 
f 4375/4375/4375 4371/4371/4371 4370/4370/4370 
f 4376/4376/4376 4377/4377/4377 4378/4378/4378 
f 4378/4378/4378 4379/4379/4379 4376/4376/4376 
f 4378/4378/4378 4380/4380/4380 4381/4381/4381 
f 4381/4381/4381 4379/4379/4379 4378/4378/4378 
f 4340/4340/4340 4303/4303/4303 4302/4302/4302 
f 4302/4302/4302 4341/4341/4341 4340/4340/4340 
f 4346/4346/4346 4345/4345/4345 4308/4308/4308 
f 4308/4308/4308 4307/4307/4307 4346/4346/4346 
f 4348/4348/4348 4347/4347/4347 4311/4311/4311 
f 4311/4311/4311 4310/4310/4310 4348/4348/4348 
f 4347/4347/4347 4349/4349/4349 4312/4312/4312 
f 4312/4312/4312 4311/4311/4311 4347/4347/4347 
f 4353/4353/4353 4352/4352/4352 4314/4314/4314 
f 4314/4314/4314 4313/4313/4313 4353/4353/4353 
f 4352/4352/4352 4355/4355/4355 4315/4315/4315 
f 4315/4315/4315 4314/4314/4314 4352/4352/4352 
f 4355/4355/4355 4357/4357/4357 4316/4316/4316 
f 4316/4316/4316 4315/4315/4315 4355/4355/4355 
f 4357/4357/4357 4359/4359/4359 4317/4317/4317 
f 4317/4317/4317 4316/4316/4316 4357/4357/4357 
f 4317/4317/4317 4359/4359/4359 4361/4361/4361 
f 4361/4361/4361 4336/4336/4336 4317/4317/4317 
f 4318/4318/4318 4363/4363/4363 4362/4362/4362 
f 4362/4362/4362 4319/4319/4319 4318/4318/4318 
f 4364/4364/4364 4367/4367/4367 4321/4321/4321 
f 4321/4321/4321 4320/4320/4320 4364/4364/4364 
f 4324/4324/4324 4368/4368/4368 4369/4369/4369 
f 4369/4369/4369 4325/4325/4325 4324/4324/4324 
f 4371/4371/4371 4295/4295/4295 4331/4331/4331 
f 4331/4331/4331 4372/4372/4372 4371/4371/4371 
f 4295/4295/4295 4371/4371/4371 4375/4375/4375 
f 4375/4375/4375 4296/4296/4296 4295/4295/4295 
f 4376/4376/4376 4379/4379/4379 4299/4299/4299 
f 4299/4299/4299 4326/4326/4326 4376/4376/4376 
f 4299/4299/4299 4379/4379/4379 4381/4381/4381 
f 4381/4381/4381 4300/4300/4300 4299/4299/4299 
f 4332/4332/4332 4382/4382/4382 4383/4383/4383 
f 4383/4383/4383 4333/4333/4333 4332/4332/4332 
f 4330/4330/4330 4384/4384/4384 4385/4385/4385 
f 4385/4385/4385 4331/4331/4331 4330/4330/4330 
f 4386/4386/4386 4372/4372/4372 4331/4331/4331 
f 4331/4331/4331 4385/4385/4385 4386/4386/4386 
f 4386/4386/4386 4387/4387/4387 4373/4373/4373 
f 4373/4373/4373 4372/4372/4372 4386/4386/4386 
f 4388/4388/4388 4389/4389/4389 4328/4328/4328 
f 4328/4328/4328 4329/4329/4329 4388/4388/4388 
f 4390/4390/4390 4391/4391/4391 4222/4222/4222 
f 4222/4222/4222 4221/4221/4221 4390/4390/4390 
f 4338/4338/4338 4337/4337/4337 4392/4392/4392 
f 4392/4392/4392 4393/4393/4393 4338/4338/4338 
f 4361/4361/4361 4360/4360/4360 4394/4394/4394 
f 4394/4394/4394 4395/4395/4395 4361/4361/4361 
f 4336/4336/4336 4361/4361/4361 4395/4395/4395 
f 4395/4395/4395 4396/4396/4396 4336/4336/4336 
f 4336/4336/4336 4396/4396/4396 4397/4397/4397 
f 4397/4397/4397 4334/4334/4334 4336/4336/4336 
f 4334/4334/4334 4397/4397/4397 4398/4398/4398 
f 4398/4398/4398 4335/4335/4335 4334/4334/4334 
f 4399/4399/4399 4228/4228/4228 4231/4231/4231 
f 4231/4231/4231 4400/4400/4400 4399/4399/4399 

g Androeofficial3

v -323.84 2.7943 108.695 
v -323.757 2.21953 108.52 
v -323.917 2.19725 108.597 
v -323.967 2.77645 108.751 
v -323.925 3.90153 108.784 
v -323.959 3.813 108.588 
v -324.104 3.85042 108.637 
v -324.104 3.94387 108.784 
v -323.976 2.88727 109.3 
v -323.866 2.90033 109.391 
v -323.958 3.31357 109.314 
v -324.104 3.36437 109.265 
v -323.792 2.21468 108.741 
v -324.025 2.18221 108.741 
v -323.917 2.19725 108.597 
v -323.757 2.21953 108.52 
v -323.26 2.28894 108.741 
v -323.392 2.2705 108.597 
v -323.558 2.83387 108.756 
v -323.447 2.84954 108.877 
v -324.025 2.18221 108.741 
v -324.048 2.76503 108.877 
v -324.104 3.36437 108.637 
v -324.104 3.29584 108.784 
v -324.104 3.658 108.775 
v -324.104 3.67097 108.608 
v -323.966 3.60646 109.334 
v -324.104 3.67097 109.282 
v -323.518 3.44337 108.775 
v -323.527 3.19738 108.784 
v -323.655 3.19738 108.662 
v -323.637 3.44571 108.634 
v -323.966 3.60646 108.568 
v -323.958 3.31357 108.588 
v -324.104 3.36437 108.637 
v -324.104 3.67097 108.608 
v -324.104 3.94387 109.12 
v -323.925 3.90153 109.12 
v -324.104 3.29837 109.12 
v -324.104 3.65935 109.129 
v -324.048 2.76503 108.877 
v -324.025 2.18221 108.741 
v -324.025 2.18221 109.163 
v -324.048 2.76503 109.153 
v -323.792 2.21468 109.163 
v -324.025 2.18221 109.163 
v -323.487 2.9474 108.869 
v -323.527 3.19738 109.12 
v -323.487 2.9474 109.162 
v -323.518 3.44337 109.129 
v -324.104 3.85042 109.265 
v -323.959 3.813 109.314 
v -324.104 3.36437 109.265 
v -324.104 3.67097 109.282 
v -323.917 2.19725 109.305 
v -323.967 2.77645 109.304 
v -323.757 2.21953 109.382 
v -323.917 2.19725 109.305 
v -323.655 3.19738 109.265 
v -323.594 2.93426 109.294 
v -323.637 3.44571 109.282 
v -324.145 3.21702 109.12 
v -324.145 3.21702 108.784 
v -323.778 3.72713 108.588 
v -323.69 3.80026 108.784 
v -323.69 3.80026 109.12 
v -323.778 3.72713 109.314 
v -323.785 3.52926 109.334 
v -323.776 3.24394 109.314 
v -323.688 2.81449 109.357 
v -323.822 2.79806 109.36 
v -323.757 2.21953 109.382 
v -323.538 2.25008 109.382 
v -323.538 2.25008 109.382 
v -323.473 2.25918 109.163 
v -323.473 2.25918 108.741 
v -323.538 2.25008 108.52 
v -323.776 3.24394 108.588 
v -323.697 2.92156 108.694 
v -323.857 2.90194 108.69 
v -323.785 3.52926 108.568 
v -323.669 3.64446 108.637 
v -323.56 3.63944 108.784 
v -323.56 3.63944 109.12 
v -323.669 3.64446 109.265 
v -323.637 3.44571 109.282 
v -323.655 3.19738 109.265 
v -323.558 2.83387 109.299 
v -323.392 2.2705 109.305 
v -323.392 2.2705 109.305 
v -323.26 2.28894 109.163 
v -323.26 2.28894 108.741 
v -323.392 2.2705 108.597 
v -323.655 3.19738 108.662 
v -323.594 2.93426 108.753 
v -323.637 3.44571 108.634 
v -323.976 2.88727 108.747 
v -324.051 2.87802 108.868 
v -324.145 3.21702 108.784 
v -324.104 3.36437 108.637 
v -324.051 2.87802 108.868 
v -324.051 2.87802 109.162 
v -324.145 3.21702 109.12 
v -324.145 3.21702 108.784 
v -323.447 2.84954 109.153 
v -323.976 2.88727 109.3 
v -324.104 3.36437 109.265 
v -323.69 2.92288 109.388 
v -323.669 2.81825 108.698 
v -323.967 2.77645 109.304 
v -323.917 2.19725 109.305 
v -323.26 2.28894 109.163 
v -323.538 2.25008 108.52 
v -323.778 3.72713 108.588 
v -323.669 3.64446 108.637 
v -323.959 3.813 108.588 
v -324.104 3.85042 108.637 
v -324.104 3.85042 108.637 
v -324.104 3.94387 108.784 
v -324.104 3.94387 109.12 
v -324.104 3.85042 109.265 
v -323.959 3.813 109.314 
v -324.104 3.85042 109.265 
v -323.778 3.72713 109.314 
v -323.669 3.64446 109.265 
v -323.56 3.63944 109.12 
v -323.56 3.63944 108.784 
v -323.482 2.27357 109.33 
v -323.297 2.25557 109.241 
v -323.527 2.60046 109.154 
v -323.607 2.56841 109.247 
v -323.862 2.49032 109.192 
v -323.91 2.4078 109.204 
v -323.831 2.36489 109.283 
v -323.782 2.51465 109.252 
v -323.91 2.4078 109.204 
v -323.862 2.49032 109.192 
v -323.938 2.46683 108.98 
v -323.938 2.48309 108.856 
v -323.992 2.39242 108.832 
v -324 2.3787 108.955 
v -323.759 2.51944 108.737 
v -323.806 2.3352 108.622 
v -323.992 2.39242 108.832 
v -323.938 2.48309 108.856 
v -323.584 2.57543 108.69 
v -323.434 2.23798 108.583 
v -323.717 2.26596 108.593 
v -323.677 2.54706 108.679 
v -323.275 2.24307 108.958 
v -323.287 2.25653 108.674 
v -323.53 2.60011 108.805 
v -323.477 2.6054 108.98 
v -323.297 2.25557 109.241 
v -323.527 2.60046 109.154 
v -323.874 2.23611 109.057 
v -323.777 2.16871 109.177 
v -323.853 2.27475 109.276 
v -323.934 2.33247 109.182 
v -323.932 2.19309 108.829 
v -323.796 2.15322 108.786 
v -323.792 2.14972 108.891 
v -323.904 2.23446 108.929 
v -323.523 1.66855 108.889 
v -323.515 1.68273 108.663 
v -323.462 1.67784 108.673 
v -323.483 1.66896 108.887 
v -323.501 1.67401 109.18 
v -323.546 1.68229 109.168 
v -323.428 2.04687 109.305 
v -323.251 1.96847 109.23 
v -323.55 2.03325 109.214 
v -323.69 2.11298 109.208 
v -323.675 2.10677 108.895 
v -323.523 2.04375 108.904 
v -323.393 2.0651 108.589 
v -323.698 2.13015 108.596 
v -323.236 2.01568 108.662 
v -323.237 1.97996 108.948 
v -323.251 1.96847 109.23 
v -323.676 2.09422 108.68 
v -323.528 2.0419 108.648 
v -323.721 2.2135 109.331 
v -323.69 2.11298 109.208 
v -323.55 2.03325 109.214 
v -323.428 2.04687 109.305 
v -323.501 1.67401 109.18 
v -323.322 1.76854 109.204 
v -323.458 1.79276 109.238 
v -323.546 1.68229 109.168 
v -324 2.3787 108.955 
v -323.992 2.39242 108.832 
v -323.896 2.11293 108.754 
v -323.943 2.15709 108.789 
v -323.986 2.18564 108.692 
v -323.932 2.1358 108.634 
v -323.303 1.78353 108.917 
v -323.322 1.76854 109.204 
v -323.501 1.67401 109.18 
v -323.483 1.66896 108.887 
v -323.462 1.67784 108.673 
v -323.303 1.80484 108.675 
v -323.55 2.03325 109.214 
v -323.552 1.82484 109.177 
v -323.458 1.79276 109.238 
v -323.428 2.04687 109.305 
v -323.986 2.18564 108.692 
v -323.943 2.15709 108.789 
v -323.896 2.11293 108.754 
v -323.796 2.15322 108.786 
v -323.932 2.19309 108.829 
v -323.943 2.15709 108.789 
v -323.838 2.10839 108.605 
v -323.986 2.18564 108.692 
v -323.932 2.1358 108.634 
v -323.782 2.51465 109.252 
v -323.831 2.36489 109.283 
v -323.708 2.32663 109.33 
v -323.677 2.54706 109.28 
v -323.777 2.16871 109.177 
v -323.853 2.27475 109.276 
v -323.805 2.09389 108.716 
v -323.676 2.09422 108.68 
v -323.805 2.09389 108.716 
v -323.838 2.10839 108.605 
v -323.236 2.01568 108.662 
v -323.303 1.80484 108.675 
v -323.438 1.8113 108.62 
v -323.393 2.0651 108.589 
v -323.303 1.80484 108.675 
v -323.303 1.78353 108.917 
v -323.322 1.76854 109.204 
v -323.552 1.82484 109.177 
v -323.55 2.03325 109.214 
v -323.523 2.04375 108.904 
v -323.518 1.82767 108.898 
v -323.528 2.0419 108.648 
v -323.533 1.83937 108.67 
v -323.58 1.723 109.151 
v -323.552 1.70606 108.89 
v -323.563 1.71941 108.699 
v -323.462 1.67784 108.673 
v -323.515 1.68273 108.663 
v -323.528 2.0419 108.648 
v -323.393 2.0651 108.589 
v -323.438 1.8113 108.62 
v -323.533 1.83937 108.67 
v -323.515 1.68273 108.663 
v -323.563 1.71941 108.699 
v -323.563 1.71941 108.699 
v -323.515 1.68273 108.663 
v -323.523 1.66855 108.889 
v -323.552 1.70606 108.89 
v -323.546 1.68229 109.168 
v -323.58 1.723 109.151 
v -323.546 1.68229 109.168 
v -323.58 1.723 109.151 
v -323.287 2.25653 108.674 
v -323.434 2.23798 108.583 
v -323.584 2.57543 108.69 
v -323.53 2.60011 108.805 
v -323.721 2.2135 109.331 
v -323.853 2.27475 109.276 
v -323.934 2.33247 109.182 
v -323.853 2.27475 109.276 
v -323.934 2.33247 109.182 
v -323.698 2.13015 108.596 
v -323.676 2.09422 108.68 
v -323.698 2.13015 108.596 
v -323.393 2.0651 108.589 
v -323.528 2.0419 108.648 
v -323.676 2.09422 108.68 

vn -0.220472 0.0944882 -0.968504 
vn -0.23622 0.251969 -0.937008 
vn -0.629921 0.149606 -0.76378 
vn -0.661417 0.0393701 -0.748031 
vn 0.299213 0.92126 -0.23622 
vn 0.0629921 0.566929 -0.818898 
vn -0.0314961 0.669291 -0.748031 
vn 0.220472 0.937008 -0.259843 
vn -0.519685 -0.0944882 0.850394 
vn -0.307087 -0.133858 0.944882 
vn -0.19685 -0.00787402 0.984252 
vn -0.338583 -0.0472441 0.937008 
vn 0.141732 -0.992126 0 
vn 0.141732 -0.992126 0 
vn 0.141732 -0.992126 0 
vn 0.141732 -0.992126 0 
vn 0.84252 0.370079 -0.377953 
vn 0.527559 0.370079 -0.76378 
vn 0.566929 0.283465 -0.771654 
vn 0.874016 0.354331 -0.322835 
vn -0.811024 0.0866142 -0.582677 
vn -0.84252 0.015748 -0.543307 
vn -1 0.0708661 0.0314961 
vn -0.96063 0.267717 0.0629921 
vn -1 0 0 
vn -1 0 0 
vn -0.165354 0.015748 0.984252 
vn -0.330709 0.0393701 0.944882 
vn 0.937008 0.0708661 -0.354331 
vn 0.905512 -0.023622 -0.425197 
vn 0.582677 -0.125984 -0.80315 
vn 0.622047 0 -0.787402 
vn -0.141732 0.00787402 -0.992126 
vn -0.228346 -0.181102 -0.96063 
vn -0.448819 -0.204724 -0.866142 
vn -0.275591 0.0472441 -0.96063 
vn 0.220472 0.937008 0.267717 
vn 0.299213 0.92126 0.23622 
vn -0.96063 0.259843 -0.0629921 
vn -1 0 0 
vn -1 -0.0314961 0 
vn -1 -0.0393701 0 
vn -0.944882 -0.0314961 0.314961 
vn -0.968504 -0.0472441 0.244094 
vn 0.141732 -0.992126 0 
vn 0.141732 -0.992126 0 
vn 0.913386 0.188976 -0.346457 
vn 0.937008 0.0787402 0.338583 
vn 0.889764 0.275591 0.362205 
vn 0.944882 0.0708661 0.330709 
vn -0.0393701 0.645669 0.76378 
vn 0.0472441 0.559055 0.826772 
vn -1 0.0787402 -0.0314961 
vn -1 0 0 
vn -0.811024 -0.0314961 0.582677 
vn -0.874016 -0.0629921 0.480315 
vn 0.141732 -0.992126 0 
vn 0.141732 -0.992126 0 
vn 0.614173 0.11811 0.779528 
vn 0.669291 0.19685 0.716535 
vn 0.598425 0.023622 0.80315 
vn -0.889764 0.448819 -0.0629921 
vn -0.889764 0.456693 0.0708661 
vn 0.370079 0.448819 -0.811024 
vn 0.590551 0.771654 -0.244094 
vn 0.590551 0.771654 0.244094 
vn 0.370079 0.448819 0.811024 
vn 0.188976 0.023622 0.984252 
vn 0.19685 0.0866142 0.976378 
vn 0.259843 -0.0393701 0.968504 
vn -0.181102 -0.133858 0.976378 
vn -0.220472 0.00787402 0.976378 
vn 0.23622 0.0944882 0.968504 
vn 0.141732 -0.992126 0 
vn 0.141732 -0.992126 0 
vn 0.141732 -0.992126 0 
vn 0.141732 -0.992126 0 
vn 0.188976 -0.173228 -0.968504 
vn 0.275591 -0.110236 -0.952756 
vn -0.188976 -0.19685 -0.96063 
vn 0.212598 0.015748 -0.976378 
vn 0.653543 0.291339 -0.700787 
vn 0.874016 0.401575 -0.283465 
vn 0.874016 0.401575 0.283465 
vn 0.637795 0.314961 0.700787 
vn 0.598425 0.023622 0.80315 
vn 0.614173 0.11811 0.779528 
vn 0.582677 0.212598 0.779528 
vn 0.598425 0.19685 0.779528 
vn 0.141732 -0.992126 0 
vn 0.141732 -0.992126 0 
vn 0.141732 -0.992126 0 
vn 0.141732 -0.992126 0 
vn 0.582677 -0.125984 -0.80315 
vn 0.614173 0.015748 -0.787402 
vn 0.622047 0 -0.787402 
vn -0.629921 -0.220472 -0.748031 
vn -0.818898 -0.19685 -0.535433 
vn -0.771654 -0.338583 -0.543307 
vn -0.448819 -0.204724 -0.866142 
vn -0.984252 -0.15748 0 
vn -0.952756 -0.133858 0.267717 
vn -0.937008 -0.23622 0.259843 
vn -0.96063 -0.267717 0 
vn 0.897638 0.314961 0.314961 
vn -0.874016 -0.11811 0.480315 
vn -0.874016 -0.204724 0.448819 
vn 0.377953 0.00787402 0.929134 
vn 0.228346 0.19685 -0.952756 
vn -0.362205 0 0.929134 
vn -0.425197 -0.0314961 0.905512 
vn 0.889764 0.299213 0.354331 
vn 0.181102 0.330709 -0.929134 
vn 0.370079 0.448819 -0.811024 
vn 0.653543 0.291339 -0.700787 
vn 0.0629921 0.566929 -0.818898 
vn -0.0314961 0.669291 -0.748031 
vn -1 0 0 
vn -1 0 0 
vn -1 0 0 
vn -1 0 0 
vn 0.0472441 0.559055 0.826772 
vn -0.0393701 0.645669 0.76378 
vn 0.370079 0.448819 0.811024 
vn 0.637795 0.314961 0.700787 
vn 0.874016 0.401575 0.283465 
vn 0.874016 0.401575 -0.283465 
vn 0.259843 0.173228 0.952756 
vn 0.433071 0.188976 0.88189 
vn 0.543307 0.456693 0.708661 
vn 0.440945 0.346457 0.826772 
vn -0.582677 0.370079 0.716535 
vn -0.629921 0.220472 0.748031 
vn -0.496063 0.188976 0.850394 
vn -0.433071 0.299213 0.850394 
vn -0.905512 0.377953 0.212598 
vn -0.826772 0.511811 0.244094 
vn -0.84252 0.496063 0.204724 
vn -0.84252 0.535433 0.0314961 
vn -0.858268 0.511811 0 
vn -0.84252 0.511811 0.173228 
vn -0.574803 0.527559 -0.622047 
vn -0.377953 0.354331 -0.858268 
vn -0.574803 0.488189 -0.661417 
vn -0.543307 0.496063 -0.677165 
vn 0.00787402 0.299213 -0.952756 
vn -0.023622 0.0866142 -1 
vn -0.0866142 0.141732 -0.984252 
vn -0.188976 0.385827 -0.905512 
vn 0.937008 0.338583 0.00787402 
vn 0.92126 0.385827 -0.015748 
vn 0.834646 0.519685 -0.173228 
vn 0.850394 0.527559 -0.0472441 
vn 0.937008 0.338583 0.0866142 
vn 0.779528 0.582677 0.23622 
vn -0.708661 -0.692913 0.141732 
vn -0.598425 -0.779528 0.204724 
vn -0.637795 -0.716535 0.275591 
vn -0.740157 -0.653543 0.15748 
vn -0.787402 -0.496063 0.362205 
vn -0.346457 -0.937008 0.00787402 
vn -0.401575 -0.913386 0.0866142 
vn -0.724409 -0.637795 0.251969 
vn 0 -1 0.00787402 
vn -0.0787402 -0.992126 -0.0629921 
vn -0.0708661 -0.992126 -0.0629921 
vn 0 -1 0 
vn -0.181102 -0.984252 0.00787402 
vn -0.165354 -0.984252 0.00787402 
vn 0.307087 -0.0944882 0.944882 
vn 0.307087 -0.149606 0.937008 
vn -0.433071 -0.834646 0.346457 
vn -0.527559 -0.811024 0.251969 
vn -0.393701 -0.92126 0.023622 
vn -0.370079 -0.929134 -0.015748 
vn -0.0314961 -0.0393701 -1 
vn -0.0472441 -0.0314961 -1 
vn 1 -0.0472441 -0.015748 
vn 0.992126 -0.0944882 0.023622 
vn 0.992126 -0.0944882 0.0472441 
vn -0.370079 -0.929134 0.0393701 
vn -0.330709 -0.944882 0.015748 
vn -0.496063 -0.732283 0.456693 
vn -0.527559 -0.811024 0.251969 
vn -0.433071 -0.834646 0.346457 
vn -0.354331 -0.724409 0.590551 
vn -0.165354 -0.377953 0.905512 
vn 0.181102 -0.283465 0.944882 
vn 0.149606 -0.354331 0.92126 
vn -0.291339 -0.330709 0.897638 
vn -0.818898 -0.566929 0.015748 
vn -0.897638 -0.409449 0.149606 
vn -0.480315 -0.874016 -0.015748 
vn -0.653543 -0.748031 0.0787402 
vn -0.645669 -0.755906 0.0551181 
vn -0.448819 -0.889764 -0.023622 
vn 0.543307 -0.84252 0 
vn 0.472441 -0.88189 -0.015748 
vn 0.496063 -0.866142 0.00787402 
vn 0.535433 -0.84252 0.0314961 
vn 0.582677 -0.811024 -0.0314961 
vn 0.622047 -0.779528 -0.0708661 
vn -0.574803 -0.141732 0.80315 
vn -0.559055 -0.110236 0.818898 
vn -0.566929 -0.11811 0.818898 
vn -0.582677 -0.141732 0.80315 
vn -0.897638 -0.244094 0.370079 
vn -0.913386 -0.15748 0.370079 
vn 0.0314961 -0.716535 0.700787 
vn 0.110236 -0.740157 0.661417 
vn -0.0393701 -0.692913 0.724409 
vn -0.173228 -0.708661 0.677165 
vn -0.19685 0.0708661 -0.976378 
vn -0.582677 0.370079 -0.724409 
vn -0.425197 0.220472 -0.88189 
vn -0.433071 0.299213 0.850394 
vn -0.496063 0.188976 0.850394 
vn -0.133858 0.149606 0.976378 
vn 0.133858 0.204724 0.968504 
vn -0.598425 -0.779528 0.204724 
vn -0.637795 -0.716535 0.275591 
vn 0.149606 -0.76378 0.622047 
vn 0.173228 -0.76378 0.622047 
vn -0.110236 -0.976378 -0.165354 
vn -0.0944882 -0.992126 -0.102362 
vn 0.409449 -0.0472441 -0.913386 
vn 0.354331 -0.244094 -0.905512 
vn 0.330709 -0.299213 -0.897638 
vn 0.440945 0 -0.897638 
vn 0.952756 -0.307087 -0.0314961 
vn 0.944882 -0.322835 0.00787402 
vn 0.944882 -0.330709 0.0393701 
vn -0.984252 0.133858 -0.110236 
vn -1 0.023622 -0.0866142 
vn -1 -0.00787402 -0.0314961 
vn -0.992126 0.125984 -0.023622 
vn -1 0.023622 0.015748 
vn -0.992126 0.110236 0.0551181 
vn -0.952756 0.283465 -0.11811 
vn -0.96063 0.275591 -0.015748 
vn -0.96063 0.259843 0.0787402 
vn 0.204724 -0.393701 -0.897638 
vn 0.133858 -0.385827 -0.913386 
vn -0.417323 -0.0551181 -0.905512 
vn -0.393701 -0.0472441 -0.92126 
vn -0.456693 -0.0472441 -0.889764 
vn -0.496063 -0.0551181 -0.866142 
vn -0.551181 -0.023622 -0.834646 
vn -0.614173 -0.0314961 -0.787402 
vn -0.653543 -0.748031 -0.0629921 
vn -0.637795 -0.76378 -0.0708661 
vn -0.771654 -0.629921 -0.023622 
vn -0.787402 -0.614173 -0.023622 
vn -0.76378 -0.645669 -0.0314961 
vn -0.76378 -0.645669 -0.0314961 
vn -0.535433 -0.0787402 0.84252 
vn -0.519685 -0.0787402 0.850394 
vn 0.456693 0.322835 -0.826772 
vn 0.496063 0.346457 -0.795276 
vn 0.748031 0.480315 -0.456693 
vn 0.661417 0.511811 -0.543307 
vn -0.141732 0 0.992126 
vn -0.527559 0.0708661 0.84252 
vn -0.708661 0.0629921 0.700787 
vn -0.527559 0.0708661 0.84252 
vn -0.92126 0.307087 0.228346 
vn -0.133858 -0.929134 -0.346457 
vn -0.244094 -0.913386 -0.330709 
vn -0.133858 -0.929134 -0.346457 
vn -0.173228 -0.716535 -0.677165 
vn -0.212598 -0.76378 -0.614173 
vn -0.244094 -0.913386 -0.330709 

vt 0.201374 0.541156 
vt 0.169636 0.535869 
vt 0.169636 0.500095 
vt 0.201885 0.500095 
vt 0.696427 0.269613 
vt 0.695737 0.234283 
vt 0.708381 0.234283 
vt 0.708381 0.269118 
vt 0.207358 0.874453 
vt 0.207202 0.838396 
vt 0.229149 0.841311 
vt 0.233083 0.874453 
vt 0.588959 0.3269 
vt 0.603171 0.32686 
vt 0.603171 0.358854 
vt 0.586852 0.358854 
vt 0.169636 0.658251 
vt 0.169636 0.625076 
vt 0.200393 0.625076 
vt 0.199563 0.677442 
vt 0.169636 0.47426 
vt 0.201349 0.454321 
vt 0.233199 0.500095 
vt 0.23003 0.471038 
vt 0.249049 0.473795 
vt 0.249156 0.500095 
vt 0.243869 0.832222 
vt 0.248485 0.874453 
vt 0.231454 0.658071 
vt 0.218869 0.659147 
vt 0.21953 0.625076 
vt 0.232415 0.625076 
vt 0.244373 0.546829 
vt 0.22929 0.53519 
vt 0.23328 0.500095 
vt 0.248892 0.500095 
vt 0.708381 0.325275 
vt 0.696337 0.324431 
vt 0.230143 0.405844 
vt 0.248915 0.403596 
vt 0.201349 0.454321 
vt 0.169636 0.47426 
vt 0.169636 0.399914 
vt 0.201617 0.399902 
vt 0.588929 0.26611 
vt 0.603171 0.266069 
vt 0.205112 0.674892 
vt 0.21864 0.726592 
vt 0.205355 0.732417 
vt 0.231459 0.724194 
vt 0.708381 0.358787 
vt 0.69538 0.358787 
vt 0.233251 0.37534 
vt 0.248886 0.37534 
vt 0.169636 0.37534 
vt 0.201573 0.37534 
vt 0.586791 0.234516 
vt 0.603171 0.234516 
vt 0.220006 0.750671 
vt 0.206212 0.750671 
vt 0.232856 0.750671 
vt 0.225516 0.406033 
vt 0.22565 0.470818 
vt 0.677732 0.234283 
vt 0.674326 0.269488 
vt 0.674626 0.322273 
vt 0.677252 0.358787 
vt 0.238309 0.799914 
vt 0.224158 0.807095 
vt 0.201374 0.806502 
vt 0.201378 0.835019 
vt 0.169636 0.838864 
vt 0.169636 0.800511 
vt 0.573421 0.234516 
vt 0.56945 0.266166 
vt 0.569481 0.326957 
vt 0.573483 0.358854 
vt 0.224155 0.57976 
vt 0.206235 0.585921 
vt 0.207025 0.542257 
vt 0.239009 0.591595 
vt 0.662215 0.234283 
vt 0.662215 0.268108 
vt 0.662215 0.323486 
vt 0.662215 0.358787 
vt 0.23293 0.750671 
vt 0.220385 0.750671 
vt 0.200813 0.750671 
vt 0.169636 0.750671 
vt 0.556425 0.234516 
vt 0.556425 0.266204 
vt 0.556425 0.326994 
vt 0.556425 0.358854 
vt 0.220524 0.625076 
vt 0.205662 0.625076 
vt 0.233111 0.625076 
vt 0.207308 0.500095 
vt 0.206984 0.456565 
vt 0.22565 0.470818 
vt 0.233199 0.500095 
vt 0.206984 0.456565 
vt 0.207544 0.398028 
vt 0.225516 0.406033 
vt 0.22565 0.470818 
vt 0.200164 0.730355 
vt 0.207358 0.37534 
vt 0.233251 0.37534 
vt 0.206965 0.805238 
vt 0.200732 0.587972 
vt 0.201573 0.874453 
vt 0.169636 0.874453 
vt 0.169636 0.732217 
vt 0.169636 0.590635 
vt 0.248933 0.603582 
vt 0.242488 0.625076 
vt 0.254791 0.558031 
vt 0.258205 0.500095 
vt 0.258205 0.500095 
vt 0.26338 0.471669 
vt 0.26338 0.404971 
vt 0.257596 0.37534 
vt 0.25423 0.824199 
vt 0.257596 0.874453 
vt 0.248066 0.791751 
vt 0.242488 0.750671 
vt 0.241988 0.722169 
vt 0.241593 0.657805 
vt 0.63874 0.251854 
vt 0.635561 0.259672 
vt 0.64924 0.259667 
vt 0.64922 0.253147 
vt 0.646982 0.292242 
vt 0.644845 0.290144 
vt 0.642559 0.294355 
vt 0.646973 0.297418 
vt 0.644845 0.290144 
vt 0.646982 0.292242 
vt 0.64825 0.280967 
vt 0.649859 0.274936 
vt 0.647092 0.273952 
vt 0.64592 0.278954 
vt 0.649121 0.343419 
vt 0.643196 0.347454 
vt 0.649992 0.356272 
vt 0.652163 0.353882 
vt 0.647599 0.333303 
vt 0.635432 0.334242 
vt 0.639844 0.345043 
vt 0.647961 0.338293 
vt 0.626566 0.312375 
vt 0.626355 0.299879 
vt 0.612566 0.303836 
vt 0.613125 0.313116 
vt 0.625843 0.324819 
vt 0.612368 0.322303 
vt 0.63941 0.282419 
vt 0.635617 0.287795 
vt 0.639841 0.292265 
vt 0.642803 0.288083 
vt 0.64031 0.271165 
vt 0.635239 0.270381 
vt 0.635456 0.274941 
vt 0.640363 0.276495 
vt 0.61259 0.280554 
vt 0.613046 0.290757 
vt 0.611203 0.290518 
vt 0.611237 0.280746 
vt 0.611203 0.267511 
vt 0.612784 0.26789 
vt 0.631746 0.248925 
vt 0.626708 0.255438 
vt 0.627882 0.289948 
vt 0.632279 0.289407 
vt 0.631311 0.275684 
vt 0.626849 0.276474 
vt 0.630242 0.336154 
vt 0.635486 0.346657 
vt 0.634041 0.299653 
vt 0.634889 0.312263 
vt 0.635026 0.324628 
vt 0.630451 0.266227 
vt 0.626032 0.265387 
vt 0.640156 0.241639 
vt 0.635741 0.238423 
vt 0.632111 0.241987 
vt 0.631746 0.248925 
vt 0.620441 0.240425 
vt 0.621647 0.249409 
vt 0.624155 0.244097 
vt 0.621045 0.238441 
vt 0.64592 0.278954 
vt 0.647092 0.273952 
vt 0.637844 0.267181 
vt 0.639909 0.268624 
vt 0.641344 0.264083 
vt 0.638506 0.261813 
vt 0.641312 0.311212 
vt 0.641681 0.323831 
vt 0.648428 0.323059 
vt 0.648335 0.310101 
vt 0.647709 0.300605 
vt 0.640948 0.300561 
vt 0.632111 0.241987 
vt 0.625819 0.239401 
vt 0.624155 0.244097 
vt 0.631746 0.248925 
vt 0.642408 0.265024 
vt 0.639909 0.268624 
vt 0.637844 0.267181 
vt 0.635239 0.270381 
vt 0.64031 0.271165 
vt 0.639909 0.268624 
vt 0.636727 0.35275 
vt 0.641747 0.358064 
vt 0.638938 0.35617 
vt 0.65011 0.243274 
vt 0.646069 0.239266 
vt 0.643327 0.243927 
vt 0.64963 0.249107 
vt 0.63832 0.234965 
vt 0.64357 0.236868 
vt 0.634826 0.266344 
vt 0.630451 0.266227 
vt 0.634826 0.266344 
vt 0.635155 0.261326 
vt 0.626695 0.329742 
vt 0.621152 0.335246 
vt 0.623053 0.341034 
vt 0.630242 0.336154 
vt 0.640948 0.300561 
vt 0.641312 0.311212 
vt 0.641681 0.323831 
vt 0.621302 0.289461 
vt 0.627882 0.289948 
vt 0.626849 0.276474 
vt 0.620334 0.277218 
vt 0.626032 0.265387 
vt 0.619846 0.267211 
vt 0.617713 0.288985 
vt 0.6162 0.277549 
vt 0.615857 0.269042 
vt 0.618741 0.343554 
vt 0.619451 0.345747 
vt 0.630605 0.342787 
vt 0.630242 0.336154 
vt 0.623053 0.341034 
vt 0.624637 0.34536 
vt 0.619451 0.345747 
vt 0.62099 0.348053 
vt 0.615046 0.28899 
vt 0.613046 0.290757 
vt 0.61259 0.280554 
vt 0.614186 0.28035 
vt 0.612784 0.26789 
vt 0.614617 0.26849 
vt 0.621045 0.238441 
vt 0.622597 0.237045 
vt 0.63408 0.326848 
vt 0.635432 0.334242 
vt 0.647599 0.333303 
vt 0.64817 0.326747 
vt 0.640156 0.241639 
vt 0.64357 0.236868 
vt 0.642803 0.288083 
vt 0.639841 0.292265 
vt 0.642803 0.288083 
vt 0.630443 0.26209 
vt 0.630451 0.266227 
vt 0.635486 0.346657 
vt 0.630242 0.336154 
vt 0.630605 0.342787 
vt 0.632572 0.348035 

usemtl Androeofficial1Mtl

f 4401/4401/4401 4402/4402/4402 4403/4403/4403 
f 4403/4403/4403 4404/4404/4404 4401/4401/4401 
f 4405/4405/4405 4406/4406/4406 4407/4407/4407 
f 4407/4407/4407 4408/4408/4408 4405/4405/4405 
f 4409/4409/4409 4410/4410/4410 4411/4411/4411 
f 4411/4411/4411 4412/4412/4412 4409/4409/4409 
f 4413/4413/4413 4414/4414/4414 4415/4415/4415 
f 4415/4415/4415 4416/4416/4416 4413/4413/4413 
f 4417/4417/4417 4418/4418/4418 4419/4419/4419 
f 4419/4419/4419 4420/4420/4420 4417/4417/4417 
f 4404/4404/4404 4403/4403/4403 4421/4421/4421 
f 4421/4421/4421 4422/4422/4422 4404/4404/4404 
f 4423/4423/4423 4424/4424/4424 4425/4425/4425 
f 4425/4425/4425 4426/4426/4426 4423/4423/4423 
f 4427/4427/4427 4428/4428/4428 4412/4412/4412 
f 4412/4412/4412 4411/4411/4411 4427/4427/4427 
f 4429/4429/4429 4430/4430/4430 4431/4431/4431 
f 4431/4431/4431 4432/4432/4432 4429/4429/4429 
f 4433/4433/4433 4434/4434/4434 4435/4435/4435 
f 4435/4435/4435 4436/4436/4436 4433/4433/4433 
f 4405/4405/4405 4408/4408/4408 4437/4437/4437 
f 4437/4437/4437 4438/4438/4438 4405/4405/4405 
f 4425/4425/4425 4424/4424/4424 4439/4439/4439 
f 4439/4439/4439 4440/4440/4440 4425/4425/4425 
f 4441/4441/4441 4442/4442/4442 4443/4443/4443 
f 4443/4443/4443 4444/4444/4444 4441/4441/4441 
f 4445/4445/4445 4446/4446/4446 4414/4414/4414 
f 4414/4414/4414 4413/4413/4413 4445/4445/4445 
f 4447/4447/4447 4430/4430/4430 4448/4448/4448 
f 4448/4448/4448 4449/4449/4449 4447/4447/4447 
f 4430/4430/4430 4429/4429/4429 4450/4450/4450 
f 4450/4450/4450 4448/4448/4448 4430/4430/4430 
f 4438/4438/4438 4437/4437/4437 4451/4451/4451 
f 4451/4451/4451 4452/4452/4452 4438/4438/4438 
f 4440/4440/4440 4439/4439/4439 4453/4453/4453 
f 4453/4453/4453 4454/4454/4454 4440/4440/4440 
f 4444/4444/4444 4443/4443/4443 4455/4455/4455 
f 4455/4455/4455 4456/4456/4456 4444/4444/4444 
f 4445/4445/4445 4457/4457/4457 4458/4458/4458 
f 4458/4458/4458 4446/4446/4446 4445/4445/4445 
f 4459/4459/4459 4460/4460/4460 4449/4449/4449 
f 4449/4449/4449 4448/4448/4448 4459/4459/4459 
f 4459/4459/4459 4448/4448/4448 4450/4450/4450 
f 4450/4450/4450 4461/4461/4461 4459/4459/4459 
f 4453/4453/4453 4439/4439/4439 4462/4462/4462 
f 4463/4463/4463 4462/4462/4462 4439/4439/4439 
f 4439/4439/4439 4424/4424/4424 4463/4463/4463 
f 4463/4463/4463 4424/4424/4424 4423/4423/4423 
f 4464/4464/4464 4406/4406/4406 4405/4405/4405 
f 4405/4405/4405 4465/4465/4465 4464/4464/4464 
f 4405/4405/4405 4438/4438/4438 4466/4466/4466 
f 4466/4466/4466 4465/4465/4465 4405/4405/4405 
f 4438/4438/4438 4452/4452/4452 4467/4467/4467 
f 4467/4467/4467 4466/4466/4466 4438/4438/4438 
f 4468/4468/4468 4427/4427/4427 4411/4411/4411 
f 4411/4411/4411 4469/4469/4469 4468/4468/4468 
f 4470/4470/4470 4471/4471/4471 4472/4472/4472 
f 4472/4472/4472 4473/4473/4473 4470/4470/4470 
f 4474/4474/4474 4457/4457/4457 4445/4445/4445 
f 4445/4445/4445 4475/4475/4475 4474/4474/4474 
f 4445/4445/4445 4413/4413/4413 4476/4476/4476 
f 4476/4476/4476 4475/4475/4475 4445/4445/4445 
f 4413/4413/4413 4416/4416/4416 4477/4477/4477 
f 4477/4477/4477 4476/4476/4476 4413/4413/4413 
f 4478/4478/4478 4479/4479/4479 4480/4480/4480 
f 4480/4480/4480 4434/4434/4434 4478/4478/4478 
f 4434/4434/4434 4433/4433/4433 4481/4481/4481 
f 4481/4481/4481 4478/4478/4478 4434/4434/4434 
f 4482/4482/4482 4464/4464/4464 4465/4465/4465 
f 4465/4465/4465 4483/4483/4483 4482/4482/4482 
f 4465/4465/4465 4466/4466/4466 4484/4484/4484 
f 4484/4484/4484 4483/4483/4483 4465/4465/4465 
f 4466/4466/4466 4467/4467/4467 4485/4485/4485 
f 4485/4485/4485 4484/4484/4484 4466/4466/4466 
f 4486/4486/4486 4468/4468/4468 4469/4469/4469 
f 4469/4469/4469 4487/4487/4487 4486/4486/4486 
f 4488/4488/4488 4470/4470/4470 4473/4473/4473 
f 4473/4473/4473 4489/4489/4489 4488/4488/4488 
f 4490/4490/4490 4474/4474/4474 4475/4475/4475 
f 4475/4475/4475 4491/4491/4491 4490/4490/4490 
f 4475/4475/4475 4476/4476/4476 4492/4492/4492 
f 4492/4492/4492 4491/4491/4491 4475/4475/4475 
f 4476/4476/4476 4477/4477/4477 4493/4493/4493 
f 4493/4493/4493 4492/4492/4492 4476/4476/4476 
f 4494/4494/4494 4495/4495/4495 4479/4479/4479 
f 4479/4479/4479 4478/4478/4478 4494/4494/4494 
f 4478/4478/4478 4481/4481/4481 4496/4496/4496 
f 4496/4496/4496 4494/4494/4494 4478/4478/4478 
f 4434/4434/4434 4480/4480/4480 4497/4497/4497 
f 4497/4497/4497 4435/4435/4435 4434/4434/4434 
f 4409/4409/4409 4471/4471/4471 4410/4410/4410 
f 4430/4430/4430 4447/4447/4447 4495/4495/4495 
f 4495/4495/4495 4431/4431/4431 4430/4430/4430 
f 4497/4497/4497 4498/4498/4498 4499/4499/4499 
f 4499/4499/4499 4500/4500/4500 4497/4497/4497 
f 4501/4501/4501 4502/4502/4502 4503/4503/4503 
f 4503/4503/4503 4504/4504/4504 4501/4501/4501 
f 4447/4447/4447 4449/4449/4449 4505/4505/4505 
f 4505/4505/4505 4420/4420/4420 4447/4447/4447 
f 4503/4503/4503 4502/4502/4502 4506/4506/4506 
f 4506/4506/4506 4507/4507/4507 4503/4503/4503 
f 4449/4449/4449 4460/4460/4460 4488/4488/4488 
f 4488/4488/4488 4505/4505/4505 4449/4449/4449 
f 4410/4410/4410 4508/4508/4508 4469/4469/4469 
f 4469/4469/4469 4411/4411/4411 4410/4410/4410 
f 4401/4401/4401 4480/4480/4480 4479/4479/4479 
f 4479/4479/4479 4509/4509/4509 4401/4401/4401 
f 4508/4508/4508 4460/4460/4460 4487/4487/4487 
f 4487/4487/4487 4469/4469/4469 4508/4508/4508 
f 4509/4509/4509 4479/4479/4479 4495/4495/4495 
f 4495/4495/4495 4419/4419/4419 4509/4509/4509 
f 4401/4401/4401 4404/4404/4404 4497/4497/4497 
f 4497/4497/4497 4480/4480/4480 4401/4401/4401 
f 4447/4447/4447 4420/4420/4420 4419/4419/4419 
f 4419/4419/4419 4495/4495/4495 4447/4447/4447 
f 4404/4404/4404 4422/4422/4422 4498/4498/4498 
f 4498/4498/4498 4497/4497/4497 4404/4404/4404 
f 4441/4441/4441 4444/4444/4444 4502/4502/4502 
f 4502/4502/4502 4501/4501/4501 4441/4441/4441 
f 4502/4502/4502 4444/4444/4444 4456/4456/4456 
f 4456/4456/4456 4506/4506/4506 4502/4502/4502 
f 4471/4471/4471 4470/4470/4470 4508/4508/4508 
f 4508/4508/4508 4410/4410/4410 4471/4471/4471 
f 4460/4460/4460 4508/4508/4508 4470/4470/4470 
f 4472/4472/4472 4471/4471/4471 4510/4510/4510 
f 4510/4510/4510 4511/4511/4511 4472/4472/4472 
f 4420/4420/4420 4505/4505/4505 4512/4512/4512 
f 4512/4512/4512 4417/4417/4417 4420/4420/4420 
f 4505/4505/4505 4488/4488/4488 4489/4489/4489 
f 4489/4489/4489 4512/4512/4512 4505/4505/4505 
f 4402/4402/4402 4401/4401/4401 4509/4509/4509 
f 4509/4509/4509 4513/4513/4513 4402/4402/4402 
f 4509/4509/4509 4419/4419/4419 4418/4418/4418 
f 4418/4418/4418 4513/4513/4513 4509/4509/4509 
f 4488/4488/4488 4460/4460/4460 4470/4470/4470 
f 4409/4409/4409 4510/4510/4510 4471/4471/4471 
f 4481/4481/4481 4514/4514/4514 4515/4515/4515 
f 4515/4515/4515 4496/4496/4496 4481/4481/4481 
f 4433/4433/4433 4516/4516/4516 4514/4514/4514 
f 4514/4514/4514 4481/4481/4481 4433/4433/4433 
f 4516/4516/4516 4433/4433/4433 4436/4436/4436 
f 4436/4436/4436 4517/4517/4517 4516/4516/4516 
f 4518/4518/4518 4426/4426/4426 4425/4425/4425 
f 4425/4425/4425 4519/4519/4519 4518/4518/4518 
f 4425/4425/4425 4440/4440/4440 4520/4520/4520 
f 4520/4520/4520 4519/4519/4519 4425/4425/4425 
f 4440/4440/4440 4454/4454/4454 4521/4521/4521 
f 4521/4521/4521 4520/4520/4520 4440/4440/4440 
f 4522/4522/4522 4523/4523/4523 4428/4428/4428 
f 4428/4428/4428 4427/4427/4427 4522/4522/4522 
f 4427/4427/4427 4468/4468/4468 4524/4524/4524 
f 4524/4524/4524 4522/4522/4522 4427/4427/4427 
f 4468/4468/4468 4486/4486/4486 4525/4525/4525 
f 4525/4525/4525 4524/4524/4524 4468/4468/4468 
f 4461/4461/4461 4450/4450/4450 4526/4526/4526 
f 4526/4526/4526 4525/4525/4525 4461/4461/4461 
f 4429/4429/4429 4527/4527/4527 4526/4526/4526 
f 4526/4526/4526 4450/4450/4450 4429/4429/4429 
f 4527/4527/4527 4429/4429/4429 4432/4432/4432 
f 4432/4432/4432 4515/4515/4515 4527/4527/4527 
f 4528/4528/4528 4529/4529/4529 4530/4530/4530 
f 4530/4530/4530 4531/4531/4531 4528/4528/4528 
f 4532/4532/4532 4533/4533/4533 4534/4534/4534 
f 4534/4534/4534 4535/4535/4535 4532/4532/4532 
f 4536/4536/4536 4537/4537/4537 4538/4538/4538 
f 4539/4539/4539 4540/4540/4540 4541/4541/4541 
f 4541/4541/4541 4538/4538/4538 4539/4539/4539 
f 4542/4542/4542 4543/4543/4543 4544/4544/4544 
f 4544/4544/4544 4545/4545/4545 4542/4542/4542 
f 4546/4546/4546 4547/4547/4547 4548/4548/4548 
f 4548/4548/4548 4549/4549/4549 4546/4546/4546 
f 4550/4550/4550 4551/4551/4551 4552/4552/4552 
f 4552/4552/4552 4553/4553/4553 4550/4550/4550 
f 4554/4554/4554 4550/4550/4550 4553/4553/4553 
f 4553/4553/4553 4555/4555/4555 4554/4554/4554 
f 4556/4556/4556 4557/4557/4557 4558/4558/4558 
f 4558/4558/4558 4559/4559/4559 4556/4556/4556 
f 4560/4560/4560 4561/4561/4561 4562/4562/4562 
f 4562/4562/4562 4563/4563/4563 4560/4560/4560 
f 4564/4564/4564 4565/4565/4565 4566/4566/4566 
f 4566/4566/4566 4567/4567/4567 4564/4564/4564 
f 4567/4567/4567 4568/4568/4568 4569/4569/4569 
f 4569/4569/4569 4564/4564/4564 4567/4567/4567 
f 4529/4529/4529 4528/4528/4528 4570/4570/4570 
f 4570/4570/4570 4571/4571/4571 4529/4529/4529 
f 4572/4572/4572 4573/4573/4573 4574/4574/4574 
f 4574/4574/4574 4575/4575/4575 4572/4572/4572 
f 4547/4547/4547 4576/4576/4576 4577/4577/4577 
f 4577/4577/4577 4548/4548/4548 4547/4547/4547 
f 4578/4578/4578 4551/4551/4551 4550/4550/4550 
f 4550/4550/4550 4579/4579/4579 4578/4578/4578 
f 4550/4550/4550 4554/4554/4554 4580/4580/4580 
f 4580/4580/4580 4579/4579/4579 4550/4550/4550 
f 4575/4575/4575 4574/4574/4574 4581/4581/4581 
f 4581/4581/4581 4582/4582/4582 4575/4575/4575 
f 4583/4583/4583 4584/4584/4584 4585/4585/4585 
f 4585/4585/4585 4586/4586/4586 4583/4583/4583 
f 4587/4587/4587 4588/4588/4588 4589/4589/4589 
f 4589/4589/4589 4590/4590/4590 4587/4587/4587 
f 4562/4562/4562 4557/4557/4557 4556/4556/4556 
f 4556/4556/4556 4563/4563/4563 4562/4562/4562 
f 4563/4563/4563 4591/4591/4591 4592/4592/4592 
f 4592/4592/4592 4560/4560/4560 4563/4563/4563 
f 4556/4556/4556 4559/4559/4559 4591/4591/4591 
f 4591/4591/4591 4563/4563/4563 4556/4556/4556 
f 4593/4593/4593 4594/4594/4594 4595/4595/4595 
f 4595/4595/4595 4596/4596/4596 4593/4593/4593 
f 4597/4597/4597 4598/4598/4598 4599/4599/4599 
f 4599/4599/4599 4600/4600/4600 4597/4597/4597 
f 4601/4601/4601 4602/4602/4602 4597/4597/4597 
f 4597/4597/4597 4600/4600/4600 4601/4601/4601 
f 4603/4603/4603 4604/4604/4604 4605/4605/4605 
f 4605/4605/4605 4606/4606/4606 4603/4603/4603 
f 4560/4560/4560 4592/4592/4592 4607/4607/4607 
f 4607/4607/4607 4608/4608/4608 4560/4560/4560 
f 4609/4609/4609 4610/4610/4610 4611/4611/4611 
f 4611/4611/4611 4612/4612/4612 4609/4609/4609 
f 4613/4613/4613 4548/4548/4548 4577/4577/4577 
f 4614/4614/4614 4544/4544/4544 4543/4543/4543 
f 4543/4543/4543 4615/4615/4615 4614/4614/4614 
f 4616/4616/4616 4617/4617/4617 4618/4618/4618 
f 4618/4618/4618 4619/4619/4619 4616/4616/4616 
f 4620/4620/4620 4584/4584/4584 4583/4583/4583 
f 4583/4583/4583 4621/4621/4621 4620/4620/4620 
f 4574/4574/4574 4573/4573/4573 4557/4557/4557 
f 4557/4557/4557 4562/4562/4562 4574/4574/4574 
f 4561/4561/4561 4581/4581/4581 4574/4574/4574 
f 4574/4574/4574 4562/4562/4562 4561/4561/4561 
f 4610/4610/4610 4609/4609/4609 4622/4622/4622 
f 4622/4622/4622 4623/4623/4623 4610/4610/4610 
f 4624/4624/4624 4593/4593/4593 4596/4596/4596 
f 4596/4596/4596 4625/4625/4625 4624/4624/4624 
f 4543/4543/4543 4548/4548/4548 4613/4613/4613 
f 4613/4613/4613 4615/4615/4615 4543/4543/4543 
f 4543/4543/4543 4542/4542/4542 4549/4549/4549 
f 4549/4549/4549 4548/4548/4548 4543/4543/4543 
f 4626/4626/4626 4627/4627/4627 4628/4628/4628 
f 4628/4628/4628 4629/4629/4629 4626/4626/4626 
f 4630/4630/4630 4578/4578/4578 4579/4579/4579 
f 4579/4579/4579 4631/4631/4631 4630/4630/4630 
f 4579/4579/4579 4580/4580/4580 4632/4632/4632 
f 4632/4632/4632 4631/4631/4631 4579/4579/4579 
f 4571/4571/4571 4570/4570/4570 4589/4589/4589 
f 4589/4589/4589 4588/4588/4588 4571/4571/4571 
f 4633/4633/4633 4634/4634/4634 4635/4635/4635 
f 4635/4635/4635 4636/4636/4636 4633/4633/4633 
f 4635/4635/4635 4637/4637/4637 4638/4638/4638 
f 4638/4638/4638 4636/4636/4636 4635/4635/4635 
f 4639/4639/4639 4633/4633/4633 4636/4636/4636 
f 4636/4636/4636 4640/4640/4640 4639/4639/4639 
f 4636/4636/4636 4638/4638/4638 4641/4641/4641 
f 4641/4641/4641 4640/4640/4640 4636/4636/4636 
f 4628/4628/4628 4627/4627/4627 4642/4642/4642 
f 4642/4642/4642 4643/4643/4643 4628/4628/4628 
f 4644/4644/4644 4645/4645/4645 4646/4646/4646 
f 4646/4646/4646 4647/4647/4647 4644/4644/4644 
f 4647/4647/4647 4646/4646/4646 4648/4648/4648 
f 4648/4648/4648 4649/4649/4649 4647/4647/4647 
f 4650/4650/4650 4651/4651/4651 4652/4652/4652 
f 4652/4652/4652 4653/4653/4653 4650/4650/4650 
f 4652/4652/4652 4654/4654/4654 4655/4655/4655 
f 4655/4655/4655 4653/4653/4653 4652/4652/4652 
f 4656/4656/4656 4605/4605/4605 4604/4604/4604 
f 4604/4604/4604 4657/4657/4657 4656/4656/4656 
f 4658/4658/4658 4626/4626/4626 4629/4629/4629 
f 4629/4629/4629 4659/4659/4659 4658/4658/4658 
f 4659/4659/4659 4660/4660/4660 4661/4661/4661 
f 4661/4661/4661 4658/4658/4658 4659/4659/4659 
f 4531/4531/4531 4619/4619/4619 4618/4618/4618 
f 4618/4618/4618 4528/4528/4528 4531/4531/4531 
f 4528/4528/4528 4618/4618/4618 4662/4662/4662 
f 4662/4662/4662 4570/4570/4570 4528/4528/4528 
f 4663/4663/4663 4662/4662/4662 4618/4618/4618 
f 4618/4618/4618 4617/4617/4617 4663/4663/4663 
f 4664/4664/4664 4665/4665/4665 4534/4534/4534 
f 4534/4534/4534 4533/4533/4533 4664/4664/4664 
f 4538/4538/4538 4541/4541/4541 4666/4666/4666 
f 4666/4666/4666 4536/4536/4536 4538/4538/4538 
f 4624/4624/4624 4625/4625/4625 4667/4667/4667 
f 4667/4667/4667 4668/4668/4668 4624/4624/4624 
f 4669/4669/4669 4670/4670/4670 4671/4671/4671 
f 4671/4671/4671 4672/4672/4672 4669/4669/4669 

g Androeofficial4

v -326.369 2.7943 108.695 
v -326.242 2.77645 108.751 
v -326.29 2.19725 108.596 
v -326.451 2.21953 108.519 
v -326.284 3.90153 108.784 
v -326.104 3.94387 108.784 
v -326.104 3.85042 108.637 
v -326.25 3.81301 108.588 
v -326.251 3.31357 109.314 
v -326.343 2.90033 109.391 
v -326.233 2.88727 109.3 
v -326.104 3.36437 109.265 
v -326.29 2.19725 108.596 
v -326.181 2.18221 108.741 
v -326.416 2.21468 108.741 
v -326.451 2.21953 108.519 
v -326.651 2.83388 108.756 
v -326.819 2.2705 108.596 
v -326.952 2.28894 108.741 
v -326.762 2.84954 108.877 
v -326.16 2.76504 108.877 
v -326.181 2.18221 108.741 
v -326.104 3.658 108.775 
v -326.104 3.29584 108.784 
v -326.104 3.36437 108.637 
v -326.104 3.67098 108.608 
v -326.104 3.67098 109.282 
v -326.243 3.60646 109.334 
v -326.691 3.44338 108.775 
v -326.572 3.44571 108.634 
v -326.554 3.19738 108.662 
v -326.682 3.19738 108.784 
v -326.243 3.60646 108.568 
v -326.104 3.67098 108.608 
v -326.104 3.36437 108.637 
v -326.251 3.31357 108.588 
v -326.104 3.94387 109.12 
v -326.284 3.90153 109.12 
v -326.104 3.65935 109.129 
v -326.104 3.29837 109.12 
v -326.16 2.76504 108.877 
v -326.16 2.76504 109.153 
v -326.181 2.18221 109.163 
v -326.181 2.18221 108.741 
v -326.181 2.18221 109.163 
v -326.416 2.21468 109.163 
v -326.682 3.19738 109.12 
v -326.722 2.9474 108.869 
v -326.722 2.9474 109.162 
v -326.691 3.44338 109.129 
v -326.104 3.85042 109.265 
v -326.25 3.81301 109.314 
v -326.104 3.67098 109.282 
v -326.104 3.36437 109.265 
v -326.242 2.77645 109.304 
v -326.29 2.19725 109.305 
v -326.29 2.19725 109.305 
v -326.451 2.21953 109.382 
v -326.554 3.19738 109.265 
v -326.615 2.93426 109.294 
v -326.572 3.44571 109.282 
v -326.064 3.21702 109.12 
v -326.064 3.21702 108.784 
v -326.431 3.72713 108.588 
v -326.519 3.80026 108.784 
v -326.519 3.80026 109.12 
v -326.431 3.72713 109.314 
v -326.424 3.52926 109.334 
v -326.433 3.24394 109.314 
v -326.521 2.81449 109.357 
v -326.672 2.25008 109.382 
v -326.451 2.21953 109.382 
v -326.387 2.79806 109.36 
v -326.672 2.25008 109.382 
v -326.737 2.25918 109.163 
v -326.737 2.25918 108.741 
v -326.672 2.25008 108.519 
v -326.433 3.24394 108.588 
v -326.352 2.90194 108.69 
v -326.512 2.92156 108.694 
v -326.424 3.52926 108.568 
v -326.54 3.64446 108.637 
v -326.649 3.63944 108.784 
v -326.649 3.63944 109.12 
v -326.54 3.64446 109.265 
v -326.572 3.44571 109.282 
v -326.554 3.19738 109.265 
v -326.651 2.83388 109.299 
v -326.819 2.2705 109.305 
v -326.819 2.2705 109.305 
v -326.952 2.28894 109.163 
v -326.952 2.28894 108.741 
v -326.819 2.2705 108.596 
v -326.554 3.19738 108.662 
v -326.615 2.93426 108.753 
v -326.572 3.44571 108.634 
v -326.233 2.88727 108.747 
v -326.064 3.21702 108.784 
v -326.158 2.87802 108.868 
v -326.104 3.36437 108.637 
v -326.064 3.21702 109.12 
v -326.158 2.87802 109.162 
v -326.158 2.87802 108.868 
v -326.064 3.21702 108.784 
v -326.762 2.84954 109.153 
v -326.104 3.36437 109.265 
v -326.233 2.88727 109.3 
v -326.519 2.92288 109.388 
v -326.54 2.81825 108.698 
v -326.29 2.19725 109.305 
v -326.242 2.77645 109.304 
v -326.952 2.28894 109.163 
v -326.672 2.25008 108.519 
v -326.54 3.64446 108.637 
v -326.431 3.72713 108.588 
v -326.25 3.81301 108.588 
v -326.104 3.85042 108.637 
v -326.104 3.85042 108.637 
v -326.104 3.94387 108.784 
v -326.104 3.94387 109.12 
v -326.104 3.85042 109.265 
v -326.104 3.85042 109.265 
v -326.25 3.81301 109.314 
v -326.431 3.72713 109.314 
v -326.54 3.64446 109.265 
v -326.649 3.63944 109.12 
v -326.649 3.63944 108.784 
v -326.682 2.60046 109.154 
v -326.912 2.25557 109.241 
v -326.727 2.27357 109.33 
v -326.602 2.56841 109.247 
v -326.347 2.49033 109.192 
v -326.427 2.51465 109.252 
v -326.378 2.36489 109.283 
v -326.299 2.4078 109.204 
v -326.299 2.4078 109.204 
v -326.271 2.46683 108.98 
v -326.347 2.49033 109.192 
v -326.271 2.4831 108.856 
v -326.209 2.3787 108.955 
v -326.217 2.39242 108.832 
v -326.45 2.51944 108.737 
v -326.271 2.4831 108.856 
v -326.217 2.39242 108.832 
v -326.403 2.3352 108.622 
v -326.625 2.57543 108.69 
v -326.532 2.54706 108.679 
v -326.492 2.26596 108.593 
v -326.775 2.23798 108.583 
v -326.679 2.60011 108.805 
v -326.922 2.25653 108.674 
v -326.934 2.24307 108.958 
v -326.732 2.6054 108.98 
v -326.912 2.25557 109.241 
v -326.682 2.60046 109.154 
v -326.356 2.27475 109.276 
v -326.432 2.16871 109.177 
v -326.335 2.23611 109.057 
v -326.275 2.33247 109.182 
v -326.416 2.14972 108.891 
v -326.413 2.15322 108.786 
v -326.277 2.19309 108.829 
v -326.305 2.23446 108.929 
v -326.686 1.66855 108.889 
v -326.726 1.66896 108.887 
v -326.747 1.67784 108.673 
v -326.694 1.68273 108.663 
v -326.663 1.68229 109.168 
v -326.708 1.67401 109.18 
v -326.781 2.04687 109.305 
v -326.958 1.96847 109.23 
v -326.659 2.03325 109.214 
v -326.685 2.04375 108.904 
v -326.534 2.10677 108.895 
v -326.519 2.11299 109.208 
v -326.511 2.13015 108.596 
v -326.816 2.0651 108.589 
v -326.973 2.01568 108.662 
v -326.972 1.97996 108.948 
v -326.958 1.96847 109.23 
v -326.533 2.09422 108.68 
v -326.681 2.0419 108.648 
v -326.488 2.2135 109.331 
v -326.781 2.04687 109.305 
v -326.659 2.03325 109.214 
v -326.519 2.11299 109.208 
v -326.708 1.67401 109.18 
v -326.663 1.68229 109.168 
v -326.751 1.79276 109.238 
v -326.887 1.76854 109.204 
v -326.217 2.39242 108.832 
v -326.209 2.3787 108.955 
v -326.313 2.11293 108.754 
v -326.277 2.1358 108.634 
v -326.222 2.18564 108.692 
v -326.266 2.15709 108.789 
v -326.708 1.67401 109.18 
v -326.887 1.76854 109.204 
v -326.906 1.78354 108.917 
v -326.726 1.66896 108.887 
v -326.906 1.80484 108.675 
v -326.747 1.67784 108.673 
v -326.659 2.03325 109.214 
v -326.781 2.04687 109.305 
v -326.751 1.79276 109.238 
v -326.657 1.82484 109.177 
v -326.222 2.18564 108.692 
v -326.266 2.15709 108.789 
v -326.313 2.11293 108.754 
v -326.266 2.15709 108.789 
v -326.277 2.19309 108.829 
v -326.413 2.15322 108.786 
v -326.371 2.10839 108.605 
v -326.222 2.18564 108.692 
v -326.277 2.1358 108.634 
v -326.427 2.51465 109.252 
v -326.532 2.54706 109.28 
v -326.501 2.32663 109.33 
v -326.378 2.36489 109.283 
v -326.432 2.16871 109.177 
v -326.356 2.27475 109.276 
v -326.404 2.09389 108.716 
v -326.533 2.09422 108.68 
v -326.404 2.09389 108.716 
v -326.371 2.10839 108.605 
v -326.771 1.8113 108.62 
v -326.906 1.80484 108.675 
v -326.973 2.01568 108.662 
v -326.816 2.0651 108.589 
v -326.906 1.80484 108.675 
v -326.906 1.78354 108.917 
v -326.887 1.76854 109.204 
v -326.657 1.82484 109.177 
v -326.691 1.82767 108.898 
v -326.685 2.04375 108.904 
v -326.659 2.03325 109.214 
v -326.676 1.83937 108.67 
v -326.681 2.0419 108.648 
v -326.629 1.723 109.151 
v -326.657 1.70606 108.89 
v -326.646 1.71941 108.699 
v -326.694 1.68273 108.663 
v -326.747 1.67784 108.673 
v -326.681 2.0419 108.648 
v -326.676 1.83937 108.67 
v -326.771 1.8113 108.62 
v -326.816 2.0651 108.589 
v -326.646 1.71941 108.699 
v -326.694 1.68273 108.663 
v -326.646 1.71941 108.699 
v -326.657 1.70606 108.89 
v -326.686 1.66855 108.889 
v -326.694 1.68273 108.663 
v -326.629 1.723 109.151 
v -326.663 1.68229 109.168 
v -326.663 1.68229 109.168 
v -326.629 1.723 109.151 
v -326.922 2.25653 108.674 
v -326.775 2.23798 108.583 
v -326.679 2.60011 108.805 
v -326.625 2.57543 108.69 
v -326.488 2.2135 109.331 
v -326.356 2.27475 109.276 
v -326.356 2.27475 109.276 
v -326.275 2.33247 109.182 
v -326.275 2.33247 109.182 
v -326.511 2.13015 108.596 
v -326.533 2.09422 108.68 
v -326.681 2.0419 108.648 
v -326.816 2.0651 108.589 
v -326.511 2.13015 108.596 
v -326.533 2.09422 108.68 

vn 0.220472 0.0944882 -0.968504 
vn 0.661417 0.0393701 -0.748031 
vn 0.622047 0.15748 -0.76378 
vn 0.23622 0.251969 -0.937008 
vn -0.299213 0.92126 -0.23622 
vn -0.220472 0.937008 -0.259843 
vn 0.0314961 0.669291 -0.748031 
vn -0.0629921 0.566929 -0.818898 
vn 0.19685 -0.00787402 0.984252 
vn 0.307087 -0.133858 0.944882 
vn 0.519685 -0.0944882 0.850394 
vn 0.338583 -0.0472441 0.937008 
vn -0.133858 -0.992126 0 
vn -0.133858 -0.992126 0 
vn -0.133858 -0.992126 0 
vn -0.133858 -0.992126 0 
vn -0.566929 0.283465 -0.771654 
vn -0.527559 0.370079 -0.76378 
vn -0.84252 0.377953 -0.377953 
vn -0.874016 0.354331 -0.322835 
vn 0.84252 0.015748 -0.543307 
vn 0.80315 0.0944882 -0.582677 
vn 1 0 0 
vn 0.96063 0.267717 0.0629921 
vn 1 0.0708661 0.0314961 
vn 1 0 0 
vn 0.330709 0.0393701 0.944882 
vn 0.165354 0.015748 0.984252 
vn -0.937008 0.0708661 -0.354331 
vn -0.622047 0 -0.787402 
vn -0.582677 -0.125984 -0.80315 
vn -0.905512 -0.023622 -0.425197 
vn 0.141732 0.00787402 -0.992126 
vn 0.275591 0.0472441 -0.96063 
vn 0.448819 -0.204724 -0.866142 
vn 0.228346 -0.181102 -0.96063 
vn -0.220472 0.937008 0.267717 
vn -0.299213 0.92126 0.23622 
vn 1 0 0 
vn 0.96063 0.259843 -0.0629921 
vn 1 -0.0314961 0 
vn 0.968504 -0.0472441 0.244094 
vn 0.944882 -0.0314961 0.314961 
vn 1 -0.0314961 0 
vn -0.133858 -0.992126 0 
vn -0.133858 -0.992126 0 
vn -0.937008 0.0787402 0.338583 
vn -0.913386 0.188976 -0.346457 
vn -0.889764 0.275591 0.362205 
vn -0.944882 0.0708661 0.330709 
vn 0.0393701 0.645669 0.76378 
vn -0.0472441 0.559055 0.826772 
vn 1 0 0 
vn 1 0.0787402 -0.0314961 
vn 0.874016 -0.0629921 0.480315 
vn 0.811024 -0.023622 0.582677 
vn -0.133858 -0.992126 0 
vn -0.133858 -0.992126 0 
vn -0.614173 0.11811 0.779528 
vn -0.669291 0.19685 0.716535 
vn -0.598425 0.023622 0.80315 
vn 0.889764 0.448819 -0.0629921 
vn 0.889764 0.456693 0.0708661 
vn -0.370079 0.448819 -0.811024 
vn -0.590551 0.771654 -0.244094 
vn -0.590551 0.771654 0.244094 
vn -0.370079 0.448819 0.811024 
vn -0.188976 0.023622 0.984252 
vn -0.19685 0.0866142 0.976378 
vn -0.259843 -0.0314961 0.968504 
vn -0.23622 0.102362 0.968504 
vn 0.220472 0.00787402 0.976378 
vn 0.181102 -0.133858 0.976378 
vn -0.133858 -0.992126 0 
vn -0.133858 -0.992126 0 
vn -0.133858 -0.992126 0 
vn -0.133858 -0.992126 0 
vn -0.188976 -0.173228 -0.968504 
vn 0.188976 -0.19685 -0.96063 
vn -0.275591 -0.110236 -0.952756 
vn -0.212598 0.015748 -0.976378 
vn -0.653543 0.291339 -0.700787 
vn -0.874016 0.401575 -0.283465 
vn -0.874016 0.401575 0.283465 
vn -0.637795 0.314961 0.700787 
vn -0.598425 0.023622 0.80315 
vn -0.614173 0.11811 0.779528 
vn -0.582677 0.220472 0.779528 
vn -0.590551 0.19685 0.779528 
vn -0.133858 -0.992126 0 
vn -0.133858 -0.992126 0 
vn -0.133858 -0.992126 0 
vn -0.133858 -0.992126 0 
vn -0.582677 -0.125984 -0.80315 
vn -0.614173 0.015748 -0.787402 
vn -0.622047 0 -0.787402 
vn 0.629921 -0.220472 -0.748031 
vn 0.771654 -0.338583 -0.543307 
vn 0.818898 -0.19685 -0.535433 
vn 0.448819 -0.204724 -0.866142 
vn 0.937008 -0.23622 0.259843 
vn 0.952756 -0.133858 0.267717 
vn 0.984252 -0.15748 0 
vn 0.96063 -0.267717 0 
vn -0.897638 0.322835 0.314961 
vn 0.874016 -0.204724 0.448819 
vn 0.874016 -0.11811 0.480315 
vn -0.377953 0.00787402 0.929134 
vn -0.228346 0.19685 -0.952756 
vn 0.425197 -0.0314961 0.905512 
vn 0.362205 0 0.929134 
vn -0.88189 0.307087 0.354331 
vn -0.181102 0.330709 -0.92126 
vn -0.653543 0.291339 -0.700787 
vn -0.370079 0.448819 -0.811024 
vn -0.0629921 0.566929 -0.818898 
vn 0.0314961 0.669291 -0.748031 
vn 1 0 0 
vn 1 0 0 
vn 1 0 0 
vn 1 0 0 
vn 0.0393701 0.645669 0.76378 
vn -0.0472441 0.559055 0.826772 
vn -0.370079 0.448819 0.811024 
vn -0.637795 0.314961 0.700787 
vn -0.874016 0.401575 0.283465 
vn -0.874016 0.401575 -0.283465 
vn -0.543307 0.456693 0.708661 
vn -0.433071 0.188976 0.88189 
vn -0.259843 0.173228 0.952756 
vn -0.440945 0.346457 0.826772 
vn 0.582677 0.370079 0.716535 
vn 0.433071 0.299213 0.850394 
vn 0.496063 0.188976 0.850394 
vn 0.629921 0.220472 0.748031 
vn 0.905512 0.377953 0.212598 
vn 0.84252 0.496063 0.204724 
vn 0.826772 0.511811 0.244094 
vn 0.84252 0.535433 0.0314961 
vn 0.84252 0.511811 0.173228 
vn 0.858268 0.511811 0 
vn 0.574803 0.527559 -0.622047 
vn 0.543307 0.496063 -0.677165 
vn 0.574803 0.488189 -0.661417 
vn 0.377953 0.354331 -0.858268 
vn -0.00787402 0.299213 -0.952756 
vn 0.188976 0.385827 -0.905512 
vn 0.0866142 0.141732 -0.984252 
vn 0.023622 0.0866142 -1 
vn -0.834646 0.519685 -0.173228 
vn -0.92126 0.385827 -0.015748 
vn -0.937008 0.338583 0.00787402 
vn -0.850394 0.527559 -0.0472441 
vn -0.937008 0.338583 0.0866142 
vn -0.779528 0.582677 0.23622 
vn 0.637795 -0.716535 0.275591 
vn 0.598425 -0.779528 0.204724 
vn 0.708661 -0.692913 0.141732 
vn 0.740157 -0.653543 0.15748 
vn 0.401575 -0.913386 0.0866142 
vn 0.346457 -0.937008 0.00787402 
vn 0.787402 -0.496063 0.362205 
vn 0.724409 -0.637795 0.251969 
vn 0 -1 0.00787402 
vn 0 -1 0 
vn 0.0708661 -0.992126 -0.0629921 
vn 0.0787402 -0.992126 -0.0629921 
vn 0.165354 -0.984252 0.00787402 
vn 0.181102 -0.984252 0.00787402 
vn -0.307087 -0.0944882 0.944882 
vn -0.307087 -0.149606 0.937008 
vn 0.433071 -0.834646 0.346457 
vn 0.370079 -0.929134 -0.015748 
vn 0.393701 -0.92126 0.023622 
vn 0.527559 -0.811024 0.251969 
vn 0.0472441 -0.0314961 -1 
vn 0.0314961 -0.0393701 -1 
vn -1 -0.0472441 -0.015748 
vn -0.992126 -0.0944882 0.023622 
vn -0.992126 -0.0944882 0.0472441 
vn 0.370079 -0.929134 0.0393701 
vn 0.330709 -0.944882 0.015748 
vn 0.496063 -0.732283 0.456693 
vn 0.354331 -0.724409 0.590551 
vn 0.433071 -0.834646 0.346457 
vn 0.527559 -0.811024 0.251969 
vn 0.165354 -0.377953 0.905512 
vn 0.291339 -0.330709 0.897638 
vn -0.149606 -0.354331 0.92126 
vn -0.181102 -0.283465 0.944882 
vn 0.897638 -0.409449 0.149606 
vn 0.818898 -0.566929 0.015748 
vn 0.480315 -0.874016 -0.015748 
vn 0.448819 -0.889764 -0.023622 
vn 0.645669 -0.755906 0.0551181 
vn 0.653543 -0.748031 0.0787402 
vn -0.496063 -0.866142 0.00787402 
vn -0.472441 -0.88189 -0.015748 
vn -0.543307 -0.84252 0 
vn -0.535433 -0.84252 0.0314961 
vn -0.622047 -0.779528 -0.0708661 
vn -0.582677 -0.811024 -0.0314961 
vn 0.574803 -0.141732 0.80315 
vn 0.582677 -0.141732 0.80315 
vn 0.566929 -0.11811 0.818898 
vn 0.559055 -0.110236 0.818898 
vn 0.897638 -0.244094 0.370079 
vn 0.913386 -0.15748 0.370079 
vn -0.0314961 -0.716535 0.700787 
vn 0.173228 -0.708661 0.677165 
vn 0.0393701 -0.692913 0.724409 
vn -0.110236 -0.740157 0.661417 
vn 0.19685 0.0708661 -0.976378 
vn 0.582677 0.370079 -0.724409 
vn 0.425197 0.220472 -0.88189 
vn 0.433071 0.299213 0.850394 
vn -0.133858 0.204724 0.968504 
vn 0.133858 0.149606 0.976378 
vn 0.496063 0.188976 0.850394 
vn 0.598425 -0.779528 0.204724 
vn 0.637795 -0.716535 0.275591 
vn -0.149606 -0.76378 0.622047 
vn -0.173228 -0.76378 0.622047 
vn 0.110236 -0.976378 -0.165354 
vn 0.0944882 -0.992126 -0.102362 
vn -0.330709 -0.299213 -0.897638 
vn -0.354331 -0.244094 -0.905512 
vn -0.409449 -0.0472441 -0.913386 
vn -0.440945 0 -0.897638 
vn -0.952756 -0.307087 -0.0314961 
vn -0.944882 -0.322835 0.00787402 
vn -0.944882 -0.330709 0.0393701 
vn 0.984252 0.133858 -0.110236 
vn 0.992126 0.125984 -0.023622 
vn 1 -0.00787402 -0.0314961 
vn 1 0.023622 -0.0866142 
vn 0.992126 0.110236 0.0551181 
vn 1 0.023622 0.015748 
vn 0.952756 0.283465 -0.11811 
vn 0.96063 0.275591 -0.015748 
vn 0.96063 0.259843 0.0787402 
vn -0.133858 -0.385827 -0.913386 
vn -0.204724 -0.393701 -0.897638 
vn 0.417323 -0.0551181 -0.905512 
vn 0.496063 -0.0551181 -0.866142 
vn 0.456693 -0.0472441 -0.889764 
vn 0.393701 -0.0472441 -0.92126 
vn 0.614173 -0.0314961 -0.787402 
vn 0.551181 -0.023622 -0.834646 
vn 0.653543 -0.748031 -0.0629921 
vn 0.787402 -0.614173 -0.023622 
vn 0.771654 -0.629921 -0.023622 
vn 0.637795 -0.76378 -0.0708661 
vn 0.76378 -0.645669 -0.0314961 
vn 0.76378 -0.645669 -0.0314961 
vn 0.535433 -0.0787402 0.84252 
vn 0.519685 -0.0787402 0.850394 
vn -0.456693 0.322835 -0.826772 
vn -0.496063 0.346457 -0.795276 
vn -0.661417 0.511811 -0.543307 
vn -0.748031 0.480315 -0.456693 
vn 0.141732 0 0.992126 
vn 0.527559 0.0708661 0.84252 
vn 0.527559 0.0708661 0.84252 
vn 0.708661 0.0629921 0.700787 
vn 0.92126 0.307087 0.228346 
vn 0.133858 -0.929134 -0.346457 
vn 0.244094 -0.913386 -0.330709 
vn 0.212598 -0.76378 -0.614173 
vn 0.173228 -0.716535 -0.677165 
vn 0.133858 -0.929134 -0.346457 
vn 0.244094 -0.913386 -0.330709 

vt 0.348455 0.833981 
vt 0.348967 0.875042 
vt 0.316714 0.875042 
vt 0.316714 0.839268 
vt 0.158961 0.12496 
vt 0.147005 0.124466 
vt 0.147005 0.08963 
vt 0.15965 0.08963 
vt 0.376233 0.533826 
vt 0.354285 0.536741 
vt 0.35444 0.500684 
vt 0.380167 0.500684 
vt 0.609776 0.358854 
vt 0.609776 0.32686 
vt 0.62399 0.3269 
vt 0.626097 0.358854 
vt 0.347474 0.750062 
vt 0.316714 0.750062 
vt 0.316714 0.716886 
vt 0.346645 0.697695 
vt 0.348431 0.920816 
vt 0.316714 0.900877 
vt 0.396136 0.901342 
vt 0.377115 0.904099 
vt 0.380284 0.875042 
vt 0.396243 0.875042 
vt 0.395572 0.500684 
vt 0.390955 0.542915 
vt 0.378539 0.717067 
vt 0.379499 0.750062 
vt 0.366613 0.750062 
vt 0.365952 0.71599 
vt 0.391459 0.828308 
vt 0.395978 0.875042 
vt 0.380365 0.875042 
vt 0.376374 0.839947 
vt 0.147005 0.180622 
vt 0.159049 0.179779 
vt 0.396002 0.971541 
vt 0.377227 0.969293 
vt 0.348431 0.920816 
vt 0.348698 0.975235 
vt 0.316714 0.975223 
vt 0.316714 0.900877 
vt 0.609776 0.266069 
vt 0.62402 0.26611 
vt 0.365724 0.648546 
vt 0.352194 0.700245 
vt 0.352438 0.642721 
vt 0.378545 0.650943 
vt 0.147005 0.214134 
vt 0.160008 0.214134 
vt 0.395972 0.999797 
vt 0.380336 0.999797 
vt 0.348655 0.999797 
vt 0.316714 0.999797 
vt 0.609776 0.234516 
vt 0.626159 0.234516 
vt 0.36709 0.624466 
vt 0.353294 0.624466 
vt 0.379941 0.624466 
vt 0.3726 0.969105 
vt 0.372734 0.904319 
vt 0.177658 0.08963 
vt 0.181064 0.124835 
vt 0.180763 0.177621 
vt 0.178137 0.214134 
vt 0.385394 0.575224 
vt 0.371242 0.568042 
vt 0.348455 0.568635 
vt 0.316714 0.574626 
vt 0.316714 0.536273 
vt 0.348459 0.540118 
vt 0.63953 0.234516 
vt 0.643501 0.266166 
vt 0.643471 0.326957 
vt 0.639468 0.358854 
vt 0.371239 0.795377 
vt 0.354108 0.83288 
vt 0.353317 0.789216 
vt 0.386095 0.783542 
vt 0.193176 0.08963 
vt 0.193176 0.123455 
vt 0.193176 0.178833 
vt 0.193176 0.214134 
vt 0.380015 0.624466 
vt 0.367469 0.624466 
vt 0.347895 0.624466 
vt 0.316714 0.624466 
vt 0.656528 0.234516 
vt 0.656528 0.266204 
vt 0.656528 0.326994 
vt 0.656528 0.358854 
vt 0.367608 0.750062 
vt 0.352745 0.750062 
vt 0.380196 0.750062 
vt 0.35439 0.875042 
vt 0.372734 0.904319 
vt 0.354066 0.918573 
vt 0.380284 0.875042 
vt 0.3726 0.969105 
vt 0.354625 0.977109 
vt 0.354066 0.918573 
vt 0.372734 0.904319 
vt 0.347245 0.644783 
vt 0.380336 0.999797 
vt 0.35444 0.999797 
vt 0.354047 0.5699 
vt 0.347814 0.787165 
vt 0.316714 0.500684 
vt 0.348655 0.500684 
vt 0.316714 0.64292 
vt 0.316714 0.784502 
vt 0.389573 0.750062 
vt 0.396019 0.771555 
vt 0.401879 0.817106 
vt 0.405293 0.875042 
vt 0.405293 0.875042 
vt 0.410468 0.903469 
vt 0.410468 0.970166 
vt 0.404684 0.999797 
vt 0.404684 0.500684 
vt 0.401318 0.550938 
vt 0.395152 0.583386 
vt 0.389573 0.624466 
vt 0.389075 0.652968 
vt 0.388679 0.717332 
vt 0.64924 0.259667 
vt 0.635561 0.259672 
vt 0.63874 0.251854 
vt 0.64922 0.253147 
vt 0.646982 0.292242 
vt 0.646973 0.297418 
vt 0.642559 0.294355 
vt 0.644845 0.290144 
vt 0.644845 0.290144 
vt 0.64825 0.280967 
vt 0.646982 0.292242 
vt 0.649859 0.274936 
vt 0.64592 0.278954 
vt 0.647092 0.273952 
vt 0.649121 0.343419 
vt 0.652163 0.353882 
vt 0.649992 0.356272 
vt 0.643196 0.347454 
vt 0.647599 0.333303 
vt 0.647961 0.338293 
vt 0.639844 0.345043 
vt 0.635432 0.334242 
vt 0.612566 0.303836 
vt 0.626355 0.299879 
vt 0.626566 0.312375 
vt 0.613125 0.313116 
vt 0.625843 0.324819 
vt 0.612368 0.322303 
vt 0.639841 0.292265 
vt 0.635617 0.287795 
vt 0.63941 0.282419 
vt 0.642803 0.288083 
vt 0.635456 0.274941 
vt 0.635239 0.270381 
vt 0.64031 0.271165 
vt 0.640363 0.276495 
vt 0.61259 0.280554 
vt 0.611237 0.280746 
vt 0.611203 0.290518 
vt 0.613046 0.290757 
vt 0.612784 0.26789 
vt 0.611203 0.267511 
vt 0.631746 0.248925 
vt 0.626708 0.255438 
vt 0.627882 0.289948 
vt 0.626849 0.276474 
vt 0.631311 0.275684 
vt 0.632279 0.289407 
vt 0.635486 0.346657 
vt 0.630242 0.336154 
vt 0.634041 0.299653 
vt 0.634889 0.312263 
vt 0.635026 0.324628 
vt 0.630451 0.266227 
vt 0.626032 0.265387 
vt 0.640156 0.241639 
vt 0.631746 0.248925 
vt 0.632111 0.241987 
vt 0.635741 0.238423 
vt 0.620441 0.240425 
vt 0.621045 0.238441 
vt 0.624155 0.244097 
vt 0.621647 0.249409 
vt 0.647092 0.273952 
vt 0.64592 0.278954 
vt 0.637844 0.267181 
vt 0.638506 0.261813 
vt 0.641344 0.264083 
vt 0.639909 0.268624 
vt 0.648428 0.323059 
vt 0.641681 0.323831 
vt 0.641312 0.311212 
vt 0.648335 0.310101 
vt 0.640948 0.300561 
vt 0.647709 0.300605 
vt 0.632111 0.241987 
vt 0.631746 0.248925 
vt 0.624155 0.244097 
vt 0.625819 0.239401 
vt 0.642408 0.265024 
vt 0.639909 0.268624 
vt 0.637844 0.267181 
vt 0.639909 0.268624 
vt 0.64031 0.271165 
vt 0.635239 0.270381 
vt 0.636727 0.35275 
vt 0.641747 0.358064 
vt 0.638938 0.35617 
vt 0.65011 0.243274 
vt 0.64963 0.249107 
vt 0.643327 0.243927 
vt 0.646069 0.239266 
vt 0.63832 0.234965 
vt 0.64357 0.236868 
vt 0.634826 0.266344 
vt 0.630451 0.266227 
vt 0.634826 0.266344 
vt 0.635155 0.261326 
vt 0.623053 0.341034 
vt 0.621152 0.335246 
vt 0.626695 0.329742 
vt 0.630242 0.336154 
vt 0.640948 0.300561 
vt 0.641312 0.311212 
vt 0.641681 0.323831 
vt 0.621302 0.289461 
vt 0.620334 0.277218 
vt 0.626849 0.276474 
vt 0.627882 0.289948 
vt 0.619846 0.267211 
vt 0.626032 0.265387 
vt 0.617713 0.288985 
vt 0.6162 0.277549 
vt 0.615857 0.269042 
vt 0.619451 0.345747 
vt 0.618741 0.343554 
vt 0.630605 0.342787 
vt 0.624637 0.34536 
vt 0.623053 0.341034 
vt 0.630242 0.336154 
vt 0.62099 0.348053 
vt 0.619451 0.345747 
vt 0.615046 0.28899 
vt 0.614186 0.28035 
vt 0.61259 0.280554 
vt 0.613046 0.290757 
vt 0.614617 0.26849 
vt 0.612784 0.26789 
vt 0.621045 0.238441 
vt 0.622597 0.237045 
vt 0.63408 0.326848 
vt 0.635432 0.334242 
vt 0.64817 0.326747 
vt 0.647599 0.333303 
vt 0.640156 0.241639 
vt 0.64357 0.236868 
vt 0.639841 0.292265 
vt 0.642803 0.288083 
vt 0.642803 0.288083 
vt 0.630443 0.26209 
vt 0.630451 0.266227 
vt 0.630605 0.342787 
vt 0.630242 0.336154 
vt 0.635486 0.346657 
vt 0.632572 0.348035 

usemtl Androeofficial1Mtl

f 4673/4673/4673 4674/4674/4674 4675/4675/4675 
f 4675/4675/4675 4676/4676/4676 4673/4673/4673 
f 4677/4677/4677 4678/4678/4678 4679/4679/4679 
f 4679/4679/4679 4680/4680/4680 4677/4677/4677 
f 4681/4681/4681 4682/4682/4682 4683/4683/4683 
f 4683/4683/4683 4684/4684/4684 4681/4681/4681 
f 4685/4685/4685 4686/4686/4686 4687/4687/4687 
f 4687/4687/4687 4688/4688/4688 4685/4685/4685 
f 4689/4689/4689 4690/4690/4690 4691/4691/4691 
f 4691/4691/4691 4692/4692/4692 4689/4689/4689 
f 4674/4674/4674 4693/4693/4693 4694/4694/4694 
f 4694/4694/4694 4675/4675/4675 4674/4674/4674 
f 4695/4695/4695 4696/4696/4696 4697/4697/4697 
f 4697/4697/4697 4698/4698/4698 4695/4695/4695 
f 4684/4684/4684 4699/4699/4699 4700/4700/4700 
f 4700/4700/4700 4681/4681/4681 4684/4684/4684 
f 4701/4701/4701 4702/4702/4702 4703/4703/4703 
f 4703/4703/4703 4704/4704/4704 4701/4701/4701 
f 4705/4705/4705 4706/4706/4706 4707/4707/4707 
f 4707/4707/4707 4708/4708/4708 4705/4705/4705 
f 4709/4709/4709 4678/4678/4678 4677/4677/4677 
f 4677/4677/4677 4710/4710/4710 4709/4709/4709 
f 4695/4695/4695 4711/4711/4711 4712/4712/4712 
f 4712/4712/4712 4696/4696/4696 4695/4695/4695 
f 4713/4713/4713 4714/4714/4714 4715/4715/4715 
f 4715/4715/4715 4716/4716/4716 4713/4713/4713 
f 4686/4686/4686 4717/4717/4717 4718/4718/4718 
f 4718/4718/4718 4687/4687/4687 4686/4686/4686 
f 4719/4719/4719 4704/4704/4704 4720/4720/4720 
f 4720/4720/4720 4721/4721/4721 4719/4719/4719 
f 4722/4722/4722 4701/4701/4701 4704/4704/4704 
f 4704/4704/4704 4719/4719/4719 4722/4722/4722 
f 4723/4723/4723 4709/4709/4709 4710/4710/4710 
f 4710/4710/4710 4724/4724/4724 4723/4723/4723 
f 4711/4711/4711 4725/4725/4725 4726/4726/4726 
f 4726/4726/4726 4712/4712/4712 4711/4711/4711 
f 4714/4714/4714 4727/4727/4727 4728/4728/4728 
f 4728/4728/4728 4715/4715/4715 4714/4714/4714 
f 4718/4718/4718 4717/4717/4717 4729/4729/4729 
f 4729/4729/4729 4730/4730/4730 4718/4718/4718 
f 4731/4731/4731 4719/4719/4719 4721/4721/4721 
f 4721/4721/4721 4732/4732/4732 4731/4731/4731 
f 4731/4731/4731 4733/4733/4733 4722/4722/4722 
f 4722/4722/4722 4719/4719/4719 4731/4731/4731 
f 4726/4726/4726 4734/4734/4734 4712/4712/4712 
f 4712/4712/4712 4734/4734/4734 4735/4735/4735 
f 4735/4735/4735 4696/4696/4696 4712/4712/4712 
f 4735/4735/4735 4697/4697/4697 4696/4696/4696 
f 4677/4677/4677 4680/4680/4680 4736/4736/4736 
f 4736/4736/4736 4737/4737/4737 4677/4677/4677 
f 4738/4738/4738 4710/4710/4710 4677/4677/4677 
f 4677/4677/4677 4737/4737/4737 4738/4738/4738 
f 4739/4739/4739 4724/4724/4724 4710/4710/4710 
f 4710/4710/4710 4738/4738/4738 4739/4739/4739 
f 4740/4740/4740 4741/4741/4741 4681/4681/4681 
f 4681/4681/4681 4700/4700/4700 4740/4740/4740 
f 4742/4742/4742 4743/4743/4743 4744/4744/4744 
f 4744/4744/4744 4745/4745/4745 4742/4742/4742 
f 4746/4746/4746 4747/4747/4747 4718/4718/4718 
f 4718/4718/4718 4730/4730/4730 4746/4746/4746 
f 4748/4748/4748 4687/4687/4687 4718/4718/4718 
f 4718/4718/4718 4747/4747/4747 4748/4748/4748 
f 4749/4749/4749 4688/4688/4688 4687/4687/4687 
f 4687/4687/4687 4748/4748/4748 4749/4749/4749 
f 4750/4750/4750 4708/4708/4708 4751/4751/4751 
f 4751/4751/4751 4752/4752/4752 4750/4750/4750 
f 4753/4753/4753 4705/4705/4705 4708/4708/4708 
f 4708/4708/4708 4750/4750/4750 4753/4753/4753 
f 4737/4737/4737 4736/4736/4736 4754/4754/4754 
f 4754/4754/4754 4755/4755/4755 4737/4737/4737 
f 4756/4756/4756 4738/4738/4738 4737/4737/4737 
f 4737/4737/4737 4755/4755/4755 4756/4756/4756 
f 4757/4757/4757 4739/4739/4739 4738/4738/4738 
f 4738/4738/4738 4756/4756/4756 4757/4757/4757 
f 4758/4758/4758 4759/4759/4759 4741/4741/4741 
f 4741/4741/4741 4740/4740/4740 4758/4758/4758 
f 4760/4760/4760 4761/4761/4761 4743/4743/4743 
f 4743/4743/4743 4742/4742/4742 4760/4760/4760 
f 4762/4762/4762 4763/4763/4763 4747/4747/4747 
f 4747/4747/4747 4746/4746/4746 4762/4762/4762 
f 4764/4764/4764 4748/4748/4748 4747/4747/4747 
f 4747/4747/4747 4763/4763/4763 4764/4764/4764 
f 4765/4765/4765 4749/4749/4749 4748/4748/4748 
f 4748/4748/4748 4764/4764/4764 4765/4765/4765 
f 4766/4766/4766 4750/4750/4750 4752/4752/4752 
f 4752/4752/4752 4767/4767/4767 4766/4766/4766 
f 4768/4768/4768 4753/4753/4753 4750/4750/4750 
f 4750/4750/4750 4766/4766/4766 4768/4768/4768 
f 4708/4708/4708 4707/4707/4707 4769/4769/4769 
f 4769/4769/4769 4751/4751/4751 4708/4708/4708 
f 4683/4683/4683 4682/4682/4682 4745/4745/4745 
f 4704/4704/4704 4703/4703/4703 4767/4767/4767 
f 4767/4767/4767 4720/4720/4720 4704/4704/4704 
f 4770/4770/4770 4771/4771/4771 4769/4769/4769 
f 4769/4769/4769 4772/4772/4772 4770/4770/4770 
f 4773/4773/4773 4774/4774/4774 4775/4775/4775 
f 4775/4775/4775 4776/4776/4776 4773/4773/4773 
f 4777/4777/4777 4721/4721/4721 4720/4720/4720 
f 4720/4720/4720 4692/4692/4692 4777/4777/4777 
f 4773/4773/4773 4778/4778/4778 4779/4779/4779 
f 4779/4779/4779 4774/4774/4774 4773/4773/4773 
f 4760/4760/4760 4732/4732/4732 4721/4721/4721 
f 4721/4721/4721 4777/4777/4777 4760/4760/4760 
f 4741/4741/4741 4780/4780/4780 4682/4682/4682 
f 4682/4682/4682 4681/4681/4681 4741/4741/4741 
f 4673/4673/4673 4781/4781/4781 4752/4752/4752 
f 4752/4752/4752 4751/4751/4751 4673/4673/4673 
f 4759/4759/4759 4732/4732/4732 4780/4780/4780 
f 4780/4780/4780 4741/4741/4741 4759/4759/4759 
f 4781/4781/4781 4689/4689/4689 4767/4767/4767 
f 4767/4767/4767 4752/4752/4752 4781/4781/4781 
f 4769/4769/4769 4674/4674/4674 4673/4673/4673 
f 4673/4673/4673 4751/4751/4751 4769/4769/4769 
f 4720/4720/4720 4767/4767/4767 4689/4689/4689 
f 4689/4689/4689 4692/4692/4692 4720/4720/4720 
f 4771/4771/4771 4693/4693/4693 4674/4674/4674 
f 4674/4674/4674 4769/4769/4769 4771/4771/4771 
f 4774/4774/4774 4714/4714/4714 4713/4713/4713 
f 4713/4713/4713 4775/4775/4775 4774/4774/4774 
f 4774/4774/4774 4779/4779/4779 4727/4727/4727 
f 4727/4727/4727 4714/4714/4714 4774/4774/4774 
f 4780/4780/4780 4742/4742/4742 4745/4745/4745 
f 4745/4745/4745 4682/4682/4682 4780/4780/4780 
f 4732/4732/4732 4742/4742/4742 4780/4780/4780 
f 4744/4744/4744 4782/4782/4782 4783/4783/4783 
f 4783/4783/4783 4745/4745/4745 4744/4744/4744 
f 4784/4784/4784 4777/4777/4777 4692/4692/4692 
f 4692/4692/4692 4691/4691/4691 4784/4784/4784 
f 4761/4761/4761 4760/4760/4760 4777/4777/4777 
f 4777/4777/4777 4784/4784/4784 4761/4761/4761 
f 4676/4676/4676 4785/4785/4785 4781/4781/4781 
f 4781/4781/4781 4673/4673/4673 4676/4676/4676 
f 4690/4690/4690 4689/4689/4689 4781/4781/4781 
f 4781/4781/4781 4785/4785/4785 4690/4690/4690 
f 4760/4760/4760 4742/4742/4742 4732/4732/4732 
f 4683/4683/4683 4745/4745/4745 4783/4783/4783 
f 4786/4786/4786 4787/4787/4787 4753/4753/4753 
f 4753/4753/4753 4768/4768/4768 4786/4786/4786 
f 4787/4787/4787 4788/4788/4788 4705/4705/4705 
f 4705/4705/4705 4753/4753/4753 4787/4787/4787 
f 4788/4788/4788 4789/4789/4789 4706/4706/4706 
f 4706/4706/4706 4705/4705/4705 4788/4788/4788 
f 4790/4790/4790 4791/4791/4791 4695/4695/4695 
f 4695/4695/4695 4698/4698/4698 4790/4790/4790 
f 4792/4792/4792 4711/4711/4711 4695/4695/4695 
f 4695/4695/4695 4791/4791/4791 4792/4792/4792 
f 4793/4793/4793 4725/4725/4725 4711/4711/4711 
f 4711/4711/4711 4792/4792/4792 4793/4793/4793 
f 4699/4699/4699 4794/4794/4794 4795/4795/4795 
f 4795/4795/4795 4700/4700/4700 4699/4699/4699 
f 4796/4796/4796 4740/4740/4740 4700/4700/4700 
f 4700/4700/4700 4795/4795/4795 4796/4796/4796 
f 4797/4797/4797 4758/4758/4758 4740/4740/4740 
f 4740/4740/4740 4796/4796/4796 4797/4797/4797 
f 4733/4733/4733 4797/4797/4797 4798/4798/4798 
f 4798/4798/4798 4722/4722/4722 4733/4733/4733 
f 4798/4798/4798 4799/4799/4799 4701/4701/4701 
f 4701/4701/4701 4722/4722/4722 4798/4798/4798 
f 4799/4799/4799 4786/4786/4786 4702/4702/4702 
f 4702/4702/4702 4701/4701/4701 4799/4799/4799 
f 4800/4800/4800 4801/4801/4801 4802/4802/4802 
f 4802/4802/4802 4803/4803/4803 4800/4800/4800 
f 4804/4804/4804 4805/4805/4805 4806/4806/4806 
f 4806/4806/4806 4807/4807/4807 4804/4804/4804 
f 4808/4808/4808 4809/4809/4809 4810/4810/4810 
f 4811/4811/4811 4809/4809/4809 4812/4812/4812 
f 4812/4812/4812 4813/4813/4813 4811/4811/4811 
f 4814/4814/4814 4815/4815/4815 4816/4816/4816 
f 4816/4816/4816 4817/4817/4817 4814/4814/4814 
f 4818/4818/4818 4819/4819/4819 4820/4820/4820 
f 4820/4820/4820 4821/4821/4821 4818/4818/4818 
f 4822/4822/4822 4823/4823/4823 4824/4824/4824 
f 4824/4824/4824 4825/4825/4825 4822/4822/4822 
f 4825/4825/4825 4824/4824/4824 4826/4826/4826 
f 4826/4826/4826 4827/4827/4827 4825/4825/4825 
f 4828/4828/4828 4829/4829/4829 4830/4830/4830 
f 4830/4830/4830 4831/4831/4831 4828/4828/4828 
f 4832/4832/4832 4833/4833/4833 4834/4834/4834 
f 4834/4834/4834 4835/4835/4835 4832/4832/4832 
f 4836/4836/4836 4837/4837/4837 4838/4838/4838 
f 4838/4838/4838 4839/4839/4839 4836/4836/4836 
f 4840/4840/4840 4841/4841/4841 4837/4837/4837 
f 4837/4837/4837 4836/4836/4836 4840/4840/4840 
f 4842/4842/4842 4802/4802/4802 4801/4801/4801 
f 4801/4801/4801 4843/4843/4843 4842/4842/4842 
f 4844/4844/4844 4845/4845/4845 4846/4846/4846 
f 4846/4846/4846 4847/4847/4847 4844/4844/4844 
f 4848/4848/4848 4849/4849/4849 4821/4821/4821 
f 4821/4821/4821 4820/4820/4820 4848/4848/4848 
f 4850/4850/4850 4851/4851/4851 4824/4824/4824 
f 4824/4824/4824 4823/4823/4823 4850/4850/4850 
f 4852/4852/4852 4826/4826/4826 4824/4824/4824 
f 4824/4824/4824 4851/4851/4851 4852/4852/4852 
f 4853/4853/4853 4846/4846/4846 4845/4845/4845 
f 4845/4845/4845 4854/4854/4854 4853/4853/4853 
f 4855/4855/4855 4856/4856/4856 4857/4857/4857 
f 4857/4857/4857 4858/4858/4858 4855/4855/4855 
f 4859/4859/4859 4860/4860/4860 4861/4861/4861 
f 4861/4861/4861 4862/4862/4862 4859/4859/4859 
f 4830/4830/4830 4829/4829/4829 4832/4832/4832 
f 4832/4832/4832 4835/4835/4835 4830/4830/4830 
f 4863/4863/4863 4864/4864/4864 4835/4835/4835 
f 4835/4835/4835 4834/4834/4834 4863/4863/4863 
f 4830/4830/4830 4835/4835/4835 4864/4864/4864 
f 4864/4864/4864 4831/4831/4831 4830/4830/4830 
f 4865/4865/4865 4866/4866/4866 4867/4867/4867 
f 4867/4867/4867 4868/4868/4868 4865/4865/4865 
f 4869/4869/4869 4870/4870/4870 4871/4871/4871 
f 4871/4871/4871 4872/4872/4872 4869/4869/4869 
f 4871/4871/4871 4873/4873/4873 4874/4874/4874 
f 4874/4874/4874 4872/4872/4872 4871/4871/4871 
f 4875/4875/4875 4876/4876/4876 4877/4877/4877 
f 4877/4877/4877 4878/4878/4878 4875/4875/4875 
f 4879/4879/4879 4863/4863/4863 4834/4834/4834 
f 4834/4834/4834 4880/4880/4880 4879/4879/4879 
f 4881/4881/4881 4882/4882/4882 4883/4883/4883 
f 4883/4883/4883 4884/4884/4884 4881/4881/4881 
f 4885/4885/4885 4848/4848/4848 4820/4820/4820 
f 4886/4886/4886 4887/4887/4887 4817/4817/4817 
f 4817/4817/4817 4816/4816/4816 4886/4886/4886 
f 4888/4888/4888 4889/4889/4889 4890/4890/4890 
f 4890/4890/4890 4891/4891/4891 4888/4888/4888 
f 4855/4855/4855 4858/4858/4858 4892/4892/4892 
f 4892/4892/4892 4893/4893/4893 4855/4855/4855 
f 4829/4829/4829 4847/4847/4847 4846/4846/4846 
f 4846/4846/4846 4832/4832/4832 4829/4829/4829 
f 4846/4846/4846 4853/4853/4853 4833/4833/4833 
f 4833/4833/4833 4832/4832/4832 4846/4846/4846 
f 4894/4894/4894 4881/4881/4881 4884/4884/4884 
f 4884/4884/4884 4895/4895/4895 4894/4894/4894 
f 4896/4896/4896 4897/4897/4897 4866/4866/4866 
f 4866/4866/4866 4865/4865/4865 4896/4896/4896 
f 4885/4885/4885 4820/4820/4820 4817/4817/4817 
f 4817/4817/4817 4887/4887/4887 4885/4885/4885 
f 4819/4819/4819 4814/4814/4814 4817/4817/4817 
f 4817/4817/4817 4820/4820/4820 4819/4819/4819 
f 4898/4898/4898 4899/4899/4899 4900/4900/4900 
f 4900/4900/4900 4901/4901/4901 4898/4898/4898 
f 4902/4902/4902 4903/4903/4903 4851/4851/4851 
f 4851/4851/4851 4850/4850/4850 4902/4902/4902 
f 4904/4904/4904 4852/4852/4852 4851/4851/4851 
f 4851/4851/4851 4903/4903/4903 4904/4904/4904 
f 4861/4861/4861 4842/4842/4842 4843/4843/4843 
f 4843/4843/4843 4862/4862/4862 4861/4861/4861 
f 4905/4905/4905 4906/4906/4906 4907/4907/4907 
f 4907/4907/4907 4908/4908/4908 4905/4905/4905 
f 4909/4909/4909 4910/4910/4910 4907/4907/4907 
f 4907/4907/4907 4906/4906/4906 4909/4909/4909 
f 4911/4911/4911 4912/4912/4912 4906/4906/4906 
f 4906/4906/4906 4905/4905/4905 4911/4911/4911 
f 4913/4913/4913 4909/4909/4909 4906/4906/4906 
f 4906/4906/4906 4912/4912/4912 4913/4913/4913 
f 4898/4898/4898 4914/4914/4914 4915/4915/4915 
f 4915/4915/4915 4899/4899/4899 4898/4898/4898 
f 4916/4916/4916 4917/4917/4917 4918/4918/4918 
f 4918/4918/4918 4919/4919/4919 4916/4916/4916 
f 4917/4917/4917 4920/4920/4920 4921/4921/4921 
f 4921/4921/4921 4918/4918/4918 4917/4917/4917 
f 4922/4922/4922 4923/4923/4923 4924/4924/4924 
f 4924/4924/4924 4925/4925/4925 4922/4922/4922 
f 4926/4926/4926 4927/4927/4927 4924/4924/4924 
f 4924/4924/4924 4923/4923/4923 4926/4926/4926 
f 4878/4878/4878 4877/4877/4877 4928/4928/4928 
f 4928/4928/4928 4929/4929/4929 4878/4878/4878 
f 4930/4930/4930 4931/4931/4931 4901/4901/4901 
f 4901/4901/4901 4900/4900/4900 4930/4930/4930 
f 4932/4932/4932 4933/4933/4933 4931/4931/4931 
f 4931/4931/4931 4930/4930/4930 4932/4932/4932 
f 4803/4803/4803 4802/4802/4802 4890/4890/4890 
f 4890/4890/4890 4889/4889/4889 4803/4803/4803 
f 4802/4802/4802 4842/4842/4842 4934/4934/4934 
f 4934/4934/4934 4890/4890/4890 4802/4802/4802 
f 4890/4890/4890 4934/4934/4934 4935/4935/4935 
f 4935/4935/4935 4891/4891/4891 4890/4890/4890 
f 4806/4806/4806 4936/4936/4936 4937/4937/4937 
f 4937/4937/4937 4807/4807/4807 4806/4806/4806 
f 4809/4809/4809 4808/4808/4808 4938/4938/4938 
f 4938/4938/4938 4812/4812/4812 4809/4809/4809 
f 4939/4939/4939 4897/4897/4897 4896/4896/4896 
f 4896/4896/4896 4940/4940/4940 4939/4939/4939 
f 4941/4941/4941 4942/4942/4942 4943/4943/4943 
f 4943/4943/4943 4944/4944/4944 4941/4941/4941 

g Androeofficial5

v -324.441 2.45654 108.765 
v -324.339 2.24296 108.765 
v -324.44 2.21718 108.578 
v -324.549 2.4569 108.6 
v -324.736 2.45735 108.461 
v -324.723 2.1936 108.471 
v -325.104 2.17957 108.416 
v -325.104 2.45735 108.406 
v -325.104 3.91268 108.396 
v -325.104 4.01925 108.531 
v -324.713 4.01925 108.626 
v -324.6 3.91268 108.451 
v -324.748 2.45492 109.309 
v -325.104 2.45492 109.309 
v -325.104 2.28006 109.36 
v -324.722 2.28006 109.36 
v -325.104 2.01432 108.678 
v -325.104 2.01432 108.403 
v -324.722 2.01432 108.458 
v -324.722 2.01432 108.678 
v -324.59 3.76027 109.444 
v -325.104 3.76027 109.444 
v -325.104 3.56754 109.447 
v -324.577 3.56754 109.447 
v -324.104 3.63548 108.783 
v -324.104 3.24487 108.784 
v -324.104 3.35928 108.636 
v -324.104 3.67098 108.608 
v -324.59 3.66935 108.406 
v -324.577 3.36168 108.39 
v -325.104 3.36168 108.335 
v -325.104 3.66935 108.351 
v -325.104 2.87885 109.317 
v -324.722 2.87885 109.317 
v -324.403 2.91774 108.764 
v -324.535 2.9467 108.613 
v -324.104 3.35928 108.636 
v -324.104 3.24487 108.784 
v -324.722 2.98315 108.475 
v -325.104 2.98315 108.42 
v -324.104 3.9444 108.782 
v -324.104 3.85341 108.636 
v -324.104 3.67098 109.284 
v -324.104 3.35928 109.266 
v -324.483 2.82235 109.176 
v -324.531 2.45536 109.166 
v -324.413 2.2615 109.217 
v -324.407 2.01432 108.559 
v -324.277 2.01432 108.771 
v -324.104 3.67098 108.608 
v -325.104 2.01432 109.177 
v -324.722 2.01432 109.177 
v -324.277 2.01432 109.086 
v -324.459 2.45573 109.023 
v -324.337 2.24634 109.061 
v -324.403 2.85208 109.024 
v -324.104 3.24487 109.12 
v -324.104 3.63548 109.117 
v -324.104 3.24487 109.12 
v -324.713 4.01925 108.626 
v -324.713 4.01925 109.27 
v -324.104 3.9444 109.115 
v -324.104 3.9444 108.782 
v -324.713 4.01925 108.626 
v -325.104 4.01925 108.531 
v -325.104 4.01925 109.309 
v -324.713 4.01925 109.27 
v -325.104 2.01432 109.403 
v -324.722 2.01432 109.403 
v -324.344 2.01432 109.252 
v -324.413 2.2615 109.217 
v -324.531 2.45536 109.166 
v -324.483 2.82235 109.176 
v -324.104 3.35928 109.266 
v -324.104 3.35928 109.266 
v -324.104 3.67098 109.284 
v -324.104 3.9444 109.115 
v -324.713 4.01925 109.27 
v -324.6 3.91268 109.416 
v -324.104 3.85341 109.266 
v -325.104 4.01925 109.309 
v -325.104 3.91268 109.416 
v -324.722 2.01432 108.458 
v -325.104 2.01432 108.403 
v -324.407 2.01432 108.559 
v -324.277 2.01432 108.771 
v -324.277 2.01432 109.086 
v -324.344 2.01432 109.252 
v -324.722 2.01432 109.403 
v -324.344 2.01432 109.252 
v -325.104 2.01432 109.403 
v -324.104 3.9444 109.115 
v -324.104 3.85341 109.266 
v -324.104 3.9444 108.782 
v -324.104 3.85341 108.636 
v -325.768 2.45654 108.765 
v -325.66 2.4569 108.6 
v -325.769 2.21718 108.578 
v -325.87 2.24296 108.765 
v -325.473 2.45735 108.461 
v -325.486 2.1936 108.471 
v -325.496 4.01925 108.626 
v -325.608 3.91268 108.451 
v -325.461 2.45492 109.309 
v -325.487 2.28006 109.36 
v -325.487 2.01432 108.458 
v -325.487 2.01432 108.678 
v -325.619 3.76027 109.444 
v -325.632 3.56754 109.447 
v -326.104 3.63548 108.783 
v -326.104 3.67098 108.608 
v -326.104 3.35928 108.636 
v -326.104 3.24487 108.784 
v -325.619 3.66935 108.406 
v -325.632 3.36168 108.39 
v -325.487 2.87885 109.317 
v -326.104 3.35928 108.636 
v -325.674 2.9467 108.613 
v -325.806 2.91774 108.764 
v -326.104 3.24487 108.784 
v -325.487 2.98315 108.475 
v -326.104 3.9444 108.782 
v -326.104 3.85341 108.636 
v -326.104 3.67098 109.284 
v -326.104 3.35928 109.266 
v -325.726 2.82235 109.176 
v -325.678 2.45536 109.166 
v -325.796 2.2615 109.217 
v -325.802 2.01432 108.559 
v -325.931 2.01432 108.771 
v -326.104 3.67098 108.608 
v -325.487 2.01432 109.177 
v -325.931 2.01432 109.086 
v -325.75 2.45573 109.023 
v -325.872 2.24634 109.061 
v -325.806 2.85208 109.024 
v -326.104 3.24487 109.12 
v -326.104 3.63548 109.117 
v -326.104 3.24487 109.12 
v -326.104 3.9444 109.115 
v -325.496 4.01925 109.27 
v -325.496 4.01925 108.626 
v -326.104 3.9444 108.782 
v -325.496 4.01925 108.626 
v -325.496 4.01925 109.27 
v -325.487 2.01432 109.403 
v -325.865 2.01432 109.252 
v -326.104 3.35928 109.266 
v -326.104 3.67098 109.284 
v -326.104 3.9444 109.115 
v -326.104 3.85341 109.266 
v -325.608 3.91268 109.416 
v -325.496 4.01925 109.27 
v -325.487 2.01432 108.458 
v -325.802 2.01432 108.559 
v -325.931 2.01432 108.771 
v -325.931 2.01432 109.086 
v -325.865 2.01432 109.252 
v -325.487 2.01432 109.403 
v -326.104 3.85341 109.266 
v -326.104 3.9444 109.115 
v -326.104 3.9444 108.782 
v -326.104 3.85341 108.636 

vn 0.937008 0.19685 -0.283465 
vn 0.905512 0.338583 -0.251969 
vn 0.629921 0.220472 -0.740157 
vn 0.685039 0.125984 -0.724409 
vn 0.346457 0.0314961 -0.937008 
vn 0.267717 0.0708661 -0.96063 
vn 0 0.023622 -1 
vn 0 0 -1 
vn 0 0.559055 -0.826772 
vn 0 0.84252 -0.543307 
vn 0.15748 0.929134 -0.338583 
vn 0.220472 0.566929 -0.795276 
vn 0.251969 0.15748 0.952756 
vn 0 0.133858 0.992126 
vn 0 0.220472 0.976378 
vn 0.212598 0.267717 0.937008 
vn 0 -1 0 
vn 0 -1 0 
vn 0 -1 0 
vn 0 -1 0 
vn 0.165354 0.0787402 0.984252 
vn 0 0.0944882 0.992126 
vn 0 -0.0866142 1 
vn 0.15748 -0.125984 0.976378 
vn 1 0 0 
vn 1 0 0 
vn 1 0 0 
vn 1 0 0 
vn 0.251969 0.102362 -0.96063 
vn 0.283465 -0.149606 -0.944882 
vn 0 -0.0944882 -0.992126 
vn 0 0.11811 -0.992126 
vn 0 -0.102362 0.992126 
vn 0.212598 -0.149606 0.968504 
vn 0.866142 -0.370079 -0.330709 
vn 0.637795 -0.259843 -0.724409 
vn 0.519685 -0.338583 -0.787402 
vn 0.716535 -0.622047 -0.314961 
vn 0.338583 -0.15748 -0.929134 
vn 0 -0.110236 -0.992126 
vn 0.188976 0.952756 -0.228346 
vn 0.338583 0.566929 -0.748031 
vn 0.322835 0.0629921 0.944882 
vn 0.488189 -0.330709 0.80315 
vn 0.653543 -0.291339 0.692913 
vn 0.716535 0.204724 0.669291 
vn 0.661417 0.370079 0.645669 
vn 0 -1 0 
vn 0 -1 0 
vn 0.401575 0.0787402 -0.913386 
vn 0 -1 0 
vn 0 -1 0 
vn 0 -1 0 
vn 0.952756 0.204724 0.228346 
vn 0.897638 0.393701 0.188976 
vn 0.897638 -0.385827 0.19685 
vn 0.76378 -0.629921 0.149606 
vn 1 0 0 
vn 1 0 0 
vn 0.15748 0.929134 -0.338583 
vn 0.133858 0.913386 0.385827 
vn 0.181102 0.952756 0.244094 
vn 0.188976 0.952756 -0.228346 
vn 0 1 0 
vn 0 1 0 
vn 0 1 0 
vn 0 1 0 
vn 0 -1 0 
vn 0 -1 0 
vn 0 -1 0 
vn 0.661417 0.370079 0.645669 
vn 0.716535 0.204724 0.669291 
vn 0.653543 -0.291339 0.692913 
vn 0.488189 -0.330709 0.80315 
vn 1 0 0 
vn 1 0 0 
vn 0.181102 0.952756 0.244094 
vn 0.133858 0.913386 0.385827 
vn 0.15748 0.527559 0.834646 
vn 0.307087 0.543307 0.779528 
vn 0 0.771654 0.637795 
vn 0 0.503937 0.866142 
vn 0.23622 0.0944882 -0.968504 
vn 0 0.0708661 -1 
vn 0.622047 0.165354 -0.76378 
vn 0.937008 0.23622 -0.259843 
vn 0.944882 0.275591 0.188976 
vn 0.685039 0.251969 0.685039 
vn 0.19685 0.181102 0.96063 
vn 0.685039 0.251969 0.685039 
vn 0 0.15748 0.984252 
vn 1 0 0 
vn 1 0 0 
vn 1 0 0 
vn 1 0 0 
vn -0.937008 0.19685 -0.283465 
vn -0.685039 0.125984 -0.724409 
vn -0.629921 0.220472 -0.740157 
vn -0.905512 0.338583 -0.251969 
vn -0.346457 0.0314961 -0.937008 
vn -0.267717 0.0708661 -0.96063 
vn -0.15748 0.929134 -0.338583 
vn -0.220472 0.566929 -0.795276 
vn -0.251969 0.15748 0.952756 
vn -0.212598 0.267717 0.937008 
vn 0 -1 0 
vn 0 -1 0 
vn -0.165354 0.0787402 0.984252 
vn -0.15748 -0.125984 0.976378 
vn -1 0 0 
vn -1 0 0 
vn -1 0 0 
vn -1 0 0 
vn -0.251969 0.102362 -0.96063 
vn -0.283465 -0.149606 -0.944882 
vn -0.212598 -0.149606 0.968504 
vn -0.519685 -0.338583 -0.787402 
vn -0.637795 -0.259843 -0.724409 
vn -0.866142 -0.370079 -0.330709 
vn -0.716535 -0.622047 -0.314961 
vn -0.338583 -0.15748 -0.929134 
vn -0.188976 0.952756 -0.228346 
vn -0.338583 0.566929 -0.748031 
vn -0.322835 0.0629921 0.944882 
vn -0.488189 -0.330709 0.80315 
vn -0.653543 -0.291339 0.692913 
vn -0.716535 0.204724 0.669291 
vn -0.661417 0.370079 0.645669 
vn 0 -1 0 
vn 0 -1 0 
vn -0.401575 0.0787402 -0.913386 
vn 0 -1 0 
vn 0 -1 0 
vn -0.952756 0.204724 0.228346 
vn -0.897638 0.393701 0.188976 
vn -0.897638 -0.385827 0.19685 
vn -0.76378 -0.629921 0.149606 
vn -1 0 0 
vn -1 0 0 
vn -0.181102 0.952756 0.244094 
vn -0.133858 0.913386 0.385827 
vn -0.15748 0.929134 -0.338583 
vn -0.188976 0.952756 -0.228346 
vn 0 1 0 
vn 0 1 0 
vn 0 -1 0 
vn 0 -1 0 
vn -1 0 0 
vn -1 0 0 
vn -0.181102 0.952756 0.244094 
vn -0.307087 0.543307 0.779528 
vn -0.15748 0.527559 0.834646 
vn -0.133858 0.913386 0.385827 
vn -0.23622 0.0944882 -0.968504 
vn -0.622047 0.165354 -0.76378 
vn -0.937008 0.23622 -0.259843 
vn -0.944882 0.275591 0.188976 
vn -0.685039 0.251969 0.685039 
vn -0.19685 0.181102 0.96063 
vn -1 0 0 
vn -1 0 0 
vn -1 0 0 
vn -1 0 0 

vt 0.0416805 0.92098 
vt 0.0312908 0.923862 
vt 0.0315292 0.874663 
vt 0.0424305 0.874663 
vt 0.0424372 0.795711 
vt 0.0307193 0.797857 
vt 0.0300375 0.751622 
vt 0.0423668 0.751546 
vt 0.107116 0.750637 
vt 0.116939 0.750383 
vt 0.116939 0.797923 
vt 0.107281 0.807352 
vt 0.0396862 0.33061 
vt 0.0398482 0.37399 
vt 0.0319215 0.374159 
vt 0.0314243 0.329049 
vt 0.292768 0.322006 
vt 0.292768 0.358035 
vt 0.271178 0.358035 
vt 0.271178 0.322006 
vt 0.0983467 0.315801 
vt 0.0984735 0.374068 
vt 0.089844 0.373988 
vt 0.0900307 0.31381 
vt 0.0999585 0.921051 
vt 0.08259 0.921669 
vt 0.0845955 0.874663 
vt 0.0986355 0.874663 
vt 0.0966015 0.808939 
vt 0.0831525 0.811196 
vt 0.082323 0.75117 
vt 0.0960278 0.750862 
vt 0.0584055 0.373994 
vt 0.0585255 0.328164 
vt 0.0630007 0.91646 
vt 0.0638775 0.874663 
vt 0.0845955 0.874663 
vt 0.08259 0.921669 
vt 0.0655305 0.798553 
vt 0.065547 0.751299 
vt 0.116939 0.874663 
vt 0.106735 0.874663 
vt 0.0959273 0.249039 
vt 0.0819518 0.249039 
vt 0.0558982 0.249039 
vt 0.0401587 0.249039 
vt 0.030771 0.249039 
vt 0.246063 0.358078 
vt 0.246063 0.322006 
vt 0.0986355 0.874663 
vt 0.292768 0.267562 
vt 0.271178 0.267562 
vt 0.246063 0.267562 
vt 0.04242 0.951855 
vt 0.031563 0.956005 
vt 0.0604747 0.948397 
vt 0.0828473 0.958267 
vt 0.100034 0.959932 
vt 0.0828473 0.958267 
vt 0.174821 0.235285 
vt 0.174874 0.358078 
vt 0.146251 0.358078 
vt 0.146223 0.235285 
vt 0.174821 0.235285 
vt 0.193103 0.235285 
vt 0.193168 0.358078 
vt 0.174874 0.358078 
vt 0.292768 0.235418 
vt 0.271178 0.235418 
vt 0.246063 0.235418 
vt 0.030771 0.999879 
vt 0.0401587 0.999879 
vt 0.0558982 0.999879 
vt 0.0819518 0.999879 
vt 0.0819518 0.999879 
vt 0.0959273 0.999879 
vt 0.116939 0.249039 
vt 0.116939 0.327849 
vt 0.104792 0.317343 
vt 0.100175 0.249039 
vt 0.116939 0.373911 
vt 0.105308 0.374017 
vt 0.023619 0.79775 
vt 0.023619 0.751713 
vt 0.023619 0.874663 
vt 0.023619 0.925659 
vt 0.023619 0.960066 
vt 0.023619 0.999879 
vt 0.023619 0.329588 
vt 0.023619 0.249039 
vt 0.023619 0.37425 
vt 0.116939 0.960575 
vt 0.106052 0.999879 
vt 0.116939 0.921041 
vt 0.106735 0.874663 
vt 0.0396068 0.582044 
vt 0.0386993 0.624857 
vt 0.0281985 0.624857 
vt 0.0290445 0.579287 
vt 0.0422302 0.707322 
vt 0.0305138 0.705413 
vt 0.116939 0.702904 
vt 0.107125 0.69398 
vt 0.0396997 0.417437 
vt 0.0314745 0.419206 
vt 0.314357 0.358035 
vt 0.314357 0.322006 
vt 0.09837 0.432436 
vt 0.0901455 0.434184 
vt 0.0975728 0.581725 
vt 0.0994043 0.624857 
vt 0.0854595 0.624857 
vt 0.080388 0.581132 
vt 0.0963143 0.692681 
vt 0.0829718 0.690842 
vt 0.0586688 0.419926 
vt 0.0854595 0.624857 
vt 0.0596557 0.624857 
vt 0.0609195 0.586392 
vt 0.080388 0.581132 
vt 0.065334 0.704066 
vt 0.116939 0.624857 
vt 0.107514 0.624857 
vt 0.0959647 0.500569 
vt 0.082248 0.500569 
vt 0.0561473 0.500569 
vt 0.040314 0.500569 
vt 0.0308835 0.500569 
vt 0.339473 0.358035 
vt 0.339473 0.322006 
vt 0.0994043 0.624857 
vt 0.314357 0.267562 
vt 0.339473 0.267562 
vt 0.0402743 0.550847 
vt 0.0292215 0.546712 
vt 0.0583995 0.554501 
vt 0.080511 0.544918 
vt 0.0976665 0.543053 
vt 0.080511 0.544918 
vt 0.240052 0.358078 
vt 0.211454 0.358078 
vt 0.2114 0.235285 
vt 0.240024 0.235285 
vt 0.2114 0.235285 
vt 0.211454 0.358078 
vt 0.314357 0.235418 
vt 0.339473 0.235418 
vt 0.082248 0.500569 
vt 0.0959647 0.500569 
vt 0.116939 0.500569 
vt 0.100175 0.500569 
vt 0.10486 0.431091 
vt 0.116939 0.420116 
vt 0.023619 0.70569 
vt 0.023619 0.624857 
vt 0.023619 0.577599 
vt 0.023619 0.542759 
vt 0.023619 0.500569 
vt 0.023619 0.418803 
vt 0.100175 0.500569 
vt 0.116939 0.54234 
vt 0.116939 0.581671 
vt 0.107514 0.624857 

usemtl Androeofficial1Mtl

f 4945/4945/4945 4946/4946/4946 4947/4947/4947 
f 4947/4947/4947 4948/4948/4948 4945/4945/4945 
f 4949/4949/4949 4950/4950/4950 4951/4951/4951 
f 4951/4951/4951 4952/4952/4952 4949/4949/4949 
f 4953/4953/4953 4954/4954/4954 4955/4955/4955 
f 4955/4955/4955 4956/4956/4956 4953/4953/4953 
f 4957/4957/4957 4958/4958/4958 4959/4959/4959 
f 4959/4959/4959 4960/4960/4960 4957/4957/4957 
f 4961/4961/4961 4962/4962/4962 4963/4963/4963 
f 4963/4963/4963 4964/4964/4964 4961/4961/4961 
f 4965/4965/4965 4966/4966/4966 4967/4967/4967 
f 4967/4967/4967 4968/4968/4968 4965/4965/4965 
f 4969/4969/4969 4970/4970/4970 4971/4971/4971 
f 4971/4971/4971 4972/4972/4972 4969/4969/4969 
f 4973/4973/4973 4974/4974/4974 4975/4975/4975 
f 4975/4975/4975 4976/4976/4976 4973/4973/4973 
f 4967/4967/4967 4977/4977/4977 4978/4978/4978 
f 4978/4978/4978 4968/4968/4968 4967/4967/4967 
f 4979/4979/4979 4980/4980/4980 4981/4981/4981 
f 4981/4981/4981 4982/4982/4982 4979/4979/4979 
f 4983/4983/4983 4984/4984/4984 4975/4975/4975 
f 4975/4975/4975 4974/4974/4974 4983/4983/4983 
f 4956/4956/4956 4955/4955/4955 4985/4985/4985 
f 4985/4985/4985 4986/4986/4986 4956/4956/4956 
f 4987/4987/4987 4965/4965/4965 4968/4968/4968 
f 4968/4968/4968 4988/4988/4988 4987/4987/4987 
f 4988/4988/4988 4968/4968/4968 4978/4978/4978 
f 4978/4978/4978 4989/4989/4989 4988/4988/4988 
f 4990/4990/4990 4957/4957/4957 4960/4960/4960 
f 4960/4960/4960 4991/4991/4991 4990/4990/4990 
f 4964/4964/4964 4963/4963/4963 4992/4992/4992 
f 4992/4992/4992 4993/4993/4993 4964/4964/4964 
f 4950/4950/4950 4949/4949/4949 4948/4948/4948 
f 4948/4948/4948 4947/4947/4947 4950/4950/4950 
f 4980/4980/4980 4983/4983/4983 4974/4974/4974 
f 4974/4974/4974 4981/4981/4981 4980/4980/4980 
f 4974/4974/4974 4973/4973/4973 4994/4994/4994 
f 4994/4994/4994 4981/4981/4981 4974/4974/4974 
f 4995/4995/4995 4961/4961/4961 4964/4964/4964 
f 4964/4964/4964 4996/4996/4996 4995/4995/4995 
f 4964/4964/4964 4993/4993/4993 4997/4997/4997 
f 4997/4997/4997 4996/4996/4996 4964/4964/4964 
f 4946/4946/4946 4945/4945/4945 4998/4998/4998 
f 4998/4998/4998 4999/4999/4999 4946/4946/4946 
f 5000/5000/5000 4979/4979/4979 4982/4982/4982 
f 4982/4982/4982 5001/5001/5001 5000/5000/5000 
f 4970/4970/4970 4969/4969/4969 5002/5002/5002 
f 5002/5002/5002 5003/5003/5003 4970/4970/4970 
f 5004/5004/5004 5005/5005/5005 5006/5006/5006 
f 5006/5006/5006 5007/5007/5007 5004/5004/5004 
f 5008/5008/5008 5009/5009/5009 5010/5010/5010 
f 5010/5010/5010 5011/5011/5011 5008/5008/5008 
f 5012/5012/5012 4995/4995/4995 4996/4996/4996 
f 4996/4996/4996 5013/5013/5013 5012/5012/5012 
f 4996/4996/4996 4997/4997/4997 5014/5014/5014 
f 5014/5014/5014 5013/5013/5013 4996/4996/4996 
f 5015/5015/5015 4999/4999/4999 4998/4998/4998 
f 4998/4998/4998 5016/5016/5016 5015/5015/5015 
f 5017/5017/5017 5000/5000/5000 5001/5001/5001 
f 5001/5001/5001 5018/5018/5018 5017/5017/5017 
f 5019/5019/5019 5003/5003/5003 5002/5002/5002 
f 5002/5002/5002 5020/5020/5020 5019/5019/5019 
f 5021/5021/5021 5022/5022/5022 5023/5023/5023 
f 5023/5023/5023 5024/5024/5024 5021/5021/5021 
f 5022/5022/5022 5025/5025/5025 5026/5026/5026 
f 5026/5026/5026 5023/5023/5023 5022/5022/5022 
f 5027/5027/5027 5028/5028/5028 4951/4951/4951 
f 4951/4951/4951 4950/4950/4950 5027/5027/5027 
f 5027/5027/5027 4950/4950/4950 4947/4947/4947 
f 4947/4947/4947 5029/5029/5029 5027/5027/5027 
f 4946/4946/4946 5030/5030/5030 5029/5029/5029 
f 5029/5029/5029 4947/4947/4947 4946/4946/4946 
f 5030/5030/5030 4946/4946/4946 4999/4999/4999 
f 4999/4999/4999 5031/5031/5031 5030/5030/5030 
f 4999/4999/4999 5015/5015/5015 5032/5032/5032 
f 5032/5032/5032 5031/5031/5031 4999/4999/4999 
f 4991/4991/4991 4960/4960/4960 5033/5033/5033 
f 5033/5033/5033 5034/5034/5034 4991/4991/4991 
f 4959/4959/4959 5035/5035/5035 5033/5033/5033 
f 5033/5033/5033 4960/4960/4960 4959/4959/4959 
f 4977/4977/4977 4958/4958/4958 4957/4957/4957 
f 4957/4957/4957 4978/4978/4978 4977/4977/4977 
f 4957/4957/4957 4990/4990/4990 4989/4989/4989 
f 4989/4989/4989 4978/4978/4978 4957/4957/4957 
f 4998/4998/4998 5000/5000/5000 5017/5017/5017 
f 5017/5017/5017 5016/5016/5016 4998/4998/4998 
f 4945/4945/4945 4979/4979/4979 5000/5000/5000 
f 5000/5000/5000 4998/4998/4998 4945/4945/4945 
f 4979/4979/4979 4945/4945/4945 4948/4948/4948 
f 4948/4948/4948 4980/4980/4980 4979/4979/4979 
f 4949/4949/4949 4983/4983/4983 4980/4980/4980 
f 4980/4980/4980 4948/4948/4948 4949/4949/4949 
f 4949/4949/4949 4952/4952/4952 4984/4984/4984 
f 4984/4984/4984 4983/4983/4983 4949/4949/4949 
f 4973/4973/4973 4976/4976/4976 4953/4953/4953 
f 4953/4953/4953 4956/4956/4956 4973/4973/4973 
f 4966/4966/4966 4965/4965/4965 5023/5023/5023 
f 5023/5023/5023 5026/5026/5026 4966/4966/4966 
f 4965/4965/4965 4987/4987/4987 5024/5024/5024 
f 5024/5024/5024 5023/5023/5023 4965/4965/4965 
f 5002/5002/5002 5036/5036/5036 5037/5037/5037 
f 5037/5037/5037 5020/5020/5020 5002/5002/5002 
f 4969/4969/4969 5038/5038/5038 5036/5036/5036 
f 5036/5036/5036 5002/5002/5002 4969/4969/4969 
f 4969/4969/4969 4972/4972/4972 5039/5039/5039 
f 5039/5039/5039 5038/5038/5038 4969/4969/4969 
f 4973/4973/4973 4956/4956/4956 4986/4986/4986 
f 4986/4986/4986 4994/4994/4994 4973/4973/4973 
f 5040/5040/5040 5041/5041/5041 5042/5042/5042 
f 5042/5042/5042 5043/5043/5043 5040/5040/5040 
f 5044/5044/5044 4952/4952/4952 4951/4951/4951 
f 4951/4951/4951 5045/5045/5045 5044/5044/5044 
f 5046/5046/5046 4954/4954/4954 4953/4953/4953 
f 4953/4953/4953 5047/5047/5047 5046/5046/5046 
f 5048/5048/5048 5049/5049/5049 4959/4959/4959 
f 4959/4959/4959 4958/4958/4958 5048/5048/5048 
f 5050/5050/5050 4962/4962/4962 4961/4961/4961 
f 4961/4961/4961 5051/5051/5051 5050/5050/5050 
f 5052/5052/5052 5053/5053/5053 4967/4967/4967 
f 4967/4967/4967 4966/4966/4966 5052/5052/5052 
f 5054/5054/5054 5055/5055/5055 5056/5056/5056 
f 5056/5056/5056 5057/5057/5057 5054/5054/5054 
f 5058/5058/5058 4976/4976/4976 4975/4975/4975 
f 4975/4975/4975 5059/5059/5059 5058/5058/5058 
f 5060/5060/5060 4977/4977/4977 4967/4967/4967 
f 4967/4967/4967 5053/5053/5053 5060/5060/5060 
f 5061/5061/5061 5062/5062/5062 5063/5063/5063 
f 5063/5063/5063 5064/5064/5064 5061/5061/5061 
f 4975/4975/4975 4984/4984/4984 5065/5065/5065 
f 5065/5065/5065 5059/5059/5059 4975/4975/4975 
f 5066/5066/5066 5046/5046/5046 5047/5047/5047 
f 5047/5047/5047 5067/5067/5067 5066/5066/5066 
f 5068/5068/5068 5069/5069/5069 5053/5053/5053 
f 5053/5053/5053 5052/5052/5052 5068/5068/5068 
f 5069/5069/5069 5070/5070/5070 5060/5060/5060 
f 5060/5060/5060 5053/5053/5053 5069/5069/5069 
f 5071/5071/5071 5072/5072/5072 5049/5049/5049 
f 5049/5049/5049 5048/5048/5048 5071/5071/5071 
f 5073/5073/5073 5050/5050/5050 5051/5051/5051 
f 5051/5051/5051 5074/5074/5074 5073/5073/5073 
f 5041/5041/5041 5044/5044/5044 5045/5045/5045 
f 5045/5045/5045 5042/5042/5042 5041/5041/5041 
f 5062/5062/5062 5061/5061/5061 5059/5059/5059 
f 5059/5059/5059 5065/5065/5065 5062/5062/5062 
f 5059/5059/5059 5061/5061/5061 5075/5075/5075 
f 5075/5075/5075 5058/5058/5058 5059/5059/5059 
f 5051/5051/5051 4961/4961/4961 4995/4995/4995 
f 4995/4995/4995 5076/5076/5076 5051/5051/5051 
f 5077/5077/5077 5074/5074/5074 5051/5051/5051 
f 5051/5051/5051 5076/5076/5076 5077/5077/5077 
f 5078/5078/5078 5040/5040/5040 5043/5043/5043 
f 5043/5043/5043 5079/5079/5079 5078/5078/5078 
f 5080/5080/5080 5081/5081/5081 5064/5064/5064 
f 5064/5064/5064 5063/5063/5063 5080/5080/5080 
f 5082/5082/5082 5054/5054/5054 5057/5057/5057 
f 5057/5057/5057 5083/5083/5083 5082/5082/5082 
f 5084/5084/5084 5085/5085/5085 5086/5086/5086 
f 5086/5086/5086 5087/5087/5087 5084/5084/5084 
f 5088/5088/5088 5089/5089/5089 5010/5010/5010 
f 5010/5010/5010 5009/5009/5009 5088/5088/5088 
f 5076/5076/5076 4995/4995/4995 5012/5012/5012 
f 5012/5012/5012 5090/5090/5090 5076/5076/5076 
f 5091/5091/5091 5077/5077/5077 5076/5076/5076 
f 5076/5076/5076 5090/5090/5090 5091/5091/5091 
f 5072/5072/5072 5071/5071/5071 5078/5078/5078 
f 5078/5078/5078 5079/5079/5079 5072/5072/5072 
f 5070/5070/5070 5069/5069/5069 5081/5081/5081 
f 5081/5081/5081 5080/5080/5080 5070/5070/5070 
f 5092/5092/5092 5093/5093/5093 5082/5082/5082 
f 5082/5082/5082 5083/5083/5083 5092/5092/5092 
f 5094/5094/5094 5095/5095/5095 5096/5096/5096 
f 5096/5096/5096 5097/5097/5097 5094/5094/5094 
f 5097/5097/5097 5096/5096/5096 5026/5026/5026 
f 5026/5026/5026 5025/5025/5025 5097/5097/5097 
f 4951/4951/4951 5028/5028/5028 5098/5098/5098 
f 5098/5098/5098 5045/5045/5045 4951/4951/4951 
f 5098/5098/5098 5099/5099/5099 5042/5042/5042 
f 5042/5042/5042 5045/5045/5045 5098/5098/5098 
f 5043/5043/5043 5042/5042/5042 5099/5099/5099 
f 5099/5099/5099 5100/5100/5100 5043/5043/5043 
f 5100/5100/5100 5101/5101/5101 5079/5079/5079 
f 5079/5079/5079 5043/5043/5043 5100/5100/5100 
f 5102/5102/5102 5072/5072/5072 5079/5079/5079 
f 5079/5079/5079 5101/5101/5101 5102/5102/5102 
f 5072/5072/5072 5102/5102/5102 5103/5103/5103 
f 5103/5103/5103 5049/5049/5049 5072/5072/5072 
f 5103/5103/5103 5035/5035/5035 4959/4959/4959 
f 4959/4959/4959 5049/5049/5049 5103/5103/5103 
f 5048/5048/5048 4958/4958/4958 4977/4977/4977 
f 4977/4977/4977 5060/5060/5060 5048/5048/5048 
f 5070/5070/5070 5071/5071/5071 5048/5048/5048 
f 5048/5048/5048 5060/5060/5060 5070/5070/5070 
f 5070/5070/5070 5080/5080/5080 5078/5078/5078 
f 5078/5078/5078 5071/5071/5071 5070/5070/5070 
f 5080/5080/5080 5063/5063/5063 5040/5040/5040 
f 5040/5040/5040 5078/5078/5078 5080/5080/5080 
f 5063/5063/5063 5062/5062/5062 5041/5041/5041 
f 5041/5041/5041 5040/5040/5040 5063/5063/5063 
f 5062/5062/5062 5065/5065/5065 5044/5044/5044 
f 5044/5044/5044 5041/5041/5041 5062/5062/5062 
f 4984/4984/4984 4952/4952/4952 5044/5044/5044 
f 5044/5044/5044 5065/5065/5065 4984/4984/4984 
f 4953/4953/4953 4976/4976/4976 5058/5058/5058 
f 5058/5058/5058 5047/5047/5047 4953/4953/4953 
f 5096/5096/5096 5052/5052/5052 4966/4966/4966 
f 4966/4966/4966 5026/5026/5026 5096/5096/5096 
f 5095/5095/5095 5068/5068/5068 5052/5052/5052 
f 5052/5052/5052 5096/5096/5096 5095/5095/5095 
f 5104/5104/5104 5105/5105/5105 5082/5082/5082 
f 5082/5082/5082 5093/5093/5093 5104/5104/5104 
f 5105/5105/5105 5106/5106/5106 5054/5054/5054 
f 5054/5054/5054 5082/5082/5082 5105/5105/5105 
f 5107/5107/5107 5055/5055/5055 5054/5054/5054 
f 5054/5054/5054 5106/5106/5106 5107/5107/5107 
f 5067/5067/5067 5047/5047/5047 5058/5058/5058 
f 5058/5058/5058 5075/5075/5075 5067/5067/5067 

g Androeofficial6

v -325.275 4.32804 108.407 
v -325.325 4.27249 108.458 
v -325.34 4.28033 108.451 
v -325.261 4.31089 108.423 
v -325.306 4.26298 108.467 
v -325.247 4.29478 108.438 
v -325.428 4.19872 108.526 
v -325.712 4.3971 108.353 
v -325.426 4.22839 108.499 
v -325.406 4.22509 108.502 
v -325.373 4.29705 108.436 
v -325.355 4.28817 108.444 
v -325.394 4.2232 108.504 
v -325.289 4.34519 108.391 
v -325.819 4.51432 108.236 
v -325.302 4.35985 108.378 
v -325.206 4.40268 108.339 
v -325.198 4.38264 108.357 
v -325.189 4.35982 108.378 
v -325.18 4.337 108.399 
v -325.104 4.34571 108.391 
v -325.172 4.31842 108.416 
v -325.104 4.37004 108.369 
v -325.104 4.32536 108.41 
v -325.104 4.4162 108.326 
v -325.104 4.39438 108.346 
v -325.382 4.22131 108.505 
v -325.343 3.99623 108.713 
v -325.409 4.17866 108.545 
v -325.378 4.19239 108.532 
v -325.343 3.99623 109.189 
v -325.819 4.51432 108.443 
v -325.343 3.99623 108.782 
v -325.343 3.99623 108.713 
v -325.712 4.3971 108.353 
v -325.819 4.51432 109.666 
v -325.104 4.51432 109.666 
v -325.36 4.21776 108.509 
v -325.104 3.99623 108.713 
v -325.104 3.73718 108.951 
v -325.104 3.73718 108.951 
v -325.104 3.99623 109.189 
v -325.462 4.51432 108.236 
v -325.362 4.78694 108.487 
v -325.252 4.72721 108.432 
v -325.104 4.51432 108.236 
v -325.819 4.51432 108.236 
v -325.581 4.77336 108.474 
v -325.305 4.75785 108.46 
v -325.416 4.80914 108.507 
v -325.581 4.77336 108.474 
v -325.232 4.75889 108.461 
v -325.287 4.79366 108.493 
v -325.346 4.81834 108.516 
v -325.417 4.84823 108.543 
v -325.193 4.69656 108.404 
v -325.104 4.66232 108.372 
v -325.165 4.71626 108.422 
v -325.104 4.73962 108.443 
v -325.165 4.75598 108.458 
v -325.21 4.79413 108.493 
v -325.144 4.81369 108.511 
v -325.27 4.82947 108.526 
v -325.183 4.84037 108.536 
v -325.389 4.87044 108.563 
v -325.327 4.85449 108.549 
v -325.343 5.03241 109.189 
v -325.343 5.03241 108.782 
v -325.318 4.89498 108.586 
v -325.343 5.03241 108.713 
v -325.343 5.03241 108.713 
v -325.226 4.87016 108.563 
v -325.104 4.9233 108.612 
v -325.104 5.03241 109.189 
v -325.104 5.03241 108.713 
v -325.104 5.29145 108.951 
v -325.104 5.29145 108.951 
v -325.065 4.81369 108.511 
v -325.029 4.337 108.399 
v -325.037 4.31842 108.416 
v -325.02 4.35982 108.378 
v -324.948 4.31089 108.423 
v -324.934 4.32804 108.407 
v -324.962 4.29478 108.438 
v -325.011 4.38264 108.357 
v -324.919 4.34519 108.391 
v -325.003 4.40268 108.339 
v -324.907 4.35985 108.378 
v -324.903 4.26298 108.467 
v -324.884 4.27249 108.458 
v -324.866 3.99623 108.713 
v -324.866 3.99623 109.189 
v -324.866 3.99623 108.782 
v -324.866 3.99623 108.713 
v -324.497 4.3971 108.353 
v -324.389 4.51432 108.443 
v -324.389 4.51432 109.666 
v -324.389 4.51432 108.236 
v -324.497 4.3971 108.353 
v -324.747 4.51432 108.236 
v -324.628 4.77336 108.474 
v -324.389 4.51432 108.236 
v -325.026 4.84037 108.536 
v -324.866 5.03241 109.189 
v -324.983 4.87016 108.563 
v -324.866 5.03241 108.713 
v -324.866 5.03241 108.713 
v -324.866 5.03241 108.782 
v -324.891 4.89498 108.586 
v -324.884 4.27249 108.458 
v -324.934 4.32804 108.407 
v -324.869 4.28033 108.451 
v -324.781 4.19872 108.526 
v -324.783 4.22839 108.499 
v -324.497 4.3971 108.353 
v -324.827 4.22131 108.505 
v -324.853 4.28817 108.444 
v -324.815 4.2232 108.504 
v -324.836 4.29705 108.436 
v -324.803 4.22509 108.502 
v -324.919 4.34519 108.391 
v -324.907 4.35985 108.378 
v -324.849 4.21776 108.509 
v -324.903 4.26298 108.467 
v -325.104 3.99623 108.713 
v -324.831 4.19239 108.532 
v -324.866 3.99623 108.713 
v -324.8 4.17866 108.545 
v -325.104 4.51432 108.236 
v -325.104 4.66232 108.372 
v -325.016 4.69656 108.404 
v -324.957 4.72721 108.432 
v -325.044 4.71626 108.422 
v -325.104 4.73962 108.443 
v -324.977 4.75889 108.461 
v -325.044 4.75598 108.458 
v -324.999 4.79413 108.493 
v -325.065 4.81369 108.511 
v -324.922 4.79366 108.493 
v -324.939 4.82947 108.526 
v -324.904 4.75785 108.46 
v -324.747 4.51432 108.236 
v -324.389 4.51432 108.236 
v -324.847 4.78694 108.487 
v -324.792 4.80914 108.507 
v -324.628 4.77336 108.474 
v -324.863 4.81834 108.516 
v -324.791 4.84823 108.543 
v -325.026 4.84037 108.536 
v -324.983 4.87016 108.563 
v -324.882 4.85449 108.549 
v -324.891 4.89498 108.586 
v -324.82 4.87044 108.563 
v -324.866 5.03241 108.713 

vn -0.275591 -0.393701 -0.88189 
vn -0.354331 -0.503937 -0.787402 
vn -0.370079 -0.480315 -0.795276 
vn -0.251969 -0.433071 -0.866142 
vn -0.322835 -0.527559 -0.779528 
vn -0.23622 -0.472441 -0.850394 
vn -0.480315 -0.606299 -0.629921 
vn -0.700787 -0.173228 -0.692913 
vn -0.480315 -0.559055 -0.677165 
vn -0.456693 -0.574803 -0.685039 
vn -0.417323 -0.440945 -0.795276 
vn -0.393701 -0.464567 -0.795276 
vn -0.440945 -0.582677 -0.685039 
vn -0.291339 -0.346457 -0.889764 
vn -0.708661 0 -0.708661 
vn -0.307087 -0.314961 -0.897638 
vn -0.15748 -0.228346 -0.96063 
vn -0.149606 -0.275591 -0.952756 
vn -0.133858 -0.330709 -0.937008 
vn -0.125984 -0.385827 -0.913386 
vn 0 -0.362205 -0.929134 
vn -0.110236 -0.425197 -0.897638 
vn 0 -0.307087 -0.952756 
vn 0 -0.417323 -0.913386 
vn 0 -0.19685 -0.976378 
vn 0 -0.251969 -0.968504 
vn -0.425197 -0.590551 -0.685039 
vn -0.314961 -0.897638 -0.314961 
vn -0.456693 -0.653543 -0.606299 
vn -0.417323 -0.645669 -0.645669 
vn -0.314961 -0.897638 0.314961 
vn -0.818898 0 -0.582677 
vn -0.322835 -0.92126 -0.228346 
vn -0.314961 -0.897638 -0.314961 
vn -0.700787 -0.173228 -0.692913 
vn -0.708661 0 0.708661 
vn 0 0 1 
vn -0.401575 -0.606299 -0.692913 
vn 0 -0.944882 -0.330709 
vn 0 -1 0 
vn 0 -1 0 
vn 0 -0.944882 0.330709 
vn -0.448819 0 -0.897638 
vn -0.401575 0.559055 -0.724409 
vn -0.244094 0.456693 -0.858268 
vn 0 0 -1 
vn -0.708661 0 -0.708661 
vn -0.629921 0.448819 -0.629921 
vn -0.322835 0.511811 -0.795276 
vn -0.472441 0.574803 -0.669291 
vn -0.629921 0.448819 -0.629921 
vn -0.212598 0.535433 -0.818898 
vn -0.299213 0.590551 -0.748031 
vn -0.377953 0.622047 -0.685039 
vn -0.464567 0.645669 -0.606299 
vn -0.149606 0.393701 -0.905512 
vn 0 0.314961 -0.944882 
vn -0.102362 0.440945 -0.889764 
vn 0 0.496063 -0.866142 
vn -0.102362 0.535433 -0.84252 
vn -0.181102 0.614173 -0.771654 
vn -0.0708661 0.661417 -0.748031 
vn -0.267717 0.669291 -0.692913 
vn -0.133858 0.708661 -0.692913 
vn -0.425197 0.692913 -0.582677 
vn -0.346457 0.692913 -0.629921 
vn -0.314961 0.897638 0.314961 
vn -0.322835 0.92126 -0.228346 
vn -0.330709 0.76378 -0.559055 
vn -0.314961 0.897638 -0.314961 
vn -0.314961 0.897638 -0.314961 
vn -0.19685 0.748031 -0.629921 
vn 0 0.84252 -0.535433 
vn 0 0.944882 0.330709 
vn 0 0.944882 -0.330709 
vn 0 1 0 
vn 0 1 0 
vn 0.0629921 0.661417 -0.748031 
vn 0.125984 -0.385827 -0.913386 
vn 0.110236 -0.425197 -0.897638 
vn 0.133858 -0.330709 -0.937008 
vn 0.251969 -0.433071 -0.866142 
vn 0.275591 -0.393701 -0.874016 
vn 0.23622 -0.472441 -0.850394 
vn 0.149606 -0.275591 -0.952756 
vn 0.291339 -0.346457 -0.889764 
vn 0.15748 -0.228346 -0.96063 
vn 0.307087 -0.314961 -0.897638 
vn 0.322835 -0.527559 -0.779528 
vn 0.354331 -0.503937 -0.787402 
vn 0.314961 -0.897638 -0.314961 
vn 0.314961 -0.897638 0.314961 
vn 0.322835 -0.92126 -0.228346 
vn 0.314961 -0.897638 -0.314961 
vn 0.700787 -0.173228 -0.692913 
vn 0.818898 0 -0.582677 
vn 0.708661 0 0.708661 
vn 0.708661 0 -0.708661 
vn 0.700787 -0.173228 -0.692913 
vn 0.448819 0 -0.897638 
vn 0.629921 0.448819 -0.629921 
vn 0.708661 0 -0.708661 
vn 0.133858 0.708661 -0.692913 
vn 0.314961 0.897638 0.314961 
vn 0.19685 0.748031 -0.629921 
vn 0.314961 0.897638 -0.314961 
vn 0.314961 0.897638 -0.314961 
vn 0.322835 0.92126 -0.228346 
vn 0.330709 0.76378 -0.559055 
vn 0.354331 -0.503937 -0.787402 
vn 0.275591 -0.393701 -0.874016 
vn 0.370079 -0.480315 -0.795276 
vn 0.480315 -0.606299 -0.629921 
vn 0.480315 -0.559055 -0.677165 
vn 0.700787 -0.173228 -0.692913 
vn 0.425197 -0.590551 -0.685039 
vn 0.393701 -0.464567 -0.795276 
vn 0.440945 -0.582677 -0.685039 
vn 0.417323 -0.440945 -0.795276 
vn 0.456693 -0.574803 -0.685039 
vn 0.291339 -0.346457 -0.889764 
vn 0.307087 -0.314961 -0.897638 
vn 0.401575 -0.606299 -0.692913 
vn 0.322835 -0.527559 -0.779528 
vn 0 -0.944882 -0.330709 
vn 0.417323 -0.645669 -0.645669 
vn 0.314961 -0.897638 -0.314961 
vn 0.456693 -0.653543 -0.606299 
vn 0 0 -1 
vn 0 0.314961 -0.944882 
vn 0.149606 0.393701 -0.905512 
vn 0.244094 0.456693 -0.858268 
vn 0.102362 0.440945 -0.889764 
vn 0 0.496063 -0.866142 
vn 0.212598 0.535433 -0.818898 
vn 0.102362 0.535433 -0.84252 
vn 0.181102 0.614173 -0.771654 
vn 0.0629921 0.661417 -0.748031 
vn 0.299213 0.590551 -0.748031 
vn 0.267717 0.669291 -0.692913 
vn 0.322835 0.511811 -0.795276 
vn 0.448819 0 -0.897638 
vn 0.708661 0 -0.708661 
vn 0.401575 0.559055 -0.724409 
vn 0.472441 0.574803 -0.669291 
vn 0.629921 0.448819 -0.629921 
vn 0.377953 0.622047 -0.685039 
vn 0.464567 0.645669 -0.606299 
vn 0.133858 0.708661 -0.692913 
vn 0.19685 0.748031 -0.629921 
vn 0.346457 0.692913 -0.629921 
vn 0.330709 0.76378 -0.559055 
vn 0.425197 0.692913 -0.582677 
vn 0.314961 0.897638 -0.314961 

vt 0.949932 0.848782 
vt 0.95355 0.840964 
vt 0.954673 0.842068 
vt 0.948883 0.846369 
vt 0.952189 0.839626 
vt 0.947898 0.844101 
vt 0.96108 0.830655 
vt 0.981749 0.858503 
vt 0.96096 0.834813 
vt 0.959449 0.834294 
vt 0.957068 0.844456 
vt 0.955796 0.843171 
vt 0.958583 0.834028 
vt 0.950981 0.851196 
vt 0.989609 0.875 
vt 0.951878 0.853283 
vt 0.944896 0.859288 
vt 0.944314 0.856467 
vt 0.943651 0.853255 
vt 0.942988 0.850044 
vt 0.937499 0.851269 
vt 0.942448 0.847429 
vt 0.937499 0.854694 
vt 0.937499 0.848406 
vt 0.937499 0.86119 
vt 0.937499 0.85812 
vt 0.957717 0.833761 
vt 0.954869 0.802083 
vt 0.959694 0.827808 
vt 0.957429 0.829692 
vt 0.937499 0.96355 
vt 0.937499 0.96355 
vt 0.937499 0.96355 
vt 0.937499 0.96355 
vt 0.937499 0.96355 
vt 0.937499 0.96355 
vt 0.937499 0.96355 
vt 0.956093 0.833262 
vt 0.937499 0.802083 
vt 0.937499 0.765625 
vt 0.937499 0.96355 
vt 0.937499 0.96355 
vt 0.963554 0.875 
vt 0.95629 0.913369 
vt 0.948268 0.904962 
vt 0.937499 0.875 
vt 0.937499 0.96355 
vt 0.937499 0.96355 
vt 0.952094 0.909275 
vt 0.960239 0.916494 
vt 0.972239 0.911458 
vt 0.946807 0.909421 
vt 0.95081 0.914315 
vt 0.955108 0.917788 
vt 0.960313 0.921995 
vt 0.943924 0.900649 
vt 0.937499 0.895831 
vt 0.9419 0.903421 
vt 0.937499 0.90671 
vt 0.941875 0.909011 
vt 0.945183 0.914381 
vt 0.940386 0.917134 
vt 0.949527 0.919354 
vt 0.943218 0.920889 
vt 0.958265 0.92512 
vt 0.953748 0.922876 
vt 0.937499 0.96355 
vt 0.937499 0.96355 
vt 0.953042 0.928575 
vt 0.954869 0.947917 
vt 0.937499 0.96355 
vt 0.946379 0.925081 
vt 0.937499 0.932561 
vt 0.937499 0.96355 
vt 0.937499 0.947918 
vt 0.937499 0.984375 
vt 0.937499 0.96355 
vt 0.934612 0.917134 
vt 0.93201 0.850044 
vt 0.93255 0.847429 
vt 0.931347 0.853255 
vt 0.926115 0.846369 
vt 0.925066 0.848782 
vt 0.9271 0.844101 
vt 0.930684 0.856467 
vt 0.924017 0.851196 
vt 0.930102 0.859288 
vt 0.92312 0.853283 
vt 0.922809 0.839626 
vt 0.921448 0.840964 
vt 0.920129 0.802083 
vt 0.937499 0.96355 
vt 0.937499 0.96355 
vt 0.937499 0.96355 
vt 0.937499 0.96355 
vt 0.937499 0.96355 
vt 0.937499 0.96355 
vt 0.885389 0.875 
vt 0.893249 0.858503 
vt 0.911444 0.875 
vt 0.937499 0.96355 
vt 0.937499 0.96355 
vt 0.93178 0.920889 
vt 0.937499 0.96355 
vt 0.928619 0.925081 
vt 0.920129 0.947917 
vt 0.937499 0.96355 
vt 0.937499 0.96355 
vt 0.921956 0.928575 
vt 0.921448 0.840964 
vt 0.925066 0.848782 
vt 0.920325 0.842068 
vt 0.913918 0.830655 
vt 0.914038 0.834813 
vt 0.893249 0.858503 
vt 0.917281 0.833761 
vt 0.919202 0.843171 
vt 0.916415 0.834028 
vt 0.91793 0.844456 
vt 0.915549 0.834294 
vt 0.924017 0.851196 
vt 0.92312 0.853283 
vt 0.918905 0.833262 
vt 0.922809 0.839626 
vt 0.937499 0.802083 
vt 0.917569 0.829692 
vt 0.920129 0.802083 
vt 0.915304 0.827808 
vt 0.937499 0.875 
vt 0.937499 0.895831 
vt 0.931074 0.900649 
vt 0.92673 0.904962 
vt 0.933098 0.903421 
vt 0.937499 0.90671 
vt 0.928191 0.909421 
vt 0.933123 0.909011 
vt 0.929815 0.914381 
vt 0.934612 0.917134 
vt 0.924187 0.914315 
vt 0.925471 0.919354 
vt 0.922904 0.909275 
vt 0.911444 0.875 
vt 0.885389 0.875 
vt 0.918708 0.913369 
vt 0.914759 0.916494 
vt 0.902759 0.911458 
vt 0.91989 0.917788 
vt 0.914684 0.921995 
vt 0.93178 0.920889 
vt 0.928619 0.925081 
vt 0.92125 0.922876 
vt 0.921956 0.928575 
vt 0.916733 0.92512 
vt 0.920129 0.947917 

usemtl Androeofficial1Mtl

f 5138/5138/5138 5139/5139/5139 5140/5140/5140 
f 5142/5142/5142 5140/5140/5140 5139/5139/5139 
f 5141/5141/5141 5140/5140/5140 5142/5142/5142 
f 5139/5139/5139 5154/5154/5154 5142/5142/5142 
f 5140/5140/5140 5141/5141/5141 5148/5148/5148 
f 5148/5148/5148 5138/5138/5138 5140/5140/5140 
f 5155/5155/5155 5154/5154/5154 5139/5139/5139 
f 5148/5148/5148 5149/5149/5149 5138/5138/5138 
f 5139/5139/5139 5175/5175/5175 5155/5155/5155 
f 5155/5155/5155 5175/5175/5175 5178/5178/5178 
f 5143/5143/5143 5139/5139/5139 5138/5138/5138 
f 5178/5178/5178 5175/5175/5175 5184/5184/5184 
f 5139/5139/5139 5174/5174/5174 5175/5175/5175 
f 5174/5174/5174 5139/5139/5139 5143/5143/5143 
f 5184/5184/5184 5175/5175/5175 5174/5174/5174 
f 5138/5138/5138 5144/5144/5144 5143/5143/5143 
f 5174/5174/5174 5143/5143/5143 5144/5144/5144 
f 5149/5149/5149 5144/5144/5144 5138/5138/5138 
f 5174/5174/5174 5181/5181/5181 5184/5184/5184 
f 5144/5144/5144 5181/5181/5181 5174/5174/5174 
f 5211/5211/5211 5184/5184/5184 5181/5181/5181 
f 5144/5144/5144 5211/5211/5211 5181/5181/5181 
f 5184/5184/5184 5211/5211/5211 5215/5215/5215 
f 5214/5214/5214 5184/5184/5184 5215/5215/5215 
f 5208/5208/5208 5214/5214/5214 5215/5215/5215 
f 5203/5203/5203 5208/5208/5208 5215/5215/5215 
f 5211/5211/5211 5203/5203/5203 5215/5215/5215 
f 5208/5208/5208 5203/5203/5203 5209/5209/5209 
f 5204/5204/5204 5211/5211/5211 5144/5144/5144 
f 5203/5203/5203 5211/5211/5211 5204/5204/5204 
f 5203/5203/5203 5202/5202/5202 5209/5209/5209 
f 5199/5199/5199 5204/5204/5204 5144/5144/5144 
f 5203/5203/5203 5204/5204/5204 5199/5199/5199 
f 5144/5144/5144 5149/5149/5149 5199/5199/5199 
f 5148/5148/5148 5199/5199/5199 5149/5149/5149 
f 5200/5200/5200 5203/5203/5203 5199/5199/5199 
f 5148/5148/5148 5200/5200/5200 5199/5199/5199 
f 5202/5202/5202 5203/5203/5203 5200/5200/5200 
f 5200/5200/5200 5148/5148/5148 5201/5201/5201 
f 5201/5201/5201 5202/5202/5202 5200/5200/5200 
f 5108/5108/5108 5109/5109/5109 5110/5110/5110 
f 5134/5134/5134 5110/5110/5110 5109/5109/5109 
f 5110/5110/5110 5121/5121/5121 5108/5108/5108 
f 5109/5109/5109 5108/5108/5108 5111/5111/5111 
f 5110/5110/5110 5134/5134/5134 5120/5120/5120 
f 5120/5120/5120 5119/5119/5119 5110/5110/5110 
f 5121/5121/5121 5110/5110/5110 5119/5119/5119 
f 5134/5134/5134 5136/5136/5136 5120/5120/5120 
f 5119/5119/5119 5123/5123/5123 5121/5121/5121 
f 5109/5109/5109 5145/5145/5145 5134/5134/5134 
f 5119/5119/5119 5120/5120/5120 5117/5117/5117 
f 5120/5120/5120 5136/5136/5136 5117/5117/5117 
f 5117/5117/5117 5118/5118/5118 5119/5119/5119 
f 5123/5123/5123 5119/5119/5119 5118/5118/5118 
f 5118/5118/5118 5117/5117/5117 5116/5116/5116 
f 5145/5145/5145 5109/5109/5109 5112/5112/5112 
f 5111/5111/5111 5112/5112/5112 5109/5109/5109 
f 5116/5116/5116 5115/5115/5115 5118/5118/5118 
f 5118/5118/5118 5115/5115/5115 5123/5123/5123 
f 5117/5117/5117 5114/5114/5114 5116/5116/5116 
f 5114/5114/5114 5115/5115/5115 5116/5116/5116 
f 5114/5114/5114 5117/5117/5117 5136/5136/5136 
f 5114/5114/5114 5135/5135/5135 5115/5115/5115 
f 5135/5135/5135 5114/5114/5114 5136/5136/5136 
f 5122/5122/5122 5123/5123/5123 5115/5115/5115 
f 5137/5137/5137 5135/5135/5135 5136/5136/5136 
f 5136/5136/5136 5134/5134/5134 5137/5137/5137 
f 5137/5137/5137 5134/5134/5134 5145/5145/5145 
f 5146/5146/5146 5135/5135/5135 5137/5137/5137 
f 5137/5137/5137 5145/5145/5145 5146/5146/5146 
f 5147/5147/5147 5135/5135/5135 5146/5146/5146 
f 5147/5147/5147 5146/5146/5146 5198/5198/5198 
f 5145/5145/5145 5112/5112/5112 5146/5146/5146 
f 5150/5150/5150 5123/5123/5123 5122/5122/5122 
f 5112/5112/5112 5113/5113/5113 5146/5146/5146 
f 5112/5112/5112 5111/5111/5111 5113/5113/5113 
f 5127/5127/5127 5113/5113/5113 5111/5111/5111 
f 5113/5113/5113 5129/5129/5129 5146/5146/5146 
f 5113/5113/5113 5127/5127/5127 5129/5129/5129 
f 5129/5129/5129 5131/5131/5131 5146/5146/5146 
f 5111/5111/5111 5126/5126/5126 5127/5127/5127 
f 5126/5126/5126 5111/5111/5111 5108/5108/5108 
f 5128/5128/5128 5129/5129/5129 5127/5127/5127 
f 5129/5129/5129 5128/5128/5128 5131/5131/5131 
f 5130/5130/5130 5127/5127/5127 5126/5126/5126 
f 5127/5127/5127 5130/5130/5130 5128/5128/5128 
f 5108/5108/5108 5125/5125/5125 5126/5126/5126 
f 5125/5125/5125 5108/5108/5108 5121/5121/5121 
f 5128/5128/5128 5187/5187/5187 5131/5131/5131 
f 5187/5187/5187 5146/5146/5146 5131/5131/5131 
f 5130/5130/5130 5186/5186/5186 5128/5128/5128 
f 5187/5187/5187 5128/5128/5128 5186/5186/5186 
f 5191/5191/5191 5146/5146/5146 5187/5187/5187 
f 5186/5186/5186 5191/5191/5191 5187/5187/5187 
f 5196/5196/5196 5146/5146/5146 5191/5191/5191 
f 5189/5189/5189 5196/5196/5196 5191/5191/5191 
f 5191/5191/5191 5186/5186/5186 5189/5189/5189 
f 5196/5196/5196 5189/5189/5189 5197/5197/5197 
f 5190/5190/5190 5197/5197/5197 5189/5189/5189 
f 5188/5188/5188 5189/5189/5189 5186/5186/5186 
f 5189/5189/5189 5188/5188/5188 5190/5190/5190 
f 5186/5186/5186 5130/5130/5130 5188/5188/5188 
f 5192/5192/5192 5190/5190/5190 5188/5188/5188 
f 5190/5190/5190 5192/5192/5192 5193/5193/5193 
f 5133/5133/5133 5188/5188/5188 5130/5130/5130 
f 5188/5188/5188 5133/5133/5133 5192/5192/5192 
f 5126/5126/5126 5133/5133/5133 5130/5130/5130 
f 5133/5133/5133 5126/5126/5126 5125/5125/5125 
f 5132/5132/5132 5192/5192/5192 5133/5133/5133 
f 5125/5125/5125 5132/5132/5132 5133/5133/5133 
f 5194/5194/5194 5193/5193/5193 5192/5192/5192 
f 5192/5192/5192 5132/5132/5132 5194/5194/5194 
f 5193/5193/5193 5194/5194/5194 5195/5195/5195 
f 5205/5205/5205 5206/5206/5206 5195/5195/5195 
f 5207/5207/5207 5205/5205/5205 5195/5195/5195 
f 5195/5195/5195 5194/5194/5194 5207/5207/5207 
f 5194/5194/5194 5153/5153/5153 5207/5207/5207 
f 5153/5153/5153 5194/5194/5194 5132/5132/5132 
f 5132/5132/5132 5125/5125/5125 5124/5124/5124 
f 5153/5153/5153 5132/5132/5132 5124/5124/5124 
f 5121/5121/5121 5124/5124/5124 5125/5125/5125 
f 5124/5124/5124 5121/5121/5121 5123/5123/5123 
f 5123/5123/5123 5150/5150/5150 5124/5124/5124 
f 5124/5124/5124 5150/5150/5150 5153/5153/5153 
f 5150/5150/5150 5152/5152/5152 5153/5153/5153 
f 5153/5153/5153 5152/5152/5152 5163/5163/5163 
f 5153/5153/5153 5163/5163/5163 5164/5164/5164 
f 5152/5152/5152 5150/5150/5150 5156/5156/5156 
f 5159/5159/5159 5163/5163/5163 5152/5152/5152 
f 5156/5156/5156 5159/5159/5159 5152/5152/5152 
f 5164/5164/5164 5163/5163/5163 5165/5165/5165 
f 5163/5163/5163 5159/5159/5159 5165/5165/5165 
f 5165/5165/5165 5166/5166/5166 5164/5164/5164 
f 5165/5165/5165 5159/5159/5159 5167/5167/5167 
f 5167/5167/5167 5166/5166/5166 5165/5165/5165 
f 5156/5156/5156 5150/5150/5150 5151/5151/5151 
f 5122/5122/5122 5151/5151/5151 5150/5150/5150 
f 5161/5161/5161 5156/5156/5156 5151/5151/5151 
f 5151/5151/5151 5122/5122/5122 5157/5157/5157 
f 5151/5151/5151 5157/5157/5157 5161/5161/5161 
f 5157/5157/5157 5122/5122/5122 5158/5158/5158 
f 5158/5158/5158 5162/5162/5162 5157/5157/5157 
f 5162/5162/5162 5161/5161/5161 5157/5157/5157 
f 5177/5177/5177 5162/5162/5162 5158/5158/5158 
f 5156/5156/5156 5161/5161/5161 5160/5160/5160 
f 5159/5159/5159 5156/5156/5156 5160/5160/5160 
f 5161/5161/5161 5162/5162/5162 5172/5172/5172 
f 5162/5162/5162 5177/5177/5177 5172/5172/5172 
f 5173/5173/5173 5160/5160/5160 5161/5161/5161 
f 5172/5172/5172 5173/5173/5173 5161/5161/5161 
f 5168/5168/5168 5159/5159/5159 5160/5160/5160 
f 5159/5159/5159 5168/5168/5168 5167/5167/5167 
f 5160/5160/5160 5173/5173/5173 5170/5170/5170 
f 5168/5168/5168 5160/5160/5160 5170/5170/5170 
f 5173/5173/5173 5172/5172/5172 5176/5176/5176 
f 5170/5170/5170 5173/5173/5173 5176/5176/5176 
f 5172/5172/5172 5177/5177/5177 5176/5176/5176 
f 5176/5176/5176 5179/5179/5179 5170/5170/5170 
f 5179/5179/5179 5176/5176/5176 5177/5177/5177 
f 5179/5179/5179 5168/5168/5168 5170/5170/5170 
f 5169/5169/5169 5167/5167/5167 5168/5168/5168 
f 5166/5166/5166 5167/5167/5167 5169/5169/5169 
f 5168/5168/5168 5179/5179/5179 5171/5171/5171 
f 5169/5169/5169 5168/5168/5168 5171/5171/5171 
f 5177/5177/5177 5182/5182/5182 5179/5179/5179 
f 5182/5182/5182 5171/5171/5171 5179/5179/5179 
f 5182/5182/5182 5177/5177/5177 5183/5183/5183 
f 5169/5169/5169 5171/5171/5171 5180/5180/5180 
f 5180/5180/5180 5166/5166/5166 5169/5169/5169 
f 5180/5180/5180 5171/5171/5171 5182/5182/5182 
f 5166/5166/5166 5180/5180/5180 5185/5185/5185 
f 5185/5185/5185 5180/5180/5180 5210/5210/5210 
f 5180/5180/5180 5182/5182/5182 5210/5210/5210 
f 5182/5182/5182 5183/5183/5183 5213/5213/5213 
f 5182/5182/5182 5212/5212/5212 5210/5210/5210 
f 5213/5213/5213 5212/5212/5212 5182/5182/5182 
f 5212/5212/5212 5213/5213/5213 5216/5216/5216 
f 5217/5217/5217 5218/5218/5218 5219/5219/5219 
f 5228/5228/5228 5219/5219/5219 5218/5218/5218 
f 5219/5219/5219 5228/5228/5228 5224/5224/5224 
f 5229/5229/5229 5224/5224/5224 5228/5228/5228 
f 5224/5224/5224 5229/5229/5229 5226/5226/5226 
f 5226/5226/5226 5229/5229/5229 5222/5222/5222 
f 5221/5221/5221 5226/5226/5226 5222/5222/5222 
f 5226/5226/5226 5227/5227/5227 5224/5224/5224 
f 5227/5227/5227 5226/5226/5226 5221/5221/5221 
f 5220/5220/5220 5221/5221/5221 5222/5222/5222 
f 5227/5227/5227 5221/5221/5221 5220/5220/5220 
f 5222/5222/5222 5234/5234/5234 5220/5220/5220 
f 5225/5225/5225 5224/5224/5224 5227/5227/5227 
f 5224/5224/5224 5225/5225/5225 5219/5219/5219 
f 5220/5220/5220 5235/5235/5235 5227/5227/5227 
f 5220/5220/5220 5234/5234/5234 5235/5235/5235 
f 5225/5225/5225 5227/5227/5227 5235/5235/5235 
f 5223/5223/5223 5219/5219/5219 5225/5225/5225 
f 5223/5223/5223 5225/5225/5225 5235/5235/5235 
f 5219/5219/5219 5223/5223/5223 5217/5217/5217 
f 5233/5233/5233 5235/5235/5235 5234/5234/5234 
f 5235/5235/5235 5233/5233/5233 5223/5223/5223 
f 5232/5232/5232 5233/5233/5233 5234/5234/5234 
f 5230/5230/5230 5217/5217/5217 5223/5223/5223 
f 5233/5233/5233 5230/5230/5230 5223/5223/5223 
f 5233/5233/5233 5232/5232/5232 5230/5230/5230 
f 5217/5217/5217 5230/5230/5230 5231/5231/5231 
f 5230/5230/5230 5232/5232/5232 5231/5231/5231 
f 5236/5236/5236 5237/5237/5237 5238/5238/5238 
f 5237/5237/5237 5240/5240/5240 5238/5238/5238 
f 5240/5240/5240 5237/5237/5237 5241/5241/5241 
f 5236/5236/5236 5238/5238/5238 5239/5239/5239 
f 5249/5249/5249 5236/5236/5236 5239/5239/5239 
f 5242/5242/5242 5238/5238/5238 5240/5240/5240 
f 5238/5238/5238 5242/5242/5242 5239/5239/5239 
f 5243/5243/5243 5240/5240/5240 5241/5241/5241 
f 5243/5243/5243 5242/5242/5242 5240/5240/5240 
f 5241/5241/5241 5245/5245/5245 5243/5243/5243 
f 5245/5245/5245 5244/5244/5244 5243/5243/5243 
f 5242/5242/5242 5243/5243/5243 5244/5244/5244 
f 5244/5244/5244 5245/5245/5245 5256/5256/5256 
f 5244/5244/5244 5256/5256/5256 5257/5257/5257 
f 5239/5239/5239 5242/5242/5242 5248/5248/5248 
f 5239/5239/5239 5248/5248/5248 5249/5249/5249 
f 5244/5244/5244 5246/5246/5246 5242/5242/5242 
f 5242/5242/5242 5246/5246/5246 5248/5248/5248 
f 5244/5244/5244 5257/5257/5257 5247/5247/5247 
f 5246/5246/5246 5244/5244/5244 5247/5247/5247 
f 5257/5257/5257 5259/5259/5259 5247/5247/5247 
f 5258/5258/5258 5246/5246/5246 5247/5247/5247 
f 5247/5247/5247 5259/5259/5259 5258/5258/5258 
f 5254/5254/5254 5248/5248/5248 5246/5246/5246 
f 5246/5246/5246 5258/5258/5258 5254/5254/5254 
f 5258/5258/5258 5259/5259/5259 5260/5260/5260 
f 5258/5258/5258 5260/5260/5260 5254/5254/5254 
f 5260/5260/5260 5259/5259/5259 5261/5261/5261 
f 5255/5255/5255 5260/5260/5260 5261/5261/5261 
f 5255/5255/5255 5254/5254/5254 5260/5260/5260 
f 5261/5261/5261 5253/5253/5253 5255/5255/5255 
f 5248/5248/5248 5254/5254/5254 5251/5251/5251 
f 5248/5248/5248 5251/5251/5251 5249/5249/5249 
f 5250/5250/5250 5249/5249/5249 5251/5251/5251 
f 5254/5254/5254 5252/5252/5252 5251/5251/5251 
f 5251/5251/5251 5252/5252/5252 5250/5250/5250 
f 5254/5254/5254 5255/5255/5255 5252/5252/5252 
f 5252/5252/5252 5253/5253/5253 5250/5250/5250 
f 5253/5253/5253 5252/5252/5252 5255/5255/5255 

