# This file is brought to you by Roblox Corporation
# Generated by Roblox Studio

mtllib Androeofficial.mtl

g Handle1

v -287.693 4.06234 80.8675 
v -287.404 4.08434 81.1203 
v -287.661 4.34932 81.0742 
v -286.111 4.06307 80.8675 
v -286.141 4.3501 81.0742 
v -286.406 4.08434 81.1203 
v -287.693 4.06234 80.8675 
v -287.661 4.34932 81.0742 
v -287.85 4.3452 80.6541 
v -287.661 4.34932 81.0742 
v -287.404 4.08434 81.1203 
v -287.204 4.39383 81.2561 
v -286.141 4.3501 81.0742 
v -286.606 4.39381 81.2561 
v -286.406 4.08434 81.1203 
v -287.693 4.06234 80.8675 
v -287.85 4.3452 80.6541 
v -287.798 4.12907 80.2234 
v -286.111 4.06307 80.8675 
v -285.994 4.12913 80.2234 
v -285.946 4.34646 80.6541 
v -287.798 4.12907 80.2234 
v -287.784 4.13531 79.896 
v -287.722 4.05882 80.0411 
v -285.994 4.12913 80.2234 
v -286.068 4.05882 80.0411 
v -286.001 4.13531 79.896 
v -286.606 4.39381 81.2561 
v -287.204 4.39383 81.2561 
v -286.908 4.0026 81.0178 
v -286.606 4.39381 81.2561 
v -286.908 4.0026 81.0178 
v -286.406 4.08434 81.1203 
v -287.204 4.39383 81.2561 
v -287.404 4.08434 81.1203 
v -286.908 4.0026 81.0178 
v -286.893 5.42506 81.1642 
v -287.05 4.94478 81.2098 
v -286.751 4.94446 81.2098 
v -287.05 4.94478 81.2098 
v -287.204 4.39383 81.2561 
v -286.978 4.68286 81.2328 
v -286.978 4.68286 81.2328 
v -286.751 4.94446 81.2098 
v -287.05 4.94478 81.2098 
v -286.751 4.94446 81.2098 
v -286.978 4.68286 81.2328 
v -286.606 4.39381 81.2561 
v -287.204 4.39383 81.2561 
v -286.606 4.39381 81.2561 
v -286.888 5.7795 81.1593 
v -286.509 5.40152 81.0376 
v -286.584 5.55946 80.8875 
v -287.277 5.40152 81.0376 
v -286.888 5.7795 81.1593 
v -287.197 5.55946 80.8875 
v -286.509 5.40152 81.0376 
v -286.888 5.7795 81.1593 
v -286.889 5.69949 81.3408 
v -286.888 5.7795 81.1593 
v -287.277 5.40152 81.0376 
v -286.889 5.69949 81.3408 
v -287.661 4.34932 81.0742 
v -287.204 4.39383 81.2561 
v -287.248 5.01838 81.0835 
v -286.893 5.42506 81.1642 
v -287.248 5.01838 81.0835 
v -287.05 4.94478 81.2098 
v -286.141 4.3501 81.0742 
v -286.549 5.0182 81.0835 
v -286.606 4.39381 81.2561 
v -287.204 4.39383 81.2561 
v -287.05 4.94478 81.2098 
v -287.248 5.01838 81.0835 
v -286.549 5.0182 81.0835 
v -286.893 5.42506 81.1642 
v -286.751 4.94446 81.2098 
v -286.606 4.39381 81.2561 
v -286.549 5.0182 81.0835 
v -286.751 4.94446 81.2098 
v -287.277 5.40152 81.0376 
v -287.248 5.01838 81.0835 
v -286.893 5.42506 81.1642 
v -286.509 5.40152 81.0376 
v -286.893 5.42506 81.1642 
v -286.549 5.0182 81.0835 
v -287.722 4.05882 80.0411 
v -287.61 4.06067 80.4273 
v -287.798 4.12907 80.2234 
v -285.994 4.12913 80.2234 
v -286.012 4.5217 80.037 
v -285.946 4.34646 80.6541 
v -287.798 4.12907 80.2234 
v -287.85 4.3452 80.6541 
v -287.774 4.5217 80.037 
v -286.068 4.05882 80.0411 
v -285.994 4.12913 80.2234 
v -286.19 4.06102 80.4273 
v -286.886 5.23099 79.517 
v -286.728 5.09113 79.4529 
v -286.813 4.9888 79.3445 
v -286.886 5.23099 79.517 
v -286.958 4.9888 79.3445 
v -287.044 5.09113 79.4529 
v -286.886 5.23099 79.517 
v -286.54 5.28191 79.6832 
v -286.728 5.09113 79.4529 
v -286.54 5.28191 79.6832 
v -286.886 5.23099 79.517 
v -286.886 5.51637 79.8043 
v -287.233 5.28191 79.6832 
v -286.886 5.23099 79.517 
v -287.044 5.09113 79.4529 
v -286.886 5.23099 79.517 
v -287.233 5.28191 79.6832 
v -286.886 5.51637 79.8043 
v -287.774 4.5217 80.037 
v -287.784 4.13531 79.896 
v -287.798 4.12907 80.2234 
v -286.885 4.88113 79.225 
v -286.886 5.23099 79.517 
v -286.813 4.9888 79.3445 
v -286.886 5.23099 79.517 
v -286.885 4.88113 79.225 
v -286.958 4.9888 79.3445 
v -286.111 4.06307 80.8675 
v -285.946 4.34646 80.6541 
v -286.141 4.3501 81.0742 
v -286.264 4.99248 80.6257 
v -285.946 4.34646 80.6541 
v -286.509 5.40152 81.0376 
v -286.41 5.36594 80.7083 
v -286.584 5.55946 80.8875 
v -287.277 5.40152 81.0376 
v -287.197 5.55946 80.8875 
v -287.375 5.36594 80.7083 
v -286.409 5.37972 80.3118 
v -286.888 5.65547 80.3798 
v -286.584 5.55946 80.8875 
v -286.409 5.37972 80.3118 
v -286.584 5.55946 80.8875 
v -286.41 5.36594 80.7083 
v -286.012 4.5217 80.037 
v -286.001 4.13531 79.896 
v -286.19 4.50343 79.7219 
v -287.357 4.0162 80.8304 
v -286.908 4.0026 81.0178 
v -287.404 4.08434 81.1203 
v -287.357 4.0162 80.8304 
v -287.404 4.08434 81.1203 
v -287.693 4.06234 80.8675 
v -286.888 5.65547 80.3798 
v -287.197 5.55946 80.8875 
v -286.888 5.7795 81.1593 
v -286.888 5.65547 80.3798 
v -287.372 5.37972 80.3118 
v -286.454 4.01621 80.8304 
v -286.406 4.08434 81.1203 
v -286.908 4.0026 81.0178 
v -286.454 4.01621 80.8304 
v -286.111 4.06307 80.8675 
v -286.406 4.08434 81.1203 
v -287.372 5.37972 80.3118 
v -287.375 5.36594 80.7083 
v -287.197 5.55946 80.8875 
v -286.888 5.65547 80.3798 
v -286.888 5.7795 81.1593 
v -286.584 5.55946 80.8875 
v -287.784 4.13531 79.896 
v -287.774 4.5217 80.037 
v -287.592 4.50343 79.7219 
v -286.888 5.65547 80.3798 
v -286.409 5.37972 80.3118 
v -286.534 5.40383 80.1188 
v -286.534 5.40383 80.1188 
v -286.886 5.51637 79.8043 
v -286.888 5.65547 80.3798 
v -286.886 5.51637 79.8043 
v -286.534 5.40383 80.1188 
v -286.54 5.28191 79.6832 
v -286.499 4.92974 79.5775 
v -286.728 5.09113 79.4529 
v -286.54 5.28191 79.6832 
v -286.54 5.28191 79.6832 
v -286.534 5.40383 80.1188 
v -286.409 5.37972 80.3118 
v -287.372 5.37972 80.3118 
v -286.888 5.65547 80.3798 
v -287.244 5.40383 80.1188 
v -286.886 5.51637 79.8043 
v -287.244 5.40383 80.1188 
v -286.886 5.51637 79.8043 
v -287.233 5.28191 79.6832 
v -286.656 4.80434 79.4628 
v -286.728 5.09113 79.4529 
v -286.499 4.92974 79.5775 
v -287.277 4.92974 79.5775 
v -287.233 5.28191 79.6832 
v -287.044 5.09113 79.4529 
v -287.233 5.28191 79.6832 
v -287.372 5.37972 80.3118 
v -287.244 5.40383 80.1188 
v -287.044 5.09113 79.4529 
v -287.12 4.80434 79.4628 
v -287.277 4.92974 79.5775 
v -287.61 4.06067 80.4273 
v -287.693 4.06234 80.8675 
v -287.798 4.12907 80.2234 
v -286.386 4.12303 79.9854 
v -286.356 4.18884 79.9233 
v -286.349 4.18566 79.9355 
v -287.407 4.12303 79.9854 
v -287.443 4.18566 79.9355 
v -287.436 4.18884 79.9233 
v -286.141 4.3501 81.0742 
v -286.264 4.99248 80.6257 
v -286.549 5.0182 81.0835 
v -287.661 4.34932 81.0742 
v -287.248 5.01838 81.0835 
v -287.528 4.99241 80.6257 
v -286.19 4.06102 80.4273 
v -285.994 4.12913 80.2234 
v -286.111 4.06307 80.8675 
v -287.661 4.34932 81.0742 
v -287.528 4.99241 80.6257 
v -287.85 4.3452 80.6541 
v -286.41 5.36594 80.7083 
v -286.549 5.0182 81.0835 
v -286.264 4.99248 80.6257 
v -286.728 5.09113 79.4529 
v -286.656 4.80434 79.4628 
v -286.813 4.9888 79.3445 
v -286.001 4.13531 79.896 
v -286.012 4.5217 80.037 
v -285.994 4.12913 80.2234 
v -286.264 4.99248 80.6257 
v -285.946 4.34646 80.6541 
v -287.12 4.80434 79.4628 
v -287.044 5.09113 79.4529 
v -286.958 4.9888 79.3445 
v -286.656 4.80434 79.4628 
v -286.499 4.92974 79.5775 
v -286.526 4.60696 79.6144 
v -287.248 5.01838 81.0835 
v -287.375 5.36594 80.7083 
v -287.528 4.99241 80.6257 
v -287.375 5.36594 80.7083 
v -287.277 5.40152 81.0376 
v -287.12 4.80434 79.4628 
v -287.255 4.60696 79.6144 
v -287.277 4.92974 79.5775 
v -286.526 4.60696 79.6144 
v -286.499 4.92974 79.5775 
v -286.19 4.50343 79.7219 
v -287.255 4.60696 79.6144 
v -287.592 4.50343 79.7219 
v -287.277 4.92974 79.5775 
v -287.61 4.06067 80.4273 
v -287.357 4.0162 80.8304 
v -287.693 4.06234 80.8675 
v -286.19 4.06102 80.4273 
v -286.111 4.06307 80.8675 
v -286.454 4.01621 80.8304 
v -287.528 4.99241 80.6257 
v -287.774 4.5217 80.037 
v -287.85 4.3452 80.6541 
v -286.264 4.99248 80.6257 
v -286.409 5.37972 80.3118 
v -286.41 5.36594 80.7083 
v -287.528 4.99241 80.6257 
v -287.375 5.36594 80.7083 
v -287.372 5.37972 80.3118 
v -286.409 5.37972 80.3118 
v -286.299 5.00167 80.0667 
v -286.54 5.28191 79.6832 
v -287.372 5.37972 80.3118 
v -287.233 5.28191 79.6832 
v -287.485 5.00167 80.0667 
v -286.299 5.00167 80.0667 
v -286.19 4.50343 79.7219 
v -286.499 4.92974 79.5775 
v -287.485 5.00167 80.0667 
v -287.277 4.92974 79.5775 
v -287.592 4.50343 79.7219 
v -286.19 4.50343 79.7219 
v -286.299 5.00167 80.0667 
v -286.012 4.5217 80.037 
v -286.264 4.99248 80.6257 
v -286.012 4.5217 80.037 
v -286.299 5.00167 80.0667 
v -287.774 4.5217 80.037 
v -287.485 5.00167 80.0667 
v -287.592 4.50343 79.7219 
v -287.774 4.5217 80.037 
v -287.528 4.99241 80.6257 
v -287.485 5.00167 80.0667 
v -286.299 5.00167 80.0667 
v -286.499 4.92974 79.5775 
v -286.54 5.28191 79.6832 
v -286.264 4.99248 80.6257 
v -286.299 5.00167 80.0667 
v -286.409 5.37972 80.3118 
v -287.528 4.99241 80.6257 
v -287.372 5.37972 80.3118 
v -287.485 5.00167 80.0667 
v -287.485 5.00167 80.0667 
v -287.233 5.28191 79.6832 
v -287.277 4.92974 79.5775 
v -287.561 4.18636 79.8584 
v -287.592 4.50343 79.7219 
v -287.255 4.60696 79.6144 
v -286.227 4.18636 79.8584 
v -286.19 4.50343 79.7219 
v -286.001 4.13531 79.896 
v -286.526 4.60696 79.6144 
v -286.19 4.50343 79.7219 
v -287.455 4.19458 79.9124 
v -287.436 4.18884 79.9233 
v -287.443 4.18566 79.9355 
v -286.336 4.19458 79.9124 
v -286.349 4.18566 79.9355 
v -286.356 4.18884 79.9233 
v -287.561 4.18636 79.8584 
v -287.784 4.13531 79.896 
v -287.592 4.50343 79.7219 
v -286.311 4.1002 80.0034 
v -286.227 4.18636 79.8584 
v -286.068 4.05882 80.0411 
v -287.561 4.18636 79.8584 
v -287.482 4.1002 80.0034 
v -287.722 4.05882 80.0411 
v -286.386 4.12303 79.9854 
v -286.349 4.18566 79.9355 
v -286.311 4.1002 80.0034 
v -287.407 4.12303 79.9854 
v -287.482 4.1002 80.0034 
v -287.443 4.18566 79.9355 
v -286.336 4.19458 79.9124 
v -286.356 4.18884 79.9233 
v -286.336 4.20597 79.8957 
v -287.455 4.20597 79.8957 
v -287.436 4.18884 79.9233 
v -287.455 4.19458 79.9124 
v -286.068 4.05882 80.0411 
v -286.227 4.18636 79.8584 
v -286.001 4.13531 79.896 
v -287.722 4.05882 80.0411 
v -287.784 4.13531 79.896 
v -287.561 4.18636 79.8584 
v -286.549 5.0182 81.0835 
v -286.41 5.36594 80.7083 
v -286.509 5.40152 81.0376 
v -286.227 4.18636 79.8584 
v -286.349 4.18566 79.9355 
v -286.336 4.19458 79.9124 
v -287.443 4.18566 79.9355 
v -287.561 4.18636 79.8584 
v -287.455 4.19458 79.9124 
v -286.336 4.19458 79.9124 
v -286.336 4.20597 79.8957 
v -286.227 4.18636 79.8584 
v -287.455 4.19458 79.9124 
v -287.561 4.18636 79.8584 
v -287.455 4.20597 79.8957 
v -286.068 4.05882 80.0411 
v -286.19 4.06102 80.4273 
v -286.25 4.09257 80.3027 
v -286.893 5.42506 81.1642 
v -286.889 5.69949 81.3408 
v -287.277 5.40152 81.0376 
v -287.61 4.06067 80.4273 
v -287.722 4.05882 80.0411 
v -287.549 4.0924 80.3027 
v -286.893 5.42506 81.1642 
v -286.509 5.40152 81.0376 
v -286.889 5.69949 81.3408 
v -286.227 4.18636 79.8584 
v -286.311 4.1002 80.0034 
v -286.349 4.18566 79.9355 
v -287.482 4.1002 80.0034 
v -287.561 4.18636 79.8584 
v -287.443 4.18566 79.9355 
v -287.189 5.07886 79.9848 
v -286.9 5.08346 79.8385 
v -287.247 4.97794 80.069 
v -286.54 4.97794 80.069 
v -286.881 5.08346 79.8385 
v -286.594 5.07886 79.9848 
v -286.227 4.18636 79.8584 
v -286.401 4.25635 79.9312 
v -286.452 4.49336 79.9386 
v -286.25 4.09257 80.3027 
v -286.19 4.06102 80.4273 
v -286.288 4.12925 80.3905 
v -286.46 4.25384 80.5715 
v -286.288 4.12925 80.3905 
v -287.513 4.12909 80.3905 
v -287.347 4.25389 80.5715 
v -287.61 4.06067 80.4273 
v -287.61 4.06067 80.4273 
v -287.549 4.0924 80.3027 
v -287.513 4.12909 80.3905 
v -287.561 4.18636 79.8584 
v -287.328 4.4451 79.973 
v -287.39 4.25635 79.9312 
v -286.068 4.05882 80.0411 
v -286.321 4.25158 80.2195 
v -286.346 4.24096 80.118 
v -286.311 4.1002 80.0034 
v -286.068 4.05882 80.0411 
v -286.346 4.24096 80.118 
v -287.722 4.05882 80.0411 
v -287.45 4.24096 80.118 
v -287.477 4.25153 80.2195 
v -287.45 4.24096 80.118 
v -287.722 4.05882 80.0411 
v -287.482 4.1002 80.0034 
v -286.386 4.12303 79.9854 
v -286.401 4.25635 79.9312 
v -286.356 4.18884 79.9233 
v -286.401 4.25635 79.9312 
v -286.336 4.20597 79.8957 
v -287.39 4.25635 79.9312 
v -287.407 4.12303 79.9854 
v -287.436 4.18884 79.9233 
v -287.39 4.25635 79.9312 
v -287.436 4.18884 79.9233 
v -287.455 4.20597 79.8957 
v -286.401 4.25635 79.9312 
v -286.227 4.18636 79.8584 
v -286.336 4.20597 79.8957 
v -287.561 4.18636 79.8584 
v -287.39 4.25635 79.9312 
v -287.455 4.20597 79.8957 
v -286.452 4.49336 79.9386 
v -286.36 4.52878 79.8408 
v -286.227 4.18636 79.8584 
v -286.311 4.1002 80.0034 
v -286.346 4.24096 80.118 
v -286.386 4.12303 79.9854 
v -287.482 4.1002 80.0034 
v -287.407 4.12303 79.9854 
v -287.45 4.24096 80.118 
v -287.339 4.49336 79.9386 
v -287.561 4.18636 79.8584 
v -287.427 4.52878 79.8408 
v -287.328 4.4451 79.973 
v -287.561 4.18636 79.8584 
v -287.339 4.49336 79.9386 
v -286.525 4.79769 79.9935 
v -286.36 4.52878 79.8408 
v -286.526 4.75041 79.9933 
v -287.427 4.52878 79.8408 
v -287.264 4.79769 79.9935 
v -287.263 4.75041 79.9933 
v -287.263 4.75041 79.9933 
v -287.339 4.49336 79.9386 
v -287.427 4.52878 79.8408 
v -287.117 5.08758 79.9091 
v -287.026 5.10798 79.8356 
v -286.934 5.08532 79.8328 
v -286.664 5.08758 79.9091 
v -286.847 5.08532 79.8328 
v -286.754 5.10798 79.8356 
v -286.452 4.49336 79.9386 
v -286.526 4.75041 79.9933 
v -286.36 4.52878 79.8408 
v -286.502 4.61198 80.0029 
v -286.526 4.75041 79.9933 
v -286.47 4.49534 79.9752 
v -286.464 4.4451 79.973 
v -286.321 4.25158 80.2195 
v -286.068 4.05882 80.0411 
v -286.25 4.09257 80.3027 
v -287.722 4.05882 80.0411 
v -287.477 4.25153 80.2195 
v -287.549 4.0924 80.3027 
v -286.46 4.25384 80.5715 
v -286.19 4.06102 80.4273 
v -286.454 4.01621 80.8304 
v -286.89 5.09208 79.8244 
v -286.849 5.07671 79.832 
v -286.881 5.08346 79.8385 
v -286.931 5.07671 79.832 
v -286.89 5.09208 79.8244 
v -286.9 5.08346 79.8385 
v -286.46 4.25384 80.5715 
v -286.454 4.01621 80.8304 
v -286.522 4.24089 80.6745 
v -287.347 4.25389 80.5715 
v -287.357 4.0162 80.8304 
v -287.61 4.06067 80.4273 
v -287.357 4.0162 80.8304 
v -287.287 4.24091 80.6745 
v -287.23 4.24535 80.7415 
v -286.502 4.61198 80.0029 
v -286.452 4.49336 79.9386 
v -286.482 4.55133 79.9811 
v -287.347 4.25389 80.5715 
v -287.287 4.24091 80.6745 
v -287.357 4.0162 80.8304 
v -286.482 4.55133 79.9811 
v -286.452 4.49336 79.9386 
v -286.47 4.49534 79.9752 
v -287.339 4.49336 79.9386 
v -287.29 4.61198 80.0029 
v -287.31 4.55133 79.9811 
v -286.539 5.0469 80.6396 
v -286.502 4.98437 80.1689 
v -286.498 5.04135 80.5515 
v -287.323 5.00222 80.2605 
v -287.329 5.03182 80.4589 
v -287.347 5.02035 80.3594 
v -287.357 4.0162 80.8304 
v -287.23 4.24535 80.7415 
v -287.159 4.24795 80.8034 
v -286.463 5.03182 80.4589 
v -286.467 5.00222 80.2605 
v -286.443 5.02035 80.3594 
v -287.322 4.49534 79.9752 
v -287.328 4.4451 79.973 
v -287.339 4.49336 79.9386 
v -287.31 4.55133 79.9811 
v -286.452 4.49336 79.9386 
v -286.401 4.25635 79.9312 
v -286.464 4.4451 79.973 
v -286.401 4.25635 79.9312 
v -286.438 4.36315 79.9896 
v -286.888 5.07287 79.5907 
v -287.12 4.80434 79.4628 
v -286.958 4.9888 79.3445 
v -286.656 4.80434 79.4628 
v -286.888 5.07287 79.5907 
v -286.813 4.9888 79.3445 
v -286.467 5.00222 80.2605 
v -286.498 5.04135 80.5515 
v -286.502 4.98437 80.1689 
v -287.286 4.98437 80.1689 
v -287.296 5.04135 80.5515 
v -287.323 5.00222 80.2605 
v -287.29 4.61198 80.0029 
v -287.339 4.49336 79.9386 
v -287.263 4.75041 79.9933 
v -286.498 5.04135 80.5515 
v -286.467 5.00222 80.2605 
v -286.463 5.03182 80.4589 
v -286.454 4.01621 80.8304 
v -286.581 4.2454 80.7415 
v -286.522 4.24089 80.6745 
v -286.454 4.01621 80.8304 
v -286.653 4.24826 80.8034 
v -286.761 4.24711 80.8615 
v -287.286 4.98437 80.1689 
v -286.899 5.05548 80.9014 
v -287.296 5.04135 80.5515 
v -286.526 4.75041 79.9933 
v -286.54 4.97794 80.069 
v -286.525 4.79769 79.9935 
v -287.247 4.97794 80.069 
v -287.263 4.75041 79.9933 
v -287.264 4.79769 79.9935 
v -286.89 5.09208 79.8244 
v -286.811 5.06906 79.8088 
v -286.849 5.07671 79.832 
v -286.97 5.06906 79.8088 
v -286.89 5.09208 79.8244 
v -286.931 5.07671 79.832 
v -287.04 5.0871 79.8241 
v -286.888 5.07287 79.5907 
v -286.97 5.06906 79.8088 
v -286.888 5.07287 79.5907 
v -286.74 5.0871 79.8241 
v -286.811 5.06906 79.8088 
v -286.881 5.08346 79.8385 
v -286.899 5.05548 80.9014 
v -286.89 5.09208 79.8244 
v -287.296 5.04135 80.5515 
v -287.256 5.04691 80.6396 
v -286.401 4.25635 79.9312 
v -286.386 4.12303 79.9854 
v -286.438 4.36315 79.9896 
v -287.117 5.08758 79.9091 
v -286.9 5.08346 79.8385 
v -287.189 5.07886 79.9848 
v -287.427 4.52878 79.8408 
v -287.25 4.84 79.9676 
v -287.264 4.79769 79.9935 
v -287.39 4.25635 79.9312 
v -287.355 4.36315 79.9896 
v -287.407 4.12303 79.9854 
v -287.328 4.4451 79.973 
v -287.355 4.36315 79.9896 
v -287.39 4.25635 79.9312 
v -286.332 4.28071 80.3315 
v -286.321 4.25158 80.2195 
v -286.25 4.09257 80.3027 
v -286.537 4.84 79.9676 
v -286.36 4.52878 79.8408 
v -286.525 4.79769 79.9935 
v -286.525 4.79769 79.9935 
v -286.594 5.07886 79.9848 
v -287.469 4.28062 80.3315 
v -287.549 4.0924 80.3027 
v -287.477 4.25153 80.2195 
v -286.664 5.08758 79.9091 
v -286.881 5.08346 79.8385 
v -286.847 5.08532 79.8328 
v -286.9 5.08346 79.8385 
v -287.117 5.08758 79.9091 
v -286.934 5.08532 79.8328 
v -287.31 4.55133 79.9811 
v -287.323 4.48879 79.9955 
v -287.322 4.49534 79.9752 
v -287.256 5.04691 80.6396 
v -286.952 5.0536 80.891 
v -287.206 5.04783 80.7246 
v -286.59 5.04778 80.7246 
v -286.846 5.05362 80.891 
v -286.539 5.0469 80.6396 
v -286.908 4.08185 80.9792 
v -286.761 4.24711 80.8615 
v -286.908 4.0026 81.0178 
v -286.952 5.0536 80.891 
v -287.256 5.04691 80.6396 
v -286.899 5.05548 80.9014 
v -286.89 5.09208 79.8244 
v -286.9 5.08346 79.8385 
v -286.899 5.05548 80.9014 
v -287.286 4.98437 80.1689 
v -286.9 5.08346 79.8385 
v -286.899 5.05548 80.9014 
v -286.539 5.0469 80.6396 
v -286.846 5.05362 80.891 
v -286.332 4.28071 80.3315 
v -286.25 4.09257 80.3027 
v -286.288 4.12925 80.3905 
v -287.431 4.30838 80.4214 
v -287.513 4.12909 80.3905 
v -287.469 4.28062 80.3315 
v -286.539 5.0469 80.6396 
v -286.899 5.05548 80.9014 
v -286.881 5.08346 79.8385 
v -286.288 4.12925 80.3905 
v -286.46 4.25384 80.5715 
v -286.41 4.27859 80.4913 
v -286.371 4.30842 80.4214 
v -286.332 4.28071 80.3315 
v -287.469 4.28062 80.3315 
v -287.513 4.12909 80.3905 
v -287.549 4.0924 80.3027 
v -286.47 4.49534 79.9752 
v -286.464 4.4451 79.973 
v -286.469 4.48879 79.9955 
v -286.371 4.30842 80.4214 
v -286.288 4.12925 80.3905 
v -286.41 4.27859 80.4913 
v -287.189 5.07886 79.9848 
v -287.264 4.79769 79.9935 
v -287.25 4.84 79.9676 
v -287.322 4.49534 79.9752 
v -287.323 4.48879 79.9955 
v -287.328 4.4451 79.973 
v -287.14 5.04589 80.8021 
v -286.952 5.0536 80.891 
v -287.053 5.04854 80.8599 
v -286.846 5.05362 80.891 
v -286.657 5.04578 80.8021 
v -286.745 5.04844 80.8599 
v -287.357 4.0162 80.8304 
v -287.159 4.24795 80.8034 
v -287.052 4.24697 80.8615 
v -286.908 4.0026 81.0178 
v -287.357 4.0162 80.8304 
v -286.908 4.08185 80.9792 
v -286.908 4.0026 81.0178 
v -287.052 4.24697 80.8615 
v -287.052 4.24697 80.8615 
v -286.966 4.25897 80.8881 
v -287.394 4.2786 80.4913 
v -287.513 4.12909 80.3905 
v -287.431 4.30838 80.4214 
v -286.438 4.36315 79.9896 
v -286.469 4.48879 79.9955 
v -286.464 4.4451 79.973 
v -287.347 4.25389 80.5715 
v -287.513 4.12909 80.3905 
v -287.394 4.2786 80.4913 
v -286.848 4.25902 80.8881 
v -286.908 4.08185 80.9792 
v -286.907 4.27297 80.9003 
v -286.502 4.98437 80.1689 
v -286.539 5.0469 80.6396 
v -286.881 5.08346 79.8385 
v -287.355 4.36315 79.9896 
v -287.328 4.4451 79.973 
v -287.323 4.48879 79.9955 
v -286.454 4.01621 80.8304 
v -286.908 4.0026 81.0178 
v -286.761 4.24711 80.8615 
v -287.29 4.61198 80.0029 
v -287.323 4.48879 79.9955 
v -287.31 4.55133 79.9811 
v -287.45 4.24096 80.118 
v -287.323 4.48879 79.9955 
v -286.966 4.25897 80.8881 
v -286.907 4.27297 80.9003 
v -286.908 4.08185 80.9792 
v -286.888 5.07287 79.5907 
v -286.89 5.09208 79.8244 
v -286.97 5.06906 79.8088 
v -286.848 4.25902 80.8881 
v -286.761 4.24711 80.8615 
v -286.908 4.08185 80.9792 
v -286.888 5.07287 79.5907 
v -286.811 5.06906 79.8088 
v -286.89 5.09208 79.8244 
v -286.502 4.98437 80.1689 
v -286.881 5.08346 79.8385 
v -286.54 4.97794 80.069 
v -286.664 5.08758 79.9091 
v -286.594 5.07886 79.9848 
v -286.811 5.06906 79.8088 
v -286.847 5.08532 79.8328 
v -286.849 5.07671 79.832 
v -286.97 5.06906 79.8088 
v -286.931 5.07671 79.832 
v -286.934 5.08532 79.8328 
v -286.537 4.84 79.9676 
v -286.594 5.07886 79.9848 
v -286.583 4.9898 79.9276 
v -287.469 4.28062 80.3315 
v -287.286 4.98437 80.1689 
v -287.323 5.00222 80.2605 
v -286.952 5.0536 80.891 
v -287.14 5.04589 80.8021 
v -287.206 5.04783 80.7246 
v -287.189 5.07886 79.9848 
v -287.25 4.84 79.9676 
v -287.201 4.9898 79.9276 
v -286.502 4.98437 80.1689 
v -286.332 4.28071 80.3315 
v -286.467 5.00222 80.2605 
v -286.657 5.04578 80.8021 
v -286.846 5.05362 80.891 
v -286.59 5.04778 80.7246 
v -287.323 4.48879 79.9955 
v -287.45 4.24096 80.118 
v -287.355 4.36315 79.9896 
v -286.346 4.24096 80.118 
v -286.469 4.48879 79.9955 
v -286.438 4.36315 79.9896 
v -286.574 4.92254 79.9049 
v -286.526 4.60696 79.6144 
v -286.537 4.84 79.9676 
v -286.583 4.9898 79.9276 
v -286.574 4.92254 79.9049 
v -286.467 5.00222 80.2605 
v -286.371 4.30842 80.4214 
v -286.443 5.02035 80.3594 
v -287.347 5.02035 80.3594 
v -287.431 4.30838 80.4214 
v -287.323 5.00222 80.2605 
v -287.247 4.97794 80.069 
v -286.9 5.08346 79.8385 
v -287.286 4.98437 80.1689 
v -287.45 4.24096 80.118 
v -287.247 4.97794 80.069 
v -287.477 4.25153 80.2195 
v -287.286 4.98437 80.1689 
v -287.477 4.25153 80.2195 
v -287.247 4.97794 80.069 
v -286.321 4.25158 80.2195 
v -286.54 4.97794 80.069 
v -286.346 4.24096 80.118 
v -287.201 4.9898 79.9276 
v -287.25 4.84 79.9676 
v -287.21 4.92254 79.9049 
v -287.263 4.75041 79.9933 
v -287.45 4.24096 80.118 
v -287.29 4.61198 80.0029 
v -286.54 4.97794 80.069 
v -286.321 4.25158 80.2195 
v -286.502 4.98437 80.1689 
v -287.264 4.79769 79.9935 
v -287.189 5.07886 79.9848 
v -287.247 4.97794 80.069 
v -287.45 4.24096 80.118 
v -287.263 4.75041 79.9933 
v -287.247 4.97794 80.069 
v -286.332 4.28071 80.3315 
v -286.502 4.98437 80.1689 
v -286.321 4.25158 80.2195 
v -286.482 4.55133 79.9811 
v -286.47 4.49534 79.9752 
v -286.469 4.48879 79.9955 
v -286.502 4.61198 80.0029 
v -286.482 4.55133 79.9811 
v -286.346 4.24096 80.118 
v -286.502 4.61198 80.0029 
v -286.526 4.75041 79.9933 
v -286.502 4.61198 80.0029 
v -286.346 4.24096 80.118 
v -286.54 4.97794 80.069 
v -286.54 4.97794 80.069 
v -286.594 5.07886 79.9848 
v -286.525 4.79769 79.9935 
v -287.286 4.98437 80.1689 
v -287.469 4.28062 80.3315 
v -287.477 4.25153 80.2195 
v -286.346 4.24096 80.118 
v -286.438 4.36315 79.9896 
v -286.386 4.12303 79.9854 
v -286.36 4.52878 79.8408 
v -286.537 4.84 79.9676 
v -286.526 4.60696 79.6144 
v -287.355 4.36315 79.9896 
v -287.45 4.24096 80.118 
v -287.407 4.12303 79.9854 
v -286.849 5.07671 79.832 
v -286.847 5.08532 79.8328 
v -286.881 5.08346 79.8385 
v -286.931 5.07671 79.832 
v -286.9 5.08346 79.8385 
v -286.934 5.08532 79.8328 
v -287.25 4.84 79.9676 
v -287.427 4.52878 79.8408 
v -287.255 4.60696 79.6144 
v -287.255 4.60696 79.6144 
v -287.21 4.92254 79.9049 
v -287.469 4.28062 80.3315 
v -287.323 5.00222 80.2605 
v -287.431 4.30838 80.4214 
v -287.12 4.80434 79.4628 
v -287.21 4.92254 79.9049 
v -287.255 4.60696 79.6144 
v -286.574 4.92254 79.9049 
v -286.656 4.80434 79.4628 
v -286.526 4.60696 79.6144 
v -287.323 5.00222 80.2605 
v -287.296 5.04135 80.5515 
v -287.329 5.03182 80.4589 
v -287.431 4.30838 80.4214 
v -287.394 4.2786 80.4913 
v -287.105 5.02288 79.8303 
v -287.21 4.92254 79.9049 
v -287.12 4.80434 79.4628 
v -286.574 4.92254 79.9049 
v -286.676 5.02288 79.8303 
v -286.656 4.80434 79.4628 
v -286.371 4.30842 80.4214 
v -286.467 5.00222 80.2605 
v -286.332 4.28071 80.3315 
v -286.463 5.03182 80.4589 
v -286.443 5.02035 80.3594 
v -286.463 5.03182 80.4589 
v -286.371 4.30842 80.4214 
v -286.41 4.27859 80.4913 
v -287.329 5.03182 80.4589 
v -287.431 4.30838 80.4214 
v -287.347 5.02035 80.3594 
v -286.41 4.27859 80.4913 
v -286.498 5.04135 80.5515 
v -286.463 5.03182 80.4589 
v -286.46 4.25384 80.5715 
v -286.539 5.0469 80.6396 
v -286.498 5.04135 80.5515 
v -287.296 5.04135 80.5515 
v -287.394 4.2786 80.4913 
v -287.329 5.03182 80.4589 
v -287.138 5.02964 79.8917 
v -287.21 4.92254 79.9049 
v -287.105 5.02288 79.8303 
v -286.539 5.0469 80.6396 
v -286.581 4.2454 80.7415 
v -286.59 5.04778 80.7246 
v -287.256 5.04691 80.6396 
v -287.347 4.25389 80.5715 
v -287.296 5.04135 80.5515 
v -287.206 5.04783 80.7246 
v -287.23 4.24535 80.7415 
v -286.498 5.04135 80.5515 
v -286.41 4.27859 80.4913 
v -286.46 4.25384 80.5715 
v -286.676 5.02288 79.8303 
v -286.574 4.92254 79.9049 
v -286.644 5.02964 79.8917 
v -287.12 4.80434 79.4628 
v -287.04 5.0871 79.8241 
v -287.105 5.02288 79.8303 
v -286.74 5.0871 79.8241 
v -286.656 4.80434 79.4628 
v -286.676 5.02288 79.8303 
v -286.539 5.0469 80.6396 
v -286.46 4.25384 80.5715 
v -286.522 4.24089 80.6745 
v -287.394 4.2786 80.4913 
v -287.296 5.04135 80.5515 
v -287.347 4.25389 80.5715 
v -287.21 4.92254 79.9049 
v -287.138 5.02964 79.8917 
v -287.201 4.9898 79.9276 
v -287.256 5.04691 80.6396 
v -287.287 4.24091 80.6745 
v -287.347 4.25389 80.5715 
v -286.644 5.02964 79.8917 
v -286.574 4.92254 79.9049 
v -286.583 4.9898 79.9276 
v -287.138 5.02964 79.8917 
v -287.105 5.02288 79.8303 
v -287.04 5.0871 79.8241 
v -287.189 5.07886 79.9848 
v -287.138 5.02964 79.8917 
v -287.117 5.08758 79.9091 
v -287.04 5.0871 79.8241 
v -287.117 5.08758 79.9091 
v -287.138 5.02964 79.8917 
v -286.644 5.02964 79.8917 
v -286.594 5.07886 79.9848 
v -286.664 5.08758 79.9091 
v -286.644 5.02964 79.8917 
v -286.74 5.0871 79.8241 
v -286.676 5.02288 79.8303 
v -286.664 5.08758 79.9091 
v -286.74 5.0871 79.8241 
v -286.644 5.02964 79.8917 
v -286.581 4.2454 80.7415 
v -286.539 5.0469 80.6396 
v -286.522 4.24089 80.6745 
v -287.138 5.02964 79.8917 
v -287.189 5.07886 79.9848 
v -287.201 4.9898 79.9276 
v -287.287 4.24091 80.6745 
v -287.256 5.04691 80.6396 
v -287.23 4.24535 80.7415 
v -286.594 5.07886 79.9848 
v -286.644 5.02964 79.8917 
v -286.583 4.9898 79.9276 
v -286.581 4.2454 80.7415 
v -286.657 5.04578 80.8021 
v -286.59 5.04778 80.7246 
v -287.04 5.0871 79.8241 
v -287.12 4.80434 79.4628 
v -286.888 5.07287 79.5907 
v -286.656 4.80434 79.4628 
v -286.74 5.0871 79.8241 
v -286.888 5.07287 79.5907 
v -287.14 5.04589 80.8021 
v -287.23 4.24535 80.7415 
v -287.206 5.04783 80.7246 
v -287.117 5.08758 79.9091 
v -287.04 5.0871 79.8241 
v -287.026 5.10798 79.8356 
v -286.74 5.0871 79.8241 
v -286.664 5.08758 79.9091 
v -286.754 5.10798 79.8356 
v -286.811 5.06906 79.8088 
v -286.754 5.10798 79.8356 
v -286.847 5.08532 79.8328 
v -286.888 5.07287 79.5907 
v -286.885 4.88113 79.225 
v -286.813 4.9888 79.3445 
v -287.026 5.10798 79.8356 
v -286.97 5.06906 79.8088 
v -286.934 5.08532 79.8328 
v -286.885 4.88113 79.225 
v -286.888 5.07287 79.5907 
v -286.958 4.9888 79.3445 
v -287.23 4.24535 80.7415 
v -287.14 5.04589 80.8021 
v -287.159 4.24795 80.8034 
v -286.657 5.04578 80.8021 
v -286.581 4.2454 80.7415 
v -286.653 4.24826 80.8034 
v -286.761 4.24711 80.8615 
v -286.657 5.04578 80.8021 
v -286.657 5.04578 80.8021 
v -286.761 4.24711 80.8615 
v -286.745 5.04844 80.8599 
v -286.97 5.06906 79.8088 
v -287.026 5.10798 79.8356 
v -287.04 5.0871 79.8241 
v -286.754 5.10798 79.8356 
v -286.811 5.06906 79.8088 
v -286.74 5.0871 79.8241 
v -287.052 4.24697 80.8615 
v -287.14 5.04589 80.8021 
v -287.053 5.04854 80.8599 
v -287.561 4.18636 79.8584 
v -287.255 4.60696 79.6144 
v -287.427 4.52878 79.8408 
v -286.227 4.18636 79.8584 
v -286.36 4.52878 79.8408 
v -286.526 4.60696 79.6144 
v -287.14 5.04589 80.8021 
v -287.052 4.24697 80.8615 
v -287.159 4.24795 80.8034 
v -286.745 5.04844 80.8599 
v -286.761 4.24711 80.8615 
v -286.848 4.25902 80.8881 
v -286.848 4.25902 80.8881 
v -286.846 5.05362 80.891 
v -286.745 5.04844 80.8599 
v -287.052 4.24697 80.8615 
v -287.053 5.04854 80.8599 
v -286.966 4.25897 80.8881 
v -286.966 4.25897 80.8881 
v -287.053 5.04854 80.8599 
v -286.952 5.0536 80.891 
v -286.907 4.27297 80.9003 
v -286.846 5.05362 80.891 
v -286.848 4.25902 80.8881 
v -286.846 5.05362 80.891 
v -286.907 4.27297 80.9003 
v -286.899 5.05548 80.9014 
v -286.952 5.0536 80.891 
v -286.907 4.27297 80.9003 
v -286.966 4.25897 80.8881 
v -286.907 4.27297 80.9003 
v -286.952 5.0536 80.891 
v -286.899 5.05548 80.9014 

vn -0.606299 -0.732283 0.307087 
vn -0.228346 -0.669291 0.700787 
vn -0.708661 0.0393701 0.708661 
vn 0.598425 -0.732283 0.314961 
vn 0.700787 0.0314961 0.708661 
vn 0.228346 -0.677165 0.700787 
vn -0.606299 -0.732283 0.307087 
vn -0.708661 0.0393701 0.708661 
vn -0.984252 0.0629921 0.188976 
vn -0.708661 0.0393701 0.708661 
vn -0.228346 -0.669291 0.700787 
vn -0.165354 -0.11811 0.976378 
vn 0.700787 0.0314961 0.708661 
vn 0.15748 -0.11811 0.976378 
vn 0.228346 -0.677165 0.700787 
vn -0.606299 -0.732283 0.307087 
vn -0.984252 0.0629921 0.188976 
vn -0.866142 -0.503937 -0.0472441 
vn 0.598425 -0.732283 0.314961 
vn 0.858268 -0.503937 -0.0314961 
vn 0.976378 0.0551181 0.19685 
vn -0.866142 -0.503937 -0.0472441 
vn -0.629921 -0.496063 -0.598425 
vn -0.173228 -0.968504 -0.165354 
vn 0.858268 -0.503937 -0.0314961 
vn 0.173228 -0.968504 -0.165354 
vn 0.637795 -0.496063 -0.590551 
vn 0.15748 -0.11811 0.976378 
vn -0.165354 -0.11811 0.976378 
vn 0 -1 0.0472441 
vn 0.15748 -0.11811 0.976378 
vn 0 -1 0.0472441 
vn 0.228346 -0.677165 0.700787 
vn -0.15748 -0.11811 0.976378 
vn -0.228346 -0.669291 0.700787 
vn 0 -1 0.0472441 
vn 0 -0.251969 0.968504 
vn -0.244094 0.15748 0.96063 
vn 0.244094 0.149606 0.96063 
vn -0.244094 0.15748 0.96063 
vn -0.165354 -0.11811 0.976378 
vn 0 0.0866142 1 
vn 0 0.0866142 1 
vn 0.244094 0.149606 0.96063 
vn -0.244094 0.15748 0.96063 
vn 0.244094 0.149606 0.96063 
vn 0 0.0866142 1 
vn 0.15748 -0.11811 0.976378 
vn -0.165354 -0.11811 0.976378 
vn 0.15748 -0.11811 0.976378 
vn 0.00787402 0.976378 0.220472 
vn 0.748031 0.275591 0.606299 
vn 0.669291 0.740157 0.0629921 
vn -0.740157 0.291339 0.606299 
vn 0.00787402 0.976378 0.220472 
vn -0.661417 0.748031 0.0629921 
vn 0.748031 0.275591 0.606299 
vn 0.00787402 0.976378 0.220472 
vn 0 0.385827 0.92126 
vn 0.00787402 0.976378 0.220472 
vn -0.740157 0.291339 0.606299 
vn 0 0.385827 0.92126 
vn -0.708661 0.0393701 0.708661 
vn -0.165354 -0.11811 0.976378 
vn -0.637795 0.23622 0.732283 
vn 0 -0.251969 0.968504 
vn -0.637795 0.23622 0.732283 
vn -0.244094 0.15748 0.96063 
vn 0.700787 0.0314961 0.708661 
vn 0.629921 0.228346 0.740157 
vn 0.15748 -0.11811 0.976378 
vn -0.165354 -0.11811 0.976378 
vn -0.244094 0.15748 0.96063 
vn -0.637795 0.23622 0.732283 
vn 0.629921 0.228346 0.740157 
vn 0 -0.251969 0.968504 
vn 0.244094 0.149606 0.96063 
vn 0.15748 -0.11811 0.976378 
vn 0.629921 0.228346 0.740157 
vn 0.244094 0.149606 0.96063 
vn -0.740157 0.291339 0.606299 
vn -0.637795 0.23622 0.732283 
vn 0 -0.251969 0.968504 
vn 0.748031 0.275591 0.606299 
vn 0 -0.251969 0.968504 
vn 0.629921 0.228346 0.740157 
vn -0.173228 -0.968504 -0.165354 
vn 0.204724 -0.968504 -0.133858 
vn -0.866142 -0.503937 -0.0472441 
vn 0.858268 -0.503937 -0.0314961 
vn 0.929134 0.299213 -0.212598 
vn 0.976378 0.0551181 0.19685 
vn -0.866142 -0.503937 -0.0472441 
vn -0.984252 0.0629921 0.188976 
vn -0.929134 0.307087 -0.220472 
vn 0.173228 -0.968504 -0.165354 
vn 0.858268 -0.503937 -0.0314961 
vn -0.204724 -0.968504 -0.133858 
vn 0 0.677165 -0.740157 
vn 0.448819 0.433071 -0.779528 
vn 0.267717 0.165354 -0.944882 
vn 0 0.677165 -0.740157 
vn -0.267717 0.173228 -0.944882 
vn -0.440945 0.440945 -0.779528 
vn 0 0.677165 -0.740157 
vn 0.622047 0.590551 -0.511811 
vn 0.448819 0.433071 -0.779528 
vn 0.622047 0.590551 -0.511811 
vn 0 0.677165 -0.740157 
vn 0 0.905512 -0.433071 
vn -0.614173 0.598425 -0.511811 
vn 0 0.677165 -0.740157 
vn -0.440945 0.440945 -0.779528 
vn 0 0.677165 -0.740157 
vn -0.614173 0.598425 -0.511811 
vn 0 0.905512 -0.433071 
vn -0.929134 0.307087 -0.220472 
vn -0.629921 -0.496063 -0.598425 
vn -0.866142 -0.503937 -0.0472441 
vn -0.00787402 -0.519685 -0.850394 
vn 0 0.677165 -0.740157 
vn 0.267717 0.165354 -0.944882 
vn 0 0.677165 -0.740157 
vn -0.00787402 -0.519685 -0.850394 
vn -0.267717 0.173228 -0.944882 
vn 0.598425 -0.732283 0.314961 
vn 0.976378 0.0551181 0.19685 
vn 0.700787 0.0314961 0.708661 
vn 0.905512 0.370079 0.19685 
vn 0.976378 0.0551181 0.19685 
vn 0.748031 0.275591 0.606299 
vn 0.889764 0.417323 0.165354 
vn 0.669291 0.740157 0.0629921 
vn -0.740157 0.291339 0.606299 
vn -0.661417 0.748031 0.0629921 
vn -0.889764 0.433071 0.15748 
vn 0.771654 0.622047 -0.133858 
vn 0 0.984252 -0.188976 
vn 0.669291 0.740157 0.0629921 
vn 0.771654 0.622047 -0.133858 
vn 0.669291 0.740157 0.0629921 
vn 0.889764 0.417323 0.165354 
vn 0.929134 0.299213 -0.212598 
vn 0.637795 -0.496063 -0.590551 
vn 0.622047 0.00787402 -0.779528 
vn 0.212598 -0.952756 -0.228346 
vn 0 -1 0.0472441 
vn -0.228346 -0.669291 0.700787 
vn 0.212598 -0.952756 -0.228346 
vn -0.228346 -0.669291 0.700787 
vn -0.606299 -0.732283 0.307087 
vn 0 0.984252 -0.188976 
vn -0.661417 0.748031 0.0629921 
vn 0.00787402 0.976378 0.220472 
vn 0 0.984252 -0.188976 
vn -0.76378 0.629921 -0.141732 
vn -0.212598 -0.952756 -0.228346 
vn 0.228346 -0.677165 0.700787 
vn 0 -1 0.0472441 
vn -0.212598 -0.952756 -0.228346 
vn 0.598425 -0.732283 0.314961 
vn 0.228346 -0.677165 0.700787 
vn -0.76378 0.629921 -0.141732 
vn -0.889764 0.433071 0.15748 
vn -0.661417 0.748031 0.0629921 
vn 0 0.984252 -0.188976 
vn 0.00787402 0.976378 0.220472 
vn 0.669291 0.740157 0.0629921 
vn -0.629921 -0.496063 -0.598425 
vn -0.929134 0.307087 -0.220472 
vn -0.614173 0.00787402 -0.787402 
vn 0 0.984252 -0.188976 
vn 0.771654 0.622047 -0.133858 
vn 0.496063 0.84252 -0.212598 
vn 0.496063 0.84252 -0.212598 
vn 0 0.905512 -0.433071 
vn 0 0.984252 -0.188976 
vn 0 0.905512 -0.433071 
vn 0.496063 0.84252 -0.212598 
vn 0.622047 0.590551 -0.511811 
vn 0.708661 0.19685 -0.677165 
vn 0.448819 0.433071 -0.779528 
vn 0.622047 0.590551 -0.511811 
vn 0.622047 0.590551 -0.511811 
vn 0.496063 0.84252 -0.212598 
vn 0.771654 0.622047 -0.133858 
vn -0.76378 0.629921 -0.141732 
vn 0 0.984252 -0.188976 
vn -0.488189 0.84252 -0.212598 
vn 0 0.905512 -0.433071 
vn -0.488189 0.84252 -0.212598 
vn 0 0.905512 -0.433071 
vn -0.614173 0.598425 -0.511811 
vn -0.0472441 -0.755906 -0.653543 
vn 0.448819 0.433071 -0.779528 
vn 0.708661 0.19685 -0.677165 
vn -0.700787 0.204724 -0.677165 
vn -0.614173 0.598425 -0.511811 
vn -0.440945 0.440945 -0.779528 
vn -0.614173 0.598425 -0.511811 
vn -0.76378 0.629921 -0.141732 
vn -0.488189 0.84252 -0.212598 
vn -0.440945 0.440945 -0.779528 
vn 0.0472441 -0.755906 -0.653543 
vn -0.700787 0.204724 -0.677165 
vn 0.204724 -0.968504 -0.133858 
vn -0.606299 -0.732283 0.307087 
vn -0.866142 -0.503937 -0.0472441 
vn -0.645669 -0.76378 -0.015748 
vn -0.488189 -0.574803 -0.661417 
vn -0.314961 -0.708661 -0.629921 
vn 0.645669 -0.76378 -0.00787402 
vn 0.322835 -0.716535 -0.622047 
vn 0.496063 -0.574803 -0.653543 
vn 0.700787 0.0314961 0.708661 
vn 0.905512 0.370079 0.19685 
vn 0.629921 0.228346 0.740157 
vn -0.708661 0.0393701 0.708661 
vn -0.637795 0.23622 0.732283 
vn -0.905512 0.385827 0.188976 
vn -0.204724 -0.968504 -0.133858 
vn 0.858268 -0.503937 -0.0314961 
vn 0.598425 -0.732283 0.314961 
vn -0.708661 0.0393701 0.708661 
vn -0.905512 0.385827 0.188976 
vn -0.984252 0.0629921 0.188976 
vn 0.889764 0.417323 0.165354 
vn 0.629921 0.228346 0.740157 
vn 0.905512 0.370079 0.19685 
vn 0.448819 0.433071 -0.779528 
vn -0.0472441 -0.755906 -0.653543 
vn 0.267717 0.165354 -0.944882 
vn 0.637795 -0.496063 -0.590551 
vn 0.929134 0.299213 -0.212598 
vn 0.858268 -0.503937 -0.0314961 
vn 0.905512 0.370079 0.19685 
vn 0.976378 0.0551181 0.19685 
vn 0.0472441 -0.755906 -0.653543 
vn -0.440945 0.440945 -0.779528 
vn -0.267717 0.173228 -0.944882 
vn -0.0472441 -0.755906 -0.653543 
vn 0.708661 0.19685 -0.677165 
vn -0.535433 -0.606299 -0.590551 
vn -0.637795 0.23622 0.732283 
vn -0.889764 0.433071 0.15748 
vn -0.905512 0.385827 0.188976 
vn -0.889764 0.433071 0.15748 
vn -0.740157 0.291339 0.606299 
vn 0.0472441 -0.755906 -0.653543 
vn 0.527559 -0.614173 -0.582677 
vn -0.700787 0.204724 -0.677165 
vn -0.535433 -0.606299 -0.590551 
vn 0.708661 0.19685 -0.677165 
vn 0.622047 0.00787402 -0.779528 
vn 0.527559 -0.614173 -0.582677 
vn -0.614173 0.00787402 -0.787402 
vn -0.700787 0.204724 -0.677165 
vn 0.204724 -0.968504 -0.133858 
vn 0.212598 -0.952756 -0.228346 
vn -0.606299 -0.732283 0.307087 
vn -0.204724 -0.968504 -0.133858 
vn 0.598425 -0.732283 0.314961 
vn -0.212598 -0.952756 -0.228346 
vn -0.905512 0.385827 0.188976 
vn -0.929134 0.307087 -0.220472 
vn -0.984252 0.0629921 0.188976 
vn 0.905512 0.370079 0.19685 
vn 0.771654 0.622047 -0.133858 
vn 0.889764 0.417323 0.165354 
vn -0.905512 0.385827 0.188976 
vn -0.889764 0.433071 0.15748 
vn -0.76378 0.629921 -0.141732 
vn 0.771654 0.622047 -0.133858 
vn 0.889764 0.409449 -0.220472 
vn 0.622047 0.590551 -0.511811 
vn -0.76378 0.629921 -0.141732 
vn -0.614173 0.598425 -0.511811 
vn -0.88189 0.417323 -0.228346 
vn 0.889764 0.409449 -0.220472 
vn 0.622047 0.00787402 -0.779528 
vn 0.708661 0.19685 -0.677165 
vn -0.88189 0.417323 -0.228346 
vn -0.700787 0.204724 -0.677165 
vn -0.614173 0.00787402 -0.787402 
vn 0.622047 0.00787402 -0.779528 
vn 0.889764 0.409449 -0.220472 
vn 0.929134 0.299213 -0.212598 
vn 0.905512 0.370079 0.19685 
vn 0.929134 0.299213 -0.212598 
vn 0.889764 0.409449 -0.220472 
vn -0.929134 0.307087 -0.220472 
vn -0.88189 0.417323 -0.228346 
vn -0.614173 0.00787402 -0.787402 
vn -0.929134 0.307087 -0.220472 
vn -0.905512 0.385827 0.188976 
vn -0.88189 0.417323 -0.228346 
vn 0.889764 0.409449 -0.220472 
vn 0.708661 0.19685 -0.677165 
vn 0.622047 0.590551 -0.511811 
vn 0.905512 0.370079 0.19685 
vn 0.889764 0.409449 -0.220472 
vn 0.771654 0.622047 -0.133858 
vn -0.905512 0.385827 0.188976 
vn -0.76378 0.629921 -0.141732 
vn -0.88189 0.417323 -0.228346 
vn -0.88189 0.417323 -0.228346 
vn -0.614173 0.598425 -0.511811 
vn -0.700787 0.204724 -0.677165 
vn 0.204724 -0.606299 -0.771654 
vn -0.614173 0.00787402 -0.787402 
vn 0.527559 -0.614173 -0.582677 
vn -0.204724 -0.606299 -0.771654 
vn 0.622047 0.00787402 -0.779528 
vn 0.637795 -0.496063 -0.590551 
vn -0.535433 -0.606299 -0.590551 
vn 0.622047 0.00787402 -0.779528 
vn 0.401575 -0.716535 -0.566929 
vn 0.496063 -0.574803 -0.653543 
vn 0.322835 -0.716535 -0.622047 
vn -0.393701 -0.716535 -0.574803 
vn -0.314961 -0.708661 -0.629921 
vn -0.488189 -0.574803 -0.661417 
vn 0.204724 -0.606299 -0.771654 
vn -0.629921 -0.496063 -0.598425 
vn -0.614173 0.00787402 -0.787402 
vn -0.362205 -0.92126 -0.149606 
vn -0.204724 -0.606299 -0.771654 
vn 0.173228 -0.968504 -0.165354 
vn 0.204724 -0.606299 -0.771654 
vn 0.362205 -0.92126 -0.141732 
vn -0.173228 -0.968504 -0.165354 
vn -0.645669 -0.76378 -0.015748 
vn -0.314961 -0.708661 -0.629921 
vn -0.362205 -0.92126 -0.149606 
vn 0.645669 -0.76378 -0.00787402 
vn 0.362205 -0.92126 -0.141732 
vn 0.322835 -0.716535 -0.622047 
vn -0.393701 -0.716535 -0.574803 
vn -0.488189 -0.574803 -0.661417 
vn -0.496063 -0.385827 -0.779528 
vn 0.511811 -0.385827 -0.771654 
vn 0.496063 -0.574803 -0.653543 
vn 0.401575 -0.716535 -0.566929 
vn 0.173228 -0.968504 -0.165354 
vn -0.204724 -0.606299 -0.771654 
vn 0.637795 -0.496063 -0.590551 
vn -0.173228 -0.968504 -0.165354 
vn -0.629921 -0.496063 -0.598425 
vn 0.204724 -0.606299 -0.771654 
vn 0.629921 0.228346 0.740157 
vn 0.889764 0.417323 0.165354 
vn 0.748031 0.275591 0.606299 
vn -0.204724 -0.606299 -0.771654 
vn -0.314961 -0.708661 -0.629921 
vn -0.393701 -0.716535 -0.574803 
vn 0.322835 -0.716535 -0.622047 
vn 0.204724 -0.606299 -0.771654 
vn 0.401575 -0.716535 -0.566929 
vn -0.393701 -0.716535 -0.574803 
vn -0.496063 -0.385827 -0.779528 
vn -0.204724 -0.606299 -0.771654 
vn 0.401575 -0.716535 -0.566929 
vn 0.204724 -0.606299 -0.771654 
vn 0.511811 -0.385827 -0.771654 
vn 0.173228 -0.968504 -0.165354 
vn -0.204724 -0.968504 -0.133858 
vn -0.708661 -0.700787 -0.00787402 
vn 0 -0.251969 0.968504 
vn 0 0.385827 0.92126 
vn -0.740157 0.291339 0.606299 
vn 0.204724 -0.968504 -0.133858 
vn -0.173228 -0.968504 -0.165354 
vn 0.716535 -0.700787 0.00787402 
vn 0 -0.251969 0.968504 
vn 0.748031 0.275591 0.606299 
vn 0 0.385827 0.92126 
vn -0.204724 -0.606299 -0.771654 
vn -0.362205 -0.92126 -0.149606 
vn -0.314961 -0.708661 -0.629921 
vn 0.362205 -0.92126 -0.141732 
vn 0.204724 -0.606299 -0.771654 
vn 0.322835 -0.716535 -0.622047 
vn 0.559055 -0.787402 0.244094 
vn 0.181102 -0.976378 0.0787402 
vn 0.76378 -0.598425 0.228346 
vn -0.771654 -0.590551 0.220472 
vn -0.181102 -0.976378 0.0787402 
vn -0.566929 -0.787402 0.23622 
vn -0.204724 -0.606299 -0.771654 
vn -0.755906 -0.204724 -0.622047 
vn -0.740157 -0.125984 -0.661417 
vn -0.708661 -0.700787 -0.00787402 
vn -0.204724 -0.968504 -0.133858 
vn -0.779528 -0.559055 -0.283465 
vn -0.818898 -0.330709 -0.472441 
vn -0.779528 -0.559055 -0.283465 
vn 0.787402 -0.551181 -0.267717 
vn 0.818898 -0.338583 -0.464567 
vn 0.204724 -0.968504 -0.133858 
vn 0.204724 -0.968504 -0.133858 
vn 0.716535 -0.700787 0.00787402 
vn 0.787402 -0.551181 -0.267717 
vn 0.204724 -0.606299 -0.771654 
vn 0.937008 -0.188976 -0.291339 
vn 0.76378 -0.204724 -0.606299 
vn 0.173228 -0.968504 -0.165354 
vn -0.866142 -0.480315 0.141732 
vn -0.795276 -0.503937 0.330709 
vn -0.362205 -0.92126 -0.149606 
vn 0.173228 -0.968504 -0.165354 
vn -0.795276 -0.503937 0.330709 
vn -0.173228 -0.968504 -0.165354 
vn 0.795276 -0.503937 0.338583 
vn 0.858268 -0.480315 0.15748 
vn 0.795276 -0.503937 0.338583 
vn -0.173228 -0.968504 -0.165354 
vn 0.362205 -0.92126 -0.141732 
vn -0.645669 -0.76378 -0.015748 
vn -0.755906 -0.204724 -0.622047 
vn -0.488189 -0.574803 -0.661417 
vn -0.755906 -0.204724 -0.622047 
vn -0.496063 -0.385827 -0.779528 
vn 0.76378 -0.204724 -0.606299 
vn 0.645669 -0.76378 -0.00787402 
vn 0.496063 -0.574803 -0.653543 
vn 0.76378 -0.204724 -0.606299 
vn 0.496063 -0.574803 -0.653543 
vn 0.511811 -0.385827 -0.771654 
vn -0.755906 -0.204724 -0.622047 
vn -0.204724 -0.606299 -0.771654 
vn -0.496063 -0.385827 -0.779528 
vn 0.204724 -0.606299 -0.771654 
vn 0.76378 -0.204724 -0.606299 
vn 0.511811 -0.385827 -0.771654 
vn -0.740157 -0.125984 -0.661417 
vn -0.92126 -0.377953 -0.0866142 
vn -0.204724 -0.606299 -0.771654 
vn -0.362205 -0.92126 -0.149606 
vn -0.795276 -0.503937 0.330709 
vn -0.645669 -0.76378 -0.015748 
vn 0.362205 -0.92126 -0.141732 
vn 0.645669 -0.76378 -0.00787402 
vn 0.795276 -0.503937 0.338583 
vn 0.755906 -0.133858 -0.645669 
vn 0.204724 -0.606299 -0.771654 
vn 0.92126 -0.385827 -0.0708661 
vn 0.937008 -0.188976 -0.291339 
vn 0.204724 -0.606299 -0.771654 
vn 0.755906 -0.133858 -0.645669 
vn -0.929134 -0.322835 0.15748 
vn -0.92126 -0.377953 -0.0866142 
vn -0.976378 -0.15748 -0.149606 
vn 0.92126 -0.385827 -0.0708661 
vn 0.92126 -0.338583 0.173228 
vn 0.976378 -0.165354 -0.141732 
vn 0.976378 -0.165354 -0.141732 
vn 0.755906 -0.133858 -0.645669 
vn 0.92126 -0.385827 -0.0708661 
vn 0.448819 -0.834646 0.322835 
vn 0.19685 -0.874016 0.440945 
vn -0.023622 -0.834646 0.543307 
vn -0.456693 -0.834646 0.314961 
vn 0.023622 -0.84252 0.543307 
vn -0.19685 -0.874016 0.440945 
vn -0.740157 -0.125984 -0.661417 
vn -0.976378 -0.15748 -0.149606 
vn -0.92126 -0.377953 -0.0866142 
vn -0.976378 -0.212598 0.0629921 
vn -0.976378 -0.15748 -0.149606 
vn -0.96063 -0.149606 -0.23622 
vn -0.937008 -0.181102 -0.307087 
vn -0.866142 -0.480315 0.141732 
vn 0.173228 -0.968504 -0.165354 
vn -0.708661 -0.700787 -0.00787402 
vn -0.173228 -0.968504 -0.165354 
vn 0.858268 -0.480315 0.15748 
vn 0.716535 -0.700787 0.00787402 
vn -0.818898 -0.330709 -0.472441 
vn -0.204724 -0.968504 -0.133858 
vn -0.212598 -0.952756 -0.228346 
vn 0 -1 0.0314961 
vn -0.0629921 -0.795276 0.598425 
vn -0.181102 -0.976378 0.0787402 
vn 0.0629921 -0.795276 0.606299 
vn 0 -1 0.0314961 
vn 0.181102 -0.976378 0.0787402 
vn -0.818898 -0.330709 -0.472441 
vn -0.212598 -0.952756 -0.228346 
vn -0.771654 -0.322835 -0.543307 
vn 0.818898 -0.338583 -0.464567 
vn 0.212598 -0.952756 -0.228346 
vn 0.204724 -0.968504 -0.133858 
vn 0.212598 -0.952756 -0.228346 
vn 0.779528 -0.330709 -0.535433 
vn 0.716535 -0.299213 -0.629921 
vn -0.976378 -0.212598 0.0629921 
vn -0.740157 -0.125984 -0.661417 
vn -0.937008 -0.204724 -0.291339 
vn 0.818898 -0.338583 -0.464567 
vn 0.779528 -0.330709 -0.535433 
vn 0.212598 -0.952756 -0.228346 
vn -0.937008 -0.204724 -0.291339 
vn -0.740157 -0.125984 -0.661417 
vn -0.96063 -0.149606 -0.23622 
vn 0.755906 -0.133858 -0.637795 
vn 0.968504 -0.220472 0.0866142 
vn 0.937008 -0.220472 -0.267717 
vn -0.637795 -0.677165 -0.370079 
vn -0.677165 -0.724409 0.141732 
vn -0.661417 -0.685039 -0.314961 
vn 0.692913 -0.724409 0.0393701 
vn 0.677165 -0.685039 -0.259843 
vn 0.724409 -0.677165 -0.133858 
vn 0.212598 -0.952756 -0.228346 
vn 0.716535 -0.299213 -0.629921 
vn 0.574803 -0.267717 -0.779528 
vn -0.677165 -0.677165 -0.275591 
vn -0.692913 -0.716535 0.023622 
vn -0.724409 -0.669291 -0.149606 
vn 0.96063 -0.15748 -0.212598 
vn 0.937008 -0.188976 -0.291339 
vn 0.755906 -0.133858 -0.645669 
vn 0.937008 -0.220472 -0.267717 
vn -0.740157 -0.125984 -0.661417 
vn -0.755906 -0.204724 -0.622047 
vn -0.937008 -0.181102 -0.307087 
vn -0.755906 -0.204724 -0.622047 
vn -0.937008 -0.251969 0.228346 
vn 0 -0.952756 0.314961 
vn 0.0472441 -0.755906 -0.653543 
vn -0.267717 0.173228 -0.944882 
vn -0.0472441 -0.755906 -0.653543 
vn 0 -0.952756 0.314961 
vn 0.267717 0.165354 -0.944882 
vn -0.692913 -0.716535 0.023622 
vn -0.661417 -0.685039 -0.314961 
vn -0.677165 -0.724409 0.141732 
vn 0.669291 -0.724409 0.149606 
vn 0.661417 -0.685039 -0.307087 
vn 0.692913 -0.724409 0.0393701 
vn 0.968504 -0.220472 0.0866142 
vn 0.755906 -0.133858 -0.637795 
vn 0.976378 -0.165354 -0.141732 
vn -0.661417 -0.685039 -0.314961 
vn -0.692913 -0.716535 0.023622 
vn -0.677165 -0.677165 -0.275591 
vn -0.212598 -0.952756 -0.228346 
vn -0.708661 -0.299213 -0.637795 
vn -0.771654 -0.322835 -0.543307 
vn -0.212598 -0.952756 -0.228346 
vn -0.566929 -0.259843 -0.779528 
vn -0.385827 -0.19685 -0.897638 
vn 0.669291 -0.724409 0.149606 
vn 0 -0.669291 -0.748031 
vn 0.661417 -0.685039 -0.307087 
vn -0.976378 -0.15748 -0.149606 
vn -0.771654 -0.590551 0.220472 
vn -0.929134 -0.322835 0.15748 
vn 0.76378 -0.598425 0.228346 
vn 0.976378 -0.165354 -0.141732 
vn 0.92126 -0.338583 0.173228 
vn 0 -1 0.0314961 
vn -0.251969 -0.84252 0.472441 
vn -0.0629921 -0.795276 0.598425 
vn 0.251969 -0.84252 0.480315 
vn 0 -1 0.0314961 
vn 0.0629921 -0.795276 0.606299 
vn 0.472441 -0.677165 0.566929 
vn 0 -0.952756 0.314961 
vn 0.251969 -0.84252 0.480315 
vn 0 -0.952756 0.314961 
vn -0.480315 -0.669291 0.559055 
vn -0.251969 -0.84252 0.472441 
vn -0.181102 -0.976378 0.0787402 
vn 0 -0.669291 -0.748031 
vn 0 -1 0.0314961 
vn 0.661417 -0.685039 -0.307087 
vn 0.637795 -0.677165 -0.354331 
vn -0.755906 -0.204724 -0.622047 
vn -0.645669 -0.76378 -0.015748 
vn -0.937008 -0.251969 0.228346 
vn 0.448819 -0.834646 0.322835 
vn 0.181102 -0.976378 0.0787402 
vn 0.559055 -0.787402 0.244094 
vn 0.92126 -0.385827 -0.0708661 
vn 0.905512 -0.362205 0.228346 
vn 0.92126 -0.338583 0.173228 
vn 0.76378 -0.204724 -0.606299 
vn 0.937008 -0.259843 0.244094 
vn 0.645669 -0.76378 -0.00787402 
vn 0.937008 -0.188976 -0.291339 
vn 0.937008 -0.259843 0.244094 
vn 0.76378 -0.204724 -0.606299 
vn -0.952756 -0.307087 -0.0393701 
vn -0.866142 -0.480315 0.141732 
vn -0.708661 -0.700787 -0.00787402 
vn -0.913386 -0.346457 0.212598 
vn -0.92126 -0.377953 -0.0866142 
vn -0.929134 -0.322835 0.15748 
vn -0.929134 -0.322835 0.15748 
vn -0.566929 -0.787402 0.23622 
vn 0.952756 -0.307087 -0.023622 
vn 0.716535 -0.700787 0.00787402 
vn 0.858268 -0.480315 0.15748 
vn -0.456693 -0.834646 0.314961 
vn -0.181102 -0.976378 0.0787402 
vn 0.023622 -0.84252 0.543307 
vn 0.181102 -0.976378 0.0787402 
vn 0.448819 -0.834646 0.322835 
vn -0.023622 -0.834646 0.543307 
vn 0.937008 -0.220472 -0.267717 
vn 0.944882 -0.19685 0.259843 
vn 0.96063 -0.15748 -0.212598 
vn 0.637795 -0.677165 -0.354331 
vn 0.251969 -0.677165 -0.692913 
vn 0.598425 -0.669291 -0.448819 
vn -0.598425 -0.661417 -0.456693 
vn -0.251969 -0.677165 -0.692913 
vn -0.637795 -0.677165 -0.370079 
vn 0 -0.425197 -0.905512 
vn -0.385827 -0.19685 -0.897638 
vn 0 -1 0.0472441 
vn 0.251969 -0.677165 -0.692913 
vn 0.637795 -0.677165 -0.354331 
vn 0 -0.669291 -0.748031 
vn 0 -1 0.0314961 
vn 0.181102 -0.976378 0.0787402 
vn 0 -0.669291 -0.748031 
vn 0.669291 -0.724409 0.149606 
vn 0.181102 -0.976378 0.0787402 
vn 0 -0.669291 -0.748031 
vn -0.637795 -0.677165 -0.370079 
vn -0.251969 -0.677165 -0.692913 
vn -0.952756 -0.307087 -0.0393701 
vn -0.708661 -0.700787 -0.00787402 
vn -0.779528 -0.559055 -0.283465 
vn 0.92126 -0.291339 -0.259843 
vn 0.787402 -0.551181 -0.267717 
vn 0.952756 -0.307087 -0.023622 
vn -0.637795 -0.677165 -0.370079 
vn 0 -0.669291 -0.748031 
vn -0.181102 -0.976378 0.0787402 
vn -0.779528 -0.559055 -0.283465 
vn -0.818898 -0.330709 -0.472441 
vn -0.834646 -0.330709 -0.440945 
vn -0.92126 -0.283465 -0.283465 
vn -0.952756 -0.307087 -0.0393701 
vn 0.952756 -0.307087 -0.023622 
vn 0.787402 -0.551181 -0.267717 
vn 0.716535 -0.700787 0.00787402 
vn -0.96063 -0.149606 -0.23622 
vn -0.937008 -0.181102 -0.307087 
vn -0.952756 -0.188976 0.244094 
vn -0.92126 -0.283465 -0.283465 
vn -0.779528 -0.559055 -0.283465 
vn -0.834646 -0.330709 -0.440945 
vn 0.559055 -0.787402 0.244094 
vn 0.92126 -0.338583 0.173228 
vn 0.905512 -0.362205 0.228346 
vn 0.96063 -0.15748 -0.212598 
vn 0.944882 -0.19685 0.259843 
vn 0.937008 -0.188976 -0.291339 
vn 0.511811 -0.645669 -0.566929 
vn 0.251969 -0.677165 -0.692913 
vn 0.362205 -0.653543 -0.669291 
vn -0.251969 -0.677165 -0.692913 
vn -0.511811 -0.645669 -0.574803 
vn -0.362205 -0.645669 -0.669291 
vn 0.212598 -0.952756 -0.228346 
vn 0.574803 -0.267717 -0.779528 
vn 0.385827 -0.204724 -0.897638 
vn 0 -1 0.0472441 
vn 0.212598 -0.952756 -0.228346 
vn 0 -0.425197 -0.905512 
vn 0 -1 0.0472441 
vn 0.385827 -0.204724 -0.897638 
vn 0.385827 -0.204724 -0.897638 
vn 0.283465 -0.188976 -0.937008 
vn 0.84252 -0.338583 -0.425197 
vn 0.787402 -0.551181 -0.267717 
vn 0.92126 -0.291339 -0.259843 
vn -0.937008 -0.251969 0.228346 
vn -0.952756 -0.188976 0.244094 
vn -0.937008 -0.181102 -0.307087 
vn 0.818898 -0.338583 -0.464567 
vn 0.787402 -0.551181 -0.267717 
vn 0.84252 -0.338583 -0.425197 
vn -0.283465 -0.188976 -0.944882 
vn 0 -0.425197 -0.905512 
vn 0 -0.173228 -0.984252 
vn -0.677165 -0.724409 0.141732 
vn -0.637795 -0.677165 -0.370079 
vn -0.181102 -0.976378 0.0787402 
vn 0.937008 -0.259843 0.244094 
vn 0.937008 -0.188976 -0.291339 
vn 0.944882 -0.19685 0.259843 
vn -0.212598 -0.952756 -0.228346 
vn 0 -1 0.0472441 
vn -0.385827 -0.19685 -0.897638 
vn 0.968504 -0.220472 0.0866142 
vn 0.944882 -0.19685 0.259843 
vn 0.937008 -0.220472 -0.267717 
vn 0.795276 -0.503937 0.338583 
vn 0.944882 -0.19685 0.259843 
vn 0.283465 -0.188976 -0.937008 
vn 0 -0.173228 -0.984252 
vn 0 -0.425197 -0.905512 
vn 0 -0.952756 0.314961 
vn 0 -1 0.0314961 
vn 0.251969 -0.84252 0.480315 
vn -0.283465 -0.188976 -0.944882 
vn -0.385827 -0.19685 -0.897638 
vn 0 -0.425197 -0.905512 
vn 0 -0.952756 0.314961 
vn -0.251969 -0.84252 0.472441 
vn 0 -1 0.0314961 
vn -0.677165 -0.724409 0.141732 
vn -0.181102 -0.976378 0.0787402 
vn -0.771654 -0.590551 0.220472 
vn -0.456693 -0.834646 0.314961 
vn -0.566929 -0.787402 0.23622 
vn -0.251969 -0.84252 0.472441 
vn 0.023622 -0.84252 0.543307 
vn -0.0629921 -0.795276 0.598425 
vn 0.251969 -0.84252 0.480315 
vn 0.0629921 -0.795276 0.606299 
vn -0.023622 -0.834646 0.543307 
vn -0.913386 -0.346457 0.212598 
vn -0.566929 -0.787402 0.23622 
vn -0.858268 -0.385827 0.322835 
vn 0.952756 -0.307087 -0.023622 
vn 0.669291 -0.724409 0.149606 
vn 0.692913 -0.724409 0.0393701 
vn 0.251969 -0.677165 -0.692913 
vn 0.511811 -0.645669 -0.566929 
vn 0.598425 -0.669291 -0.448819 
vn 0.559055 -0.787402 0.244094 
vn 0.905512 -0.362205 0.228346 
vn 0.850394 -0.401575 0.338583 
vn -0.677165 -0.724409 0.141732 
vn -0.952756 -0.307087 -0.0393701 
vn -0.692913 -0.716535 0.023622 
vn -0.511811 -0.645669 -0.574803 
vn -0.251969 -0.677165 -0.692913 
vn -0.598425 -0.661417 -0.456693 
vn 0.944882 -0.19685 0.259843 
vn 0.795276 -0.503937 0.338583 
vn 0.937008 -0.259843 0.244094 
vn -0.795276 -0.503937 0.330709 
vn -0.952756 -0.188976 0.244094 
vn -0.937008 -0.251969 0.228346 
vn -0.88189 -0.370079 0.291339 
vn -0.535433 -0.606299 -0.590551 
vn -0.913386 -0.346457 0.212598 
vn -0.858268 -0.385827 0.322835 
vn -0.88189 -0.370079 0.291339 
vn -0.692913 -0.716535 0.023622 
vn -0.92126 -0.283465 -0.283465 
vn -0.724409 -0.669291 -0.149606 
vn 0.724409 -0.677165 -0.133858 
vn 0.92126 -0.291339 -0.259843 
vn 0.692913 -0.724409 0.0393701 
vn 0.76378 -0.598425 0.228346 
vn 0.181102 -0.976378 0.0787402 
vn 0.669291 -0.724409 0.149606 
vn 0.795276 -0.503937 0.338583 
vn 0.76378 -0.598425 0.228346 
vn 0.858268 -0.480315 0.15748 
vn 0.669291 -0.724409 0.149606 
vn 0.858268 -0.480315 0.15748 
vn 0.76378 -0.598425 0.228346 
vn -0.866142 -0.480315 0.141732 
vn -0.771654 -0.590551 0.220472 
vn -0.795276 -0.503937 0.330709 
vn 0.850394 -0.401575 0.338583 
vn 0.905512 -0.362205 0.228346 
vn 0.874016 -0.377953 0.307087 
vn 0.976378 -0.165354 -0.141732 
vn 0.795276 -0.503937 0.338583 
vn 0.968504 -0.220472 0.0866142 
vn -0.771654 -0.590551 0.220472 
vn -0.866142 -0.480315 0.141732 
vn -0.677165 -0.724409 0.141732 
vn 0.92126 -0.338583 0.173228 
vn 0.559055 -0.787402 0.244094 
vn 0.76378 -0.598425 0.228346 
vn 0.795276 -0.503937 0.338583 
vn 0.976378 -0.165354 -0.141732 
vn 0.76378 -0.598425 0.228346 
vn -0.952756 -0.307087 -0.0393701 
vn -0.677165 -0.724409 0.141732 
vn -0.866142 -0.480315 0.141732 
vn -0.937008 -0.204724 -0.291339 
vn -0.96063 -0.149606 -0.23622 
vn -0.952756 -0.188976 0.244094 
vn -0.976378 -0.212598 0.0629921 
vn -0.937008 -0.204724 -0.291339 
vn -0.795276 -0.503937 0.330709 
vn -0.976378 -0.212598 0.0629921 
vn -0.976378 -0.15748 -0.149606 
vn -0.976378 -0.212598 0.0629921 
vn -0.795276 -0.503937 0.330709 
vn -0.771654 -0.590551 0.220472 
vn -0.771654 -0.590551 0.220472 
vn -0.566929 -0.787402 0.23622 
vn -0.929134 -0.322835 0.15748 
vn 0.669291 -0.724409 0.149606 
vn 0.952756 -0.307087 -0.023622 
vn 0.858268 -0.480315 0.15748 
vn -0.795276 -0.503937 0.330709 
vn -0.937008 -0.251969 0.228346 
vn -0.645669 -0.76378 -0.015748 
vn -0.92126 -0.377953 -0.0866142 
vn -0.913386 -0.346457 0.212598 
vn -0.535433 -0.606299 -0.590551 
vn 0.937008 -0.259843 0.244094 
vn 0.795276 -0.503937 0.338583 
vn 0.645669 -0.76378 -0.00787402 
vn -0.0629921 -0.795276 0.598425 
vn 0.023622 -0.84252 0.543307 
vn -0.181102 -0.976378 0.0787402 
vn 0.0629921 -0.795276 0.606299 
vn 0.181102 -0.976378 0.0787402 
vn -0.023622 -0.834646 0.543307 
vn 0.905512 -0.362205 0.228346 
vn 0.92126 -0.385827 -0.0708661 
vn 0.527559 -0.614173 -0.582677 
vn 0.527559 -0.614173 -0.582677 
vn 0.874016 -0.377953 0.307087 
vn 0.952756 -0.307087 -0.023622 
vn 0.692913 -0.724409 0.0393701 
vn 0.92126 -0.291339 -0.259843 
vn 0.0472441 -0.755906 -0.653543 
vn 0.874016 -0.377953 0.307087 
vn 0.527559 -0.614173 -0.582677 
vn -0.88189 -0.370079 0.291339 
vn -0.0472441 -0.755906 -0.653543 
vn -0.535433 -0.606299 -0.590551 
vn 0.692913 -0.724409 0.0393701 
vn 0.661417 -0.685039 -0.307087 
vn 0.677165 -0.685039 -0.259843 
vn 0.92126 -0.291339 -0.259843 
vn 0.84252 -0.338583 -0.425197 
vn 0.669291 -0.614173 0.417323 
vn 0.874016 -0.377953 0.307087 
vn 0.0472441 -0.755906 -0.653543 
vn -0.88189 -0.370079 0.291339 
vn -0.677165 -0.614173 0.409449 
vn -0.0472441 -0.755906 -0.653543 
vn -0.92126 -0.283465 -0.283465 
vn -0.692913 -0.716535 0.023622 
vn -0.952756 -0.307087 -0.0393701 
vn -0.677165 -0.677165 -0.275591 
vn -0.724409 -0.669291 -0.149606 
vn -0.677165 -0.677165 -0.275591 
vn -0.92126 -0.283465 -0.283465 
vn -0.834646 -0.330709 -0.440945 
vn 0.677165 -0.685039 -0.259843 
vn 0.92126 -0.291339 -0.259843 
vn 0.724409 -0.677165 -0.133858 
vn -0.834646 -0.330709 -0.440945 
vn -0.661417 -0.685039 -0.314961 
vn -0.677165 -0.677165 -0.275591 
vn -0.818898 -0.330709 -0.472441 
vn -0.637795 -0.677165 -0.370079 
vn -0.661417 -0.685039 -0.314961 
vn 0.661417 -0.685039 -0.307087 
vn 0.84252 -0.338583 -0.425197 
vn 0.677165 -0.685039 -0.259843 
vn 0.700787 -0.519685 0.488189 
vn 0.874016 -0.377953 0.307087 
vn 0.669291 -0.614173 0.417323 
vn -0.637795 -0.677165 -0.370079 
vn -0.708661 -0.291339 -0.637795 
vn -0.598425 -0.661417 -0.456693 
vn 0.637795 -0.677165 -0.354331 
vn 0.818898 -0.338583 -0.464567 
vn 0.661417 -0.685039 -0.307087 
vn 0.598425 -0.669291 -0.448819 
vn 0.716535 -0.299213 -0.629921 
vn -0.661417 -0.685039 -0.314961 
vn -0.834646 -0.330709 -0.440945 
vn -0.818898 -0.330709 -0.472441 
vn -0.677165 -0.614173 0.409449 
vn -0.88189 -0.370079 0.291339 
vn -0.708661 -0.511811 0.480315 
vn 0.0472441 -0.755906 -0.653543 
vn 0.472441 -0.677165 0.566929 
vn 0.669291 -0.614173 0.417323 
vn -0.480315 -0.669291 0.559055 
vn -0.0472441 -0.755906 -0.653543 
vn -0.677165 -0.614173 0.409449 
vn -0.637795 -0.677165 -0.370079 
vn -0.818898 -0.330709 -0.472441 
vn -0.771654 -0.322835 -0.543307 
vn 0.84252 -0.338583 -0.425197 
vn 0.661417 -0.685039 -0.307087 
vn 0.818898 -0.338583 -0.464567 
vn 0.874016 -0.377953 0.307087 
vn 0.700787 -0.519685 0.488189 
vn 0.850394 -0.401575 0.338583 
vn 0.637795 -0.677165 -0.354331 
vn 0.779528 -0.330709 -0.535433 
vn 0.818898 -0.338583 -0.464567 
vn -0.708661 -0.511811 0.480315 
vn -0.88189 -0.370079 0.291339 
vn -0.858268 -0.385827 0.322835 
vn 0.700787 -0.519685 0.488189 
vn 0.669291 -0.614173 0.417323 
vn 0.472441 -0.677165 0.566929 
vn 0.559055 -0.787402 0.244094 
vn 0.700787 -0.519685 0.488189 
vn 0.448819 -0.834646 0.322835 
vn 0.472441 -0.677165 0.566929 
vn 0.448819 -0.834646 0.322835 
vn 0.700787 -0.519685 0.488189 
vn -0.708661 -0.511811 0.488189 
vn -0.566929 -0.787402 0.23622 
vn -0.456693 -0.834646 0.314961 
vn -0.708661 -0.511811 0.480315 
vn -0.480315 -0.669291 0.559055 
vn -0.677165 -0.614173 0.409449 
vn -0.456693 -0.834646 0.314961 
vn -0.480315 -0.669291 0.559055 
vn -0.708661 -0.511811 0.480315 
vn -0.708661 -0.291339 -0.637795 
vn -0.637795 -0.677165 -0.370079 
vn -0.771654 -0.322835 -0.543307 
vn 0.700787 -0.519685 0.488189 
vn 0.559055 -0.787402 0.244094 
vn 0.850394 -0.401575 0.338583 
vn 0.779528 -0.330709 -0.535433 
vn 0.637795 -0.677165 -0.354331 
vn 0.716535 -0.299213 -0.629921 
vn -0.566929 -0.787402 0.23622 
vn -0.708661 -0.511811 0.488189 
vn -0.858268 -0.385827 0.322835 
vn -0.708661 -0.291339 -0.637795 
vn -0.511811 -0.645669 -0.574803 
vn -0.598425 -0.661417 -0.456693 
vn 0.472441 -0.677165 0.566929 
vn 0.0472441 -0.755906 -0.653543 
vn 0 -0.952756 0.314961 
vn -0.0472441 -0.755906 -0.653543 
vn -0.480315 -0.669291 0.559055 
vn 0 -0.952756 0.314961 
vn 0.511811 -0.645669 -0.566929 
vn 0.716535 -0.299213 -0.629921 
vn 0.598425 -0.669291 -0.448819 
vn 0.448819 -0.834646 0.322835 
vn 0.472441 -0.677165 0.566929 
vn 0.19685 -0.874016 0.440945 
vn -0.480315 -0.669291 0.559055 
vn -0.456693 -0.834646 0.314961 
vn -0.19685 -0.874016 0.440945 
vn -0.251969 -0.84252 0.472441 
vn -0.19685 -0.874016 0.440945 
vn 0.023622 -0.84252 0.543307 
vn 0 -0.952756 0.314961 
vn -0.00787402 -0.519685 -0.850394 
vn 0.267717 0.165354 -0.944882 
vn 0.19685 -0.874016 0.440945 
vn 0.251969 -0.84252 0.480315 
vn -0.023622 -0.834646 0.543307 
vn -0.00787402 -0.519685 -0.850394 
vn 0 -0.952756 0.314961 
vn -0.267717 0.173228 -0.944882 
vn 0.716535 -0.299213 -0.629921 
vn 0.511811 -0.645669 -0.566929 
vn 0.574803 -0.267717 -0.779528 
vn -0.511811 -0.645669 -0.574803 
vn -0.708661 -0.291339 -0.637795 
vn -0.566929 -0.259843 -0.779528 
vn -0.385827 -0.19685 -0.897638 
vn -0.511811 -0.645669 -0.574803 
vn -0.511811 -0.645669 -0.574803 
vn -0.385827 -0.19685 -0.897638 
vn -0.362205 -0.645669 -0.669291 
vn 0.251969 -0.84252 0.480315 
vn 0.19685 -0.874016 0.440945 
vn 0.472441 -0.677165 0.566929 
vn -0.19685 -0.874016 0.440945 
vn -0.251969 -0.84252 0.472441 
vn -0.480315 -0.669291 0.559055 
vn 0.385827 -0.204724 -0.897638 
vn 0.511811 -0.645669 -0.566929 
vn 0.362205 -0.653543 -0.669291 
vn 0.204724 -0.606299 -0.771654 
vn 0.527559 -0.614173 -0.582677 
vn 0.92126 -0.385827 -0.0708661 
vn -0.204724 -0.606299 -0.771654 
vn -0.92126 -0.377953 -0.0866142 
vn -0.535433 -0.606299 -0.590551 
vn 0.511811 -0.645669 -0.566929 
vn 0.385827 -0.204724 -0.897638 
vn 0.574803 -0.267717 -0.779528 
vn -0.362205 -0.645669 -0.669291 
vn -0.385827 -0.19685 -0.897638 
vn -0.283465 -0.188976 -0.944882 
vn -0.283465 -0.188976 -0.944882 
vn -0.251969 -0.677165 -0.692913 
vn -0.362205 -0.645669 -0.669291 
vn 0.385827 -0.204724 -0.897638 
vn 0.362205 -0.653543 -0.669291 
vn 0.283465 -0.188976 -0.944882 
vn 0.283465 -0.188976 -0.944882 
vn 0.362205 -0.653543 -0.669291 
vn 0.251969 -0.677165 -0.692913 
vn 0 -0.173228 -0.984252 
vn -0.251969 -0.677165 -0.692913 
vn -0.283465 -0.188976 -0.944882 
vn -0.251969 -0.677165 -0.692913 
vn 0 -0.173228 -0.984252 
vn 0 -0.669291 -0.748031 
vn 0.251969 -0.677165 -0.692913 
vn 0 -0.173228 -0.984252 
vn 0.283465 -0.188976 -0.937008 
vn 0 -0.173228 -0.984252 
vn 0.251969 -0.677165 -0.692913 
vn 0 -0.669291 -0.748031 

vt 0.468069 0.886736 
vt 0.376775 0.882957 
vt 0.425417 0.827148 
vt 0.095648 0.669159 
vt 0.168701 0.676656 
vt 0.14453 0.748028 
vt 0.468069 0.886736 
vt 0.425417 0.827148 
vt 0.510554 0.820532 
vt 0.425417 0.827148 
vt 0.376775 0.882957 
vt 0.331457 0.811294 
vt 0.168701 0.676656 
vt 0.229412 0.751915 
vt 0.14453 0.748028 
vt 0.468069 0.886736 
vt 0.510554 0.820532 
vt 0.632305 0.84835 
vt 0.095648 0.669159 
vt 0.047651 0.5067 
vt 0.132311 0.598705 
vt 0.632305 0.84835 
vt 0.701572 0.790217 
vt 0.701392 0.843256 
vt 0.047651 0.5067 
vt 0.017554 0.444072 
vt 0.064434 0.417713 
vt 0.229412 0.751915 
vt 0.331457 0.811294 
vt 0.193624 0.933433 
vt 0.229412 0.751915 
vt 0.193624 0.933433 
vt 0.14453 0.748028 
vt 0.331457 0.811294 
vt 0.376775 0.882957 
vt 0.193624 0.933433 
vt 0.349234 0.661569 
vt 0.34183 0.720219 
vt 0.302772 0.697967 
vt 0.34183 0.720219 
vt 0.331457 0.811294 
vt 0.313817 0.750432 
vt 0.313817 0.750432 
vt 0.302772 0.697967 
vt 0.34183 0.720219 
vt 0.302772 0.697967 
vt 0.313817 0.750432 
vt 0.229412 0.751915 
vt 0.331457 0.811294 
vt 0.229412 0.751915 
vt 0.361694 0.639809 
vt 0.326016 0.634514 
vt 0.340843 0.620715 
vt 0.384202 0.668898 
vt 0.361694 0.639809 
vt 0.388821 0.648944 
vt 0.326016 0.634514 
vt 0.361694 0.639809 
vt 0.357275 0.647406 
vt 0.361694 0.639809 
vt 0.384202 0.668898 
vt 0.357275 0.647406 
vt 0.425417 0.827148 
vt 0.331457 0.811294 
vt 0.378862 0.718868 
vt 0.349234 0.661569 
vt 0.378862 0.718868 
vt 0.34183 0.720219 
vt 0.168701 0.676656 
vt 0.285435 0.664429 
vt 0.229412 0.751915 
vt 0.331457 0.811294 
vt 0.34183 0.720219 
vt 0.378862 0.718868 
vt 0.285435 0.664429 
vt 0.349234 0.661569 
vt 0.302772 0.697967 
vt 0.229412 0.751915 
vt 0.285435 0.664429 
vt 0.302772 0.697967 
vt 0.384202 0.668898 
vt 0.378862 0.718868 
vt 0.349234 0.661569 
vt 0.326016 0.634514 
vt 0.349234 0.661569 
vt 0.285435 0.664429 
vt 0.701392 0.843256 
vt 0.589697 0.915393 
vt 0.632305 0.84835 
vt 0.047651 0.5067 
vt 0.152518 0.460021 
vt 0.132311 0.598705 
vt 0.632305 0.84835 
vt 0.510554 0.820532 
vt 0.621146 0.734372 
vt 0.017554 0.444072 
vt 0.047651 0.5067 
vt 0.009294 0.578525 
vt 0.479949 0.435962 
vt 0.451241 0.373294 
vt 0.506783 0.324322 
vt 0.479949 0.435962 
vt 0.563267 0.357016 
vt 0.548677 0.429777 
vt 0.479949 0.435962 
vt 0.384602 0.446961 
vt 0.451241 0.373294 
vt 0.384602 0.446961 
vt 0.479949 0.435962 
vt 0.434727 0.51391 
vt 0.518078 0.524515 
vt 0.479949 0.435962 
vt 0.548677 0.429777 
vt 0.479949 0.435962 
vt 0.518078 0.524515 
vt 0.434727 0.51391 
vt 0.621146 0.734372 
vt 0.701572 0.790217 
vt 0.632305 0.84835 
vt 0.569161 0.281102 
vt 0.479949 0.435962 
vt 0.506783 0.324322 
vt 0.479949 0.435962 
vt 0.569161 0.281102 
vt 0.563267 0.357016 
vt 0.095648 0.669159 
vt 0.132311 0.598705 
vt 0.168701 0.676656 
vt 0.25587 0.583601 
vt 0.132311 0.598705 
vt 0.326016 0.634514 
vt 0.314678 0.597875 
vt 0.340843 0.620715 
vt 0.384202 0.668898 
vt 0.388821 0.648944 
vt 0.42175 0.660728 
vt 0.326455 0.546021 
vt 0.392177 0.587493 
vt 0.340843 0.620715 
vt 0.326455 0.546021 
vt 0.340843 0.620715 
vt 0.314678 0.597875 
vt 0.152518 0.460021 
vt 0.064434 0.417713 
vt 0.170628 0.362469 
vt 0.415387 0.991594 
vt 0.193624 0.933433 
vt 0.376775 0.882957 
vt 0.415387 0.991594 
vt 0.376775 0.882957 
vt 0.468069 0.886736 
vt 0.392177 0.587493 
vt 0.388821 0.648944 
vt 0.361694 0.639809 
vt 0.392177 0.587493 
vt 0.46101 0.624706 
vt 0.031239 0.769764 
vt 0.14453 0.748028 
vt 0.193624 0.933433 
vt 0.031239 0.769764 
vt 0.095648 0.669159 
vt 0.14453 0.748028 
vt 0.46101 0.624706 
vt 0.42175 0.660728 
vt 0.388821 0.648944 
vt 0.392177 0.587493 
vt 0.361694 0.639809 
vt 0.340843 0.620715 
vt 0.701572 0.790217 
vt 0.621146 0.734372 
vt 0.69702 0.670033 
vt 0.392177 0.587493 
vt 0.326455 0.546021 
vt 0.357902 0.526152 
vt 0.357902 0.526152 
vt 0.434727 0.51391 
vt 0.392177 0.587493 
vt 0.434727 0.51391 
vt 0.357902 0.526152 
vt 0.384602 0.446961 
vt 0.347518 0.351156 
vt 0.451241 0.373294 
vt 0.384602 0.446961 
vt 0.384602 0.446961 
vt 0.357902 0.526152 
vt 0.326455 0.546021 
vt 0.46101 0.624706 
vt 0.392177 0.587493 
vt 0.462619 0.587352 
vt 0.434727 0.51391 
vt 0.462619 0.587352 
vt 0.434727 0.51391 
vt 0.518078 0.524515 
vt 0.387499 0.265345 
vt 0.451241 0.373294 
vt 0.347518 0.351156 
vt 0.619826 0.509699 
vt 0.518078 0.524515 
vt 0.548677 0.429777 
vt 0.518078 0.524515 
vt 0.46101 0.624706 
vt 0.462619 0.587352 
vt 0.548677 0.429777 
vt 0.674246 0.432416 
vt 0.619826 0.509699 
vt 0.589697 0.915393 
vt 0.468069 0.886736 
vt 0.632305 0.84835 
vt 0.655987 0.349798 
vt 0.664539 0.361676 
vt 0.661919 0.360598 
vt 0.930441 0.06348 
vt 0.941279 0.069085 
vt 0.94247 0.071686 
vt 0.168701 0.676656 
vt 0.25587 0.583601 
vt 0.285435 0.664429 
vt 0.425417 0.827148 
vt 0.378862 0.718868 
vt 0.463392 0.705193 
vt 0.009294 0.578525 
vt 0.047651 0.5067 
vt 0.095648 0.669159 
vt 0.425417 0.827148 
vt 0.463392 0.705193 
vt 0.510554 0.820532 
vt 0.314678 0.597875 
vt 0.285435 0.664429 
vt 0.25587 0.583601 
vt 0.451241 0.373294 
vt 0.387499 0.265345 
vt 0.506783 0.324322 
vt 0.064434 0.417713 
vt 0.152518 0.460021 
vt 0.047651 0.5067 
vt 0.25587 0.583601 
vt 0.132311 0.598705 
vt 0.674246 0.432416 
vt 0.548677 0.429777 
vt 0.563267 0.357016 
vt 0.387499 0.265345 
vt 0.347518 0.351156 
vt 0.255482 0.263062 
vt 0.378862 0.718868 
vt 0.42175 0.660728 
vt 0.463392 0.705193 
vt 0.42175 0.660728 
vt 0.384202 0.668898 
vt 0.674246 0.432416 
vt 0.740735 0.547481 
vt 0.619826 0.509699 
vt 0.255482 0.263062 
vt 0.347518 0.351156 
vt 0.170628 0.362469 
vt 0.740735 0.547481 
vt 0.69702 0.670033 
vt 0.619826 0.509699 
vt 0.589697 0.915393 
vt 0.415387 0.991594 
vt 0.468069 0.886736 
vt 0.009294 0.578525 
vt 0.095648 0.669159 
vt 0.031239 0.769764 
vt 0.463392 0.705193 
vt 0.621146 0.734372 
vt 0.510554 0.820532 
vt 0.25587 0.583601 
vt 0.326455 0.546021 
vt 0.314678 0.597875 
vt 0.463392 0.705193 
vt 0.42175 0.660728 
vt 0.46101 0.624706 
vt 0.326455 0.546021 
vt 0.276909 0.479318 
vt 0.384602 0.446961 
vt 0.46101 0.624706 
vt 0.518078 0.524515 
vt 0.543515 0.635248 
vt 0.276909 0.479318 
vt 0.170628 0.362469 
vt 0.347518 0.351156 
vt 0.543515 0.635248 
vt 0.619826 0.509699 
vt 0.69702 0.670033 
vt 0.170628 0.362469 
vt 0.276909 0.479318 
vt 0.152518 0.460021 
vt 0.25587 0.583601 
vt 0.152518 0.460021 
vt 0.276909 0.479318 
vt 0.621146 0.734372 
vt 0.543515 0.635248 
vt 0.69702 0.670033 
vt 0.621146 0.734372 
vt 0.463392 0.705193 
vt 0.543515 0.635248 
vt 0.276909 0.479318 
vt 0.347518 0.351156 
vt 0.384602 0.446961 
vt 0.25587 0.583601 
vt 0.276909 0.479318 
vt 0.326455 0.546021 
vt 0.463392 0.705193 
vt 0.46101 0.624706 
vt 0.543515 0.635248 
vt 0.543515 0.635248 
vt 0.518078 0.524515 
vt 0.619826 0.509699 
vt 0.767275 0.764503 
vt 0.69702 0.670033 
vt 0.740735 0.547481 
vt 0.053133 0.346828 
vt 0.170628 0.362469 
vt 0.064434 0.417713 
vt 0.255482 0.263062 
vt 0.170628 0.362469 
vt 0.946415 0.071078 
vt 0.94247 0.071686 
vt 0.941279 0.069085 
vt 0.664078 0.365741 
vt 0.661919 0.360598 
vt 0.664539 0.361676 
vt 0.767275 0.764503 
vt 0.701572 0.790217 
vt 0.69702 0.670033 
vt 0.643012 0.352404 
vt 0.657362 0.391421 
vt 0.592722 0.371012 
vt 0.971225 0.063503 
vt 0.932432 0.050514 
vt 0.947881 0 
vt 0.655987 0.349798 
vt 0.661919 0.360598 
vt 0.643012 0.352404 
vt 0.930441 0.06348 
vt 0.932432 0.050514 
vt 0.941279 0.069085 
vt 0.664078 0.365741 
vt 0.664539 0.361676 
vt 0.667354 0.367872 
vt 0.948623 0.074284 
vt 0.94247 0.071686 
vt 0.946415 0.071078 
vt 0.017554 0.444072 
vt 0.053133 0.346828 
vt 0.064434 0.417713 
vt 0.701392 0.843256 
vt 0.701572 0.790217 
vt 0.767275 0.764503 
vt 0.285435 0.664429 
vt 0.314678 0.597875 
vt 0.326016 0.634514 
vt 0.657362 0.391421 
vt 0.661919 0.360598 
vt 0.664078 0.365741 
vt 0.941279 0.069085 
vt 0.971225 0.063503 
vt 0.946415 0.071078 
vt 0.664078 0.365741 
vt 0.667354 0.367872 
vt 0.657362 0.391421 
vt 0.946415 0.071078 
vt 0.971225 0.063503 
vt 0.948623 0.074284 
vt 0.592722 0.371012 
vt 0.589673 0.275222 
vt 0.612338 0.297369 
vt 0.349234 0.661569 
vt 0.357275 0.647406 
vt 0.384202 0.668898 
vt 0.852852 0 
vt 0.947881 0 
vt 0.876162 0.021666 
vt 0.349234 0.661569 
vt 0.326016 0.634514 
vt 0.357275 0.647406 
vt 0.657362 0.391421 
vt 0.643012 0.352404 
vt 0.661919 0.360598 
vt 0.932432 0.050514 
vt 0.971225 0.063503 
vt 0.941279 0.069085 
vt 0.877292 0.225429 
vt 0.87133 0.279515 
vt 0.874107 0.203706 
vt 0.793696 0.288093 
vt 0.868717 0.282234 
vt 0.815287 0.290477 
vt 0.657362 0.391421 
vt 0.675739 0.354675 
vt 0.718646 0.343973 
vt 0.612338 0.297369 
vt 0.589673 0.275222 
vt 0.618343 0.274189 
vt 0.653714 0.223151 
vt 0.618343 0.274189 
vt 0.85339 0.02847 
vt 0.804432 0.065634 
vt 0.852852 0 
vt 0.852852 0 
vt 0.876162 0.021666 
vt 0.85339 0.02847 
vt 0.971225 0.063503 
vt 0.92138 0.116298 
vt 0.936014 0.083137 
vt 0.592722 0.371012 
vt 0.652094 0.302275 
vt 0.657604 0.321523 
vt 0.643012 0.352404 
vt 0.592722 0.371012 
vt 0.657604 0.321523 
vt 0.947881 0 
vt 0.902227 0.066084 
vt 0.882724 0.061216 
vt 0.902227 0.066084 
vt 0.947881 0 
vt 0.932432 0.050514 
vt 0.655987 0.349798 
vt 0.675739 0.354675 
vt 0.664539 0.361676 
vt 0.675739 0.354675 
vt 0.667354 0.367872 
vt 0.936014 0.083137 
vt 0.930441 0.06348 
vt 0.94247 0.071686 
vt 0.936014 0.083137 
vt 0.94247 0.071686 
vt 0.948623 0.074284 
vt 0.675739 0.354675 
vt 0.657362 0.391421 
vt 0.667354 0.367872 
vt 0.971225 0.063503 
vt 0.936014 0.083137 
vt 0.948623 0.074284 
vt 0.718646 0.343973 
vt 0.730489 0.368901 
vt 0.657362 0.391421 
vt 0.643012 0.352404 
vt 0.657604 0.321523 
vt 0.655987 0.349798 
vt 0.932432 0.050514 
vt 0.930441 0.06348 
vt 0.902227 0.066084 
vt 0.926873 0.126447 
vt 0.971225 0.063503 
vt 0.951717 0.137213 
vt 0.92138 0.116298 
vt 0.971225 0.063503 
vt 0.926873 0.126447 
vt 0.768128 0.31495 
vt 0.730489 0.368901 
vt 0.759627 0.318174 
vt 0.951717 0.137213 
vt 0.899885 0.177151 
vt 0.902788 0.16857 
vt 0.902788 0.16857 
vt 0.926873 0.126447 
vt 0.951717 0.137213 
vt 0.88167 0.240091 
vt 0.883955 0.258897 
vt 0.875571 0.274454 
vt 0.829901 0.294299 
vt 0.863833 0.286724 
vt 0.848555 0.295852 
vt 0.718646 0.343973 
vt 0.759627 0.318174 
vt 0.730489 0.368901 
vt 0.736567 0.324429 
vt 0.759627 0.318174 
vt 0.717335 0.335941 
vt 0.708292 0.338735 
vt 0.652094 0.302275 
vt 0.592722 0.371012 
vt 0.612338 0.297369 
vt 0.947881 0 
vt 0.882724 0.061216 
vt 0.876162 0.021666 
vt 0.653714 0.223151 
vt 0.589673 0.275222 
vt 0.6103 0.170964 
vt 0.871964 0.282775 
vt 0.865459 0.287375 
vt 0.868717 0.282234 
vt 0.876313 0.27603 
vt 0.871964 0.282775 
vt 0.87133 0.279515 
vt 0.653714 0.223151 
vt 0.6103 0.170964 
vt 0.6573 0.198693 
vt 0.804432 0.065634 
vt 0.750491 0.024188 
vt 0.852852 0 
vt 0.750491 0.024188 
vt 0.78031 0.070082 
vt 0.764158 0.07684 
vt 0.736567 0.324429 
vt 0.718646 0.343973 
vt 0.727335 0.331655 
vt 0.804432 0.065634 
vt 0.78031 0.070082 
vt 0.750491 0.024188 
vt 0.727335 0.331655 
vt 0.718646 0.343973 
vt 0.717335 0.335941 
vt 0.926873 0.126447 
vt 0.908134 0.145226 
vt 0.914995 0.135647 
vt 0.764851 0.219791 
vt 0.783872 0.272811 
vt 0.765544 0.230145 
vt 0.846196 0.185148 
vt 0.825195 0.177357 
vt 0.83542 0.178637 
vt 0.750491 0.024188 
vt 0.764158 0.07684 
vt 0.747467 0.085601 
vt 0.76562 0.240087 
vt 0.774208 0.260809 
vt 0.767267 0.250275 
vt 0.918901 0.125453 
vt 0.92138 0.116298 
vt 0.926873 0.126447 
vt 0.914995 0.135647 
vt 0.718646 0.343973 
vt 0.675739 0.354675 
vt 0.708292 0.338735 
vt 0.675739 0.354675 
vt 0.692281 0.339703 
vt 0.908704 0.318607 
vt 1 0.26936 
vt 0.974423 0.349544 
vt 0.863187 0.411694 
vt 0.908704 0.318607 
vt 0.941619 0.383679 
vt 0.774208 0.260809 
vt 0.765544 0.230145 
vt 0.783872 0.272811 
vt 0.858516 0.194295 
vt 0.815319 0.17765 
vt 0.846196 0.185148 
vt 0.908134 0.145226 
vt 0.926873 0.126447 
vt 0.902788 0.16857 
vt 0.765544 0.230145 
vt 0.774208 0.260809 
vt 0.76562 0.240087 
vt 0.6103 0.170964 
vt 0.663446 0.182143 
vt 0.6573 0.198693 
vt 0.6103 0.170964 
vt 0.671568 0.164967 
vt 0.685788 0.142998 
vt 0.858516 0.194295 
vt 0.776706 0.190502 
vt 0.815319 0.17765 
vt 0.759627 0.318174 
vt 0.793696 0.288093 
vt 0.768128 0.31495 
vt 0.874107 0.203706 
vt 0.902788 0.16857 
vt 0.899885 0.177151 
vt 0.871964 0.282775 
vt 0.86236 0.297168 
vt 0.865459 0.287375 
vt 0.885881 0.272558 
vt 0.871964 0.282775 
vt 0.876313 0.27603 
vt 0.887939 0.258088 
vt 0.908704 0.318607 
vt 0.885881 0.272558 
vt 0.908704 0.318607 
vt 0.847931 0.299864 
vt 0.86236 0.297168 
vt 0.868717 0.282234 
vt 0.776706 0.190502 
vt 0.871964 0.282775 
vt 0.815319 0.17765 
vt 0.805059 0.177369 
vt 0.675739 0.354675 
vt 0.655987 0.349798 
vt 0.692281 0.339703 
vt 0.88167 0.240091 
vt 0.87133 0.279515 
vt 0.877292 0.225429 
vt 0.951717 0.137213 
vt 0.900256 0.188354 
vt 0.899885 0.177151 
vt 0.936014 0.083137 
vt 0.921733 0.100197 
vt 0.930441 0.06348 
vt 0.92138 0.116298 
vt 0.921733 0.100197 
vt 0.936014 0.083137 
vt 0.653814 0.278542 
vt 0.652094 0.302275 
vt 0.612338 0.297369 
vt 0.779309 0.314887 
vt 0.730489 0.368901 
vt 0.768128 0.31495 
vt 0.768128 0.31495 
vt 0.815287 0.290477 
vt 0.859165 0.06374 
vt 0.876162 0.021666 
vt 0.882724 0.061216 
vt 0.829901 0.294299 
vt 0.868717 0.282234 
vt 0.863833 0.286724 
vt 0.87133 0.279515 
vt 0.88167 0.240091 
vt 0.875571 0.274454 
vt 0.914995 0.135647 
vt 0.915426 0.123282 
vt 0.918901 0.125453 
vt 0.805059 0.177369 
vt 0.779336 0.187412 
vt 0.797462 0.177716 
vt 0.764866 0.212091 
vt 0.773747 0.193299 
vt 0.764851 0.219791 
vt 0.680218 0.096926 
vt 0.685788 0.142998 
vt 0.667646 0.084887 
vt 0.779336 0.187412 
vt 0.805059 0.177369 
vt 0.776706 0.190502 
vt 0.871964 0.282775 
vt 0.87133 0.279515 
vt 0.776706 0.190502 
vt 0.858516 0.194295 
vt 0.87133 0.279515 
vt 0.776706 0.190502 
vt 0.764851 0.219791 
vt 0.773747 0.193299 
vt 0.653814 0.278542 
vt 0.612338 0.297369 
vt 0.618343 0.274189 
vt 0.838657 0.070125 
vt 0.85339 0.02847 
vt 0.859165 0.06374 
vt 0.764851 0.219791 
vt 0.776706 0.190502 
vt 0.868717 0.282234 
vt 0.618343 0.274189 
vt 0.653714 0.223151 
vt 0.655452 0.241977 
vt 0.659461 0.257578 
vt 0.653814 0.278542 
vt 0.859165 0.06374 
vt 0.85339 0.02847 
vt 0.876162 0.021666 
vt 0.717335 0.335941 
vt 0.708292 0.338735 
vt 0.715057 0.332546 
vt 0.659461 0.257578 
vt 0.618343 0.274189 
vt 0.655452 0.241977 
vt 0.877292 0.225429 
vt 0.899885 0.177151 
vt 0.900256 0.188354 
vt 0.918901 0.125453 
vt 0.915426 0.123282 
vt 0.92138 0.116298 
vt 0.790437 0.179187 
vt 0.779336 0.187412 
vt 0.784296 0.182513 
vt 0.773747 0.193299 
vt 0.76607 0.204917 
vt 0.769059 0.198557 
vt 0.750491 0.024188 
vt 0.747467 0.085601 
vt 0.726264 0.100656 
vt 0.667646 0.084887 
vt 0.750491 0.024188 
vt 0.680218 0.096926 
vt 0.667646 0.084887 
vt 0.726264 0.100656 
vt 0.726264 0.100656 
vt 0.713779 0.113777 
vt 0.823103 0.066695 
vt 0.85339 0.02847 
vt 0.838657 0.070125 
vt 0.692281 0.339703 
vt 0.715057 0.332546 
vt 0.708292 0.338735 
vt 0.804432 0.065634 
vt 0.85339 0.02847 
vt 0.823103 0.066695 
vt 0.69838 0.129901 
vt 0.680218 0.096926 
vt 0.707295 0.122995 
vt 0.783872 0.272811 
vt 0.764851 0.219791 
vt 0.868717 0.282234 
vt 0.921733 0.100197 
vt 0.92138 0.116298 
vt 0.915426 0.123282 
vt 0.6103 0.170964 
vt 0.667646 0.084887 
vt 0.685788 0.142998 
vt 0.908134 0.145226 
vt 0.915426 0.123282 
vt 0.914995 0.135647 
vt 0.902227 0.066084 
vt 0.915426 0.123282 
vt 0.713779 0.113777 
vt 0.707295 0.122995 
vt 0.680218 0.096926 
vt 0.908704 0.318607 
vt 0.871964 0.282775 
vt 0.885881 0.272558 
vt 0.69838 0.129901 
vt 0.685788 0.142998 
vt 0.680218 0.096926 
vt 0.908704 0.318607 
vt 0.86236 0.297168 
vt 0.871964 0.282775 
vt 0.783872 0.272811 
vt 0.868717 0.282234 
vt 0.793696 0.288093 
vt 0.829901 0.294299 
vt 0.815287 0.290477 
vt 0.86236 0.297168 
vt 0.863833 0.286724 
vt 0.865459 0.287375 
vt 0.885881 0.272558 
vt 0.876313 0.27603 
vt 0.875571 0.274454 
vt 0.779309 0.314887 
vt 0.815287 0.290477 
vt 0.810325 0.304828 
vt 0.859165 0.06374 
vt 0.858516 0.194295 
vt 0.846196 0.185148 
vt 0.779336 0.187412 
vt 0.790437 0.179187 
vt 0.797462 0.177716 
vt 0.877292 0.225429 
vt 0.900256 0.188354 
vt 0.891453 0.219874 
vt 0.783872 0.272811 
vt 0.653814 0.278542 
vt 0.774208 0.260809 
vt 0.76607 0.204917 
vt 0.773747 0.193299 
vt 0.764866 0.212091 
vt 0.915426 0.123282 
vt 0.902227 0.066084 
vt 0.921733 0.100197 
vt 0.657604 0.321523 
vt 0.715057 0.332546 
vt 0.692281 0.339703 
vt 0.802886 0.316569 
vt 0.783362 0.410199 
vt 0.779309 0.314887 
vt 0.810325 0.304828 
vt 0.802886 0.316569 
vt 0.774208 0.260809 
vt 0.659461 0.257578 
vt 0.767267 0.250275 
vt 0.83542 0.178637 
vt 0.838657 0.070125 
vt 0.846196 0.185148 
vt 0.874107 0.203706 
vt 0.87133 0.279515 
vt 0.858516 0.194295 
vt 0.902227 0.066084 
vt 0.874107 0.203706 
vt 0.882724 0.061216 
vt 0.858516 0.194295 
vt 0.882724 0.061216 
vt 0.874107 0.203706 
vt 0.652094 0.302275 
vt 0.793696 0.288093 
vt 0.657604 0.321523 
vt 0.891453 0.219874 
vt 0.900256 0.188354 
vt 0.902872 0.211968 
vt 0.902788 0.16857 
vt 0.902227 0.066084 
vt 0.908134 0.145226 
vt 0.793696 0.288093 
vt 0.652094 0.302275 
vt 0.783872 0.272811 
vt 0.899885 0.177151 
vt 0.877292 0.225429 
vt 0.874107 0.203706 
vt 0.902227 0.066084 
vt 0.902788 0.16857 
vt 0.874107 0.203706 
vt 0.653814 0.278542 
vt 0.783872 0.272811 
vt 0.652094 0.302275 
vt 0.727335 0.331655 
vt 0.717335 0.335941 
vt 0.715057 0.332546 
vt 0.736567 0.324429 
vt 0.727335 0.331655 
vt 0.657604 0.321523 
vt 0.736567 0.324429 
vt 0.759627 0.318174 
vt 0.736567 0.324429 
vt 0.657604 0.321523 
vt 0.793696 0.288093 
vt 0.793696 0.288093 
vt 0.815287 0.290477 
vt 0.768128 0.31495 
vt 0.858516 0.194295 
vt 0.859165 0.06374 
vt 0.882724 0.061216 
vt 0.657604 0.321523 
vt 0.692281 0.339703 
vt 0.655987 0.349798 
vt 0.730489 0.368901 
vt 0.779309 0.314887 
vt 0.783362 0.410199 
vt 0.921733 0.100197 
vt 0.902227 0.066084 
vt 0.930441 0.06348 
vt 0.865459 0.287375 
vt 0.863833 0.286724 
vt 0.868717 0.282234 
vt 0.876313 0.27603 
vt 0.87133 0.279515 
vt 0.875571 0.274454 
vt 0.900256 0.188354 
vt 0.951717 0.137213 
vt 0.995369 0.188913 
vt 0.995369 0.188913 
vt 0.902872 0.211968 
vt 0.859165 0.06374 
vt 0.846196 0.185148 
vt 0.838657 0.070125 
vt 1 0.26936 
vt 0.902872 0.211968 
vt 0.995369 0.188913 
vt 0.802886 0.316569 
vt 0.863187 0.411694 
vt 0.783362 0.410199 
vt 0.846196 0.185148 
vt 0.815319 0.17765 
vt 0.825195 0.177357 
vt 0.838657 0.070125 
vt 0.823103 0.066695 
vt 0.901886 0.247233 
vt 0.902872 0.211968 
vt 1 0.26936 
vt 0.802886 0.316569 
vt 0.837809 0.314225 
vt 0.863187 0.411694 
vt 0.659461 0.257578 
vt 0.774208 0.260809 
vt 0.653814 0.278542 
vt 0.76562 0.240087 
vt 0.767267 0.250275 
vt 0.76562 0.240087 
vt 0.659461 0.257578 
vt 0.655452 0.241977 
vt 0.825195 0.177357 
vt 0.838657 0.070125 
vt 0.83542 0.178637 
vt 0.655452 0.241977 
vt 0.765544 0.230145 
vt 0.76562 0.240087 
vt 0.653714 0.223151 
vt 0.764851 0.219791 
vt 0.765544 0.230145 
vt 0.815319 0.17765 
vt 0.823103 0.066695 
vt 0.825195 0.177357 
vt 0.892322 0.235075 
vt 0.902872 0.211968 
vt 0.901886 0.247233 
vt 0.764851 0.219791 
vt 0.663446 0.182143 
vt 0.764866 0.212091 
vt 0.805059 0.177369 
vt 0.804432 0.065634 
vt 0.815319 0.17765 
vt 0.797462 0.177716 
vt 0.764158 0.07684 
vt 0.765544 0.230145 
vt 0.655452 0.241977 
vt 0.653714 0.223151 
vt 0.837809 0.314225 
vt 0.802886 0.316569 
vt 0.825395 0.305125 
vt 1 0.26936 
vt 0.887939 0.258088 
vt 0.901886 0.247233 
vt 0.847931 0.299864 
vt 0.863187 0.411694 
vt 0.837809 0.314225 
vt 0.764851 0.219791 
vt 0.653714 0.223151 
vt 0.6573 0.198693 
vt 0.823103 0.066695 
vt 0.815319 0.17765 
vt 0.804432 0.065634 
vt 0.902872 0.211968 
vt 0.892322 0.235075 
vt 0.891453 0.219874 
vt 0.805059 0.177369 
vt 0.78031 0.070082 
vt 0.804432 0.065634 
vt 0.825395 0.305125 
vt 0.802886 0.316569 
vt 0.810325 0.304828 
vt 0.892322 0.235075 
vt 0.901886 0.247233 
vt 0.887939 0.258088 
vt 0.877292 0.225429 
vt 0.892322 0.235075 
vt 0.88167 0.240091 
vt 0.887939 0.258088 
vt 0.88167 0.240091 
vt 0.892322 0.235075 
vt 0.825395 0.305125 
vt 0.815287 0.290477 
vt 0.829901 0.294299 
vt 0.825395 0.305125 
vt 0.847931 0.299864 
vt 0.837809 0.314225 
vt 0.829901 0.294299 
vt 0.847931 0.299864 
vt 0.825395 0.305125 
vt 0.663446 0.182143 
vt 0.764851 0.219791 
vt 0.6573 0.198693 
vt 0.892322 0.235075 
vt 0.877292 0.225429 
vt 0.891453 0.219874 
vt 0.78031 0.070082 
vt 0.805059 0.177369 
vt 0.764158 0.07684 
vt 0.815287 0.290477 
vt 0.825395 0.305125 
vt 0.810325 0.304828 
vt 0.663446 0.182143 
vt 0.76607 0.204917 
vt 0.764866 0.212091 
vt 0.887939 0.258088 
vt 1 0.26936 
vt 0.908704 0.318607 
vt 0.863187 0.411694 
vt 0.847931 0.299864 
vt 0.908704 0.318607 
vt 0.790437 0.179187 
vt 0.764158 0.07684 
vt 0.797462 0.177716 
vt 0.88167 0.240091 
vt 0.887939 0.258088 
vt 0.883955 0.258897 
vt 0.847931 0.299864 
vt 0.829901 0.294299 
vt 0.848555 0.295852 
vt 0.86236 0.297168 
vt 0.848555 0.295852 
vt 0.863833 0.286724 
vt 0.908704 0.318607 
vt 0.990222 0.397721 
vt 0.941619 0.383679 
vt 0.883955 0.258897 
vt 0.885881 0.272558 
vt 0.875571 0.274454 
vt 0.990222 0.397721 
vt 0.908704 0.318607 
vt 0.974423 0.349544 
vt 0.764158 0.07684 
vt 0.790437 0.179187 
vt 0.747467 0.085601 
vt 0.76607 0.204917 
vt 0.663446 0.182143 
vt 0.671568 0.164967 
vt 0.685788 0.142998 
vt 0.76607 0.204917 
vt 0.76607 0.204917 
vt 0.685788 0.142998 
vt 0.769059 0.198557 
vt 0.885881 0.272558 
vt 0.883955 0.258897 
vt 0.887939 0.258088 
vt 0.848555 0.295852 
vt 0.86236 0.297168 
vt 0.847931 0.299864 
vt 0.726264 0.100656 
vt 0.790437 0.179187 
vt 0.784296 0.182513 
vt 0.971225 0.063503 
vt 0.995369 0.188913 
vt 0.951717 0.137213 
vt 0.657362 0.391421 
vt 0.730489 0.368901 
vt 0.783362 0.410199 
vt 0.790437 0.179187 
vt 0.726264 0.100656 
vt 0.747467 0.085601 
vt 0.769059 0.198557 
vt 0.685788 0.142998 
vt 0.69838 0.129901 
vt 0.69838 0.129901 
vt 0.773747 0.193299 
vt 0.769059 0.198557 
vt 0.726264 0.100656 
vt 0.784296 0.182513 
vt 0.713779 0.113777 
vt 0.713779 0.113777 
vt 0.784296 0.182513 
vt 0.779336 0.187412 
vt 0.707295 0.122995 
vt 0.773747 0.193299 
vt 0.69838 0.129901 
vt 0.773747 0.193299 
vt 0.707295 0.122995 
vt 0.776706 0.190502 
vt 0.779336 0.187412 
vt 0.707295 0.122995 
vt 0.713779 0.113777 
vt 0.707295 0.122995 
vt 0.779336 0.187412 
vt 0.776706 0.190502 

usemtl Handle1Mtl

f 1/1/1 2/2/2 3/3/3 
f 4/4/4 5/5/5 6/6/6 
f 7/7/7 8/8/8 9/9/9 
f 10/10/10 11/11/11 12/12/12 
f 13/13/13 14/14/14 15/15/15 
f 16/16/16 17/17/17 18/18/18 
f 19/19/19 20/20/20 21/21/21 
f 22/22/22 23/23/23 24/24/24 
f 25/25/25 26/26/26 27/27/27 
f 28/28/28 29/29/29 30/30/30 
f 31/31/31 32/32/32 33/33/33 
f 34/34/34 35/35/35 36/36/36 
f 37/37/37 38/38/38 39/39/39 
f 40/40/40 41/41/41 42/42/42 
f 43/43/43 44/44/44 45/45/45 
f 46/46/46 47/47/47 48/48/48 
f 49/49/49 50/50/50 47/47/47 
f 51/51/51 52/52/52 53/53/53 
f 54/54/54 55/55/55 56/56/56 
f 57/57/57 58/58/58 59/59/59 
f 60/60/60 61/61/61 62/62/62 
f 63/63/63 64/64/64 65/65/65 
f 66/66/66 67/67/67 68/68/68 
f 69/69/69 70/70/70 71/71/71 
f 72/72/72 73/73/73 74/74/74 
f 75/75/75 76/76/76 77/77/77 
f 78/78/78 79/79/79 80/80/80 
f 81/81/81 82/82/82 83/83/83 
f 84/84/84 85/85/85 86/86/86 
f 87/87/87 88/88/88 89/89/89 
f 90/90/90 91/91/91 92/92/92 
f 93/93/93 94/94/94 95/95/95 
f 96/96/96 97/97/97 98/98/98 
f 99/99/99 100/100/100 101/101/101 
f 102/102/102 103/103/103 104/104/104 
f 105/105/105 106/106/106 107/107/107 
f 108/108/108 109/109/109 110/110/110 
f 111/111/111 112/112/112 113/113/113 
f 114/114/114 115/115/115 116/116/116 
f 117/117/117 118/118/118 119/119/119 
f 120/120/120 121/121/121 122/122/122 
f 123/123/123 124/124/124 125/125/125 
f 126/126/126 127/127/127 128/128/128 
f 129/129/129 128/128/128 130/130/130 
f 131/131/131 132/132/132 133/133/133 
f 134/134/134 135/135/135 136/136/136 
f 137/137/137 138/138/138 139/139/139 
f 140/140/140 141/141/141 142/142/142 
f 143/143/143 144/144/144 145/145/145 
f 146/146/146 147/147/147 148/148/148 
f 149/149/149 150/150/150 151/151/151 
f 152/152/152 153/153/153 154/154/154 
f 155/155/155 156/156/156 153/153/153 
f 157/157/157 158/158/158 159/159/159 
f 160/160/160 161/161/161 162/162/162 
f 163/163/163 164/164/164 165/165/165 
f 166/166/166 167/167/167 168/168/168 
f 169/169/169 170/170/170 171/171/171 
f 172/172/172 173/173/173 174/174/174 
f 175/175/175 176/176/176 177/177/177 
f 178/178/178 179/179/179 180/180/180 
f 181/181/181 182/182/182 183/183/183 
f 184/184/184 185/185/185 186/186/186 
f 187/187/187 188/188/188 189/189/189 
f 189/189/189 188/188/188 190/190/190 
f 191/191/191 192/192/192 193/193/193 
f 194/194/194 195/195/195 196/196/196 
f 197/197/197 198/198/198 199/199/199 
f 200/200/200 201/201/201 202/202/202 
f 203/203/203 204/204/204 205/205/205 
f 206/206/206 207/207/207 208/208/208 
f 209/209/209 210/210/210 211/211/211 
f 212/212/212 213/213/213 214/214/214 
f 215/215/215 216/216/216 217/217/217 
f 218/218/218 219/219/219 220/220/220 
f 221/221/221 222/222/222 223/223/223 
f 224/224/224 225/225/225 226/226/226 
f 227/227/227 228/228/228 229/229/229 
f 230/230/230 231/231/231 232/232/232 
f 233/233/233 234/234/234 235/235/235 
f 236/236/236 237/237/237 234/234/234 
f 238/238/238 239/239/239 240/240/240 
f 241/241/241 242/242/242 243/243/243 
f 244/244/244 245/245/245 246/246/246 
f 247/247/247 244/244/244 248/248/248 
f 249/249/249 250/250/250 251/251/251 
f 252/252/252 253/253/253 254/254/254 
f 255/255/255 256/256/256 257/257/257 
f 258/258/258 259/259/259 260/260/260 
f 261/261/261 262/262/262 263/263/263 
f 264/264/264 265/265/265 266/266/266 
f 267/267/267 268/268/268 269/269/269 
f 270/270/270 271/271/271 272/272/272 
f 273/273/273 274/274/274 275/275/275 
f 276/276/276 277/277/277 278/278/278 
f 279/279/279 280/280/280 281/281/281 
f 282/282/282 283/283/283 284/284/284 
f 285/285/285 286/286/286 287/287/287 
f 288/288/288 289/289/289 290/290/290 
f 291/291/291 292/292/292 293/293/293 
f 294/294/294 295/295/295 296/296/296 
f 297/297/297 298/298/298 299/299/299 
f 300/300/300 301/301/301 302/302/302 
f 303/303/303 304/304/304 305/305/305 
f 306/306/306 307/307/307 308/308/308 
f 309/309/309 310/310/310 311/311/311 
f 312/312/312 313/313/313 314/314/314 
f 312/312/312 315/315/315 316/316/316 
f 317/317/317 318/318/318 319/319/319 
f 320/320/320 321/321/321 322/322/322 
f 323/323/323 324/324/324 325/325/325 
f 326/326/326 327/327/327 328/328/328 
f 329/329/329 330/330/330 331/331/331 
f 332/332/332 333/333/333 334/334/334 
f 335/335/335 336/336/336 337/337/337 
f 338/338/338 339/339/339 340/340/340 
f 341/341/341 342/342/342 343/343/343 
f 344/344/344 345/345/345 346/346/346 
f 347/347/347 348/348/348 349/349/349 
f 350/350/350 351/351/351 352/352/352 
f 353/353/353 354/354/354 355/355/355 
f 356/356/356 357/357/357 358/358/358 
f 359/359/359 360/360/360 361/361/361 
f 362/362/362 363/363/363 364/364/364 
f 365/365/365 366/366/366 367/367/367 
f 368/368/368 369/369/369 370/370/370 
f 371/371/371 372/372/372 373/373/373 
f 374/374/374 375/375/375 376/376/376 
f 377/377/377 378/378/378 379/379/379 
f 380/380/380 381/381/381 382/382/382 
f 383/383/383 384/384/384 385/385/385 
f 386/386/386 387/387/387 388/388/388 
f 389/389/389 390/390/390 391/391/391 
f 392/392/392 393/393/393 394/394/394 
f 395/395/395 396/396/396 393/393/393 
f 397/397/397 398/398/398 399/399/399 
f 400/400/400 401/401/401 402/402/402 
f 403/403/403 404/404/404 405/405/405 
f 406/406/406 407/407/407 408/408/408 
f 409/409/409 410/410/410 411/411/411 
f 412/412/412 413/413/413 414/414/414 
f 415/415/415 416/416/416 417/417/417 
f 418/418/418 419/419/419 420/420/420 
f 420/420/420 421/421/421 422/422/422 
f 423/423/423 424/424/424 425/425/425 
f 426/426/426 427/427/427 428/428/428 
f 429/429/429 430/430/430 431/431/431 
f 432/432/432 433/433/433 434/434/434 
f 435/435/435 436/436/436 437/437/437 
f 438/438/438 439/439/439 440/440/440 
f 441/441/441 442/442/442 443/443/443 
f 444/444/444 445/445/445 446/446/446 
f 447/447/447 448/448/448 449/449/449 
f 450/450/450 451/451/451 452/452/452 
f 453/453/453 454/454/454 455/455/455 
f 456/456/456 457/457/457 458/458/458 
f 459/459/459 460/460/460 461/461/461 
f 462/462/462 463/463/463 464/464/464 
f 465/465/465 466/466/466 467/467/467 
f 465/465/465 468/468/468 469/469/469 
f 470/470/470 465/465/465 471/471/471 
f 472/472/472 473/473/473 474/474/474 
f 475/475/475 476/476/476 477/477/477 
f 478/478/478 479/479/479 480/480/480 
f 481/481/481 482/482/482 483/483/483 
f 484/484/484 485/485/485 486/486/486 
f 487/487/487 488/488/488 489/489/489 
f 490/490/490 491/491/491 492/492/492 
f 493/493/493 494/494/494 495/495/495 
f 496/496/496 497/497/497 498/498/498 
f 499/499/499 500/500/500 501/501/501 
f 502/502/502 503/503/503 504/504/504 
f 505/505/505 506/506/506 507/507/507 
f 508/508/508 509/509/509 510/510/510 
f 511/511/511 512/512/512 513/513/513 
f 514/514/514 515/515/515 516/516/516 
f 517/517/517 518/518/518 519/519/519 
f 520/520/520 521/521/521 522/522/522 
f 523/523/523 520/520/520 522/522/522 
f 524/524/524 525/525/525 526/526/526 
f 526/526/526 527/527/527 528/528/528 
f 529/529/529 530/530/530 531/531/531 
f 532/532/532 533/533/533 534/534/534 
f 535/535/535 536/536/536 537/537/537 
f 538/538/538 539/539/539 540/540/540 
f 541/541/541 542/542/542 543/543/543 
f 544/544/544 545/545/545 546/546/546 
f 547/547/547 548/548/548 549/549/549 
f 548/548/548 550/550/550 551/551/551 
f 547/547/547 552/552/552 551/551/551 
f 553/553/553 554/554/554 555/555/555 
f 556/556/556 557/557/557 558/558/558 
f 559/559/559 560/560/560 561/561/561 
f 562/562/562 563/563/563 564/564/564 
f 565/565/565 566/566/566 567/567/567 
f 568/568/568 569/569/569 570/570/570 
f 571/571/571 572/572/572 573/573/573 
f 574/574/574 575/575/575 576/576/576 
f 577/577/577 575/575/575 578/578/578 
f 579/579/579 580/580/580 581/581/581 
f 582/582/582 583/583/583 584/584/584 
f 585/585/585 586/586/586 587/587/587 
f 588/588/588 589/589/589 590/590/590 
f 591/591/591 592/592/592 593/593/593 
f 594/594/594 595/595/595 596/596/596 
f 597/597/597 598/598/598 599/599/599 
f 600/600/600 601/601/601 597/597/597 
f 602/602/602 603/603/603 604/604/604 
f 605/605/605 606/606/606 607/607/607 
f 608/608/608 609/609/609 610/610/610 
f 611/611/611 612/612/612 613/613/613 
f 614/614/614 615/615/615 616/616/616 
f 617/617/617 618/618/618 619/619/619 
f 620/620/620 621/621/621 622/622/622 
f 623/623/623 624/624/624 625/625/625 
f 626/626/626 625/625/625 627/627/627 
f 628/628/628 629/629/629 630/630/630 
f 631/631/631 632/632/632 633/633/633 
f 634/634/634 635/635/635 636/636/636 
f 637/637/637 638/638/638 639/639/639 
f 640/640/640 641/641/641 642/642/642 
f 643/643/643 644/644/644 645/645/645 
f 646/646/646 647/647/647 643/643/643 
f 648/648/648 649/649/649 650/650/650 
f 651/651/651 652/652/652 653/653/653 
f 654/654/654 655/655/655 656/656/656 
f 657/657/657 658/658/658 659/659/659 
f 660/660/660 661/661/661 662/662/662 
f 663/663/663 664/664/664 665/665/665 
f 666/666/666 667/667/667 668/668/668 
f 669/669/669 670/670/670 671/671/671 
f 671/671/671 672/672/672 673/673/673 
f 674/674/674 675/675/675 676/676/676 
f 677/677/677 678/678/678 674/674/674 
f 679/679/679 680/680/680 681/681/681 
f 682/682/682 683/683/683 684/684/684 
f 685/685/685 686/686/686 687/687/687 
f 688/688/688 689/689/689 690/690/690 
f 691/691/691 692/692/692 693/693/693 
f 694/694/694 695/695/695 696/696/696 
f 697/697/697 698/698/698 699/699/699 
f 700/700/700 701/701/701 702/702/702 
f 703/703/703 704/704/704 700/700/700 
f 705/705/705 706/706/706 707/707/707 
f 708/708/708 709/709/709 710/710/710 
f 711/711/711 712/712/712 713/713/713 
f 714/714/714 715/715/715 716/716/716 
f 717/717/717 718/718/718 719/719/719 
f 718/718/718 720/720/720 721/721/721 
f 722/722/722 723/723/723 724/724/724 
f 725/725/725 726/726/726 727/727/727 
f 728/728/728 729/729/729 730/730/730 
f 731/731/731 732/732/732 733/733/733 
f 734/734/734 735/735/735 736/736/736 
f 737/737/737 738/738/738 739/739/739 
f 740/740/740 741/741/741 742/742/742 
f 743/743/743 744/744/744 745/745/745 
f 746/746/746 747/747/747 748/748/748 
f 749/749/749 750/750/750 751/751/751 
f 752/752/752 753/753/753 754/754/754 
f 755/755/755 756/756/756 754/754/754 
f 757/757/757 758/758/758 759/759/759 
f 760/760/760 761/761/761 762/762/762 
f 763/763/763 764/764/764 765/765/765 
f 766/766/766 767/767/767 768/768/768 
f 769/769/769 770/770/770 771/771/771 
f 772/772/772 773/773/773 774/774/774 
f 775/775/775 776/776/776 777/777/777 
f 778/778/778 779/779/779 780/780/780 
f 781/781/781 782/782/782 783/783/783 
f 784/784/784 785/785/785 786/786/786 
f 787/787/787 788/788/788 789/789/789 
f 790/790/790 791/791/791 792/792/792 
f 793/793/793 794/794/794 795/795/795 
f 796/796/796 797/797/797 795/795/795 
f 798/798/798 799/799/799 795/795/795 
f 798/798/798 800/800/800 801/801/801 
f 802/802/802 803/803/803 800/800/800 
f 804/804/804 805/805/805 806/806/806 
f 807/807/807 808/808/808 809/809/809 
f 810/810/810 811/811/811 812/812/812 
f 813/813/813 814/814/814 815/815/815 
f 816/816/816 817/817/817 818/818/818 
f 819/819/819 820/820/820 821/821/821 
f 822/822/822 823/823/823 824/824/824 
f 825/825/825 826/826/826 827/827/827 
f 825/825/825 828/828/828 829/829/829 
f 830/830/830 831/831/831 832/832/832 
f 833/833/833 834/834/834 835/835/835 
f 836/836/836 837/837/837 838/838/838 
f 839/839/839 840/840/840 841/841/841 
f 842/842/842 841/841/841 843/843/843 
f 844/844/844 845/845/845 846/846/846 
f 847/847/847 848/848/848 849/849/849 
f 850/850/850 851/851/851 852/852/852 
f 850/850/850 853/853/853 854/854/854 
f 855/855/855 856/856/856 857/857/857 
f 858/858/858 859/859/859 860/860/860 
f 861/861/861 862/862/862 863/863/863 
f 864/864/864 865/865/865 866/866/866 
f 867/867/867 868/868/868 869/869/869 
f 870/870/870 871/871/871 872/872/872 
f 873/873/873 874/874/874 875/875/875 
f 876/876/876 877/877/877 878/878/878 
f 879/879/879 880/880/880 876/876/876 
f 881/881/881 882/882/882 883/883/883 
f 884/884/884 885/885/885 886/886/886 
f 887/887/887 888/888/888 889/889/889 
f 890/890/890 891/891/891 892/892/892 
f 893/893/893 894/894/894 895/895/895 
f 896/896/896 897/897/897 898/898/898 
f 899/899/899 900/900/900 901/901/901 
f 902/902/902 903/903/903 904/904/904 
f 905/905/905 906/906/906 907/907/907 
f 908/908/908 909/909/909 910/910/910 
f 911/911/911 912/912/912 913/913/913 
f 914/914/914 915/915/915 916/916/916 
f 917/917/917 918/918/918 919/919/919 
f 920/920/920 921/921/921 922/922/922 
f 923/923/923 924/924/924 925/925/925 
f 926/926/926 927/927/927 928/928/928 
f 929/929/929 930/930/930 931/931/931 
f 932/932/932 933/933/933 934/934/934 
f 935/935/935 936/936/936 937/937/937 
f 938/938/938 939/939/939 940/940/940 
f 941/941/941 942/942/942 943/943/943 
f 944/944/944 945/945/945 946/946/946 
f 947/947/947 948/948/948 949/949/949 
f 950/950/950 951/951/951 952/952/952 
f 953/953/953 954/954/954 955/955/955 
f 956/956/956 957/957/957 958/958/958 
f 959/959/959 960/960/960 961/961/961 
f 962/962/962 963/963/963 964/964/964 
f 965/965/965 966/966/966 967/967/967 
f 968/968/968 969/969/969 970/970/970 
f 971/971/971 972/972/972 973/973/973 
f 974/974/974 975/975/975 973/973/973 
f 976/976/976 977/977/977 978/978/978 
f 979/979/979 980/980/980 981/981/981 
f 982/982/982 983/983/983 984/984/984 
f 985/985/985 986/986/986 987/987/987 
f 988/988/988 989/989/989 990/990/990 
f 991/991/991 992/992/992 993/993/993 
f 994/994/994 995/995/995 996/996/996 
f 997/997/997 998/998/998 999/999/999 
f 1000/1000/1000 1001/1001/1001 1002/1002/1002 
f 1003/1003/1003 1004/1004/1004 1005/1005/1005 
f 1006/1006/1006 1007/1007/1007 1008/1008/1008 
f 1009/1009/1009 1010/1010/1010 1011/1011/1011 
f 1012/1012/1012 1013/1013/1013 1014/1014/1014 
f 1015/1015/1015 1016/1016/1016 1017/1017/1017 
f 1018/1018/1018 1019/1019/1019 1020/1020/1020 

g Handle2

v -287.17 0.104095 83.2139 
v -287.465 0.0938166 83.1223 
v -287.154 0.123906 83.1475 
v -286.898 0.0762291 83.2369 
v -286.898 0.102072 83.1844 
v -286.898 0.087183 83.2588 
v -287.174 0.115422 83.235 
v -287.473 0.104529 83.1419 
v -287.444 0.125826 83.0552 
v -287.805 0.0565467 82.9837 
v -287.797 0.0485158 82.9624 
v -287.771 0.0710711 82.8993 
v -287.991 0.134801 82.8764 
v -287.966 0.193471 82.83 
v -286.331 0.0938166 83.1223 
v -286.626 0.104095 83.2139 
v -286.642 0.123906 83.1475 
v -286.898 0.0762291 83.2369 
v -286.898 0.102072 83.1844 
v -286.898 0.087183 83.2588 
v -286.622 0.115422 83.235 
v -286.323 0.104529 83.1419 
v -286.352 0.125826 83.0552 
v -285.991 0.0565467 82.9837 
v -285.999 0.0485158 82.9624 
v -286.025 0.0710711 82.8993 
v -285.805 0.134801 82.8764 
v -285.83 0.193471 82.83 
v -287.296 4.09931 80.42 
v -287.302 4.0998 80.1638 
v -287.388 4.10265 80.4089 
v -287.202 4.09576 80.1491 
v -287.48 4.10741 80.6109 
v -287.5 4.10517 80.4069 
v -287.573 4.12915 80.6058 
v -287.415 4.10176 80.155 
v -286.968 4.08593 79.9318 
v -286.898 4.09334 79.9637 
v -286.898 4.08482 79.9594 
v -286.964 4.07103 79.924 
v -287.056 4.04947 79.8856 
v -287.253 4.09168 79.9403 
v -287.082 4.05782 79.8891 
v -287.141 4.03002 79.8641 
v -287.16 4.04308 79.8569 
v -287.305 4.00068 79.8332 
v -287.447 4.09622 79.9605 
v -287.346 4.01498 79.8268 
v -287.613 3.9563 79.8244 
v -287.342 4.05038 79.8593 
v -287.623 3.96559 79.8156 
v -287.779 3.90393 79.8244 
v -287.626 4.00119 79.8207 
v -287.649 4.05703 79.8591 
v -287.522 4.11291 80.1496 
v -287.79 3.91371 79.8163 
v -287.669 4.10767 79.9854 
v -287.8 3.98362 79.8268 
v -287.896 3.84881 79.8677 
v -287.83 4.04584 79.8645 
v -287.805 4.08393 79.925 
v -287.897 3.97369 79.8593 
v -287.907 3.86514 79.8588 
v -287.956 3.85072 79.9371 
v -287.943 3.8308 79.939 
v -287.954 3.96733 79.9344 
v -287.93 4.00608 79.9385 
v -287.995 3.83054 80.055 
v -287.986 3.81097 80.0508 
v -287.98 3.93176 80.062 
v -288.028 3.77736 80.1803 
v -287.95 4.01553 80.1172 
v -287.891 4.05134 79.9421 
v -288.018 3.88261 80.2096 
v -288.038 3.79063 80.1902 
v -288.043 3.70991 80.3141 
v -287.833 4.11129 80.1056 
v -288.054 3.72217 80.3185 
v -288.045 3.84191 80.3642 
v -288.043 3.66306 80.455 
v -288.031 3.65369 80.4513 
v -288.037 3.61193 80.5919 
v -287.969 3.99477 80.2868 
v -287.917 4.06223 80.1477 
v -287.948 4.0409 80.3192 
v -287.974 3.9903 80.4039 
v -287.909 4.06584 80.3635 
v -287.86 4.10231 80.3413 
v -287.908 4.06325 80.5181 
v -288.032 3.82641 80.4921 
v -287.989 3.95181 80.5605 
v -287.925 4.04573 80.6186 
v -287.825 4.12089 80.5244 
v -287.989 3.9078 80.705 
v -288.029 3.77914 80.6434 
v -288.028 3.72617 80.7607 
v -288.043 3.62324 80.5973 
v -288.04 3.57263 80.7061 
v -288.029 3.56391 80.703 
v -288.045 3.48522 80.8213 
v -288.042 3.53831 80.8556 
v -287.945 3.6739 80.9338 
v -287.943 3.45944 80.9852 
v -288.027 3.41163 80.9207 
v -288.054 3.48974 80.8293 
v -288.027 3.40083 80.9089 
v -286.126 4.10767 79.9854 
v -286.061 4.12058 80.1133 
v -285.963 4.11129 80.1056 
v -285.936 4.10231 80.3413 
v -286.274 4.11291 80.1496 
v -286.349 4.09622 79.9605 
v -286.381 4.10176 80.155 
v -286.296 4.10517 80.4069 
v -285.888 4.06325 80.5181 
v -285.887 4.06584 80.3635 
v -285.822 3.9903 80.4039 
v -286.177 4.12494 80.4002 
v -286.223 4.12915 80.6058 
v -286.316 4.10741 80.6109 
v -286.022 4.12745 80.3739 
v -286.048 4.12383 80.5558 
v -286.348 4.11123 80.7894 
v -285.97 4.12089 80.5244 
v -286.282 4.10564 80.7836 
v -286.31 4.10648 80.902 
v -286.189 4.11843 80.7729 
v -286.221 4.11756 80.8934 
v -286.229 4.03947 80.9866 
v -286.123 4.12477 80.7893 
v -286.141 4.1111 80.9103 
v -286.149 4.03539 80.9946 
v -286.044 4.04623 80.9754 
v -286.042 4.10887 80.8691 
v -285.931 4.03367 80.9336 
v -286.024 4.12137 80.7301 
v -285.937 4.07855 80.8366 
v -285.923 4.08108 80.7101 
v -285.866 3.96795 80.8644 
v -285.907 3.74359 80.9977 
v -285.851 3.6739 80.9338 
v -285.865 4.00915 80.7547 
v -285.813 3.87125 80.8312 
v -285.768 3.72617 80.7607 
v -285.871 4.04573 80.6186 
v -285.807 3.9078 80.705 
v -285.807 3.95181 80.5605 
v -285.767 3.77914 80.6434 
v -285.764 3.82641 80.4921 
v -285.751 3.84191 80.3642 
v -285.753 3.66306 80.455 
v -285.742 3.72217 80.3185 
v -285.753 3.62324 80.5973 
v -285.756 3.57263 80.7061 
v -285.753 3.70991 80.3141 
v -285.759 3.61193 80.5919 
v -285.764 3.65369 80.4513 
v -288.048 3.6807 80.1876 
v -288.043 3.70991 80.3141 
v -288.028 3.77736 80.1803 
v -287.99 3.71565 80.0571 
v -288.033 3.66228 80.1819 
v -288.005 3.73518 80.0578 
v -287.986 3.81097 80.0508 
v -287.948 3.73357 79.9431 
v -287.963 3.75299 79.94 
v -287.943 3.8308 79.939 
v -287.905 3.77681 79.8582 
v -287.892 3.75852 79.8678 
v -287.896 3.84881 79.8677 
v -287.785 3.81474 79.8189 
v -287.776 3.79698 79.8324 
v -287.779 3.90393 79.8244 
v -287.628 3.85714 79.8256 
v -287.633 3.87626 79.8119 
v -287.613 3.9563 79.8244 
v -287.331 3.93264 79.8091 
v -287.327 3.91212 79.821 
v -287.305 4.00068 79.8332 
v -287.08 3.96862 79.8404 
v -287.085 3.99062 79.833 
v -287.141 4.03002 79.8641 
v -286.898 4.02729 79.8888 
v -287.056 4.04947 79.8856 
v -286.898 4.05357 79.8876 
v -286.964 4.07103 79.924 
v -286.898 4.08482 79.9594 
v -285.753 3.70991 80.3141 
v -285.748 3.6807 80.1876 
v -285.768 3.77736 80.1803 
v -285.763 3.66228 80.1819 
v -285.805 3.71565 80.0571 
v -285.791 3.73518 80.0578 
v -285.81 3.81097 80.0508 
v -285.848 3.73357 79.9431 
v -285.833 3.75299 79.94 
v -285.853 3.8308 79.939 
v -285.891 3.77681 79.8582 
v -285.904 3.75852 79.8678 
v -285.9 3.84881 79.8677 
v -286.011 3.81474 79.8189 
v -286.02 3.79698 79.8324 
v -286.017 3.90393 79.8244 
v -286.168 3.85714 79.8256 
v -286.163 3.87626 79.8119 
v -286.183 3.9563 79.8244 
v -286.465 3.93264 79.8091 
v -286.469 3.91212 79.821 
v -286.49 4.00068 79.8332 
v -286.716 3.96862 79.8404 
v -286.711 3.99062 79.833 
v -286.655 4.03002 79.8641 
v -286.898 4.02729 79.8888 
v -286.739 4.04947 79.8856 
v -286.898 4.05357 79.8876 
v -286.832 4.07103 79.924 
v -286.898 4.08482 79.9594 
v -286.926 4.05922 79.8654 
v -286.887 4.03035 79.8542 
v -286.926 4.02965 79.8579 
v -286.948 4.0566 79.8794 
v -286.948 4.02702 79.8719 
v -286.924 4.0749 79.8816 
v -286.924 4.00957 79.8651 
v -286.886 4.07561 79.8779 
v -286.886 4.01027 79.8614 
v -286.862 4.02857 79.8636 
v -286.887 4.05992 79.8617 
v -286.862 4.05815 79.8711 
v -287.735 4.12058 80.1133 
v -287.774 4.12745 80.3739 
v -287.747 4.12383 80.5558 
v -287.619 4.12494 80.4002 
v -287.272 4.08023 80.6244 
v -287.296 4.09931 80.42 
v -287.285 4.09625 80.6311 
v -287.122 4.09677 80.7657 
v -287.281 4.08363 80.422 
v -287.116 4.08076 80.7526 
v -287.19 4.08135 80.159 
v -286.898 4.09863 80.8068 
v -287.202 4.09576 80.1491 
v -286.898 4.08006 79.9809 
v -286.898 4.09334 79.9637 
v -286.898 4.08267 80.7921 
v -286.68 4.08076 80.7526 
v -286.674 4.09677 80.7657 
v -286.524 4.08023 80.6244 
v -286.511 4.09625 80.6311 
v -286.5 4.09931 80.42 
v -286.514 4.08363 80.422 
v -286.606 4.08135 80.159 
v -286.594 4.09576 80.1491 
v -286.898 4.08006 79.9809 
v -286.898 4.09334 79.9637 
v -287.043 3.73654 79.851 
v -287.008 3.6905 79.842 
v -287.04 3.73602 79.8581 
v -287.051 3.83199 79.8609 
v -287.015 3.95366 79.8737 
v -287.021 3.95727 79.8716 
v -286.916 4.05892 79.8969 
v -286.914 4.0562 79.8929 
v -286.911 4.04973 79.8877 
v -287.044 3.83113 79.8652 
v -287.006 3.94808 79.881 
v -286.907 4.04288 79.8832 
v -287.036 3.73804 79.855 
v -286.997 3.94277 79.8891 
v -286.905 4.03839 79.8821 
v -286.994 3.94046 79.8953 
v -287.036 3.82959 79.8756 
v -287.028 3.82806 79.8867 
v -287.026 3.82727 79.8942 
v -287.016 3.73921 79.8825 
v -287.019 3.73977 79.8754 
v -286.992 3.70706 79.8697 
v -287.027 3.73912 79.8648 
v -286.995 3.70648 79.8623 
v -286.972 3.7213 79.8633 
v -287.001 3.70142 79.8506 
v -287.008 3.69532 79.8395 
v -286.974 3.72068 79.8545 
v -286.973 3.71642 79.8395 
v -287.011 3.68982 79.8346 
v -286.971 3.71135 79.8248 
v -286.966 3.7076 79.8264 
v -286.967 3.71195 79.8414 
v -286.968 3.7069 79.8176 
v -286.936 3.76968 79.8264 
v -286.936 3.77067 79.817 
v -286.922 3.85625 79.8338 
v -286.922 3.8542 79.8428 
v -286.925 3.94965 79.8608 
v -286.927 3.85535 79.8412 
v -286.942 3.77169 79.8245 
v -286.948 3.77188 79.84 
v -286.932 3.85272 79.8561 
v -286.953 3.77164 79.856 
v -286.953 3.7706 79.8654 
v -286.936 3.84985 79.8714 
v -286.936 3.84777 79.8803 
v -286.917 3.94112 79.9005 
v -286.921 3.94275 79.894 
v -286.898 4.03922 79.8944 
v -286.924 3.94554 79.8813 
v -286.903 4.03991 79.8961 
v -288.017 3.21138 80.9447 
v -288.023 3.39103 80.9016 
v -288.021 3.38875 80.8972 
v -288.032 3.48051 80.8229 
v -288.017 3.21044 80.9394 
v -288.029 3.47694 80.8199 
v -288.039 2.99127 80.9589 
v -288.013 3.55769 80.7024 
v -288.039 2.99096 80.9534 
v -288.015 3.56183 80.7047 
v -288.111 2.64021 80.9808 
v -288.024 3.61165 80.5925 
v -288.111 2.6405 80.9861 
v -288.021 3.6073 80.5909 
v -288.23 2.2258 81.0272 
v -288.018 3.65662 80.454 
v -288.229 2.22617 81.0323 
v -288.348 1.8701 81.0793 
v -288.346 1.87062 81.0844 
v -288.015 3.6523 80.4524 
v -288.032 3.70764 80.3193 
v -288.029 3.70349 80.3175 
v -285.773 3.39103 80.9016 
v -285.779 3.21138 80.9447 
v -285.775 3.38875 80.8972 
v -285.764 3.48051 80.8229 
v -285.779 3.21044 80.9394 
v -285.767 3.47694 80.8199 
v -285.757 2.99127 80.9589 
v -285.783 3.55769 80.7024 
v -285.756 2.99096 80.9534 
v -285.78 3.56183 80.7047 
v -285.685 2.64021 80.9808 
v -285.772 3.61165 80.5925 
v -285.685 2.6405 80.9861 
v -285.774 3.6073 80.5909 
v -285.566 2.2258 81.0272 
v -285.778 3.65662 80.454 
v -285.567 2.22617 81.0323 
v -285.448 1.8701 81.0793 
v -285.45 1.87062 81.0844 
v -285.781 3.6523 80.4524 
v -285.764 3.70764 80.3193 
v -285.767 3.70349 80.3175 
v -288.078 3.19197 80.9091 
v -288.042 2.99526 80.9706 
v -288.022 3.21564 80.9566 
v -288.096 2.98755 80.9389 
v -288.113 2.64697 80.9992 
v -288.065 3.31125 80.8432 
v -288.027 3.40083 80.9089 
v -288.075 3.18566 80.8855 
v -288.098 2.98549 80.9141 
v -288.056 3.29984 80.8238 
v -288.17 2.63637 80.9402 
v -288.068 3.38906 80.7766 
v -288.045 3.48522 80.8213 
v -288.057 3.37333 80.7627 
v -288.056 3.46637 80.6613 
v -288.044 3.44817 80.6506 
v -288.029 3.56391 80.703 
v -288.047 3.50202 80.5538 
v -288.059 3.52079 80.5629 
v -288.037 3.61193 80.5919 
v -288.049 3.57514 80.4346 
v -288.036 3.55596 80.4271 
v -288.031 3.65369 80.4513 
v -288.062 3.61831 80.3017 
v -288.048 3.5997 80.2937 
v -285.773 3.21564 80.9566 
v -285.754 2.99526 80.9706 
v -285.718 3.19197 80.9091 
v -285.7 2.98755 80.9389 
v -285.682 2.64697 80.9992 
v -285.731 3.31125 80.8432 
v -285.769 3.40083 80.9089 
v -285.721 3.18566 80.8855 
v -285.698 2.98549 80.9141 
v -285.74 3.29984 80.8238 
v -285.626 2.63637 80.9402 
v -285.728 3.38906 80.7766 
v -285.751 3.48522 80.8213 
v -285.739 3.37333 80.7627 
v -285.74 3.46637 80.6613 
v -285.752 3.44817 80.6506 
v -285.767 3.56391 80.703 
v -285.749 3.50202 80.5538 
v -285.737 3.52079 80.5629 
v -285.759 3.61193 80.5919 
v -285.746 3.57514 80.4346 
v -285.76 3.55596 80.4271 
v -285.764 3.65369 80.4513 
v -285.734 3.61831 80.3017 
v -285.748 3.5997 80.2937 
v -286.86 3.91836 79.8446 
v -286.905 4.0448 79.896 
v -286.901 4.04758 79.8944 
v -286.949 4.04252 81.0552 
v -286.898 3.80992 81.1972 
v -286.898 4.04284 81.0541 
v -286.961 3.80185 81.1778 
v -286.898 3.58966 81.2525 
v -287.116 4.05312 81.0476 
v -286.835 3.80185 81.1778 
v -286.948 4.10997 80.9571 
v -286.847 4.04252 81.0552 
v -286.898 4.10537 80.9512 
v -286.847 4.10997 80.9571 
v -286.68 4.05312 81.0476 
v -286.898 4.10128 80.9108 
v -286.966 4.10625 80.9184 
v -286.83 4.10625 80.9184 
v -287.163 4.10769 80.9353 
v -287.253 4.05251 81.0373 
v -287.25 3.76613 81.1024 
v -287.307 4.04965 81.0342 
v -287.316 4.11098 80.931 
v -287.401 4.10756 80.9317 
v -287.384 4.10843 80.8017 
v -287.189 4.10652 80.8796 
v -287.447 4.11123 80.7894 
v -286.898 4.09863 80.8068 
v -287.122 4.09677 80.7657 
v -286.674 4.09677 80.7657 
v -287.181 4.10527 80.8554 
v -287.285 4.09625 80.6311 
v -287.366 4.10335 80.6339 
v -286.863 3.32488 79.8468 
v -286.831 3.18163 79.821 
v -286.836 3.18128 79.8189 
v -286.923 3.94019 79.888 
v -286.937 3.86269 79.8921 
v -286.928 3.86254 79.8892 
v -286.931 3.79006 79.8913 
v -286.93 3.94192 79.8857 
v -286.891 4.04061 79.8935 
v -286.896 4.04303 79.892 
v -286.937 3.86271 79.8864 
v -286.943 3.945 79.8854 
v -286.904 4.04719 79.8919 
v -286.911 4.0513 79.8924 
v -286.952 3.86301 79.8858 
v -286.956 3.94806 79.8859 
v -286.916 4.05338 79.8942 
v -286.963 3.94967 79.8884 
v -286.967 3.86331 79.8863 
v -286.975 3.86346 79.8891 
v -286.971 3.78658 79.8867 
v -286.962 3.78756 79.8841 
v -286.961 3.71425 79.8767 
v -286.947 3.78904 79.8843 
v -286.952 3.71559 79.8751 
v -286.949 3.64622 79.8597 
v -286.931 3.79046 79.8854 
v -286.937 3.71731 79.8766 
v -286.941 3.64748 79.8598 
v -286.935 3.58581 79.8407 
v -286.923 3.79105 79.8886 
v -286.923 3.71887 79.8792 
v -286.915 3.71932 79.883 
v -286.923 3.71796 79.8848 
v -286.908 3.64987 79.8741 
v -286.914 3.64985 79.8691 
v -286.9 3.58693 79.8669 
v -286.927 3.64877 79.864 
v -286.905 3.58735 79.8602 
v -286.895 3.52532 79.8633 
v -286.915 3.58709 79.8514 
v -286.927 3.58662 79.8433 
v -286.921 3.52618 79.8273 
v -286.897 3.52573 79.8554 
v -286.899 3.44543 79.8539 
v -286.914 3.52629 79.8321 
v -286.922 3.44726 79.8284 
v -286.905 3.52605 79.8435 
v -286.907 3.446 79.843 
v -286.936 3.31413 79.8527 
v -286.916 3.44666 79.8326 
v -286.944 3.31653 79.8481 
v -286.948 3.31796 79.8469 
v -285.769 3.40083 80.9089 
v -285.771 3.21863 80.9668 
v -285.773 3.21564 80.9566 
v -285.838 3.22562 80.9852 
v -285.848 3.00069 81.0922 
v -285.8 2.99284 81.0043 
v -285.768 3.41163 80.9207 
v -285.742 3.48974 80.8293 
v -285.751 3.48522 80.8213 
v -285.853 3.45944 80.9852 
v -285.767 3.56391 80.703 
v -285.754 3.53831 80.8556 
v -285.884 3.24878 81.0679 
v -285.94 3.48463 81.0712 
v -286.008 3.26825 81.1092 
v -286.042 3.49703 81.0912 
v -286.116 3.2672 81.1292 
v -286.003 3.73404 81.056 
v -286.152 3.49144 81.0781 
v -286.193 3.26499 81.1102 
v -286.077 3.73701 81.0641 
v -286.226 3.49539 81.0616 
v -286.287 3.51174 81.1545 
v -286.18 3.73416 81.058 
v -286.257 3.73356 81.0424 
v -286.315 3.74826 81.108 
v -286.321 4.04743 81.0071 
v -286.391 4.04616 81.0285 
v -286.461 3.76226 81.1246 
v -286.489 4.04965 81.0342 
v -286.546 3.76613 81.1024 
v -286.395 4.10756 80.9317 
v -286.543 4.05251 81.0373 
v -286.48 4.11098 80.931 
v -286.633 4.10769 80.9353 
v -286.607 4.10652 80.8796 
v -286.412 4.10843 80.8017 
v -286.615 4.10527 80.8554 
v -286.511 4.09625 80.6311 
v -286.43 4.10335 80.6339 
v -286.5 4.09931 80.42 
v -286.408 4.10265 80.4089 
v -286.493 4.0998 80.1638 
v -286.594 4.09576 80.1491 
v -286.828 4.08593 79.9318 
v -286.898 4.09334 79.9637 
v -286.898 4.08482 79.9594 
v -286.832 4.07103 79.924 
v -286.739 4.04947 79.8856 
v -286.543 4.09168 79.9403 
v -286.714 4.05782 79.8891 
v -286.655 4.03002 79.8641 
v -286.636 4.04308 79.8569 
v -286.49 4.00068 79.8332 
v -286.45 4.01498 79.8268 
v -286.183 3.9563 79.8244 
v -286.454 4.05038 79.8593 
v -286.173 3.96559 79.8156 
v -286.017 3.90393 79.8244 
v -286.17 4.00119 79.8207 
v -286.147 4.05703 79.8591 
v -286.006 3.91371 79.8163 
v -285.996 3.98362 79.8268 
v -285.9 3.84881 79.8677 
v -285.889 3.86514 79.8588 
v -285.899 3.97369 79.8593 
v -285.839 3.85072 79.9371 
v -285.853 3.8308 79.939 
v -285.842 3.96733 79.9344 
v -285.8 3.83054 80.055 
v -285.81 3.81097 80.0508 
v -285.768 3.77736 80.1803 
v -285.816 3.93176 80.062 
v -285.758 3.79063 80.1902 
v -285.777 3.88261 80.2096 
v -285.866 4.00608 79.9385 
v -285.846 4.01553 80.1172 
v -285.966 4.04584 79.8645 
v -285.827 3.99477 80.2868 
v -285.99 4.08393 79.925 
v -285.905 4.05134 79.9421 
v -285.879 4.06223 80.1477 
v -285.848 4.0409 80.3192 
v -286.948 4.0566 79.8794 
v -286.946 4.02339 79.8912 
v -286.946 4.05297 79.8987 
v -286.948 4.02702 79.8719 
v -286.922 4.00593 79.8845 
v -286.924 4.00957 79.8651 
v -286.924 4.0749 79.8816 
v -286.922 4.07127 79.901 
v -286.886 4.07561 79.8779 
v -286.884 4.07197 79.8973 
v -286.86 4.05451 79.8905 
v -286.862 4.05815 79.8711 
v -286.86 4.02494 79.883 
v -286.862 4.02857 79.8636 
v -286.884 4.00663 79.8807 
v -286.886 4.01027 79.8614 
v -286.922 4.00593 79.8845 
v -286.924 4.00957 79.8651 
v -288.285 2.22308 81.0094 
v -288.344 1.87391 81.0932 
v -288.229 2.2348 81.0478 
v -288.403 1.87956 81.0818 
v -288.409 1.87707 81.0581 
v -288.289 2.22097 80.9857 
v -288.167 2.63788 80.9643 
v -285.511 2.22308 81.0094 
v -285.451 1.87391 81.0932 
v -285.393 1.87956 81.0818 
v -285.387 1.87707 81.0581 
v -285.567 2.2348 81.0478 
v -285.507 2.22097 80.9857 
v -285.629 2.63788 80.9643 
v -287.793 3.73404 81.056 
v -287.754 3.49703 81.0912 
v -287.719 3.73701 81.0641 
v -287.644 3.49144 81.0781 
v -287.752 4.04623 80.9754 
v -287.856 3.48463 81.0712 
v -287.615 3.73416 81.058 
v -287.68 3.2672 81.1292 
v -287.647 4.03539 80.9946 
v -287.865 4.03367 80.9336 
v -287.567 4.03947 80.9866 
v -287.655 4.1111 80.9103 
v -287.754 4.10887 80.8691 
v -287.889 3.74359 80.9977 
v -287.859 4.07855 80.8366 
v -287.93 3.96795 80.8644 
v -287.983 3.87125 80.8312 
v -287.93 4.00915 80.7547 
v -287.873 4.08108 80.7101 
v -287.772 4.12137 80.7301 
v -287.673 4.12477 80.7893 
v -287.575 4.11756 80.8934 
v -287.607 4.11843 80.7729 
v -287.514 4.10564 80.7836 
v -287.486 4.10648 80.902 
v -287.475 4.04743 81.0071 
v -287.539 3.73356 81.0424 
v -287.57 3.49539 81.0616 
v -287.603 3.26499 81.1102 
v -287.509 3.51174 81.1545 
v -287.481 3.74826 81.108 
v -287.405 4.04616 81.0285 
v -287.335 3.76226 81.1246 
v -287.392 3.53087 81.1864 
v -287.27 3.54885 81.1456 
v -287.393 3.32884 81.2343 
v -287.288 3.31054 81.1742 
v -287.53 3.281 81.2118 
v -287.421 3.01905 81.2844 
v -287.444 0.125826 83.0552 
v -287.155 0.119679 83.1507 
v -287.154 0.123906 83.1475 
v -286.898 0.0978636 83.1877 
v -286.898 0.102072 83.1844 
v -287.445 0.121462 83.0583 
v -287.771 0.0710711 82.8993 
v -287.773 0.0663757 82.9014 
v -287.969 0.188696 82.8302 
v -287.966 0.193471 82.83 
v -288.182 0.314206 82.6162 
v -288.18 0.318561 82.6164 
v -288.301 0.360413 82.293 
v -288.296 0.364201 82.2929 
v -288.437 0.542124 82.1359 
v -288.433 0.545468 82.1356 
v -288.559 0.698579 82.0161 
v -288.556 0.702624 82.0175 
v -288.596 0.798212 81.9097 
v -288.595 0.802549 81.9125 
v -288.624 0.931699 81.7314 
v -288.624 0.927804 81.7281 
v -288.658 1.0568 81.6165 
v -288.659 1.06059 81.6199 
v -288.534 1.27218 81.3202 
v -288.534 1.26837 81.3165 
v -288.454 1.42739 81.2044 
v -288.454 1.43022 81.209 
v -288.423 1.54807 81.141 
v -288.424 1.54672 81.136 
v -288.389 1.68136 81.121 
v -288.388 1.68179 81.1262 
v -288.346 1.87062 81.0844 
v -288.348 1.8701 81.0793 
v -286.352 0.125826 83.0552 
v -286.641 0.119679 83.1507 
v -286.351 0.121462 83.0583 
v -286.642 0.123906 83.1475 
v -286.898 0.0978636 83.1877 
v -286.898 0.102072 83.1844 
v -286.025 0.0710711 82.8993 
v -286.023 0.0663757 82.9014 
v -285.827 0.188696 82.8302 
v -285.83 0.193471 82.83 
v -285.614 0.314206 82.6162 
v -285.616 0.318561 82.6164 
v -285.495 0.360413 82.293 
v -285.5 0.364201 82.2929 
v -285.359 0.542124 82.1359 
v -285.363 0.545468 82.1356 
v -285.237 0.698579 82.0161 
v -285.24 0.702624 82.0175 
v -285.2 0.798212 81.9097 
v -285.201 0.802549 81.9125 
v -285.172 0.931699 81.7314 
v -285.172 0.927804 81.7281 
v -285.138 1.0568 81.6165 
v -285.137 1.06059 81.6199 
v -285.262 1.27218 81.3202 
v -285.262 1.26837 81.3165 
v -285.341 1.42739 81.2044 
v -285.342 1.43022 81.209 
v -285.373 1.54807 81.141 
v -285.372 1.54672 81.136 
v -285.407 1.68136 81.121 
v -285.408 1.68179 81.1262 
v -285.45 1.87062 81.0844 
v -285.448 1.8701 81.0793 
v -285.467 1.42181 81.422 
v -285.558 1.51059 81.4402 
v -285.542 1.34615 81.5316 
v -285.337 1.24879 81.5177 
v -285.495 1.54991 81.3661 
v -285.604 1.67484 81.3887 
v -285.184 1.03808 81.7085 
v -285.207 0.928649 81.8601 
v -285.154 0.947436 81.7393 
v -285.296 1.27838 81.3845 
v -285.387 1.42816 81.2582 
v -285.135 1.07045 81.651 
v -285.156 0.935231 81.7219 
v -285.124 1.06876 81.6347 
v -285.261 1.29065 81.3476 
v -285.254 1.27974 81.3291 
v -285.346 1.44297 81.2371 
v -285.333 1.43801 81.2178 
v -285.423 1.53475 81.1865 
v -285.381 1.55297 81.1714 
v -285.375 1.5525 81.1567 
v -285.52 1.70276 81.3211 
v -285.656 1.86184 81.314 
v -285.45 1.67043 81.1676 
v -285.551 1.87993 81.2376 
v -285.665 2.22875 81.1513 
v -285.496 1.86885 81.1286 
v -285.408 1.6853 81.1529 
v -285.408 1.68517 81.1392 
v -285.45 1.87568 81.1112 
v -285.451 1.87391 81.0932 
v -285.567 2.23117 81.0593 
v -285.567 2.2348 81.0478 
v -285.623 2.22681 81.0729 
v -285.775 2.65006 81.1125 
v -285.683 2.6447 81.0135 
v -285.682 2.64697 80.9992 
v -285.733 2.6439 81.0302 
v -285.756 2.99439 80.9827 
v -285.754 2.99526 80.9706 
v -287.574 3.01851 81.2482 
v -287.623 3.0048 81.1341 
v -287.468 2.67515 81.3503 
v -287.626 2.67638 81.279 
v -287.72 3.0059 81.1438 
v -287.35 2.6656 81.2875 
v -287.309 3.01306 81.2299 
v -287.112 3.02885 81.3213 
v -287.515 2.26562 81.4545 
v -287.124 2.67847 81.3916 
v -287.103 3.32744 81.261 
v -287.097 3.56183 81.201 
v -286.978 3.03421 81.3623 
v -286.971 3.33718 81.3096 
v -286.998 2.68944 81.4464 
v -287.085 3.78016 81.1455 
v -286.97 3.58675 81.2517 
v -286.898 3.3388 81.3164 
v -286.898 3.03505 81.3692 
v -286.898 2.69436 81.4627 
v -286.825 3.33718 81.3096 
v -286.818 3.03421 81.3623 
v -286.826 3.58675 81.2517 
v -286.898 2.27597 81.6533 
v -286.798 2.68944 81.4464 
v -287.018 2.26118 81.6158 
v -286.777 2.26118 81.6158 
v -287.154 2.25227 81.5635 
v -286.898 1.8574 81.8712 
v -287.03 1.84284 81.8312 
v -287.402 2.24721 81.4319 
v -287.205 1.82925 81.7615 
v -286.898 1.49889 82.051 
v -286.766 1.84284 81.8312 
v -287.057 1.48978 82.0005 
v -286.739 1.48978 82.0005 
v -287.455 1.82516 81.6074 
v -286.898 1.15958 82.2557 
v -287.252 1.48587 81.9238 
v -287.051 1.15136 82.2041 
v -287.571 1.84831 81.5957 
v -287.495 1.4587 81.7809 
v -287.637 1.51661 81.8069 
v -287.693 2.24911 81.3703 
v -287.787 1.82715 81.4721 
v -287.262 1.12401 82.1248 
v -287.852 1.81433 81.3387 
v -287.064 0.812905 82.5046 
v -287.753 2.23002 81.2606 
v -287.68 2.65429 81.17 
v -287.785 2.65571 81.1684 
v -287.884 2.22319 81.1974 
v -287.816 3.00663 81.1295 
v -287.894 2.65675 81.1585 
v -287.788 3.26825 81.1092 
v -287.912 3.24878 81.0679 
v -287.948 3.00069 81.0922 
v -288.021 2.65006 81.1125 
v -287.958 3.22562 80.9852 
v -287.996 2.99284 81.0043 
v -288.025 3.21863 80.9668 
v -288.022 3.21564 80.9566 
v -288.04 2.99439 80.9827 
v -288.042 2.99526 80.9706 
v -288.113 2.64697 80.9992 
v -288.063 2.6439 81.0302 
v -288.113 2.6447 81.0135 
v -288.229 2.2348 81.0478 
v -288.173 2.22681 81.0729 
v -288.229 2.23117 81.0593 
v -288.344 1.87391 81.0932 
v -288.3 1.86885 81.1286 
v -288.346 1.87568 81.1112 
v -288.387 1.68517 81.1392 
v -288.388 1.6853 81.1529 
v -288.421 1.5525 81.1567 
v -288.131 2.22875 81.1513 
v -288.415 1.55297 81.1714 
v -288.463 1.43801 81.2178 
v -288.346 1.67043 81.1676 
v -288.245 1.87993 81.2376 
v -288.02 2.2251 81.2178 
v -288.139 1.86184 81.314 
v -288.007 1.82561 81.2597 
v -288.276 1.70276 81.3211 
v -288.372 1.53475 81.1865 
v -288.192 1.67484 81.3887 
v -288.301 1.54991 81.3661 
v -288.45 1.44297 81.2371 
v -288.542 1.27974 81.3291 
v -288.409 1.42816 81.2582 
v -288.535 1.29065 81.3476 
v -288.671 1.06876 81.6347 
v -288.661 1.07045 81.651 
v -288.639 0.935231 81.7219 
v -288.5 1.27838 81.3845 
v -288.329 1.42181 81.422 
v -288.237 1.51059 81.4402 
v -288.014 3.77061 80.1906 
v -288.017 3.77485 80.1916 
v -287.972 3.80918 80.0598 
v -287.975 3.8136 80.0598 
v -287.932 3.82905 79.9478 
v -287.935 3.8334 79.9471 
v -287.893 3.84966 79.8788 
v -287.89 3.84561 79.8808 
v -287.784 3.90276 79.8384 
v -287.782 3.89882 79.8412 
v -287.622 3.95875 79.8385 
v -287.621 3.95438 79.8413 
v -287.315 3.99904 79.8449 
v -287.315 3.99418 79.8471 
v -287.137 4.02292 79.8745 
v -287.136 4.01798 79.8756 
v -286.959 4.06228 79.9332 
v -286.958 4.057 79.9322 
v -286.898 4.06908 79.9684 
v -286.898 4.06423 79.9666 
v -285.782 3.77061 80.1906 
v -285.779 3.77485 80.1916 
v -285.824 3.80918 80.0598 
v -285.821 3.8136 80.0598 
v -285.864 3.82905 79.9478 
v -285.861 3.8334 79.9471 
v -285.903 3.84966 79.8788 
v -285.906 3.84561 79.8808 
v -286.012 3.90276 79.8384 
v -286.014 3.89882 79.8412 
v -286.174 3.95875 79.8385 
v -286.175 3.95438 79.8413 
v -286.48 3.99904 79.8449 
v -286.481 3.99418 79.8471 
v -286.659 4.02292 79.8745 
v -286.66 4.01798 79.8756 
v -286.837 4.06228 79.9332 
v -286.838 4.057 79.9322 
v -286.898 4.06908 79.9684 
v -286.898 4.06423 79.9666 
v -287.442 0.172286 83.0382 
v -287.08 0.46066 82.855 
v -287.336 0.446463 82.7499 
v -287.15 0.162272 83.1337 
v -287.45 0.148629 83.0644 
v -286.898 0.46023 82.8817 
v -287.155 0.14775 83.1563 
v -287.449 0.134842 83.0626 
v -287.156 0.127932 83.1552 
v -286.898 0.14068 83.1682 
v -286.898 0.127061 83.1905 
v -286.898 0.111378 83.1939 
v -286.64 0.127932 83.1552 
v -286.641 0.14775 83.1563 
v -286.347 0.134842 83.0626 
v -286.646 0.162272 83.1337 
v -286.346 0.148629 83.0644 
v -286.023 0.0949367 82.9103 
v -286.018 0.076746 82.9086 
v -286.354 0.172286 83.0382 
v -285.827 0.20831 82.8293 
v -286.716 0.46066 82.855 
v -285.831 0.21691 82.8418 
v -285.607 0.34615 82.6169 
v -285.599 0.332196 82.6112 
v -286.035 0.123727 82.8771 
v -285.49 0.377345 82.3176 
v -285.844 0.271113 82.7924 
v -286.459 0.446463 82.7499 
v -286.182 0.445677 82.5045 
v -286.732 0.812905 82.5046 
v -286.508 0.789906 82.4125 
v -285.98 0.613132 82.4516 
v -286.898 0.83315 82.5422 
v -286.745 1.15136 82.2041 
v -286.534 1.12401 82.1248 
v -286.543 1.48587 81.9238 
v -286.591 1.82925 81.7615 
v -286.301 1.4587 81.7809 
v -286.642 2.25227 81.5635 
v -286.341 1.82516 81.6074 
v -286.394 2.24721 81.4319 
v -286.672 2.67847 81.3916 
v -286.446 2.6656 81.2875 
v -286.683 3.02885 81.3213 
v -286.487 3.01306 81.2299 
v -286.693 3.32744 81.261 
v -286.508 3.31054 81.1742 
v -286.375 3.01905 81.2844 
v -286.698 3.56183 81.201 
v -286.526 3.54885 81.1456 
v -286.711 3.78016 81.1455 
v -286.404 3.53087 81.1864 
v -286.403 3.32884 81.2343 
v -286.266 3.281 81.2118 
v -286.222 3.01851 81.2482 
v -286.328 2.67515 81.3503 
v -286.17 2.67638 81.279 
v -286.281 2.26562 81.4545 
v -286.225 1.84831 81.5957 
v -286.103 2.24911 81.3703 
v -286.159 1.51661 81.8069 
v -286.009 1.82715 81.4721 
v -285.944 1.81433 81.3387 
v -286.043 2.23002 81.2606 
v -286.173 3.0048 81.1341 
v -286.116 2.65429 81.17 
v -286.011 2.65571 81.1684 
v -286.076 3.0059 81.1438 
v -285.912 2.22319 81.1974 
v -285.98 3.00663 81.1295 
v -285.902 2.65675 81.1585 
v -285.776 2.2251 81.2178 
v -285.788 1.82561 81.2597 
v -285.736 1.58147 81.3635 
v -285.888 1.51962 81.4783 
v -285.929 1.53465 81.6486 
v -285.695 1.40012 81.3997 
v -285.854 1.26731 81.531 
v -285.875 1.2895 81.7915 
v -286.098 1.20299 82.0404 
v -285.791 1.02543 81.7344 
v -286.285 1.11106 81.9588 
v -285.804 1.0467 81.9822 
v -286.05 0.908139 82.2391 
v -286.229 0.790344 82.1929 
v -285.771 0.759325 82.1872 
v -285.699 0.757472 81.9603 
v -285.629 0.41987 82.5242 
v -285.523 0.454506 82.2619 
v -285.495 0.394231 82.3053 
v -285.362 0.554927 82.1654 
v -285.364 0.568169 82.1522 
v -285.231 0.710961 82.0389 
v -285.374 0.64481 82.1155 
v -285.237 0.726248 82.0334 
v -285.185 0.815295 81.8996 
v -285.539 0.967772 81.776 
v -285.261 0.823014 81.9953 
v -285.188 0.824466 81.9218 
v -285.461 1.15432 81.6583 
v -285.659 1.181 81.5855 
v -287.969 0.20831 82.8293 
v -288.197 0.332196 82.6112 
v -288.21 0.277033 82.6733 
v -287.992 0.15896 82.896 
v -287.778 0.076746 82.9086 
v -288.316 0.336532 82.4133 
v -288.306 0.377345 82.3176 
v -288.329 0.314644 82.4112 
v -288.217 0.256086 82.6712 
v -288.456 0.473665 82.2506 
v -288.003 0.136975 82.8974 
v -287.805 0.0565467 82.9837 
v -288.436 0.489984 82.2492 
v -288.434 0.554927 82.1654 
v -288.583 0.641768 82.1265 
v -288.6 0.622612 82.1235 
v -288.565 0.710961 82.0389 
v -288.656 0.685039 82.0009 
v -288.649 0.706274 82.0108 
v -288.61 0.815295 81.8996 
v -288.69 0.84113 81.7623 
v -288.688 0.8221 81.7486 
v -288.639 0.935231 81.7219 
v -288.693 1.03724 81.5104 
v -288.688 1.01957 81.4954 
v -288.671 1.06876 81.6347 
v -288.576 1.26405 81.2439 
v -288.542 1.27974 81.3291 
v -288.578 1.28026 81.2617 
v -288.506 1.42718 81.1464 
v -288.463 1.43801 81.2178 
v -288.505 1.43906 81.1679 
v -288.476 1.55918 81.1202 
v -288.479 1.55357 81.0966 
v -288.421 1.5525 81.1567 
v -288.451 1.68829 81.0886 
v -288.445 1.69018 81.1126 
v -288.387 1.68517 81.1392 
v -288.403 1.87956 81.0818 
v -288.409 1.87707 81.0581 
v -288.344 1.87391 81.0932 
v -285.599 0.332196 82.6112 
v -285.827 0.20831 82.8293 
v -285.586 0.277033 82.6733 
v -285.804 0.15896 82.896 
v -286.018 0.076746 82.9086 
v -285.48 0.336532 82.4133 
v -285.49 0.377345 82.3176 
v -285.467 0.314644 82.4112 
v -285.579 0.256086 82.6712 
v -285.34 0.473665 82.2506 
v -285.793 0.136975 82.8974 
v -285.991 0.0565467 82.9837 
v -285.36 0.489984 82.2492 
v -285.362 0.554927 82.1654 
v -285.213 0.641768 82.1265 
v -285.196 0.622612 82.1235 
v -285.231 0.710961 82.0389 
v -285.14 0.685039 82.0009 
v -285.147 0.706274 82.0108 
v -285.185 0.815295 81.8996 
v -285.106 0.84113 81.7623 
v -285.108 0.8221 81.7486 
v -285.156 0.935231 81.7219 
v -285.102 1.03724 81.5104 
v -285.107 1.01957 81.4954 
v -285.124 1.06876 81.6347 
v -285.22 1.26405 81.2439 
v -285.254 1.27974 81.3291 
v -285.217 1.28026 81.2617 
v -285.29 1.42718 81.1464 
v -285.333 1.43801 81.2178 
v -285.291 1.43906 81.1679 
v -285.32 1.55918 81.1202 
v -285.317 1.55357 81.0966 
v -285.375 1.5525 81.1567 
v -285.345 1.68829 81.0886 
v -285.351 1.69018 81.1126 
v -285.408 1.68517 81.1392 
v -285.393 1.87956 81.0818 
v -285.387 1.87707 81.0581 
v -285.451 1.87391 81.0932 
v -288.195 0.255689 82.6568 
v -288.18 0.318561 82.6164 
v -288.31 0.306925 82.3953 
v -288.296 0.364201 82.2929 
v -288.329 0.314644 82.4112 
v -288.217 0.256086 82.6712 
v -288.456 0.473665 82.2506 
v -288.003 0.136975 82.8974 
v -288.446 0.467019 82.2325 
v -288.6 0.622612 82.1235 
v -288.433 0.545468 82.1356 
v -288.584 0.618079 82.1062 
v -288.656 0.685039 82.0009 
v -288.556 0.702624 82.0175 
v -288.633 0.686393 81.9932 
v -288.595 0.802549 81.9125 
v -288.664 0.829697 81.7509 
v -288.688 0.8221 81.7486 
v -288.624 0.931699 81.7314 
v -288.666 1.02564 81.5049 
v -288.659 1.06059 81.6199 
v -288.688 1.01957 81.4954 
v -288.534 1.27218 81.3202 
v -288.554 1.26323 81.2558 
v -288.576 1.26405 81.2439 
v -288.454 1.43022 81.209 
v -288.506 1.42718 81.1464 
v -288.483 1.4232 81.1546 
v -288.423 1.54807 81.141 
v -288.479 1.55357 81.0966 
v -288.455 1.54867 81.1003 
v -288.388 1.68179 81.1262 
v -288.428 1.68269 81.089 
v -288.451 1.68829 81.0886 
v -288.386 1.87059 81.0582 
v -288.346 1.87062 81.0844 
v -288.409 1.87707 81.0581 
v -285.601 0.255689 82.6568 
v -285.616 0.318561 82.6164 
v -285.486 0.306925 82.3953 
v -285.5 0.364201 82.2929 
v -285.467 0.314644 82.4112 
v -285.579 0.256086 82.6712 
v -285.34 0.473665 82.2506 
v -285.793 0.136975 82.8974 
v -285.35 0.467019 82.2325 
v -285.363 0.545468 82.1356 
v -285.196 0.622612 82.1235 
v -285.212 0.618079 82.1062 
v -285.24 0.702624 82.0175 
v -285.14 0.685039 82.0009 
v -285.163 0.686393 81.9932 
v -285.201 0.802549 81.9125 
v -285.132 0.829697 81.7509 
v -285.108 0.8221 81.7486 
v -285.172 0.931699 81.7314 
v -285.13 1.02564 81.5049 
v -285.137 1.06059 81.6199 
v -285.107 1.01957 81.4954 
v -285.262 1.27218 81.3202 
v -285.242 1.26323 81.2558 
v -285.22 1.26405 81.2439 
v -285.342 1.43022 81.209 
v -285.29 1.42718 81.1464 
v -285.313 1.4232 81.1546 
v -285.373 1.54807 81.141 
v -285.317 1.55357 81.0966 
v -285.341 1.54867 81.1003 
v -285.408 1.68179 81.1262 
v -285.368 1.68269 81.089 
v -285.345 1.68829 81.0886 
v -285.41 1.87059 81.0582 
v -285.45 1.87062 81.0844 
v -285.387 1.87707 81.0581 
v -286.79 3.65487 79.8199 
v -286.797 3.65121 79.8116 
v -286.794 3.65894 79.8112 
v -286.8 3.64451 79.8192 
v -286.78 3.64587 79.8314 
v -286.804 3.62955 79.828 
v -286.769 3.63648 79.8417 
v -286.809 3.61391 79.8355 
v -286.761 3.6306 79.8449 
v -286.812 3.60404 79.8369 
v -286.742 3.72353 79.8562 
v -286.751 3.72452 79.8527 
v -286.753 3.85529 79.8708 
v -286.764 3.72668 79.8421 
v -286.761 3.85379 79.868 
v -286.81 3.98576 79.8914 
v -286.777 3.72893 79.8304 
v -286.774 3.85222 79.8588 
v -286.816 3.98232 79.8871 
v -286.921 4.03364 79.8997 
v -286.922 4.03565 79.8949 
v -286.822 3.97841 79.8768 
v -286.922 4.04144 79.8881 
v -286.829 3.97513 79.8658 
v -286.922 4.04778 79.8818 
v -286.922 4.05236 79.8794 
v -286.786 3.85097 79.8487 
v -286.831 3.97468 79.8586 
v -286.922 4.05029 79.8841 
v -286.79 3.85094 79.8411 
v -286.826 3.97805 79.863 
v -286.922 4.04444 79.8908 
v -286.782 3.85242 79.8441 
v -286.782 3.73034 79.8218 
v -286.819 3.98188 79.8734 
v -286.921 4.03816 79.8972 
v -286.813 3.98522 79.8843 
v -286.921 4.03364 79.8997 
v -286.81 3.98576 79.8914 
v -286.753 3.85529 79.8708 
v -286.77 3.85395 79.8533 
v -286.758 3.85523 79.8633 
v -286.742 3.72353 79.8562 
v -286.772 3.72934 79.8255 
v -286.759 3.72718 79.8362 
v -286.747 3.72494 79.8478 
v -286.765 3.63473 79.8364 
v -286.761 3.6306 79.8449 
v -286.812 3.60404 79.8369 
v -286.809 3.61084 79.8295 
v -286.805 3.62585 79.8208 
v -286.775 3.64376 79.825 
v -286.8 3.64138 79.8131 
v -286.786 3.65308 79.8145 
v -288.107 2.21827 81.1319 
v -287.997 2.64247 81.0904 
v -288.016 2.21816 81.1868 
v -288.138 1.85102 81.2825 
v -288.006 1.81577 81.2285 
v -288.136 2.20957 81.0226 
v -288.221 1.86769 81.2202 
v -288.266 1.84952 81.0775 
v -288.252 1.69161 81.3036 
v -288.189 1.66334 81.3569 
v -288.025 2.63063 80.9795 
v -287.958 2.98406 80.9551 
v -288.058 1.57122 81.3321 
v -288.034 2.99024 80.9546 
v -288.012 3.21044 80.9416 
v -288.017 3.21044 80.9394 
v -288.021 3.38875 80.8972 
v -288.039 2.99096 80.9534 
v -288.106 2.63905 80.9817 
v -288.111 2.64021 80.9808 
v -288.225 2.22428 81.0279 
v -288.23 2.2258 81.0272 
v -288.343 1.8687 81.0794 
v -288.348 1.8701 81.0793 
v -288.389 1.68136 81.121 
v -288.384 1.68022 81.1211 
v -288.31 1.65401 81.1157 
v -288.418 1.54586 81.1369 
v -288.424 1.54672 81.136 
v -288.342 1.50929 81.135 
v -288.449 1.42685 81.2062 
v -288.454 1.42739 81.2044 
v -288.276 1.53853 81.3502 
v -288.382 1.38934 81.2183 
v -288.529 1.26865 81.3191 
v -288.534 1.26837 81.3165 
v -288.658 1.0568 81.6165 
v -288.236 1.49616 81.4084 
v -288.308 1.40409 81.4063 
v -288.48 1.23694 81.3553 
v -288.653 1.05854 81.6185 
v -288.618 0.929775 81.7293 
v -288.624 0.927804 81.7281 
v -288.609 1.03077 81.7025 
v -288.596 0.798212 81.9097 
v -288.445 1.22612 81.5022 
v -288.571 0.908666 81.8415 
v -288.59 0.798944 81.9093 
v -288.559 0.698579 82.0161 
v -288.251 1.32742 81.504 
v -288.334 1.13394 81.6347 
v -288.528 0.803099 81.97 
v -288.555 0.697969 82.0132 
v -288.437 0.542124 82.1359 
v -288.101 1.38638 81.3687 
v -288.144 1.16312 81.5611 
v -288.261 0.948866 81.7526 
v -288.422 0.626873 82.0904 
v -288.435 0.540748 82.1318 
v -288.298 0.35893 82.2895 
v -288.301 0.360413 82.293 
v -288.262 0.431784 82.241 
v -288.078 0.733132 81.9406 
v -288.177 0.314144 82.6133 
v -288.182 0.314206 82.6162 
v -287.969 0.188696 82.8302 
v -288.151 0.397636 82.5088 
v -288.004 0.740528 82.1728 
v -287.981 1.00337 81.7153 
v -287.966 1.03086 81.9687 
v -287.815 0.59192 82.4274 
v -287.918 1.25011 81.5098 
v -287.894 1.27455 81.7781 
v -287.747 0.888095 82.212 
v -287.699 1.18343 82.0124 
v -287.883 1.50845 81.4602 
v -287.842 1.52053 81.6339 
v -287.636 1.49871 81.7791 
v -287.83 1.80264 81.3185 
v -287.765 1.81427 81.4532 
v -287.671 2.24001 81.3492 
v -287.733 2.22174 81.2369 
v -287.605 2.66912 81.256 
v -287.565 1.83417 81.5678 
v -287.513 2.25594 81.4239 
v -287.469 2.66836 81.3184 
v -287.35 2.65768 81.2552 
v -287.4 2.23611 81.4017 
v -287.451 1.81154 81.5792 
v -287.494 1.44275 81.7517 
v -287.192 1.8165 81.7374 
v -287.51 1.09232 81.9297 
v -287.24 1.47265 81.8999 
v -287.249 1.10806 82.1026 
v -287.567 0.769154 82.1661 
v -287.276 0.77079 82.3929 
v -287.611 0.42269 82.4811 
v -287.952 0.248822 82.7709 
v -287.966 0.188696 82.8258 
v -287.773 0.0663757 82.9014 
v -287.759 0.100121 82.8561 
v -287.771 0.0652671 82.8966 
v -287.443 0.11971 83.0537 
v -287.445 0.121462 83.0583 
v -287.433 0.149229 83.0207 
v -287.325 0.425293 82.7317 
v -287.056 0.792922 82.4836 
v -287.074 0.439756 82.8341 
v -287.146 0.138958 83.1146 
v -287.154 0.117739 83.1458 
v -287.155 0.119679 83.1507 
v -286.898 0.117178 83.1491 
v -286.898 0.0959305 83.1827 
v -286.898 0.0978636 83.1877 
v -286.641 0.119679 83.1507 
v -286.642 0.117739 83.1458 
v -286.351 0.121462 83.0583 
v -286.898 0.439792 82.86 
v -286.65 0.138958 83.1146 
v -286.353 0.11971 83.0537 
v -286.023 0.0663757 82.9014 
v -286.722 0.439756 82.8341 
v -286.363 0.149229 83.0207 
v -286.025 0.0652671 82.8966 
v -285.83 0.188696 82.8258 
v -285.827 0.188696 82.8302 
v -286.037 0.100121 82.8561 
v -285.619 0.314144 82.6133 
v -285.614 0.314206 82.6162 
v -285.844 0.248822 82.7709 
v -285.495 0.360413 82.293 
v -286.184 0.42269 82.4811 
v -286.471 0.425293 82.7317 
v -286.74 0.792922 82.4836 
v -286.52 0.77079 82.3929 
v -286.898 0.813254 82.5207 
v -287.041 1.13428 82.1812 
v -287.047 1.47606 81.9756 
v -286.898 1.14244 82.2324 
v -286.755 1.13428 82.1812 
v -286.547 1.10806 82.1026 
v -286.749 1.47606 81.9756 
v -286.898 1.48507 82.0259 
v -287.02 1.82981 81.806 
v -286.556 1.47265 81.8999 
v -287.141 2.24039 81.5388 
v -287.112 2.67008 81.3653 
v -287.31 3.00744 81.1968 
v -287.009 2.24919 81.59 
v -287.101 3.02294 81.2941 
v -286.898 1.84436 81.8457 
v -287.289 3.30474 81.1416 
v -286.99 2.68043 81.4187 
v -286.898 2.26358 81.6273 
v -286.775 1.82981 81.806 
v -286.787 2.24919 81.59 
v -286.898 2.68473 81.4348 
v -286.972 3.02793 81.3335 
v -287.092 3.32157 81.2338 
v -286.823 3.18326 79.8222 
v -286.814 3.18514 79.8228 
v -286.814 3.1863 79.8195 
v -286.809 3.18668 79.8216 
v -286.823 3.18465 79.8184 
v -286.831 3.18163 79.821 
v -286.831 3.1828 79.8178 
v -286.836 3.18128 79.8189 
v -288.642 0.947436 81.7393 
v -288.61 0.815295 81.8996 
v -288.612 1.03808 81.7085 
v -288.459 1.24879 81.5177 
v -288.253 1.34615 81.5316 
v -288.589 0.928649 81.8601 
v -288.335 1.15432 81.6583 
v -288.607 0.824466 81.9218 
v -288.535 0.823014 81.9953 
v -288.559 0.726248 82.0334 
v -288.565 0.710961 82.0389 
v -288.432 0.568169 82.1522 
v -288.434 0.554927 82.1654 
v -288.422 0.64481 82.1155 
v -288.257 0.967772 81.776 
v -288.137 1.181 81.5855 
v -288.301 0.394231 82.3053 
v -288.306 0.377345 82.3176 
v -288.273 0.454506 82.2619 
v -288.097 0.757472 81.9603 
v -288.005 1.02543 81.7344 
v -288.189 0.34615 82.6169 
v -288.197 0.332196 82.6112 
v -287.969 0.20831 82.8293 
v -288.167 0.41987 82.5242 
v -287.965 0.21691 82.8418 
v -288.025 0.759325 82.1872 
v -287.952 0.271113 82.7924 
v -287.773 0.0949367 82.9103 
v -287.778 0.076746 82.9086 
v -287.761 0.123727 82.8771 
v -287.816 0.613132 82.4516 
v -287.614 0.445677 82.5045 
v -287.567 0.790344 82.1929 
v -287.288 0.789906 82.4125 
v -287.746 0.908139 82.2391 
v -287.511 1.11106 81.9588 
v -287.698 1.20299 82.0404 
v -287.992 1.0467 81.9822 
v -287.92 1.2895 81.7915 
v -287.942 1.26731 81.531 
v -287.867 1.53465 81.6486 
v -287.908 1.51962 81.4783 
v -288.101 1.40012 81.3997 
v -288.06 1.58147 81.3635 
v -285.559 1.49616 81.4084 
v -285.488 1.40409 81.4063 
v -285.544 1.32742 81.504 
v -285.52 1.53853 81.3502 
v -285.652 1.16312 81.5611 
v -285.462 1.13394 81.6347 
v -285.535 0.948866 81.7526 
v -285.267 0.803099 81.97 
v -285.374 0.626873 82.0904 
v -285.241 0.697969 82.0132 
v -285.607 1.66334 81.3569 
v -285.544 1.69161 81.3036 
v -285.658 1.85102 81.2825 
v -285.361 0.540748 82.1318 
v -285.359 0.542124 82.1359 
v -285.79 1.81577 81.2285 
v -285.78 2.21816 81.1868 
v -285.915 2.21764 81.1667 
v -285.738 1.57122 81.3321 
v -285.966 1.80264 81.3185 
v -286.063 2.22174 81.2369 
v -285.695 1.38638 81.3687 
v -285.913 1.50845 81.4602 
v -285.878 1.25011 81.5098 
v -285.815 1.00337 81.7153 
v -285.954 1.52053 81.6339 
v -285.718 0.733132 81.9406 
v -285.902 1.27455 81.7781 
v -285.829 1.03086 81.9687 
v -285.534 0.431784 82.241 
v -285.792 0.740528 82.1728 
v -285.498 0.35893 82.2895 
v -285.644 0.397636 82.5088 
v -285.981 0.59192 82.4274 
v -286.229 0.769154 82.1661 
v -286.049 0.888095 82.212 
v -286.286 1.09232 81.9297 
v -286.097 1.18343 82.0124 
v -286.302 1.44275 81.7517 
v -286.16 1.49871 81.7791 
v -286.345 1.81154 81.5792 
v -286.603 1.8165 81.7374 
v -286.031 1.81427 81.4532 
v -286.231 1.83417 81.5678 
v -286.125 2.24001 81.3492 
v -286.191 2.66912 81.256 
v -286.283 2.25594 81.4239 
v -286.396 2.23611 81.4017 
v -286.654 2.24039 81.5388 
v -286.446 2.65768 81.2552 
v -286.684 2.67008 81.3653 
v -286.806 2.68043 81.4187 
v -286.695 3.02294 81.2941 
v -286.486 3.00744 81.1968 
v -286.327 2.66836 81.3184 
v -286.373 3.01408 81.2525 
v -286.507 3.30474 81.1416 
v -286.704 3.32157 81.2338 
v -286.243 3.01233 81.2236 
v -286.19 2.99955 81.1021 
v -286.207 3.25823 81.0771 
v -286.285 3.27416 81.1865 
v -286.304 3.50412 81.129 
v -286.4 3.32316 81.203 
v -286.401 3.52433 81.1557 
v -286.33 3.74014 81.0818 
v -286.269 3.72757 81.0114 
v -286.33 4.0305 80.9799 
v -286.525 3.54271 81.1143 
v -286.709 3.55479 81.1737 
v -286.546 3.75901 81.0724 
v -286.46 3.7549 81.0949 
v -286.4 4.02797 81.0029 
v -286.397 4.07784 80.9226 
v -286.49 4.03116 81.0077 
v -286.544 4.03351 81.0106 
v -286.683 4.03292 81.0227 
v -286.481 4.08083 80.9232 
v -286.633 4.07739 80.928 
v -286.846 4.07922 80.9496 
v -286.829 4.07632 80.9204 
v -286.607 4.07655 80.8808 
v -286.41 4.07845 80.8025 
v -286.614 4.07533 80.8571 
v -286.673 4.06686 80.7679 
v -286.509 4.06627 80.6318 
v -286.428 4.07337 80.6346 
v -286.498 4.06934 80.4194 
v -286.348 4.08101 80.7881 
v -286.313 4.07748 80.6116 
v -286.407 4.07267 80.4086 
v -286.222 4.09903 80.6043 
v -286.293 4.07524 80.407 
v -286.014 3.72828 81.028 
v -286.045 3.49365 81.0612 
v -286.078 3.73197 81.0342 
v -286.148 3.48756 81.0483 
v -286.053 4.02782 80.9505 
v -285.956 3.48086 81.0446 
v -286.178 3.73028 81.0282 
v -286.115 3.2637 81.0991 
v -286.15 4.01825 80.9677 
v -286.142 4.08212 80.8981 
v -286.229 4.0223 80.9594 
v -286.239 3.48855 81.0283 
v -286.948 3.31796 79.8469 
v -286.944 3.31653 79.8481 
v -286.945 3.3168 79.851 
v -286.936 3.31413 79.8527 
v -286.938 3.31445 79.8561 
v -286.929 3.31177 79.8577 
v -286.931 3.31204 79.8606 
v -286.926 3.3106 79.8617 
v -285.799 2.64247 81.0904 
v -285.689 2.21827 81.1319 
v -285.66 2.20957 81.0226 
v -285.53 1.84952 81.0775 
v -285.571 2.22428 81.0279 
v -285.453 1.8687 81.0794 
v -285.566 2.2258 81.0272 
v -285.448 1.8701 81.0793 
v -285.407 1.68136 81.121 
v -285.412 1.68022 81.1211 
v -285.575 1.86769 81.2202 
v -285.485 1.65401 81.1157 
v -285.377 1.54586 81.1369 
v -285.372 1.54672 81.136 
v -285.454 1.50929 81.135 
v -285.346 1.42685 81.2062 
v -285.341 1.42739 81.2044 
v -285.267 1.26865 81.3191 
v -285.262 1.26837 81.3165 
v -285.138 1.0568 81.6165 
v -285.414 1.38934 81.2183 
v -285.143 1.05854 81.6185 
v -285.177 0.929775 81.7293 
v -285.172 0.927804 81.7281 
v -285.2 0.798212 81.9097 
v -285.316 1.23694 81.3553 
v -285.187 1.03077 81.7025 
v -285.206 0.798944 81.9093 
v -285.237 0.698579 82.0161 
v -285.225 0.908666 81.8415 
v -285.351 1.22612 81.5022 
v -287.396 3.32316 81.203 
v -287.423 3.01408 81.2525 
v -287.511 3.27416 81.1865 
v -287.553 3.01233 81.2236 
v -287.589 3.25823 81.0771 
v -287.606 2.99955 81.1021 
v -287.681 3.2637 81.0991 
v -287.648 3.48756 81.0483 
v -287.751 3.49365 81.0612 
v -287.783 3.26477 81.0797 
v -287.72 3.00358 81.1136 
v -287.662 2.64789 81.1409 
v -287.81 3.00333 81.1003 
v -287.783 2.652 81.1384 
v -287.891 3.24471 81.044 
v -287.839 3.48086 81.0446 
v -287.922 3.45522 80.9633 
v -287.924 2.99505 81.0695 
v -287.888 2.65236 81.1289 
v -287.881 2.21764 81.1667 
v -287.938 3.2222 80.9595 
v -288.017 3.39039 80.9001 
v -288.025 3.47971 80.8225 
v -288.029 3.47694 80.8199 
v -288.009 3.56098 80.7043 
v -288.013 3.55769 80.7024 
v -288.018 3.61093 80.5922 
v -288.021 3.6073 80.5909 
v -288.011 3.65608 80.4536 
v -288.015 3.6523 80.4524 
v -288.025 3.70719 80.3192 
v -288.029 3.70349 80.3175 
v -288.011 3.77436 80.1929 
v -288.014 3.77061 80.1906 
v -287.969 3.81314 80.0618 
v -287.972 3.80918 80.0598 
v -287.929 3.83318 79.95 
v -287.932 3.82905 79.9478 
v -287.89 3.84977 79.8841 
v -287.89 3.84561 79.8808 
v -287.782 3.89882 79.8412 
v -287.783 3.90287 79.8448 
v -287.621 3.95438 79.8413 
v -287.622 3.95836 79.8448 
v -287.316 3.99764 79.8511 
v -287.315 3.99418 79.8471 
v -287.138 4.02046 79.8804 
v -287.136 4.01798 79.8756 
v -286.96 4.0571 79.9369 
v -286.958 4.057 79.9322 
v -286.898 4.06423 79.9666 
v -286.898 4.06349 79.9713 
v -287.271 3.54271 81.1143 
v -287.087 3.55479 81.1737 
v -286.964 3.33083 81.2807 
v -287.25 3.75901 81.0724 
v -286.898 3.02868 81.34 
v -286.824 3.02793 81.3335 
v -286.963 3.57904 81.2232 
v -286.898 3.33268 81.287 
v -286.832 3.33083 81.2807 
v -287.078 3.77095 81.1177 
v -286.898 3.58183 81.2237 
v -286.833 3.57904 81.2232 
v -286.955 3.79113 81.1503 
v -286.841 3.79113 81.1503 
v -286.718 3.77095 81.1177 
v -286.898 3.79824 81.1698 
v -286.849 4.0215 81.032 
v -286.947 4.0215 81.032 
v -286.898 4.02149 81.0315 
v -287.113 4.03292 81.0227 
v -286.95 4.07922 80.9496 
v -286.898 4.07444 80.944 
v -287.252 4.03351 81.0106 
v -287.306 4.03116 81.0077 
v -287.163 4.07739 80.928 
v -286.898 4.07139 80.9128 
v -287.315 4.08083 80.9232 
v -287.399 4.07784 80.9226 
v -286.967 4.07632 80.9204 
v -287.189 4.07655 80.8808 
v -286.013 3.26477 81.0797 
v -286.076 3.00358 81.1136 
v -285.905 3.24471 81.044 
v -285.986 3.00333 81.1003 
v -285.874 3.45522 80.9633 
v -286.013 2.652 81.1384 
v -286.134 2.64789 81.1409 
v -285.908 2.65236 81.1289 
v -285.872 2.99505 81.0695 
v -285.858 3.2222 80.9595 
v -285.838 2.98406 80.9551 
v -285.784 3.21044 80.9416 
v -285.771 2.63063 80.9795 
v -285.761 2.99024 80.9546 
v -285.779 3.21044 80.9394 
v -285.756 2.99096 80.9534 
v -285.775 3.38875 80.8972 
v -285.69 2.63905 80.9817 
v -285.685 2.64021 80.9808 
v -285.779 3.39039 80.9001 
v -285.771 3.47971 80.8225 
v -285.767 3.47694 80.8199 
v -285.787 3.56098 80.7043 
v -285.783 3.55769 80.7024 
v -285.778 3.61093 80.5922 
v -285.774 3.6073 80.5909 
v -285.784 3.65608 80.4536 
v -285.781 3.6523 80.4524 
v -285.77 3.70719 80.3192 
v -285.767 3.70349 80.3175 
v -285.785 3.77436 80.1929 
v -285.782 3.77061 80.1906 
v -285.827 3.81314 80.0618 
v -285.824 3.80918 80.0598 
v -285.867 3.83318 79.95 
v -285.864 3.82905 79.9478 
v -285.906 3.84977 79.8841 
v -285.906 3.84561 79.8808 
v -286.014 3.89882 79.8412 
v -286.013 3.90287 79.8448 
v -286.175 3.95438 79.8413 
v -286.174 3.95836 79.8448 
v -286.48 3.99764 79.8511 
v -286.481 3.99418 79.8471 
v -286.658 4.02046 79.8804 
v -286.66 4.01798 79.8756 
v -286.836 4.0571 79.9369 
v -286.838 4.057 79.9322 
v -286.898 4.06423 79.9666 
v -286.898 4.06349 79.9713 
v -287.654 4.08212 80.8981 
v -287.608 4.08842 80.7724 
v -287.576 4.08755 80.8829 
v -287.567 4.0223 80.9594 
v -287.855 4.05586 80.7073 
v -287.816 4.09178 80.5237 
v -287.764 4.09186 80.7281 
v -287.747 4.09377 80.5557 
v -287.888 4.04031 80.5167 
v -287.574 4.09903 80.6043 
v -287.514 4.07545 80.7821 
v -287.485 4.07617 80.8935 
v -287.448 4.08101 80.7881 
v -287.466 4.0305 80.9799 
v -287.527 3.72757 81.0114 
v -287.618 3.73028 81.0282 
v -287.557 3.48855 81.0283 
v -287.491 3.50412 81.129 
v -287.466 3.74014 81.0818 
v -287.396 4.02797 81.0029 
v -287.395 3.52433 81.1557 
v -287.336 3.7549 81.0949 
v -286.905 4.0448 79.896 
v -286.86 3.91836 79.8446 
v -286.863 3.91631 79.8509 
v -286.913 4.04056 79.8963 
v -286.901 4.04758 79.8944 
v -286.906 4.04586 79.8928 
v -286.871 3.91246 79.8599 
v -286.921 4.03655 79.896 
v -286.834 3.78439 79.8213 
v -286.866 3.91623 79.8476 
v -286.914 4.04182 79.8925 
v -286.838 3.7827 79.8291 
v -286.842 3.78251 79.8248 
v -286.875 3.91237 79.8558 
v -286.922 4.0376 79.8928 
v -286.809 3.6851 79.8135 
v -286.853 3.77922 79.8347 
v -286.883 3.90853 79.8647 
v -286.926 4.03485 79.8944 
v -286.886 3.90648 79.8709 
v -286.864 3.77596 79.8453 
v -286.868 3.77426 79.853 
v -286.818 3.68173 79.8155 
v -286.832 3.67615 79.8238 
v -286.846 3.67069 79.8331 
v -286.851 3.66805 79.8406 
v -286.809 3.61084 79.8295 
v -286.812 3.60404 79.8369 
v -286.805 3.62585 79.8208 
v -286.8 3.64138 79.8131 
v -286.797 3.65121 79.8116 
v -286.815 3.68248 79.8211 
v -286.8 3.64451 79.8192 
v -286.849 3.77944 79.8398 
v -286.828 3.67703 79.8305 
v -286.804 3.62955 79.828 
v -286.88 3.9086 79.868 
v -286.926 4.03485 79.8944 
v -286.886 3.90648 79.8709 
v -286.86 3.77614 79.8496 
v -286.868 3.77426 79.853 
v -286.842 3.67142 79.8387 
v -286.809 3.61391 79.8355 
v -286.851 3.66805 79.8406 
v -286.812 3.60404 79.8369 
v -287.718 3.73197 81.0342 
v -287.782 3.72828 81.028 
v -287.743 4.02782 80.9505 
v -287.869 3.73762 80.975 
v -287.845 4.01614 80.9144 
v -287.646 4.01825 80.9677 
v -287.903 3.9568 80.852 
v -287.747 4.08028 80.8593 
v -287.842 4.05332 80.8289 
v -287.673 4.09466 80.7883 
v -287.906 3.99243 80.7501 
v -285.757 2.99127 80.9589 
v -285.744 3.18773 80.8936 
v -285.721 2.98268 80.9186 
v -285.779 3.21138 80.9447 
v -285.685 2.6405 80.9861 
v -285.721 3.18566 80.8855 
v -285.74 3.29984 80.8238 
v -285.698 2.98549 80.9141 
v -285.76 3.30798 80.8352 
v -285.773 3.39103 80.9016 
v -285.739 3.37333 80.7627 
v -285.65 2.63091 80.9438 
v -285.626 2.63637 80.9402 
v -285.567 2.22617 81.0323 
v -285.757 3.38552 80.7741 
v -285.764 3.48051 80.8229 
v -285.769 3.46232 80.6598 
v -285.752 3.44817 80.6506 
v -285.78 3.56183 80.7047 
v -285.53 2.21408 80.9881 
v -285.45 1.87062 81.0844 
v -285.507 2.22097 80.9857 
v -285.41 1.87059 81.0582 
v -285.387 1.87707 81.0581 
v -285.767 3.51743 80.5616 
v -285.772 3.61165 80.5925 
v -285.749 3.50202 80.5538 
v -285.776 3.57254 80.433 
v -288.017 3.21138 80.9447 
v -288.039 2.99127 80.9589 
v -288.052 3.18773 80.8936 
v -288.074 2.98268 80.9186 
v -288.111 2.6405 80.9861 
v -288.036 3.30798 80.8352 
v -288.023 3.39103 80.9016 
v -288.075 3.18566 80.8855 
v -288.056 3.29984 80.8238 
v -288.098 2.98549 80.9141 
v -288.057 3.37333 80.7627 
v -288.038 3.38552 80.7741 
v -288.032 3.48051 80.8229 
v -288.146 2.63091 80.9438 
v -288.17 2.63637 80.9402 
v -288.229 2.22617 81.0323 
v -288.027 3.46232 80.6598 
v -288.015 3.56183 80.7047 
v -288.044 3.44817 80.6506 
v -288.265 2.21408 80.9881 
v -288.346 1.87062 81.0844 
v -288.289 2.22097 80.9857 
v -288.386 1.87059 81.0582 
v -288.409 1.87707 81.0581 
v -288.029 3.51743 80.5616 
v -288.047 3.50202 80.5538 
v -288.024 3.61165 80.5925 
v -288.02 3.57254 80.433 
v -286.903 3.44599 79.8571 
v -286.926 3.3106 79.8617 
v -286.896 3.44537 79.8612 
v -286.929 3.31177 79.8577 
v -286.931 3.31204 79.8606 
v -286.912 3.44667 79.8468 
v -286.938 3.31445 79.8561 
v -286.945 3.3168 79.851 
v -286.902 3.5252 79.8586 
v -286.92 3.44722 79.8358 
v -286.948 3.31796 79.8469 
v -286.922 3.44726 79.8284 
v -286.911 3.52542 79.8473 
v -286.919 3.52576 79.8353 
v -286.921 3.52618 79.8273 
v -286.935 3.58581 79.8407 
v -286.93 3.58537 79.8474 
v -286.949 3.64622 79.8597 
v -286.908 3.58609 79.8644 
v -286.919 3.58559 79.8564 
v -286.916 3.64858 79.8741 
v -286.929 3.64726 79.87 
v -286.942 3.64622 79.8648 
v -286.953 3.71467 79.8807 
v -286.961 3.71425 79.8767 
v -286.938 3.71621 79.8833 
v -286.962 3.78716 79.89 
v -286.971 3.78658 79.8867 
v -286.947 3.78857 79.8913 
v -286.967 3.86328 79.8921 
v -286.975 3.86346 79.8891 
v -286.963 3.94967 79.8884 
v -286.952 3.86298 79.8927 
v -286.943 3.94487 79.8913 
v -286.956 3.94795 79.8909 
v -286.916 4.05338 79.8942 
v -286.912 4.05097 79.8958 
v -286.904 4.04679 79.896 
v -286.896 4.04268 79.8954 
v -286.93 3.9418 79.8907 
v -286.831 3.18163 79.821 
v -286.863 3.32488 79.8468 
v -286.86 3.3239 79.8532 
v -286.864 3.40757 79.8596 
v -286.853 3.32299 79.8629 
v -286.823 3.18326 79.8222 
v -286.864 3.40795 79.8524 
v -286.845 3.32231 79.8719 
v -286.861 3.47359 79.8589 
v -286.861 3.47351 79.8518 
v -286.814 3.18514 79.8228 
v -286.859 3.54677 79.8538 
v -286.861 3.40702 79.8718 
v -286.859 3.47348 79.8709 
v -286.858 3.5465 79.8607 
v -286.856 3.63382 79.8621 
v -286.852 3.54574 79.8716 
v -286.855 3.47331 79.8826 
v -286.846 3.54491 79.882 
v -286.834 3.63062 79.884 
v -286.84 3.54433 79.8866 
v -286.857 3.4065 79.8837 
v -286.851 3.47308 79.8884 
v -286.853 3.40631 79.8895 
v -286.839 3.32243 79.8755 
v -286.809 3.18668 79.8216 
v -286.853 3.40669 79.8823 
v -286.842 3.32338 79.8691 
v -286.814 3.1863 79.8195 
v -286.823 3.18465 79.8184 
v -286.85 3.47301 79.8813 
v -286.856 3.40724 79.8702 
v -286.849 3.32427 79.8596 
v -286.831 3.1828 79.8178 
v -286.857 3.32497 79.8505 
v -286.836 3.18128 79.8189 
v -286.863 3.32488 79.8468 
v -286.86 3.40775 79.8583 
v -286.864 3.40795 79.8524 
v -286.853 3.47313 79.8694 
v -286.857 3.47329 79.8576 
v -286.861 3.47351 79.8518 
v -286.842 3.54461 79.8797 
v -286.847 3.54537 79.8689 
v -286.853 3.54619 79.8585 
v -286.859 3.54677 79.8538 
v -286.827 3.62987 79.8865 
v -286.831 3.63051 79.8805 
v -286.84 3.63178 79.8723 
v -286.849 3.63307 79.8647 
v -286.856 3.63382 79.8621 
v -286.814 3.72693 79.8855 
v -286.82 3.72747 79.8811 
v -286.831 3.7284 79.8766 
v -286.843 3.72931 79.8728 
v -286.85 3.72977 79.8727 
v -286.847 3.8292 79.8806 
v -286.84 3.82976 79.8791 
v -286.864 3.93087 79.8857 
v -286.828 3.83064 79.8799 
v -286.859 3.93306 79.8838 
v -286.93 4.03928 79.8938 
v -286.927 4.0427 79.8922 
v -286.849 3.93694 79.8834 
v -286.92 4.04882 79.8919 
v -286.913 4.0549 79.8922 
v -286.817 3.83149 79.8815 
v -286.839 3.94079 79.8837 
v -286.91 4.05811 79.8939 
v -286.811 3.83188 79.8843 
v -286.834 3.94281 79.8857 
v -286.913 4.05469 79.8956 
v -286.839 3.94063 79.8877 
v -286.817 3.83132 79.8859 
v -286.849 3.93674 79.8882 
v -286.92 4.04856 79.896 
v -286.926 4.04248 79.8956 
v -286.821 3.72739 79.8855 
v -286.829 3.83043 79.8852 
v -286.833 3.7283 79.8818 
v -286.859 3.93289 79.8878 
v -286.864 3.93087 79.8857 
v -286.93 4.03928 79.8938 
v -286.841 3.82959 79.8835 
v -286.847 3.8292 79.8806 
v -286.844 3.72923 79.8772 
v -286.85 3.72977 79.8727 
v -286.852 3.63318 79.8683 
v -286.843 3.63192 79.8765 
v -287.123 4.06686 80.7679 
v -287.287 4.06627 80.6318 
v -287.272 4.08023 80.6244 
v -287.298 4.06934 80.4194 
v -287.116 4.08076 80.7526 
v -287.281 4.08363 80.422 
v -286.898 4.06867 80.8083 
v -287.19 4.08135 80.159 
v -286.898 4.08267 80.7921 
v -287.202 4.06576 80.1492 
v -286.898 4.06349 79.9713 
v -286.898 4.08006 79.9809 
v -286.68 4.08076 80.7526 
v -286.673 4.06686 80.7679 
v -286.524 4.08023 80.6244 
v -286.509 4.06627 80.6318 
v -286.498 4.06934 80.4194 
v -286.514 4.08363 80.422 
v -286.606 4.08135 80.159 
v -286.594 4.06576 80.1492 
v -286.898 4.06349 79.9713 
v -286.898 4.08006 79.9809 
v -286.926 3.94828 79.8683 
v -286.921 4.0425 79.8961 
v -286.926 4.04321 79.8944 
v -286.912 4.04121 79.8965 
v -286.921 4.04251 79.8927 
v -286.921 3.94803 79.8673 
v -286.912 4.04122 79.8924 
v -286.918 3.94525 79.88 
v -286.903 4.03993 79.8927 
v -286.916 3.94251 79.893 
v -286.898 4.03922 79.8944 
v -286.917 3.94112 79.9005 
v -286.936 3.84777 79.8803 
v -286.931 3.84871 79.8729 
v -286.953 3.7706 79.8654 
v -286.926 3.85136 79.8579 
v -286.947 3.76964 79.8578 
v -286.972 3.7213 79.8633 
v -286.941 3.76949 79.8423 
v -286.969 3.71694 79.856 
v -286.995 3.70167 79.8647 
v -286.992 3.70706 79.8697 
v -287.016 3.73921 79.8825 
v -287.022 3.73776 79.8785 
v -287.026 3.82727 79.8942 
v -287.002 3.69567 79.8536 
v -287.032 3.82813 79.8898 
v -286.994 3.94046 79.8953 
v -287.031 3.73672 79.8686 
v -287.041 3.82967 79.8793 
v -287 3.94405 79.8931 
v -286.905 4.03839 79.8821 
v -286.907 4.04117 79.8861 
v -287.009 3.9496 79.8857 
v -286.91 4.04767 79.8912 
v -287.048 3.83119 79.8683 
v -287.018 3.95493 79.8777 
v -286.914 4.05446 79.8957 
v -286.921 4.05119 79.9082 
v -286.882 4.02231 79.897 
v -286.882 4.05189 79.9044 
v -286.86 4.02494 79.883 
v -286.86 4.05451 79.8905 
v -286.884 4.00663 79.8807 
v -286.884 4.07197 79.8973 
v -286.922 4.00593 79.8845 
v -286.922 4.07127 79.901 
v -286.946 4.05297 79.8987 
v -286.921 4.02161 79.9007 
v -286.946 4.02339 79.8912 
v -287.021 3.95727 79.8716 
v -286.914 4.05446 79.8957 
v -286.916 4.05892 79.8969 
v -286.493 4.0698 80.1641 
v -286.594 4.06576 80.1492 
v -286.836 4.0571 79.9369 
v -286.898 4.06349 79.9713 
v -286.38 4.07176 80.1555 
v -286.543 4.06215 79.949 
v -286.658 4.02046 79.8804 
v -286.47 4.02032 79.8651 
v -286.48 3.99764 79.8511 
v -286.349 4.06677 79.9684 
v -286.273 4.08293 80.1506 
v -286.174 4.09496 80.4004 
v -286.172 3.99248 79.8497 
v -286.174 3.95836 79.8448 
v -286.152 4.02537 79.8594 
v -286.003 3.97647 79.8559 
v -286.013 3.90287 79.8448 
v -286.127 4.07817 79.9928 
v -285.976 4.02359 79.886 
v -285.918 3.96432 79.8832 
v -285.906 3.84977 79.8841 
v -285.997 4.05547 79.9343 
v -285.869 3.95814 79.9461 
v -285.867 3.83318 79.95 
v -285.89 3.98879 79.9481 
v -285.923 4.02799 79.9514 
v -285.845 3.92349 80.0672 
v -285.827 3.81314 80.0618 
v -285.871 3.99937 80.12 
v -285.973 4.08246 80.1086 
v -285.901 4.04027 80.1497 
v -285.806 3.87386 80.2129 
v -285.785 3.77436 80.1929 
v -286.063 4.09055 80.1152 
v -285.948 4.07405 80.3414 
v -286.024 4.09739 80.3743 
v -286.049 4.09377 80.5557 
v -285.98 4.09178 80.5237 
v -285.906 4.04273 80.3624 
v -285.908 4.04031 80.5167 
v -285.871 4.02066 80.3192 
v -285.848 3.97456 80.4028 
v -285.853 3.98066 80.2883 
v -285.781 3.83484 80.3636 
v -285.77 3.70719 80.3192 
v -285.784 3.65608 80.4536 
v -285.794 3.82064 80.4898 
v -285.834 3.93846 80.5582 
v -285.797 3.77426 80.6413 
v -285.778 3.61093 80.5922 
v -285.797 3.72089 80.7539 
v -285.787 3.56098 80.7043 
v -285.835 3.89678 80.7012 
v -285.894 4.02593 80.6163 
v -285.94 4.05586 80.7073 
v -285.89 3.99243 80.7501 
v -285.84 3.86255 80.8198 
v -286.031 4.09186 80.7281 
v -285.954 4.05332 80.8289 
v -285.893 3.9568 80.852 
v -285.874 3.66829 80.9162 
v -285.783 3.53321 80.8441 
v -285.771 3.47971 80.8225 
v -285.927 3.73762 80.975 
v -285.951 4.01614 80.9144 
v -286.048 4.08028 80.8593 
v -286.123 4.09466 80.7883 
v -286.187 4.08842 80.7724 
v -286.22 4.08755 80.8829 
v -286.282 4.07545 80.7821 
v -286.311 4.07617 80.8935 
v -287.386 4.07845 80.8025 
v -287.182 4.07533 80.8571 
v -286.898 4.06867 80.8083 
v -287.123 4.06686 80.7679 
v -287.287 4.06627 80.6318 
v -287.368 4.07337 80.6346 
v -287.298 4.06934 80.4194 
v -287.483 4.07748 80.6116 
v -287.389 4.07267 80.4086 
v -287.303 4.0698 80.1641 
v -287.202 4.06576 80.1492 
v -287.502 4.07524 80.407 
v -286.96 4.0571 79.9369 
v -286.898 4.06349 79.9713 
v -287.416 4.07176 80.1555 
v -287.253 4.06215 79.949 
v -287.138 4.02046 79.8804 
v -287.621 4.09496 80.4004 
v -287.523 4.08293 80.1506 
v -287.447 4.06677 79.9684 
v -287.326 4.02032 79.8651 
v -287.316 3.99764 79.8511 
v -287.772 4.09739 80.3743 
v -287.733 4.09055 80.1152 
v -287.848 4.07405 80.3414 
v -287.624 3.99248 79.8497 
v -287.622 3.95836 79.8448 
v -287.644 4.02537 79.8594 
v -287.793 3.97647 79.8559 
v -287.783 3.90287 79.8448 
v -287.669 4.07817 79.9928 
v -287.878 3.96432 79.8832 
v -287.89 3.84977 79.8841 
v -287.82 4.02359 79.886 
v -287.799 4.05547 79.9343 
v -287.823 4.08246 80.1086 
v -287.927 3.95814 79.9461 
v -287.929 3.83318 79.95 
v -287.906 3.98879 79.9481 
v -287.873 4.02799 79.9514 
v -287.951 3.92349 80.0672 
v -287.969 3.81314 80.0618 
v -287.895 4.04027 80.1497 
v -287.925 3.99937 80.12 
v -287.99 3.87386 80.2129 
v -288.011 3.77436 80.1929 
v -287.943 3.98066 80.2883 
v -288.015 3.83484 80.3636 
v -288.025 3.70719 80.3192 
v -288.011 3.65608 80.4536 
v -287.925 4.02066 80.3192 
v -287.948 3.97456 80.4028 
v -287.89 4.04273 80.3624 
v -288.002 3.82064 80.4898 
v -287.961 3.93846 80.5582 
v -287.999 3.77426 80.6413 
v -288.018 3.61093 80.5922 
v -287.902 4.02593 80.6163 
v -287.961 3.89678 80.7012 
v -287.999 3.72089 80.7539 
v -288.009 3.56098 80.7043 
v -287.955 3.86255 80.8198 
v -287.922 3.66829 80.9162 
v -288.013 3.53321 80.8441 
v -288.025 3.47971 80.8225 
v -288.036 3.55596 80.4271 
v -288.018 3.65662 80.454 
v -288.032 3.61622 80.3011 
v -288.048 3.5997 80.2937 
v -288.032 3.70764 80.3193 
v -288.033 3.66228 80.1819 
v -288.018 3.67835 80.1931 
v -288.017 3.77485 80.1916 
v -287.976 3.73305 80.0669 
v -287.99 3.71565 80.0571 
v -287.975 3.8136 80.0598 
v -287.936 3.75178 79.9533 
v -287.948 3.73357 79.9431 
v -287.935 3.8334 79.9471 
v -287.886 3.7772 79.8834 
v -287.892 3.75852 79.8678 
v -287.893 3.84966 79.8788 
v -287.776 3.79698 79.8324 
v -287.78 3.81535 79.8488 
v -287.784 3.90276 79.8384 
v -287.628 3.85714 79.8256 
v -287.633 3.87481 79.8419 
v -287.622 3.95875 79.8385 
v -287.332 3.92869 79.8388 
v -287.315 3.99904 79.8449 
v -287.327 3.91212 79.821 
v -287.137 4.02292 79.8745 
v -287.087 3.98039 79.8617 
v -287.08 3.96862 79.8404 
v -286.898 4.02729 79.8888 
v -286.898 4.03114 79.9091 
v -286.959 4.06228 79.9332 
v -286.898 4.06908 79.9684 
v -285.778 3.65662 80.454 
v -285.76 3.55596 80.4271 
v -285.764 3.61622 80.3011 
v -285.748 3.5997 80.2937 
v -285.764 3.70764 80.3193 
v -285.763 3.66228 80.1819 
v -285.778 3.67835 80.1931 
v -285.779 3.77485 80.1916 
v -285.819 3.73305 80.0669 
v -285.805 3.71565 80.0571 
v -285.821 3.8136 80.0598 
v -285.86 3.75178 79.9533 
v -285.848 3.73357 79.9431 
v -285.861 3.8334 79.9471 
v -285.91 3.7772 79.8834 
v -285.904 3.75852 79.8678 
v -285.903 3.84966 79.8788 
v -286.02 3.79698 79.8324 
v -286.016 3.81535 79.8488 
v -286.012 3.90276 79.8384 
v -286.168 3.85714 79.8256 
v -286.163 3.87481 79.8419 
v -286.174 3.95875 79.8385 
v -286.464 3.92869 79.8388 
v -286.48 3.99904 79.8449 
v -286.469 3.91212 79.821 
v -286.659 4.02292 79.8745 
v -286.709 3.98039 79.8617 
v -286.716 3.96862 79.8404 
v -286.898 4.02729 79.8888 
v -286.898 4.03114 79.9091 
v -286.837 4.06228 79.9332 
v -286.898 4.06908 79.9684 
v -287.469 0.123356 83.1263 
v -287.17 0.133699 83.2192 
v -287.156 0.127932 83.1552 
v -286.898 0.111378 83.1939 
v -286.898 0.105511 83.2432 
v -287.449 0.134842 83.0626 
v -287.174 0.115422 83.235 
v -286.898 0.087183 83.2588 
v -287.473 0.104529 83.1419 
v -287.796 0.0779767 82.9735 
v -286.327 0.123356 83.1263 
v -286.64 0.127932 83.1552 
v -286.626 0.133699 83.2192 
v -286.898 0.111378 83.1939 
v -286.898 0.105511 83.2432 
v -286.347 0.134842 83.0626 
v -286.622 0.115422 83.235 
v -286.898 0.087183 83.2588 
v -286.323 0.104529 83.1419 
v -285.999 0.0779767 82.9735 

vn -0.0472441 -0.992126 0.0866142 
vn 0.0551181 -0.992126 0.0787402 
vn 0.0393701 -0.937008 -0.346457 
vn 0 -1 0.0708661 
vn 0 -0.929134 -0.362205 
vn 0 -0.889764 0.448819 
vn -0.11811 -0.889764 0.448819 
vn -0.0866142 -0.905512 0.425197 
vn 0.19685 -0.929134 -0.307087 
vn -0.23622 -0.944882 0.212598 
vn -0.0866142 -0.984252 -0.141732 
vn 0.0551181 -0.874016 -0.488189 
vn -0.188976 -0.905512 -0.385827 
vn 0.173228 -0.692913 -0.700787 
vn -0.0551181 -0.992126 0.0787402 
vn 0.0472441 -0.992126 0.0866142 
vn -0.0393701 -0.937008 -0.346457 
vn 0 -1 0.0708661 
vn 0 -0.929134 -0.362205 
vn 0 -0.889764 0.448819 
vn 0.11811 -0.889764 0.448819 
vn 0.0866142 -0.905512 0.425197 
vn -0.19685 -0.929134 -0.307087 
vn 0.23622 -0.944882 0.212598 
vn 0.0866142 -0.984252 -0.141732 
vn -0.0551181 -0.874016 -0.488189 
vn 0.188976 -0.905512 -0.385827 
vn -0.173228 -0.692913 -0.700787 
vn 0.0472441 1 0 
vn 0.023622 1 -0.015748 
vn 0.0393701 1 -0.00787402 
vn 0 1 -0.0393701 
vn 0.110236 0.992126 -0.0314961 
vn 0.102362 0.992126 -0.00787402 
vn 0.0787402 1 0.00787402 
vn 0.0551181 1 -0.015748 
vn 0.141732 0.84252 -0.519685 
vn 0 0.818898 -0.574803 
vn 0 0.496063 -0.866142 
vn 0.244094 0.543307 -0.80315 
vn 0.181102 0.535433 -0.818898 
vn 0.015748 0.968504 -0.259843 
vn 0.11811 0.653543 -0.748031 
vn 0.228346 0.228346 -0.944882 
vn 0.125984 0.496063 -0.858268 
vn 0.173228 -0.133858 -0.976378 
vn 0.0314961 0.976378 -0.228346 
vn 0.0708661 0.15748 -0.984252 
vn 0.11811 -0.448819 -0.889764 
vn 0.00787402 0.787402 -0.614173 
vn 0.0629921 -0.173228 -0.984252 
vn 0.0787402 -0.559055 -0.826772 
vn -0.023622 0.370079 -0.929134 
vn -0.023622 0.771654 -0.637795 
vn 0.0708661 1 -0.0314961 
vn -0.102362 -0.23622 -0.968504 
vn -0.00787402 0.968504 -0.23622 
vn -0.188976 0.283465 -0.937008 
vn -0.377953 -0.606299 -0.700787 
vn -0.307087 0.692913 -0.653543 
vn -0.19685 0.929134 -0.322835 
vn -0.598425 0.291339 -0.748031 
vn -0.543307 -0.299213 -0.787402 
vn -0.866142 -0.228346 -0.440945 
vn -0.724409 -0.519685 -0.448819 
vn -0.889764 0.275591 -0.354331 
vn -0.76378 0.559055 -0.314961 
vn -0.944882 -0.125984 -0.307087 
vn -0.834646 -0.409449 -0.370079 
vn -0.944882 0.291339 -0.15748 
vn -0.84252 -0.401575 -0.362205 
vn -0.850394 0.519685 -0.0944882 
vn -0.590551 0.748031 -0.307087 
vn -0.944882 0.299213 -0.110236 
vn -0.96063 -0.110236 -0.251969 
vn -0.771654 -0.574803 -0.283465 
vn -0.330709 0.937008 -0.0866142 
vn -0.952756 -0.251969 -0.149606 
vn -0.968504 0.244094 0.015748 
vn -0.944882 -0.322835 -0.0787402 
vn -0.748031 -0.629921 -0.204724 
vn -0.787402 -0.582677 -0.19685 
vn -0.889764 0.464567 -0.0472441 
vn -0.685039 0.724409 -0.0629921 
vn -0.755906 0.661417 0 
vn -0.858268 0.511811 0.0314961 
vn -0.637795 0.771654 0.0314961 
vn -0.393701 0.92126 -0.00787402 
vn -0.669291 0.748031 0.0393701 
vn -0.976378 0.19685 0.0708661 
vn -0.897638 0.433071 0.0708661 
vn -0.755906 0.653543 0.0708661 
vn -0.330709 0.944882 0.023622 
vn -0.929134 0.354331 0.125984 
vn -0.984252 0.165354 0.0708661 
vn -0.96063 0.165354 0.212598 
vn -0.96063 -0.259843 -0.0787402 
vn -0.952756 -0.251969 -0.165354 
vn -0.732283 -0.582677 -0.354331 
vn -0.795276 -0.511811 -0.330709 
vn -0.92126 0.149606 0.370079 
vn -0.811024 0.165354 0.559055 
vn -0.700787 0.141732 0.700787 
vn -0.889764 -0.015748 0.456693 
vn -0.984252 -0.188976 -0.0314961 
vn -0.976378 -0.188976 -0.102362 
vn 0.00787402 0.968504 -0.23622 
vn 0.0551181 1 -0.0708661 
vn 0.338583 0.937008 -0.0866142 
vn 0.393701 0.92126 -0.00787402 
vn -0.0708661 1 -0.0314961 
vn -0.0314961 0.976378 -0.228346 
vn -0.0551181 1 -0.015748 
vn -0.102362 0.992126 -0.00787402 
vn 0.669291 0.740157 0.0393701 
vn 0.637795 0.771654 0.0314961 
vn 0.858268 0.511811 0.0314961 
vn -0.0708661 1 -0.015748 
vn -0.0787402 1 0.00787402 
vn -0.110236 0.992126 -0.0314961 
vn 0.0866142 1 -0.015748 
vn 0.0393701 1 0.00787402 
vn -0.0314961 1 0.015748 
vn 0.330709 0.944882 0.023622 
vn 0 1 0.0551181 
vn 0.0472441 0.96063 0.267717 
vn -0.0472441 1 0.023622 
vn -0.0393701 0.952756 0.291339 
vn 0 0.535433 0.84252 
vn 0.00787402 1 0.0472441 
vn 0.0393701 0.905512 0.417323 
vn 0.0314961 0.511811 0.858268 
vn 0.259843 0.582677 0.771654 
vn 0.212598 0.929134 0.299213 
vn 0.598425 0.543307 0.590551 
vn 0.220472 0.976378 0.0629921 
vn 0.559055 0.795276 0.228346 
vn 0.574803 0.811024 0.0944882 
vn 0.850394 0.377953 0.370079 
vn 0.669291 0.188976 0.716535 
vn 0.811024 0.165354 0.559055 
vn 0.826772 0.543307 0.149606 
vn 0.88189 0.275591 0.377953 
vn 0.96063 0.165354 0.212598 
vn 0.755906 0.653543 0.0708661 
vn 0.929134 0.354331 0.125984 
vn 0.897638 0.433071 0.0708661 
vn 0.984252 0.165354 0.0708661 
vn 0.976378 0.19685 0.0708661 
vn 0.968504 0.23622 0.015748 
vn 0.944882 -0.322835 -0.0787402 
vn 0.952756 -0.251969 -0.149606 
vn 0.96063 -0.259843 -0.0787402 
vn 0.952756 -0.251969 -0.165354 
vn 0.771654 -0.574803 -0.283465 
vn 0.787402 -0.582677 -0.19685 
vn 0.748031 -0.629921 -0.204724 
vn -0.952756 -0.141732 -0.267717 
vn -0.976378 0.19685 0.0551181 
vn -0.968504 0.19685 -0.165354 
vn -0.740157 -0.535433 -0.409449 
vn -0.771654 -0.488189 -0.417323 
vn -0.92126 -0.149606 -0.362205 
vn -0.937008 0.212598 -0.283465 
vn -0.645669 -0.598425 -0.472441 
vn -0.850394 -0.220472 -0.480315 
vn -0.874016 0.204724 -0.433071 
vn -0.559055 -0.23622 -0.795276 
vn -0.314961 -0.614173 -0.724409 
vn -0.582677 0.15748 -0.795276 
vn -0.110236 -0.23622 -0.968504 
vn 0.0551181 -0.559055 -0.826772 
vn -0.173228 0.11811 -0.976378 
vn 0.133858 -0.535433 -0.834646 
vn 0.0393701 -0.173228 -0.984252 
vn -0.0393701 0.204724 -0.976378 
vn 0.0629921 -0.102362 -0.992126 
vn 0.125984 -0.456693 -0.88189 
vn 0 0.330709 -0.944882 
vn 0.244094 -0.259843 -0.937008 
vn 0.149606 0.204724 -0.968504 
vn 0.0314961 0.645669 -0.76378 
vn 0 -0.141732 -0.992126 
vn 0 0.732283 -0.685039 
vn 0 0.551181 -0.834646 
vn 0 0.818898 -0.574803 
vn 0 0.913386 -0.401575 
vn 0.976378 0.19685 0.0551181 
vn 0.952756 -0.141732 -0.267717 
vn 0.968504 0.19685 -0.165354 
vn 0.771654 -0.488189 -0.417323 
vn 0.740157 -0.535433 -0.409449 
vn 0.92126 -0.149606 -0.362205 
vn 0.937008 0.212598 -0.283465 
vn 0.645669 -0.598425 -0.472441 
vn 0.850394 -0.220472 -0.480315 
vn 0.874016 0.204724 -0.433071 
vn 0.559055 -0.23622 -0.795276 
vn 0.314961 -0.614173 -0.724409 
vn 0.582677 0.15748 -0.795276 
vn 0.110236 -0.23622 -0.968504 
vn -0.0551181 -0.559055 -0.826772 
vn 0.173228 0.11811 -0.976378 
vn -0.133858 -0.535433 -0.834646 
vn -0.0393701 -0.173228 -0.984252 
vn 0.0393701 0.204724 -0.976378 
vn -0.0629921 -0.102362 -0.992126 
vn -0.125984 -0.456693 -0.88189 
vn 0 0.330709 -0.944882 
vn -0.244094 -0.259843 -0.937008 
vn -0.15748 0.204724 -0.968504 
vn -0.0314961 0.645669 -0.76378 
vn 0 -0.141732 -0.992126 
vn 0 0.732283 -0.685039 
vn 0 0.551181 -0.834646 
vn 0 0.818898 -0.574803 
vn 0 0.913386 -0.401575 
vn -0.307087 0.472441 -0.826772 
vn 0.125984 -0.0393701 -0.992126 
vn -0.307087 -0.0472441 -0.952756 
vn -0.850394 0.448819 -0.283465 
vn -0.850394 -0.283465 -0.440945 
vn -0.322835 0.92126 -0.212598 
vn -0.322835 -0.755906 -0.574803 
vn 0.23622 0.937008 -0.267717 
vn 0.23622 -0.740157 -0.629921 
vn 0.76378 -0.244094 -0.598425 
vn 0.125984 0.488189 -0.866142 
vn 0.755906 0.480315 -0.440945 
vn -0.0551181 1 -0.0708661 
vn -0.0866142 0.992126 -0.015748 
vn -0.0393701 1 0.00787402 
vn 0.0708661 1 -0.015748 
vn 0.889764 -0.0866142 -0.448819 
vn 0.716535 0.685039 0.102362 
vn 0.645669 0.692913 -0.322835 
vn 0.307087 0.669291 -0.677165 
vn 0.992126 -0.0393701 0.141732 
vn 0.417323 -0.0787402 -0.905512 
vn 0.771654 0.0472441 0.637795 
vn 0 0.669291 -0.740157 
vn 0.535433 0.732283 0.417323 
vn 0.511811 0.133858 0.850394 
vn 0.362205 0.724409 0.582677 
vn 0 -0.0629921 -1 
vn -0.425197 -0.0787402 -0.905512 
vn -0.307087 0.669291 -0.677165 
vn -0.889764 -0.0866142 -0.448819 
vn -0.645669 0.692913 -0.322835 
vn -0.716535 0.685039 0.102362 
vn -0.992126 -0.0393701 0.141732 
vn -0.771654 0.0472441 0.637795 
vn -0.535433 0.732283 0.417323 
vn -0.511811 0.133858 0.850394 
vn -0.362205 0.724409 0.582677 
vn -0.740157 -0.125984 -0.661417 
vn -0.15748 -0.937008 0.314961 
vn -0.795276 -0.385827 0.464567 
vn -0.716535 0.11811 -0.685039 
vn 0.307087 0.0314961 -0.952756 
vn -0.771654 0.511811 -0.385827 
vn -0.661417 0.724409 -0.19685 
vn 0.0393701 0.141732 -0.992126 
vn 0.149606 -0.0629921 -0.984252 
vn 0.598425 0.0314961 -0.795276 
vn 0.448819 -0.110236 -0.889764 
vn 0.220472 -0.23622 -0.944882 
vn 0.551181 0.354331 -0.755906 
vn 0.551181 -0.244094 -0.80315 
vn 0.740157 -0.669291 0 
vn 0.708661 -0.417323 0.566929 
vn 0.748031 0 -0.669291 
vn 0.858268 -0.023622 -0.511811 
vn 0.559055 -0.110236 0.818898 
vn 0.519685 -0.00787402 0.858268 
vn 0.787402 0.409449 -0.464567 
vn 0.354331 -0.015748 0.937008 
vn 0.685039 0.385827 -0.614173 
vn 0.0551181 0.944882 -0.314961 
vn 0 0.102362 0.992126 
vn 0.023622 0.866142 -0.496063 
vn -0.0472441 0.740157 -0.669291 
vn -0.771654 0.637795 -0.0708661 
vn -0.732283 0.637795 -0.251969 
vn -0.456693 -0.598425 -0.653543 
vn -0.669291 0.582677 -0.464567 
vn 0.700787 -0.716535 0.0708661 
vn 0.716535 -0.653543 0.251969 
vn 0.165354 -0.409449 -0.897638 
vn 0.944882 -0.314961 0.0787402 
vn 0.338583 -0.015748 -0.937008 
vn 0.251969 0.204724 -0.944882 
vn 0.992126 -0.0866142 -0.00787402 
vn -0.275591 0.291339 -0.913386 
vn -0.92126 0.173228 -0.354331 
vn -0.834646 0.314961 -0.456693 
vn -0.913386 0.314961 -0.267717 
vn -0.968504 0.173228 -0.165354 
vn -0.952756 0.299213 -0.0787402 
vn -0.244094 -0.0393701 0.968504 
vn -0.984252 0.173228 0.0314961 
vn -0.181102 -0.15748 0.968504 
vn 0.299213 -0.149606 0.944882 
vn -0.850394 0.110236 0.519685 
vn 0.708661 -0.0866142 0.700787 
vn -0.944882 0.0551181 0.330709 
vn -0.582677 0.0787402 0.811024 
vn -0.992126 0.00787402 -0.125984 
vn -0.944882 -0.204724 -0.251969 
vn -0.330709 -0.448819 -0.826772 
vn -0.889764 -0.330709 -0.314961 
vn -0.480315 -0.110236 -0.866142 
vn -0.228346 -0.724409 -0.645669 
vn -0.984252 0.149606 0.0314961 
vn -0.102362 -0.866142 -0.488189 
vn -0.606299 0.0393701 -0.795276 
vn -0.88189 -0.401575 -0.244094 
vn -0.669291 0.0944882 -0.740157 
vn -0.866142 -0.472441 -0.165354 
vn -0.96063 0.244094 0.11811 
vn -0.149606 -0.92126 -0.354331 
vn -0.708661 0.133858 -0.692913 
vn -0.850394 -0.496063 -0.149606 
vn -0.937008 0.307087 0.173228 
vn -0.771654 0.0944882 -0.629921 
vn -0.929134 0.299213 0.23622 
vn -0.0551181 -0.944882 -0.330709 
vn -0.834646 -0.503937 -0.228346 
vn -0.102362 -0.905512 -0.409449 
vn 0.944882 -0.204724 -0.251969 
vn 0.992126 0.00787402 -0.125984 
vn 0.330709 -0.448819 -0.826772 
vn 0.889764 -0.330709 -0.314961 
vn 0.480315 -0.110236 -0.866142 
vn 0.228346 -0.724409 -0.645669 
vn 0.984252 0.149606 0.0314961 
vn 0.102362 -0.866142 -0.488189 
vn 0.606299 0.0393701 -0.795276 
vn 0.88189 -0.401575 -0.244094 
vn 0.669291 0.0944882 -0.740157 
vn 0.866142 -0.472441 -0.165354 
vn 0.96063 0.244094 0.11811 
vn 0.149606 -0.92126 -0.354331 
vn 0.708661 0.133858 -0.692913 
vn 0.850394 -0.496063 -0.149606 
vn 0.937008 0.307087 0.173228 
vn 0.771654 0.0944882 -0.629921 
vn 0.92126 0.299213 0.23622 
vn 0.0551181 -0.944882 -0.330709 
vn 0.834646 -0.503937 -0.228346 
vn 0.0944882 -0.905512 -0.409449 
vn -0.937008 0.125984 0.330709 
vn -0.574803 0.149606 0.80315 
vn -0.755906 0.181102 0.622047 
vn -0.866142 0.173228 0.472441 
vn -0.551181 0.204724 0.811024 
vn -0.992126 0.0314961 0.0866142 
vn -0.92126 0.165354 0.362205 
vn -0.984252 0.0393701 -0.15748 
vn -0.992126 0.149606 0.00787402 
vn -0.944882 -0.15748 -0.283465 
vn -0.968504 0.244094 0.0944882 
vn -1 -0.0551181 -0.0551181 
vn -0.968504 0.19685 0.141732 
vn -0.889764 -0.322835 -0.322835 
vn -0.992126 -0.0944882 -0.102362 
vn -0.866142 -0.409449 -0.283465 
vn -0.968504 0.212598 0.0944882 
vn -0.850394 -0.456693 -0.244094 
vn -0.992126 -0.11811 -0.0787402 
vn -0.976378 0.212598 0.0866142 
vn -0.984252 -0.15748 -0.0551181 
vn -0.84252 -0.503937 -0.181102 
vn -0.976378 0.204724 0.0944882 
vn -0.976378 -0.19685 -0.0866142 
vn -0.818898 -0.519685 -0.23622 
vn 0.755906 0.181102 0.622047 
vn 0.574803 0.149606 0.80315 
vn 0.937008 0.125984 0.330709 
vn 0.866142 0.173228 0.472441 
vn 0.551181 0.204724 0.811024 
vn 0.992126 0.0314961 0.0866142 
vn 0.92126 0.165354 0.362205 
vn 0.984252 0.0393701 -0.15748 
vn 0.992126 0.149606 0.00787402 
vn 0.944882 -0.15748 -0.283465 
vn 0.968504 0.244094 0.0944882 
vn 1 -0.0551181 -0.0551181 
vn 0.968504 0.19685 0.141732 
vn 0.889764 -0.322835 -0.322835 
vn 0.992126 -0.0944882 -0.102362 
vn 0.866142 -0.409449 -0.283465 
vn 0.968504 0.212598 0.0944882 
vn 0.850394 -0.456693 -0.244094 
vn 0.992126 -0.11811 -0.0787402 
vn 0.976378 0.212598 0.0866142 
vn 0.984252 -0.15748 -0.0551181 
vn 0.84252 -0.503937 -0.181102 
vn 0.976378 0.204724 0.0944882 
vn 0.976378 -0.19685 -0.0866142 
vn 0.818898 -0.519685 -0.23622 
vn -0.740157 -0.338583 0.574803 
vn -0.661417 0.0393701 -0.748031 
vn -0.80315 -0.417323 0.425197 
vn -0.0708661 0.669291 0.740157 
vn 0 0.393701 0.92126 
vn 0 0.692913 0.724409 
vn -0.204724 0.362205 0.905512 
vn 0 0.259843 0.968504 
vn -0.0944882 0.645669 0.76378 
vn 0.204724 0.362205 0.905512 
vn 0.0393701 0.968504 0.244094 
vn 0.0708661 0.669291 0.740157 
vn 0 0.976378 0.212598 
vn -0.0393701 0.968504 0.244094 
vn 0.0944882 0.645669 0.76378 
vn 0 1 -0.0629921 
vn 0.0314961 1 -0.0629921 
vn -0.0314961 1 -0.0629921 
vn 0 0.976378 0.220472 
vn -0.0314961 0.622047 0.779528 
vn -0.0314961 0.23622 0.968504 
vn -0.023622 0.606299 0.795276 
vn -0.015748 0.968504 0.244094 
vn -0.0708661 0.952756 0.299213 
vn 0.0393701 1 -0.023622 
vn 0.015748 1 -0.0393701 
vn 0.0314961 1 0.015748 
vn 0 1 -0.0551181 
vn 0.0393701 1 -0.0708661 
vn -0.0393701 1 -0.0708661 
vn 0.0314961 1 -0.0551181 
vn 0.0629921 1 -0.0393701 
vn 0.0393701 1 -0.023622 
vn 0.716535 0.00787402 0.700787 
vn 0.346457 0.889764 -0.307087 
vn 0.606299 0.566929 0.559055 
vn 0.984252 -0.181102 -0.0393701 
vn 0.181102 0 0.984252 
vn 1 0.00787402 0.00787402 
vn 0.141732 -0.0393701 0.992126 
vn 0.165354 -0.00787402 -0.984252 
vn 0.952756 -0.299213 -0.0472441 
vn 0.165354 0.00787402 -0.984252 
vn 0.181102 0 -0.984252 
vn 0 0.0314961 -1 
vn 0 0.0629921 -1 
vn -0.165354 0.133858 -0.976378 
vn 0.00787402 0.00787402 -1 
vn -0.181102 0.0787402 -0.976378 
vn -0.913386 0.409449 -0.015748 
vn -0.96063 0.275591 -0.015748 
vn -0.181102 0.015748 -0.984252 
vn -1 0.0393701 -0.00787402 
vn -0.992126 -0.0944882 -0.0314961 
vn -0.133858 0.0629921 -0.992126 
vn -0.984252 -0.125984 -0.133858 
vn 0.0472441 0.0708661 -1 
vn -0.0393701 0.165354 -0.984252 
vn -0.937008 -0.0866142 -0.338583 
vn 0.228346 0.0708661 -0.968504 
vn 0.141732 0.15748 -0.976378 
vn 0.141732 0.259843 -0.952756 
vn -0.779528 -0.015748 -0.622047 
vn 0.992126 0.0866142 0.0708661 
vn 0.322835 0.149606 -0.937008 
vn 0.984252 0.0866142 0.165354 
vn 0.0472441 -0.11811 0.992126 
vn 0.937008 0.0629921 0.338583 
vn 0.496063 0.19685 -0.84252 
vn 0.818898 0.0393701 0.574803 
vn 0.330709 0.23622 -0.913386 
vn 0.716535 0.181102 -0.669291 
vn 0.677165 -0.00787402 0.732283 
vn 0.574803 0.23622 -0.779528 
vn 0.417323 0.283465 -0.866142 
vn -0.566929 0.015748 -0.818898 
vn 0.858268 0.0708661 -0.503937 
vn 0.850394 -0.102362 -0.519685 
vn 0.622047 0.11811 -0.771654 
vn -0.606299 0.015748 -0.795276 
vn 0.755906 0.0944882 -0.645669 
vn 0.740157 -0.110236 -0.661417 
vn 0.283465 -0.787402 -0.543307 
vn 0.606299 -0.110236 -0.787402 
vn 0.204724 -0.755906 -0.622047 
vn -0.740157 -0.401575 -0.543307 
vn 0.976378 -0.188976 -0.102362 
vn 0.84252 0.0787402 0.535433 
vn 1 0.023622 -0.0393701 
vn 0.669291 0.133858 0.732283 
vn 0.629921 0.173228 0.755906 
vn 0.661417 0.173228 0.732283 
vn 0.889764 -0.015748 0.456693 
vn 0.984252 -0.188976 -0.0314961 
vn 0.795276 -0.511811 -0.330709 
vn 0.700787 0.141732 0.700787 
vn 0.732283 -0.582677 -0.354331 
vn 0.92126 0.149606 0.370079 
vn 0.606299 0.133858 0.779528 
vn 0.480315 0.11811 0.874016 
vn 0.19685 0.110236 0.976378 
vn 0.0944882 0.110236 0.992126 
vn -0.0472441 0.11811 0.992126 
vn 0.338583 0.188976 0.92126 
vn -0.125984 0.11811 0.984252 
vn 0.393701 0.188976 0.897638 
vn 0.0393701 0.173228 0.984252 
vn 0.354331 0.181102 0.913386 
vn 0.566929 0.23622 0.787402 
vn -0.0866142 0.133858 0.984252 
vn 0.346457 0.188976 0.92126 
vn 0.448819 0.259843 0.850394 
vn 0.251969 0.598425 0.76378 
vn 0.23622 0.598425 0.771654 
vn -0.0393701 0.244094 0.968504 
vn 0.015748 0.606299 0.795276 
vn 0.0314961 0.23622 0.968504 
vn 0.0708661 0.952756 0.299213 
vn 0.0314961 0.622047 0.779528 
vn 0.00787402 0.968504 0.244094 
vn 0 0.976378 0.220472 
vn -0.015748 1 -0.0393701 
vn -0.0393701 1 -0.023622 
vn -0.0314961 1 -0.0551181 
vn -0.0629921 1 -0.0393701 
vn -0.0393701 1 -0.023622 
vn -0.0472441 1 0 
vn -0.0393701 1 -0.00787402 
vn -0.023622 1 -0.015748 
vn 0 1 -0.0393701 
vn -0.141732 0.84252 -0.519685 
vn 0 0.818898 -0.574803 
vn 0 0.496063 -0.866142 
vn -0.244094 0.543307 -0.80315 
vn -0.181102 0.535433 -0.818898 
vn -0.015748 0.968504 -0.259843 
vn -0.11811 0.653543 -0.748031 
vn -0.228346 0.228346 -0.944882 
vn -0.125984 0.496063 -0.858268 
vn -0.173228 -0.133858 -0.976378 
vn -0.0708661 0.15748 -0.984252 
vn -0.11811 -0.448819 -0.889764 
vn -0.00787402 0.787402 -0.614173 
vn -0.0629921 -0.173228 -0.984252 
vn -0.0787402 -0.559055 -0.826772 
vn 0.023622 0.370079 -0.929134 
vn 0.023622 0.771654 -0.637795 
vn 0.102362 -0.23622 -0.968504 
vn 0.188976 0.283465 -0.937008 
vn 0.377953 -0.606299 -0.700787 
vn 0.543307 -0.299213 -0.787402 
vn 0.598425 0.291339 -0.748031 
vn 0.866142 -0.228346 -0.440945 
vn 0.724409 -0.519685 -0.448819 
vn 0.889764 0.275591 -0.354331 
vn 0.944882 -0.125984 -0.307087 
vn 0.834646 -0.409449 -0.370079 
vn 0.84252 -0.401575 -0.362205 
vn 0.944882 0.291339 -0.15748 
vn 0.96063 -0.110236 -0.251969 
vn 0.944882 0.299213 -0.110236 
vn 0.76378 0.559055 -0.314961 
vn 0.850394 0.519685 -0.0944882 
vn 0.307087 0.692913 -0.653543 
vn 0.889764 0.464567 -0.0472441 
vn 0.19685 0.929134 -0.322835 
vn 0.590551 0.748031 -0.307087 
vn 0.685039 0.724409 -0.0629921 
vn 0.755906 0.661417 0 
vn -0.850394 0.448819 -0.283465 
vn -0.755906 -0.480315 0.440945 
vn -0.76378 0.244094 0.598425 
vn -0.850394 -0.283465 -0.440945 
vn -0.23622 -0.937008 0.267717 
vn -0.322835 -0.755906 -0.574803 
vn -0.322835 0.92126 -0.212598 
vn -0.23622 0.740157 0.629921 
vn 0.23622 0.937008 -0.267717 
vn 0.322835 0.755906 0.574803 
vn 0.850394 0.275591 0.440945 
vn 0.755906 0.480315 -0.440945 
vn 0.850394 -0.448819 0.283465 
vn 0.76378 -0.244094 -0.598425 
vn 0.322835 -0.92126 0.212598 
vn 0.23622 -0.740157 -0.629921 
vn -0.23622 -0.937008 0.267717 
vn -0.322835 -0.755906 -0.574803 
vn -0.779528 0.322835 0.535433 
vn -0.346457 0.267717 0.897638 
vn -0.503937 0.259843 0.818898 
vn -0.716535 0.314961 0.622047 
vn -0.929134 0.299213 0.204724 
vn -0.937008 0.322835 0.149606 
vn -0.834646 0.251969 0.488189 
vn 0.779528 0.322835 0.535433 
vn 0.346457 0.267717 0.897638 
vn 0.716535 0.314961 0.622047 
vn 0.929134 0.299213 0.204724 
vn 0.503937 0.259843 0.818898 
vn 0.937008 0.322835 0.149606 
vn 0.834646 0.251969 0.488189 
vn -0.338583 0.188976 0.92126 
vn -0.0944882 0.110236 0.992126 
vn -0.0393701 0.173228 0.984252 
vn 0.125984 0.11811 0.984252 
vn -0.259843 0.582677 0.771654 
vn -0.480315 0.11811 0.874016 
vn 0.0866142 0.133858 0.984252 
vn 0.0472441 0.11811 0.992126 
vn -0.0314961 0.511811 0.858268 
vn -0.598425 0.543307 0.590551 
vn 0 0.535433 0.84252 
vn -0.0393701 0.905512 0.417323 
vn -0.212598 0.929134 0.299213 
vn -0.669291 0.188976 0.716535 
vn -0.559055 0.795276 0.228346 
vn -0.850394 0.377953 0.370079 
vn -0.88189 0.275591 0.377953 
vn -0.826772 0.543307 0.149606 
vn -0.574803 0.811024 0.0944882 
vn -0.220472 0.976378 0.0629921 
vn -0.00787402 1 0.0472441 
vn 0.0393701 0.952756 0.291339 
vn 0.0472441 1 0.023622 
vn 0 1 0.0551181 
vn -0.0472441 0.96063 0.267717 
vn -0.251969 0.598425 0.76378 
vn -0.346457 0.188976 0.92126 
vn -0.354331 0.181102 0.913386 
vn -0.393701 0.188976 0.897638 
vn -0.566929 0.23622 0.787402 
vn -0.448819 0.259843 0.850394 
vn -0.228346 0.598425 0.771654 
vn 0.0393701 0.244094 0.968504 
vn 0.0393701 0.212598 0.976378 
vn -0.00787402 0.19685 0.984252 
vn 0.110236 0.181102 0.976378 
vn 0.023622 0.173228 0.984252 
vn -0.574803 0.212598 0.795276 
vn 0.110236 0.149606 0.984252 
vn -0.338583 0.574803 0.740157 
vn -0.228346 -0.244094 0.944882 
vn -0.149606 0.606299 0.779528 
vn 0 -0.291339 0.952756 
vn 0 0.614173 0.795276 
vn -0.330709 -0.267717 0.905512 
vn -0.307087 0.425197 0.850394 
vn -0.456693 -0.574803 0.685039 
vn -0.637795 -0.464567 0.614173 
vn -0.401575 0.291339 0.866142 
vn -0.84252 -0.362205 0.401575 
vn -0.700787 0.433071 0.566929 
vn -0.834646 -0.440945 0.330709 
vn -0.574803 0.535433 0.614173 
vn -0.850394 -0.291339 0.440945 
vn -0.377953 0.385827 0.84252 
vn -0.905512 -0.385827 0.19685 
vn -0.669291 0.267717 0.692913 
vn -0.80315 -0.551181 -0.228346 
vn -0.944882 0.0866142 0.314961 
vn -0.984252 -0.141732 0.0787402 
vn -0.511811 -0.677165 -0.527559 
vn -0.590551 -0.566929 -0.574803 
vn -0.984252 -0.0708661 -0.149606 
vn -0.937008 0.19685 -0.283465 
vn -0.480315 -0.480315 -0.732283 
vn -0.566929 -0.291339 -0.771654 
vn -0.952756 0.275591 -0.125984 
vn -0.96063 0.259843 0.0944882 
vn -0.661417 -0.0866142 -0.740157 
vn -0.771654 0.0787402 -0.629921 
vn -0.937008 0.267717 0.220472 
vn -0.929134 0.299213 0.23622 
vn -0.771654 0.0944882 -0.629921 
vn 0.338583 0.574803 0.740157 
vn 0.228346 -0.244094 0.944882 
vn 0.330709 -0.267717 0.905512 
vn 0.149606 0.614173 0.779528 
vn 0 -0.291339 0.952756 
vn 0 0.614173 0.795276 
vn 0.307087 0.425197 0.850394 
vn 0.456693 -0.574803 0.685039 
vn 0.637795 -0.464567 0.614173 
vn 0.401575 0.291339 0.866142 
vn 0.84252 -0.362205 0.401575 
vn 0.700787 0.433071 0.566929 
vn 0.834646 -0.440945 0.330709 
vn 0.582677 0.535433 0.614173 
vn 0.850394 -0.283465 0.440945 
vn 0.377953 0.385827 0.84252 
vn 0.905512 -0.385827 0.19685 
vn 0.669291 0.267717 0.692913 
vn 0.80315 -0.551181 -0.228346 
vn 0.944882 0.0866142 0.314961 
vn 0.984252 -0.141732 0.0787402 
vn 0.511811 -0.677165 -0.527559 
vn 0.590551 -0.566929 -0.574803 
vn 0.984252 -0.0708661 -0.149606 
vn 0.937008 0.19685 -0.283465 
vn 0.480315 -0.480315 -0.732283 
vn 0.566929 -0.291339 -0.771654 
vn 0.952756 0.275591 -0.125984 
vn 0.96063 0.259843 0.0944882 
vn 0.661417 -0.0866142 -0.740157 
vn 0.771654 0.0787402 -0.629921 
vn 0.937008 0.267717 0.220472 
vn 0.92126 0.299213 0.23622 
vn 0.771654 0.0944882 -0.629921 
vn 0.622047 0.551181 0.559055 
vn 0.125984 0.401575 0.905512 
vn -0.0393701 0.582677 0.811024 
vn 0.425197 0.716535 0.551181 
vn 0.740157 0.370079 0.559055 
vn 0.0866142 0.346457 0.937008 
vn 0.503937 0.645669 0.566929 
vn 0.543307 0.614173 0.574803 
vn 0.937008 0.149606 0.322835 
vn 0.401575 0.76378 0.503937 
vn 0.527559 0.614173 0.582677 
vn 0.700787 0.543307 0.456693 
vn 0.984252 -0.0708661 0.181102 
vn 0.874016 0.448819 0.19685 
vn 0.559055 0.716535 0.409449 
vn 0.771654 0.606299 0.173228 
vn 0.535433 0.622047 0.566929 
vn 0.80315 0.519685 0.283465 
vn 0.574803 0.409449 0.708661 
vn 0.637795 0.409449 0.653543 
vn 0.897638 0.354331 0.259843 
vn 0.724409 0.354331 0.590551 
vn 0.0866142 0.338583 0.937008 
vn 0.645669 0.267717 0.716535 
vn 0.716535 0.377953 0.590551 
vn 0.685039 0.322835 0.653543 
vn 0.606299 0.314961 0.732283 
vn 0.740157 0.267717 0.614173 
vn 0.976378 0.220472 0.0393701 
vn 0.787402 0.307087 0.535433 
vn 0.968504 0.259843 -0.0472441 
vn 0.748031 0.307087 0.590551 
vn 0.96063 0.291339 0.0393701 
vn 0.606299 0.283465 0.740157 
vn 0.661417 0.220472 0.716535 
vn 0.748031 0.244094 0.614173 
vn 0.96063 0.244094 0.110236 
vn 0.645669 0.212598 0.732283 
vn 0.787402 0.165354 0.598425 
vn 0.984252 0.141732 0.0629921 
vn -0.629921 0.188976 0.755906 
vn -0.488189 0.141732 0.858268 
vn 0.015748 0.212598 0.976378 
vn -0.685039 0.228346 0.692913 
vn -0.023622 0.0787402 1 
vn -0.00787402 0.244094 0.968504 
vn 0.015748 0.165354 0.984252 
vn -0.377953 0.19685 0.905512 
vn -0.110236 0.307087 0.944882 
vn -0.393701 0.283465 0.874016 
vn -0.377953 0.19685 0.905512 
vn -0.346457 0.228346 0.905512 
vn -0.228346 0.204724 0.952756 
vn -0.212598 0.204724 0.952756 
vn -0.283465 0.307087 0.905512 
vn -0.244094 0.291339 0.92126 
vn -0.23622 0.259843 0.937008 
vn 0 0.204724 0.976378 
vn 0 0.212598 0.976378 
vn 0 0.322835 0.944882 
vn 0.212598 0.204724 0.952756 
vn 0.220472 0.204724 0.952756 
vn 0.23622 0.259843 0.937008 
vn 0 0.433071 0.905512 
vn 0.283465 0.307087 0.905512 
vn -0.322835 0.409449 0.850394 
vn 0.322835 0.409449 0.850394 
vn -0.409449 0.393701 0.826772 
vn 0 0.456693 0.889764 
vn -0.330709 0.433071 0.84252 
vn -0.110236 0.354331 0.929134 
vn -0.417323 0.425197 0.80315 
vn 0 0.488189 0.874016 
vn 0.330709 0.433071 0.84252 
vn -0.322835 0.456693 0.826772 
vn 0.322835 0.456693 0.826772 
vn -0.165354 0.425197 0.889764 
vn 0 0.598425 0.80315 
vn -0.425197 0.433071 0.795276 
vn -0.314961 0.559055 0.76378 
vn -0.165354 0.440945 0.88189 
vn -0.0787402 0.480315 0.874016 
vn -0.0866142 0.543307 0.834646 
vn -0.692913 0.291339 0.661417 
vn -0.716535 0.401575 0.566929 
vn -0.425197 0.535433 0.732283 
vn -0.669291 0.362205 0.645669 
vn -0.275591 0.661417 0.700787 
vn -0.653543 0.259843 0.708661 
vn -0.566929 0.19685 0.80315 
vn -0.0866142 0.11811 0.992126 
vn -0.11811 0.173228 0.976378 
vn -0.220472 0.110236 0.968504 
vn -0.188976 0.133858 0.976378 
vn -0.19685 0.110236 0.976378 
vn -0.606299 0.133858 0.779528 
vn -0.629921 0.173228 0.755906 
vn -0.661417 0.220472 0.716535 
vn -0.669291 0.133858 0.732283 
vn -0.661417 0.173228 0.732283 
vn -0.84252 0.0787402 0.535433 
vn -1 0.023622 -0.0393701 
vn -0.787402 0.165354 0.598425 
vn -0.984252 0.141732 0.0629921 
vn -0.96063 0.23622 0.110236 
vn -0.645669 0.212598 0.732283 
vn -0.748031 0.244094 0.614173 
vn -0.96063 0.291339 0.0393701 
vn -0.606299 0.283465 0.740157 
vn -0.748031 0.307087 0.590551 
vn -0.968504 0.259843 -0.0472441 
vn -0.606299 0.314961 0.732283 
vn -0.787402 0.307087 0.535433 
vn -0.976378 0.220472 0.0393701 
vn -0.740157 0.267717 0.614173 
vn -0.897638 0.354331 0.259843 
vn -0.685039 0.322835 0.653543 
vn -0.637795 0.409449 0.653543 
vn -0.80315 0.519685 0.283465 
vn -0.645669 0.267717 0.716535 
vn -0.716535 0.377953 0.590551 
vn -0.141732 0.204724 0.968504 
vn -0.0866142 0.338583 0.937008 
vn -0.0314961 0.291339 0.952756 
vn -0.724409 0.354331 0.590551 
vn -0.574803 0.409449 0.708661 
vn -0.0866142 0.346457 0.937008 
vn -0.740157 0.370079 0.559055 
vn -0.535433 0.622047 0.566929 
vn -0.771654 0.606299 0.173228 
vn -0.527559 0.622047 0.582677 
vn -0.559055 0.716535 0.409449 
vn -0.874016 0.448819 0.19685 
vn -0.700787 0.543307 0.456693 
vn -0.984252 -0.0708661 0.181102 
vn -0.401575 0.76378 0.503937 
vn -0.622047 0.551181 0.559055 
vn -0.125984 0.401575 0.905512 
vn -0.0551181 -0.92126 -0.385827 
vn -0.787402 -0.488189 -0.370079 
vn 0 -0.976378 -0.228346 
vn -0.755906 -0.527559 -0.377953 
vn 0.0393701 -0.984252 -0.181102 
vn -0.677165 -0.590551 -0.440945 
vn -0.330709 -0.598425 -0.724409 
vn 0.15748 -0.952756 -0.267717 
vn 0.0629921 -0.519685 -0.850394 
vn 0.338583 -0.92126 -0.188976 
vn 0.125984 -0.488189 -0.866142 
vn 0.228346 -0.968504 -0.11811 
vn 0.133858 -0.377953 -0.913386 
vn 0.15748 -0.952756 -0.267717 
vn 0.244094 -0.11811 -0.96063 
vn 0.267717 -0.84252 -0.464567 
vn 0.377953 0.181102 -0.905512 
vn 0.417323 -0.614173 -0.669291 
vn 0 0.330709 -0.944882 
vn 0 -0.677165 -0.740157 
vn 0.0629921 -0.92126 -0.385827 
vn 0.787402 -0.488189 -0.370079 
vn 0 -0.976378 -0.228346 
vn 0.755906 -0.535433 -0.377953 
vn -0.0393701 -0.984252 -0.181102 
vn 0.677165 -0.590551 -0.440945 
vn 0.330709 -0.598425 -0.724409 
vn -0.15748 -0.952756 -0.267717 
vn -0.0629921 -0.519685 -0.850394 
vn -0.338583 -0.92126 -0.188976 
vn -0.125984 -0.488189 -0.866142 
vn -0.228346 -0.968504 -0.11811 
vn -0.133858 -0.377953 -0.913386 
vn -0.15748 -0.952756 -0.267717 
vn -0.244094 -0.11811 -0.96063 
vn -0.267717 -0.84252 -0.464567 
vn -0.377953 0.181102 -0.905512 
vn -0.417323 -0.614173 -0.669291 
vn 0 0.330709 -0.944882 
vn 0 -0.677165 -0.740157 
vn -0.307087 0.755906 0.574803 
vn -0.19685 0.692913 0.692913 
vn -0.362205 0.708661 0.606299 
vn -0.11811 0.771654 0.629921 
vn -0.354331 0.417323 0.834646 
vn 0 0.685039 0.732283 
vn -0.173228 0.464567 0.866142 
vn -0.362205 -0.0551181 0.929134 
vn -0.220472 -0.00787402 0.976378 
vn 0 0.779528 0.629921 
vn 0 0.480315 0.874016 
vn 0 0.0708661 1 
vn 0.220472 -0.00787402 0.976378 
vn 0.173228 0.464567 0.866142 
vn 0.362205 -0.0551181 0.929134 
vn 0.11811 0.771654 0.629921 
vn 0.354331 0.417323 0.834646 
vn 0.370079 0.259843 0.889764 
vn 0.464567 -0.15748 0.874016 
vn 0.307087 0.755906 0.574803 
vn 0.645669 -0.181102 0.740157 
vn 0.19685 0.692913 0.692913 
vn 0.314961 0.314961 0.897638 
vn 0.629921 0.456693 0.622047 
vn 0.826772 0.212598 0.519685 
vn 0.0944882 0.748031 0.661417 
vn 0.685039 0.527559 0.511811 
vn 0.00787402 0.724409 0.692913 
vn 0.362205 0.708661 0.606299 
vn 0.102362 0.708661 0.700787 
vn 0.275591 0.661417 0.700787 
vn 0.417323 0.637795 0.653543 
vn -0.023622 0.677165 0.740157 
vn 0 0.677165 0.732283 
vn 0.314961 0.559055 0.76378 
vn 0.425197 0.535433 0.732283 
vn 0.425197 0.433071 0.795276 
vn 0.417323 0.425197 0.80315 
vn 0.0787402 0.480315 0.874016 
vn 0.409449 0.393701 0.826772 
vn 0.165354 0.425197 0.889764 
vn 0.110236 0.354331 0.929134 
vn 0.393701 0.283465 0.874016 
vn 0.00787402 0.244094 0.968504 
vn 0.377953 0.19685 0.905512 
vn -0.015748 0.165354 0.984252 
vn 0.377953 0.19685 0.905512 
vn -0.023622 0.173228 0.984252 
vn -0.110236 0.149606 0.984252 
vn 0.346457 0.228346 0.905512 
vn 0.00787402 0.19685 0.984252 
vn 0.244094 0.291339 0.92126 
vn -0.0393701 0.212598 0.976378 
vn -0.110236 0.181102 0.976378 
vn 0.574803 0.212598 0.795276 
vn 0.629921 0.188976 0.755906 
vn -0.015748 0.212598 0.976378 
vn 0.685039 0.228346 0.692913 
vn 0.110236 0.307087 0.944882 
vn 0.165354 0.440945 0.88189 
vn 0.692913 0.291339 0.661417 
vn 0.0866142 0.543307 0.834646 
vn 0.716535 0.401575 0.566929 
vn 0.669291 0.362205 0.645669 
vn 0.653543 0.259843 0.708661 
vn 0.488189 0.141732 0.858268 
vn 0.566929 0.19685 0.80315 
vn 0.0866142 0.11811 0.992126 
vn 0.023622 0.0787402 1 
vn 0.11811 0.173228 0.976378 
vn 0.220472 0.110236 0.968504 
vn 0.188976 0.133858 0.976378 
vn 0.141732 0.204724 0.968504 
vn 0.0314961 0.291339 0.952756 
vn 0.0472441 0.314961 0.952756 
vn 0.76378 0.338583 0.543307 
vn 0.76378 0.440945 0.472441 
vn -0.0314961 0.401575 0.913386 
vn 0.669291 0.488189 0.566929 
vn 0.795276 0.456693 0.401575 
vn -0.00787402 0.574803 0.818898 
vn 0.622047 0.598425 0.503937 
vn 0.023622 0.535433 0.84252 
vn 0.755906 0.488189 0.433071 
vn -0.015748 0.590551 0.80315 
vn 0.023622 0.622047 0.779528 
vn 0.614173 0.614173 0.488189 
vn 0.488189 0.669291 0.559055 
vn 0.511811 0.708661 0.496063 
vn 0.440945 0.661417 0.606299 
vn 0.425197 0.645669 0.629921 
vn 0.0314961 0.629921 0.771654 
vn 0.141732 0.551181 0.826772 
vn 0.362205 0.488189 0.795276 
vn 0.0551181 0.574803 0.818898 
vn 0.574803 0.354331 0.732283 
vn 0.976378 -0.0629921 0.188976 
vn -0.133858 0.637795 0.755906 
vn 0.228346 0.598425 0.771654 
vn 0.84252 0.23622 0.472441 
vn -0.015748 0.653543 0.755906 
vn -0.102362 0.606299 0.787402 
vn 0.00787402 0.84252 0.543307 
vn -0.472441 0.76378 0.433071 
vn -0.535433 0.582677 0.606299 
vn -0.188976 0.629921 0.755906 
vn 0.0944882 0.968504 0.244094 
vn -0.566929 0.622047 0.543307 
vn 0.259843 0.826772 0.496063 
vn -0.677165 0.401575 0.614173 
vn -0.740157 0.322835 0.598425 
vn -0.425197 0.385827 0.818898 
vn -0.440945 0.314961 0.84252 
vn -0.322835 0.472441 0.818898 
vn 0 0.669291 0.748031 
vn 0.299213 0.748031 0.590551 
vn -0.251969 0.606299 0.755906 
vn -0.598425 0.330709 0.732283 
vn -0.133858 0.771654 0.622047 
vn -0.913386 0.165354 0.370079 
vn -0.692913 0.488189 0.527559 
vn -0.566929 0.653543 0.503937 
vn -0.929134 0.259843 0.259843 
vn -1 -0.0393701 0.0393701 
vn -0.84252 0.370079 0.393701 
vn -0.968504 0.251969 -0.00787402 
vn -0.976378 -0.00787402 -0.212598 
vn -0.874016 0.393701 0.291339 
vn -0.937008 0.181102 -0.291339 
vn -0.748031 0.606299 0.259843 
vn -0.905512 0.417323 0 
vn -0.96063 0.244094 -0.133858 
vn -0.614173 0.559055 0.559055 
vn -0.866142 0.433071 0.244094 
vn -0.84252 0.307087 0.440945 
vn -0.968504 0.220472 0.0708661 
vn -0.519685 0.346457 0.779528 
vn -0.952756 0.23622 0.19685 
vn -0.740157 0.259843 0.622047 
vn -0.370079 0.228346 0.897638 
vn -0.716535 0.314961 0.622047 
vn -0.929134 0.299213 0.204724 
vn -0.346457 0.267717 0.897638 
vn 0.472441 0.76378 0.433071 
vn -0.00787402 0.84252 0.543307 
vn 0.535433 0.582677 0.606299 
vn 0.188976 0.629921 0.755906 
vn -0.0944882 0.968504 0.244094 
vn 0.566929 0.622047 0.543307 
vn -0.259843 0.826772 0.496063 
vn 0.677165 0.401575 0.614173 
vn 0.740157 0.322835 0.598425 
vn 0.425197 0.385827 0.818898 
vn 0.440945 0.314961 0.84252 
vn 0.322835 0.472441 0.818898 
vn 0 0.669291 0.748031 
vn -0.299213 0.748031 0.590551 
vn 0.244094 0.606299 0.755906 
vn 0.598425 0.330709 0.732283 
vn 0.133858 0.771654 0.622047 
vn 0.913386 0.165354 0.370079 
vn 0.692913 0.488189 0.527559 
vn 0.566929 0.653543 0.503937 
vn 0.929134 0.259843 0.259843 
vn 1 -0.0393701 0.0393701 
vn 0.84252 0.370079 0.393701 
vn 0.968504 0.251969 -0.00787402 
vn 0.976378 -0.00787402 -0.212598 
vn 0.874016 0.393701 0.291339 
vn 0.937008 0.181102 -0.291339 
vn 0.748031 0.606299 0.259843 
vn 0.905512 0.417323 0 
vn 0.96063 0.244094 -0.133858 
vn 0.622047 0.559055 0.559055 
vn 0.866142 0.433071 0.244094 
vn 0.84252 0.307087 0.440945 
vn 0.968504 0.220472 0.0708661 
vn 0.519685 0.346457 0.779528 
vn 0.952756 0.23622 0.19685 
vn 0.740157 0.259843 0.622047 
vn 0.370079 0.228346 0.897638 
vn 0.716535 0.314961 0.622047 
vn 0.929134 0.299213 0.204724 
vn 0.346457 0.267717 0.897638 
vn 0.0866142 -0.905512 -0.425197 
vn 0.606299 -0.629921 -0.488189 
vn 0.0708661 -0.92126 -0.377953 
vn -0.11811 -0.811024 -0.574803 
vn -0.448819 -0.88189 -0.165354 
vn -0.275591 -0.944882 -0.15748 
vn -0.614173 -0.755906 -0.228346 
vn -0.346457 -0.929134 -0.102362 
vn -0.456693 -0.779528 -0.425197 
vn -0.464567 -0.834646 -0.291339 
vn -0.228346 -0.724409 -0.645669 
vn -0.307087 -0.818898 -0.488189 
vn -0.110236 -0.889764 -0.433071 
vn 0.228346 -0.700787 -0.677165 
vn 0.165354 -0.818898 -0.551181 
vn 0.716535 -0.511811 -0.464567 
vn 0.566929 -0.653543 -0.503937 
vn 0.228346 -0.80315 -0.543307 
vn 0.92126 -0.244094 -0.291339 
vn 0.677165 -0.629921 -0.377953 
vn 0.944882 -0.267717 -0.173228 
vn 0.354331 -0.740157 -0.566929 
vn 0.858268 -0.511811 -0.102362 
vn 0.606299 -0.645669 -0.456693 
vn 0.322835 -0.669291 -0.669291 
vn 0.795276 -0.496063 -0.346457 
vn 0.220472 -0.496063 -0.834646 
vn 0.543307 -0.527559 -0.645669 
vn 0.748031 -0.338583 -0.566929 
vn 0.110236 -0.244094 -0.96063 
vn 0.448819 -0.307087 -0.834646 
vn 0.653543 -0.251969 -0.716535 
vn 0.362205 -0.19685 -0.913386 
vn 0.015748 -0.11811 -0.992126 
vn 0.314961 -0.259843 -0.913386 
vn 0.629921 -0.314961 -0.708661 
vn -0.015748 -0.181102 -0.984252 
vn -0.0866142 -0.905512 -0.425197 
vn -0.606299 -0.629921 -0.488189 
vn -0.0708661 -0.92126 -0.377953 
vn 0.11811 -0.811024 -0.574803 
vn 0.448819 -0.88189 -0.165354 
vn 0.275591 -0.944882 -0.15748 
vn 0.614173 -0.755906 -0.228346 
vn 0.354331 -0.929134 -0.102362 
vn 0.456693 -0.779528 -0.425197 
vn 0.228346 -0.724409 -0.645669 
vn 0.472441 -0.834646 -0.291339 
vn 0.307087 -0.818898 -0.488189 
vn -0.228346 -0.700787 -0.677165 
vn 0.102362 -0.889764 -0.433071 
vn -0.165354 -0.818898 -0.551181 
vn -0.716535 -0.511811 -0.464567 
vn -0.566929 -0.653543 -0.503937 
vn -0.228346 -0.80315 -0.543307 
vn -0.92126 -0.244094 -0.291339 
vn -0.677165 -0.629921 -0.377953 
vn -0.944882 -0.267717 -0.173228 
vn -0.354331 -0.740157 -0.566929 
vn -0.858268 -0.511811 -0.102362 
vn -0.606299 -0.653543 -0.456693 
vn -0.322835 -0.677165 -0.669291 
vn -0.795276 -0.496063 -0.346457 
vn -0.220472 -0.496063 -0.834646 
vn -0.543307 -0.527559 -0.645669 
vn -0.748031 -0.338583 -0.566929 
vn -0.110236 -0.244094 -0.96063 
vn -0.448819 -0.307087 -0.834646 
vn -0.653543 -0.251969 -0.716535 
vn -0.362205 -0.19685 -0.913386 
vn -0.015748 -0.11811 -0.992126 
vn -0.314961 -0.259843 -0.913386 
vn -0.629921 -0.314961 -0.708661 
vn 0.015748 -0.181102 -0.984252 
vn 0.724409 -0.291339 -0.622047 
vn -0.0314961 -0.338583 0.937008 
vn 0.606299 -0.307087 0.732283 
vn -0.0472441 -0.480315 -0.874016 
vn 0.566929 -0.259843 -0.779528 
vn -0.0472441 -0.393701 -0.92126 
vn 0.401575 -0.141732 -0.905512 
vn 0.00787402 -0.19685 -0.976378 
vn -0.653543 0.566929 -0.503937 
vn 0.267717 0.92126 -0.275591 
vn -0.787402 0.11811 -0.598425 
vn 0.488189 0.0708661 -0.874016 
vn -0.779528 -0.110236 -0.622047 
vn 0.653543 0.0629921 -0.755906 
vn 0.472441 0.23622 -0.850394 
vn -0.527559 -0.267717 -0.811024 
vn 0.787402 0.0472441 -0.622047 
vn 0.637795 0.244094 -0.732283 
vn 0.488189 0.645669 -0.582677 
vn -0.149606 -0.15748 -0.976378 
vn 0.440945 0.874016 -0.220472 
vn 0.629921 0.653543 -0.425197 
vn 0.535433 0.84252 -0.0866142 
vn 0.740157 0.614173 -0.275591 
vn 0.622047 0.779528 0.0866142 
vn -0.0708661 -0.354331 0.929134 
vn 0.771654 0.251969 -0.590551 
vn 0.393701 -0.00787402 0.92126 
vn -0.527559 -0.795276 0.291339 
vn 0.708661 0.0314961 0.708661 
vn -0.574803 -0.598425 0.559055 
vn -0.511811 -0.850394 0.0866142 
vn -0.503937 -0.23622 0.826772 
vn 0.708661 -0.141732 0.692913 
vn -0.622047 -0.661417 0.409449 
vn -0.456693 -0.88189 -0.0866142 
vn -0.669291 -0.708661 0.220472 
vn -0.149606 -0.15748 -0.976378 
vn -0.527559 -0.267717 -0.811024 
vn -0.779528 -0.110236 -0.622047 
vn -0.637795 -0.259843 0.724409 
vn -0.76378 -0.275591 0.582677 
vn -0.787402 0.11811 -0.598425 
vn -0.519685 -0.0944882 0.850394 
vn -0.661417 -0.0629921 0.748031 
vn -0.787402 -0.0314961 0.622047 
vn -0.661417 0.385827 0.645669 
vn -0.653543 0.566929 -0.503937 
vn 0.267717 0.92126 -0.275591 
vn 0.11811 0.606299 0.787402 
vn 0.0629921 0.425197 0.905512 
vn -0.566929 0.275591 0.779528 
vn 0.0314961 0.322835 0.944882 
vn -0.472441 0.173228 0.866142 
vn 0.755906 -0.330709 -0.566929 
vn 0.732283 -0.23622 -0.637795 
vn 0.141732 -0.204724 -0.968504 
vn 0.0866142 -0.338583 -0.937008 
vn 0.0314961 -0.291339 -0.952756 
vn 0.559055 -0.275591 -0.779528 
vn 0.76378 -0.377953 -0.519685 
vn 0.519685 -0.299213 -0.80315 
vn 0.76378 -0.354331 -0.543307 
vn 0.0866142 -0.338583 -0.937008 
vn 0.590551 -0.204724 -0.779528 
vn 0.606299 -0.125984 -0.779528 
vn 0.0551181 -0.307087 -0.952756 
vn 0.141732 -0.0787402 -0.984252 
vn 0.346457 -0.0944882 -0.937008 
vn -0.480315 -0.110236 -0.866142 
vn -0.330709 -0.448819 -0.826772 
vn -0.606299 0.0393701 -0.795276 
vn 0.0551181 -0.102362 -0.992126 
vn -0.669291 0.0944882 -0.740157 
vn 0.00787402 -0.125984 -0.992126 
vn -0.708661 0.133858 -0.692913 
vn -0.0393701 -0.165354 -0.984252 
vn -0.771654 0.0944882 -0.629921 
vn -0.771654 0.0787402 -0.629921 
vn -0.0393701 -0.15748 -0.984252 
vn 0.551181 -0.251969 -0.795276 
vn -0.00787402 -0.307087 -0.952756 
vn -0.661417 -0.0866142 -0.740157 
vn 0.464567 -0.401575 -0.787402 
vn 0.0472441 -0.574803 -0.818898 
vn -0.566929 -0.291339 -0.771654 
vn 0.779528 -0.362205 -0.511811 
vn 0.448819 -0.637795 -0.629921 
vn 0.188976 -0.740157 -0.645669 
vn -0.480315 -0.480315 -0.732283 
vn -0.590551 -0.566929 -0.574803 
vn 0.133858 -0.401575 -0.905512 
vn 0.669291 -0.543307 -0.503937 
vn 0.346457 -0.795276 -0.496063 
vn 0.354331 -0.732283 -0.574803 
vn 0.629921 -0.511811 -0.590551 
vn -0.511811 -0.677165 -0.527559 
vn 0.598425 -0.606299 -0.527559 
vn -0.80315 -0.551181 -0.228346 
vn 0.417323 -0.740157 -0.535433 
vn 0.551181 -0.590551 -0.590551 
vn 0.370079 -0.653543 -0.661417 
vn -0.905512 -0.385827 0.19685 
vn -0.0472441 -0.590551 -0.811024 
vn -0.023622 -0.653543 -0.755906 
vn 0.228346 -0.598425 -0.76378 
vn -0.0629921 -0.677165 -0.732283 
vn -0.850394 -0.291339 0.440945 
vn -0.0393701 -0.401575 -0.913386 
vn -0.102362 -0.606299 -0.787402 
vn -0.133858 -0.637795 -0.755906 
vn 0.0629921 -0.574803 -0.818898 
vn -0.23622 -0.708661 -0.669291 
vn 0.0866142 -0.897638 -0.433071 
vn -0.834646 -0.440945 0.330709 
vn 0.440945 -0.661417 -0.606299 
vn 0.488189 -0.677165 -0.551181 
vn 0.023622 -0.92126 -0.385827 
vn -0.84252 -0.362205 0.401575 
vn -0.637795 -0.464567 0.614173 
vn 0.503937 -0.708661 -0.496063 
vn 0.614173 -0.614173 -0.488189 
vn 0.622047 -0.598425 -0.503937 
vn 0.755906 -0.496063 -0.425197 
vn -0.023622 -0.677165 -0.732283 
vn 0.669291 -0.480315 -0.566929 
vn 0.795276 -0.456693 -0.401575 
vn -0.015748 -0.598425 -0.80315 
vn -0.00787402 -0.574803 -0.818898 
vn 0.76378 -0.338583 -0.551181 
vn 0.76378 -0.440945 -0.472441 
vn 0.0866142 -0.543307 -0.834646 
vn 0.669291 -0.362205 -0.645669 
vn 0.724409 -0.401575 -0.566929 
vn 0.692913 -0.291339 -0.661417 
vn 0.653543 -0.259843 -0.708661 
vn 0.685039 -0.228346 -0.692913 
vn 0.165354 -0.433071 -0.88189 
vn 0.110236 -0.307087 -0.944882 
vn -0.015748 -0.212598 -0.976378 
vn 0.00787402 -0.244094 -0.968504 
vn 0.110236 -0.354331 -0.929134 
vn 0.165354 -0.425197 -0.889764 
vn 0.0787402 -0.472441 -0.874016 
vn 0.417323 -0.425197 -0.80315 
vn 0.023622 -0.535433 -0.84252 
vn 0.425197 -0.433071 -0.795276 
vn 0.425197 -0.535433 -0.732283 
vn 0.023622 -0.622047 -0.779528 
vn 0.417323 -0.637795 -0.653543 
vn 0.102362 -0.708661 -0.700787 
vn 0 -0.724409 -0.685039 
vn -0.244094 -0.850394 -0.464567 
vn -0.456693 -0.574803 0.685039 
vn 0.0866142 -0.748031 -0.661417 
vn -0.0551181 -0.952756 -0.307087 
vn 0.125984 -0.984252 -0.125984 
vn -0.330709 -0.267717 0.905512 
vn 0.307087 -0.755906 -0.574803 
vn 0.362205 -0.708661 -0.606299 
vn 0.283465 -0.661417 -0.700787 
vn 0.19685 -0.692913 -0.692913 
vn 0.11811 -0.76378 -0.629921 
vn -0.023622 -0.992126 -0.102362 
vn -0.228346 -0.244094 0.944882 
vn 0 -0.771654 -0.637795 
vn 0 -1 -0.0629921 
vn 0 -0.291339 0.952756 
vn 0.228346 -0.244094 0.944882 
vn 0.023622 -0.992126 -0.102362 
vn 0.330709 -0.267717 0.905512 
vn 0 -0.685039 -0.732283 
vn -0.11811 -0.76378 -0.629921 
vn -0.125984 -0.984252 -0.125984 
vn 0.456693 -0.574803 0.685039 
vn -0.19685 -0.692913 -0.692913 
vn -0.307087 -0.755906 -0.574803 
vn 0.0551181 -0.952756 -0.307087 
vn 0.244094 -0.850394 -0.464567 
vn 0.637795 -0.464567 0.614173 
vn -0.0866142 -0.748031 -0.661417 
vn -0.0314961 -0.92126 -0.385827 
vn 0.84252 -0.362205 0.401575 
vn 0 -0.724409 -0.685039 
vn 0.834646 -0.440945 0.330709 
vn -0.102362 -0.708661 -0.700787 
vn -0.362205 -0.708661 -0.606299 
vn -0.283465 -0.661417 -0.700787 
vn -0.417323 -0.637795 -0.653543 
vn 0 -0.677165 -0.732283 
vn 0.322835 -0.559055 -0.76378 
vn 0.330709 -0.456693 -0.826772 
vn 0 -0.598425 -0.80315 
vn -0.322835 -0.559055 -0.76378 
vn -0.425197 -0.535433 -0.732283 
vn -0.330709 -0.456693 -0.826772 
vn 0 -0.488189 -0.874016 
vn 0.338583 -0.433071 -0.834646 
vn -0.425197 -0.433071 -0.795276 
vn 0.409449 -0.393701 -0.826772 
vn 0.393701 -0.283465 -0.874016 
vn -0.015748 -0.165354 -0.984252 
vn 0.330709 -0.409449 -0.850394 
vn 0.377953 -0.19685 -0.905512 
vn 0 -0.456693 -0.889764 
vn -0.023622 -0.173228 -0.984252 
vn 0.291339 -0.307087 -0.905512 
vn 0 -0.433071 -0.905512 
vn -0.338583 -0.433071 -0.834646 
vn -0.330709 -0.409449 -0.850394 
vn 0 -0.330709 -0.944882 
vn 0.228346 -0.204724 -0.952756 
vn 0.377953 -0.19685 -0.905512 
vn 0.19685 0.913386 -0.362205 
vn 0.0787402 0.897638 -0.425197 
vn -0.598425 0.346457 0.724409 
vn -0.84252 0.488189 -0.228346 
vn -0.480315 0.393701 0.779528 
vn 0.346457 0.889764 -0.307087 
vn -0.370079 0.393701 0.84252 
vn 0.606299 0.566929 0.559055 
vn -0.937008 0.149606 0.322835 
vn -0.976378 -0.0629921 0.188976 
vn -0.503937 0.645669 0.566929 
vn -0.425197 0.716535 0.551181 
vn 0.0393701 0.582677 0.811024 
vn -0.543307 0.614173 0.574803 
vn 0.015748 0.653543 0.755906 
vn -0.84252 0.23622 0.472441 
vn -0.220472 0.598425 0.771654 
vn -0.574803 0.354331 0.732283 
vn -0.362205 0.488189 0.795276 
vn -0.141732 0.551181 0.826772 
vn -0.0314961 0.629921 0.771654 
vn -0.0551181 0.574803 0.818898 
vn 0.133858 0.637795 0.755906 
vn 0.102362 0.606299 0.787402 
vn -0.425197 0.645669 0.629921 
vn -0.685039 0.527559 0.511811 
vn -0.440945 0.661417 0.606299 
vn -0.488189 0.669291 0.559055 
vn -0.622047 0.598425 0.503937 
vn -0.629921 0.456693 0.622047 
vn -0.826772 0.212598 0.519685 
vn -0.645669 -0.181102 0.740157 
vn -0.511811 0.708661 0.496063 
vn -0.314961 0.314961 0.897638 
vn -0.614173 0.614173 0.488189 
vn -0.00787402 0.724409 0.692913 
vn -0.370079 0.251969 0.889764 
vn -0.464567 -0.15748 0.874016 
vn -0.0944882 0.748031 0.661417 
vn 0.023622 0.677165 0.740157 
vn -0.102362 0.708661 0.700787 
vn -0.023622 0.622047 0.779528 
vn -0.417323 0.637795 0.653543 
vn 0.015748 0.590551 0.80315 
vn -0.023622 0.535433 0.84252 
vn 0.00787402 0.574803 0.818898 
vn -0.755906 0.488189 0.433071 
vn -0.795276 0.456693 0.401575 
vn -0.669291 0.488189 0.566929 
vn -0.76378 0.440945 0.472441 
vn -0.76378 0.338583 0.543307 
vn 0.0314961 0.401575 0.913386 
vn -0.0472441 0.314961 0.952756 
vn -0.133858 -0.401575 -0.905512 
vn -0.669291 -0.543307 -0.503937 
vn 0.0472441 -0.590551 -0.811024 
vn -0.779528 -0.362205 -0.511811 
vn 0.102362 -0.606299 -0.787402 
vn 0.023622 -0.653543 -0.755906 
vn 0.133858 -0.637795 -0.755906 
vn -0.228346 -0.598425 -0.76378 
vn -0.0551181 -0.574803 -0.818898 
vn 0.0629921 -0.677165 -0.732283 
vn -0.0866142 -0.338583 -0.937008 
vn -0.76378 -0.354331 -0.543307 
vn -0.0866142 -0.338583 -0.937008 
vn 0.23622 -0.708661 -0.669291 
vn 0.850394 -0.283465 0.440945 
vn -0.0314961 -0.291339 -0.952756 
vn -0.141732 -0.204724 -0.968504 
vn -0.110236 -0.173228 -0.976378 
vn -0.0472441 -0.307087 -0.952756 
vn -0.669291 -0.362205 -0.645669 
vn -0.653543 -0.259843 -0.708661 
vn 0.0393701 -0.401575 -0.913386 
vn -0.76378 -0.338583 -0.551181 
vn -0.669291 -0.480315 -0.566929 
vn -0.622047 -0.598425 -0.503937 
vn -0.76378 -0.440945 -0.472441 
vn -0.488189 -0.677165 -0.551181 
vn -0.795276 -0.456693 -0.401575 
vn -0.755906 -0.496063 -0.425197 
vn -0.440945 -0.661417 -0.606299 
vn -0.614173 -0.614173 -0.488189 
vn -0.0866142 -0.897638 -0.433071 
vn -0.503937 -0.708661 -0.496063 
vn 0.023622 -0.677165 -0.732283 
vn -0.023622 -0.622047 -0.779528 
vn 0.015748 -0.598425 -0.80315 
vn -0.023622 -0.535433 -0.84252 
vn 0.00787402 -0.574803 -0.818898 
vn -0.0787402 -0.472441 -0.874016 
vn -0.0866142 -0.543307 -0.834646 
vn -0.165354 -0.425197 -0.889764 
vn -0.417323 -0.425197 -0.80315 
vn -0.724409 -0.401575 -0.566929 
vn -0.165354 -0.433071 -0.88189 
vn -0.692913 -0.291339 -0.661417 
vn -0.685039 -0.228346 -0.692913 
vn -0.110236 -0.307087 -0.944882 
vn -0.110236 -0.354331 -0.929134 
vn -0.409449 -0.393701 -0.826772 
vn -0.00787402 -0.244094 -0.968504 
vn -0.393701 -0.283465 -0.874016 
vn -0.291339 -0.307087 -0.905512 
vn -0.377953 -0.19685 -0.905512 
vn 0.015748 -0.165354 -0.984252 
vn 0.015748 -0.212598 -0.976378 
vn 0.110236 -0.149606 -0.984252 
vn 0.023622 -0.173228 -0.984252 
vn -0.377953 -0.19685 -0.905512 
vn -0.629921 -0.188976 -0.755906 
vn -0.488189 -0.149606 -0.858268 
vn -0.393701 -0.188976 -0.897638 
vn -0.566929 -0.204724 -0.795276 
vn -0.566929 -0.23622 -0.787402 
vn 0.110236 -0.181102 -0.976378 
vn 0.0393701 -0.212598 -0.976378 
vn -0.448819 -0.259843 -0.850394 
vn -0.338583 -0.181102 -0.92126 
vn -0.251969 -0.598425 -0.76378 
vn 0 -0.188976 -0.984252 
vn -0.346457 -0.228346 -0.905512 
vn -0.0314961 -0.23622 -0.968504 
vn 0.0393701 -0.244094 -0.968504 
vn -0.23622 -0.598425 -0.771654 
vn -0.0708661 -0.952756 -0.299213 
vn -0.015748 -0.606299 -0.795276 
vn -0.0314961 -0.629921 -0.779528 
vn -0.0944882 -0.645669 -0.76378 
vn -0.00787402 -0.968504 -0.244094 
vn 0 -0.976378 -0.220472 
vn 0.0393701 -0.968504 -0.244094 
vn 0.023622 -1 0.0629921 
vn 0.015748 -1 0.0393701 
vn 0.0314961 -1 0.023622 
vn 0.0314961 -1 0.0551181 
vn 0.0393701 -1 0.0708661 
vn 0.0629921 -1 0.0393701 
vn 0.0393701 -1 0.023622 
vn 0.0472441 -1 0 
vn 0.0314961 -1 -0.015748 
vn 0.110236 -0.992126 0.0314961 
vn 0.0393701 -1 0.00787402 
vn 0.0787402 -1 -0.00787402 
vn 0.102362 -0.992126 0.00787402 
vn -0.330709 -0.188976 -0.92126 
vn -0.0866142 -0.11811 -0.992126 
vn -0.0314961 -0.173228 -0.984252 
vn 0.125984 -0.11811 -0.984252 
vn -0.259843 -0.582677 -0.771654 
vn -0.480315 -0.11811 -0.874016 
vn 0.0944882 -0.133858 -0.984252 
vn 0.0472441 -0.11811 -0.992126 
vn -0.023622 -0.511811 -0.858268 
vn -0.0393701 -0.905512 -0.417323 
vn 0 -0.535433 -0.84252 
vn -0.354331 -0.181102 -0.913386 
vn -0.740157 -0.401575 -0.543307 
vn 0.204724 -0.755906 -0.622047 
vn -0.771654 -0.503937 0.385827 
vn 0.283465 -0.787402 -0.543307 
vn -0.685039 -0.559055 0.472441 
vn 0.401575 -0.787402 -0.472441 
vn -0.582677 -0.566929 0.582677 
vn 0.440945 -0.700787 0.566929 
vn -0.732283 -0.23622 -0.637795 
vn -0.755906 -0.330709 -0.566929 
vn -0.559055 -0.275591 -0.779528 
vn -0.519685 -0.299213 -0.80315 
vn -0.00787402 -0.125984 -0.992126 
vn 0.0393701 -0.165354 -0.984252 
vn 0.708661 0.133858 -0.692913 
vn 0.771654 0.0944882 -0.629921 
vn 0.771654 0.0787402 -0.629921 
vn 0.0393701 -0.15748 -0.984252 
vn -0.76378 -0.377953 -0.519685 
vn -0.551181 -0.251969 -0.795276 
vn 0.00787402 -0.307087 -0.952756 
vn 0.661417 -0.0866142 -0.740157 
vn -0.464567 -0.401575 -0.787402 
vn -0.0472441 -0.574803 -0.818898 
vn 0.566929 -0.291339 -0.771654 
vn -0.188976 -0.740157 -0.645669 
vn 0.480315 -0.480315 -0.732283 
vn 0.590551 -0.566929 -0.574803 
vn -0.448819 -0.637795 -0.629921 
vn -0.354331 -0.732283 -0.574803 
vn -0.629921 -0.511811 -0.590551 
vn 0.511811 -0.677165 -0.527559 
vn 0.80315 -0.551181 -0.228346 
vn -0.346457 -0.795276 -0.496063 
vn -0.598425 -0.606299 -0.527559 
vn -0.370079 -0.653543 -0.661417 
vn 0.905512 -0.385827 0.19685 
vn -0.551181 -0.590551 -0.590551 
vn -0.417323 -0.740157 -0.535433 
vn -0.110236 -0.181102 -0.976378 
vn -0.11811 -0.149606 -0.984252 
vn 0.566929 -0.204724 -0.795276 
vn 0.629921 -0.188976 -0.755906 
vn 0.393701 -0.188976 -0.897638 
vn 0.488189 -0.149606 -0.858268 
vn -0.0472441 -0.11811 -0.992126 
vn -0.125984 -0.11811 -0.984252 
vn 0.0866142 -0.11811 -0.992126 
vn 0.19685 -0.110236 -0.976378 
vn 0.023622 -0.0787402 -1 
vn 0.559055 -0.19685 -0.80315 
vn 0.220472 -0.110236 -0.968504 
vn 0.0866142 -0.11811 -0.992126 
vn 0.622047 -0.11811 -0.771654 
vn 0.480315 -0.11811 -0.874016 
vn 0.692913 -0.141732 -0.708661 
vn 0.685039 -0.15748 -0.708661 
vn 0.188976 -0.133858 -0.976378 
vn 0.110236 -0.173228 -0.976378 
vn 0.653543 -0.0944882 -0.755906 
vn 0.606299 -0.228346 -0.76378 
vn 0.685039 -0.551181 -0.472441 
vn -0.228346 -0.724409 -0.645669 
vn 0.708661 -0.622047 -0.330709 
vn -0.102362 -0.866142 -0.488189 
vn 0.724409 -0.637795 -0.251969 
vn -0.149606 -0.92126 -0.354331 
vn 0.748031 -0.622047 -0.244094 
vn -0.0551181 -0.944882 -0.330709 
vn 0.771654 -0.582677 -0.259843 
vn -0.102362 -0.905512 -0.409449 
vn 0.787402 -0.614173 -0.0787402 
vn -0.0551181 -0.92126 -0.385827 
vn 0.771654 -0.629921 0.110236 
vn 0 -0.976378 -0.228346 
vn 0.779528 -0.574803 0.251969 
vn 0.0393701 -0.984252 -0.181102 
vn 0.661417 -0.543307 0.519685 
vn 0.15748 -0.952756 -0.267717 
vn 0.338583 -0.92126 -0.188976 
vn 0.370079 -0.582677 0.724409 
vn 0.228346 -0.968504 -0.11811 
vn 0.141732 -0.661417 0.732283 
vn 0.0472441 -0.771654 0.637795 
vn 0.15748 -0.952756 -0.267717 
vn 0.0629921 -0.897638 0.425197 
vn 0.267717 -0.84252 -0.464567 
vn 0.125984 -0.984252 0.125984 
vn 0.417323 -0.614173 -0.669291 
vn 0 -0.677165 -0.740157 
vn 0 -1 -0.0393701 
vn 0 -0.188976 -0.984252 
vn 0.346457 -0.228346 -0.905512 
vn 0.212598 -0.204724 -0.952756 
vn 0.0314961 -0.23622 -0.968504 
vn 0 -0.212598 -0.976378 
vn -0.228346 -0.204724 -0.952756 
vn 0.244094 -0.259843 -0.937008 
vn 0 -0.204724 -0.976378 
vn -0.212598 -0.204724 -0.952756 
vn 0.244094 -0.291339 -0.92126 
vn 0 -0.259843 -0.968504 
vn -0.244094 -0.259843 -0.937008 
vn 0.212598 -0.362205 -0.905512 
vn -0.212598 -0.362205 -0.905512 
vn -0.244094 -0.291339 -0.92126 
vn 0 -0.393701 -0.92126 
vn -0.0708661 -0.669291 -0.740157 
vn 0.0708661 -0.669291 -0.740157 
vn 0 -0.685039 -0.724409 
vn 0.0944882 -0.645669 -0.76378 
vn -0.0393701 -0.968504 -0.244094 
vn 0 -0.976378 -0.212598 
vn 0.0314961 -0.629921 -0.779528 
vn 0.015748 -0.606299 -0.795276 
vn 0 -0.976378 -0.220472 
vn 0 -1 0.0708661 
vn 0.00787402 -0.968504 -0.244094 
vn 0.0708661 -0.952756 -0.299213 
vn -0.023622 -1 0.0629921 
vn -0.015748 -1 0.0393701 
vn -0.19685 -0.110236 -0.976378 
vn -0.023622 -0.0787402 -1 
vn -0.622047 -0.11811 -0.771654 
vn -0.220472 -0.110236 -0.968504 
vn -0.692913 -0.141732 -0.708661 
vn -0.0866142 -0.11811 -0.992126 
vn -0.559055 -0.19685 -0.80315 
vn -0.188976 -0.133858 -0.976378 
vn -0.685039 -0.15748 -0.708661 
vn -0.653543 -0.0944882 -0.755906 
vn -0.606299 -0.125984 -0.779528 
vn -0.338583 -0.0944882 -0.937008 
vn -0.590551 -0.204724 -0.779528 
vn -0.141732 -0.0787402 -0.984252 
vn 0.480315 -0.110236 -0.866142 
vn 0.606299 0.0393701 -0.795276 
vn 0.330709 -0.448819 -0.826772 
vn -0.0551181 -0.102362 -0.992126 
vn 0.669291 0.0944882 -0.740157 
vn -0.606299 -0.228346 -0.76378 
vn -0.685039 -0.551181 -0.472441 
vn 0.228346 -0.724409 -0.645669 
vn -0.708661 -0.622047 -0.330709 
vn 0.102362 -0.866142 -0.488189 
vn -0.724409 -0.637795 -0.251969 
vn 0.149606 -0.92126 -0.354331 
vn -0.748031 -0.622047 -0.244094 
vn 0.0551181 -0.944882 -0.330709 
vn -0.771654 -0.582677 -0.259843 
vn 0.0944882 -0.905512 -0.409449 
vn -0.787402 -0.614173 -0.0787402 
vn 0.0629921 -0.92126 -0.385827 
vn -0.771654 -0.629921 0.110236 
vn 0 -0.976378 -0.228346 
vn -0.779528 -0.574803 0.251969 
vn -0.0393701 -0.984252 -0.181102 
vn -0.661417 -0.543307 0.519685 
vn -0.15748 -0.952756 -0.267717 
vn -0.338583 -0.92126 -0.188976 
vn -0.370079 -0.582677 0.724409 
vn -0.228346 -0.968504 -0.11811 
vn -0.141732 -0.661417 0.732283 
vn -0.0472441 -0.771654 0.637795 
vn -0.15748 -0.952756 -0.267717 
vn -0.0629921 -0.897638 0.425197 
vn -0.267717 -0.84252 -0.464567 
vn -0.125984 -0.984252 0.125984 
vn -0.417323 -0.614173 -0.669291 
vn 0 -0.677165 -0.740157 
vn 0 -1 -0.0393701 
vn 0.0393701 -0.905512 -0.417323 
vn -0.0551181 -1 -0.023622 
vn -0.0472441 -0.952756 -0.291339 
vn 0 -0.535433 -0.84252 
vn 0.582677 -0.811024 -0.0944882 
vn 0.338583 -0.944882 -0.023622 
vn 0.220472 -0.976378 -0.0629921 
vn 0.0393701 -1 -0.00787402 
vn 0.669291 -0.740157 -0.0393701 
vn -0.0787402 -1 -0.00787402 
vn 0 -1 -0.0551181 
vn 0.0472441 -0.96063 -0.275591 
vn -0.0314961 -1 -0.015748 
vn 0.251969 -0.598425 -0.76378 
vn 0.338583 -0.181102 -0.92126 
vn -0.0944882 -0.133858 -0.984252 
vn 0.354331 -0.181102 -0.913386 
vn 0.566929 -0.23622 -0.787402 
vn 0.448819 -0.259843 -0.850394 
vn 0.23622 -0.598425 -0.771654 
vn -0.0393701 -0.212598 -0.976378 
vn -0.0393701 -0.244094 -0.968504 
vn -0.661417 0.0393701 -0.748031 
vn -0.740157 -0.338583 0.574803 
vn -0.748031 -0.00787402 -0.661417 
vn -0.496063 0.0866142 -0.866142 
vn -0.80315 -0.417323 0.425197 
vn 0.338583 -0.212598 0.913386 
vn -0.606299 0.0393701 -0.795276 
vn -0.322835 0.110236 -0.937008 
vn -0.708661 -0.244094 0.669291 
vn 0.456693 -0.125984 0.88189 
vn 0.496063 -0.102362 0.866142 
vn -0.779528 -0.0866142 -0.622047 
vn 0.503937 -0.00787402 0.858268 
vn 0.606299 -0.0472441 0.795276 
vn 0.614173 0 0.787402 
vn -0.748031 -0.275591 0.598425 
vn 0.653543 0.015748 0.755906 
vn 0.724409 0.023622 0.692913 
vn 0.874016 0.330709 -0.346457 
vn 0.76378 0.267717 -0.582677 
vn 0.779528 0.0393701 0.629921 
vn 0.748031 0.188976 -0.629921 
vn 0.425197 0.0787402 0.905512 
vn 0.566929 0.133858 0.811024 
vn 0.692913 0.19685 0.692913 
vn 0.795276 0.346457 -0.496063 
vn 0.11811 0.606299 0.787402 
vn 0.267717 0.92126 -0.275591 
vn 0.0629921 0.425197 0.905512 
vn 0.0314961 0.322835 0.944882 
vn -0.0314961 -0.338583 0.937008 
vn -0.708661 -0.181102 -0.685039 
vn -0.0472441 -0.480315 -0.874016 
vn -0.653543 -0.023622 -0.755906 
vn -0.559055 -0.133858 -0.818898 
vn -0.0472441 -0.393701 -0.92126 
vn -0.440945 0.0708661 -0.889764 
vn 0.874016 0.330709 -0.346457 
vn 0.76378 0.267717 -0.582677 
vn -0.503937 0.023622 -0.866142 
vn 0.748031 0.188976 -0.629921 
vn -0.385827 -0.0551181 -0.92126 
vn 0.00787402 -0.19685 -0.976378 
vn 0.795276 0.346457 -0.496063 
vn 0.267717 0.92126 -0.275591 
vn 0.0314961 -0.173228 -0.984252 
vn 0.330709 -0.188976 -0.92126 
vn 0.259843 -0.582677 -0.771654 
vn 0.669291 -0.188976 -0.716535 
vn 0.598425 -0.543307 -0.590551 
vn 0.023622 -0.511811 -0.858268 
vn 0.850394 -0.377953 -0.370079 
vn 0.212598 -0.929134 -0.299213 
vn 0.559055 -0.795276 -0.228346 
vn 0.00787402 -1 -0.0472441 
vn 0.826772 -0.543307 -0.149606 
vn -0.787402 -0.165354 -0.590551 
vn -0.685039 -0.23622 -0.685039 
vn -0.535433 -0.165354 -0.826772 
vn -0.905512 -0.133858 -0.401575 
vn -0.771654 -0.23622 -0.598425 
vn -0.354331 -0.307087 -0.88189 
vn -0.535433 -0.472441 -0.700787 
vn -0.204724 -0.125984 -0.968504 
vn -0.834646 -0.291339 -0.464567 
vn -0.984252 -0.0629921 -0.173228 
vn -0.653543 -0.566929 -0.496063 
vn -0.488189 -0.19685 -0.850394 
vn -0.125984 -0.11811 -0.984252 
vn -0.732283 -0.307087 -0.614173 
vn -0.905512 -0.322835 -0.275591 
vn -1 -0.0787402 -0.023622 
vn -0.905512 -0.370079 -0.19685 
vn -0.692913 -0.629921 -0.362205 
vn -1 -0.0787402 -0.023622 
vn -0.409449 -0.259843 -0.874016 
vn -0.629921 -0.314961 -0.708661 
vn -0.0393701 -0.165354 -0.984252 
vn -0.314961 -0.259843 -0.913386 
vn 0.015748 -0.181102 -0.984252 
vn -0.913386 -0.362205 -0.165354 
vn -1 -0.0551181 -0.015748 
vn -0.708661 -0.637795 -0.299213 
vn -0.929134 -0.338583 -0.141732 
vn 0.905512 -0.133858 -0.401575 
vn 0.787402 -0.165354 -0.590551 
vn 0.685039 -0.23622 -0.685039 
vn 0.535433 -0.165354 -0.826772 
vn 0.771654 -0.23622 -0.598425 
vn 0.834646 -0.291339 -0.464567 
vn 0.984252 -0.0629921 -0.173228 
vn 0.354331 -0.307087 -0.88189 
vn 0.535433 -0.472441 -0.700787 
vn 0.204724 -0.125984 -0.968504 
vn 0.653543 -0.566929 -0.496063 
vn 0.905512 -0.322835 -0.275591 
vn 1 -0.0787402 -0.023622 
vn 0.488189 -0.19685 -0.850394 
vn 0.11811 -0.11811 -0.984252 
vn 0.732283 -0.307087 -0.614173 
vn 0.905512 -0.370079 -0.19685 
vn 1 -0.0787402 -0.023622 
vn 0.692913 -0.629921 -0.362205 
vn 0.409449 -0.259843 -0.874016 
vn 0.629921 -0.314961 -0.708661 
vn 0.0393701 -0.165354 -0.984252 
vn 0.314961 -0.259843 -0.913386 
vn -0.015748 -0.181102 -0.984252 
vn 0.913386 -0.362205 -0.165354 
vn 0.708661 -0.637795 -0.299213 
vn 1 -0.0551181 -0.015748 
vn 0.929134 -0.338583 -0.141732 
vn -0.598425 0.0629921 0.80315 
vn 0.440945 -0.700787 0.566929 
vn 0.700787 -0.0944882 0.708661 
vn 0.401575 -0.787402 -0.472441 
vn -0.582677 -0.566929 0.582677 
vn -0.740157 0.0944882 0.661417 
vn -0.685039 -0.559055 0.472441 
vn -0.771654 -0.503937 0.385827 
vn -0.614173 -0.0708661 0.787402 
vn -0.850394 0.11811 0.511811 
vn -0.740157 -0.401575 -0.543307 
vn -0.606299 0.015748 -0.795276 
vn -0.755906 -0.0944882 0.645669 
vn -0.866142 -0.11811 0.480315 
vn -0.566929 0.015748 -0.818898 
vn -0.779528 -0.015748 -0.622047 
vn -0.708661 -0.291339 0.637795 
vn -0.937008 -0.0866142 -0.338583 
vn -0.425197 -0.165354 0.889764 
vn -0.582677 -0.23622 0.779528 
vn -0.149606 -0.173228 0.976378 
vn -0.330709 -0.23622 0.913386 
vn -0.488189 -0.291339 0.818898 
vn -0.322835 -0.204724 0.92126 
vn -0.984252 -0.125984 -0.133858 
vn -0.141732 -0.165354 0.976378 
vn -0.23622 -0.0944882 0.968504 
vn -0.992126 -0.0944882 -0.0314961 
vn -0.0472441 -0.0708661 1 
vn -0.204724 0 0.976378 
vn -1 0.0393701 -0.00787402 
vn -0.96063 0.275591 -0.015748 
vn -0.00787402 0 1 
vn 0 -0.015748 1 
vn -0.19685 0.0393701 0.976378 
vn -0.913386 0.409449 -0.015748 
vn -0.188976 0.0314961 0.984252 
vn 0 -0.0472441 1 
vn 0.173228 -0.102362 0.976378 
vn 0.181102 -0.0551181 0.984252 
vn 0.346457 0.889764 -0.307087 
vn 0.716535 0.00787402 0.700787 
vn 0.834646 0.19685 -0.511811 
vn 0.984252 0.015748 -0.188976 
vn 0.708661 0.244094 -0.661417 
vn 0.19685 0.913386 -0.362205 
vn 0.385827 -0.0314961 0.92126 
vn 0.559055 0.291339 -0.771654 
vn 0.992126 -0.0472441 -0.141732 
vn 0.314961 -0.023622 0.952756 
vn 0.0787402 0.897638 -0.425197 
vn 0.496063 -0.0629921 0.866142 
vn 0.929134 0.0472441 -0.370079 
vn 0.944882 -0.0629921 -0.330709 
vn 0.944882 -0.0314961 -0.338583 
vn 0.755906 -0.102362 0.645669 
vn 0.858268 -0.0629921 -0.511811 
vn 0.858268 -0.0708661 -0.503937 
vn 0.740157 -0.0866142 -0.669291 
vn 0.480315 -0.0472441 -0.874016 
vn -0.519685 0.0708661 -0.850394 
vn 0.834646 0.0787402 -0.543307 
vn -0.307087 0.00787402 -0.952756 
vn -0.314961 0.0393701 -0.952756 
vn -0.653543 0.0629921 -0.755906 
vn -0.84252 0.488189 -0.228346 
vn -0.984252 -0.0629921 0.188976 
vn -0.818898 -0.275591 0.503937 
vn -0.598425 0.346457 0.724409 
vn -0.480315 0.393701 0.779528 
vn -0.984252 0.0787402 0.15748 
vn -0.929134 -0.0472441 0.370079 
vn -0.716535 -0.244094 0.653543 
vn -0.370079 0.393701 0.84252 
vn -0.582677 -0.188976 0.787402 
vn 0.606299 0.566929 0.559055 
vn 0.716535 0.00787402 0.700787 
vn -0.850394 -0.023622 0.527559 
vn 0.385827 -0.0314961 0.92126 
vn -0.944882 0.0629921 0.330709 
vn -0.866142 0.0393701 0.496063 
vn 0.314961 -0.023622 0.952756 
vn -0.929134 0.110236 0.354331 
vn -0.858268 0.0629921 0.511811 
vn -0.748031 0.00787402 0.661417 
vn 0.496063 -0.0629921 0.866142 
vn -0.76378 0.110236 -0.637795 
vn -0.76378 0.0866142 0.637795 
vn -0.645669 0.023622 0.76378 
vn -0.496063 -0.0314961 0.866142 
vn 0.755906 -0.102362 0.645669 
vn -0.937008 0.0708661 -0.346457 
vn -0.527559 0.0314961 0.850394 
vn -0.370079 -0.00787402 0.929134 
vn -0.19685 -0.0551181 0.976378 
vn 0.929134 -0.0787402 0.362205 
vn 0.984252 0.0551181 0.141732 
vn 0.0393701 -0.0393701 1 
vn 0.937008 0.346457 0.0393701 
vn -0.141732 -0.0314961 0.992126 
vn 0.149606 0.00787402 0.992126 
vn 0.858268 0.519685 0.015748 
vn 0.173228 0.0314961 0.984252 
vn -0.00787402 -0.0472441 1 
vn 0.0314961 -0.0551181 1 
vn -0.133858 -0.15748 0.976378 
vn -0.322835 -0.0314961 0.944882 
vn -0.188976 -0.11811 0.976378 
vn -0.834646 -0.551181 0.023622 
vn -0.992126 -0.0866142 -0.11811 
vn -0.92126 -0.385827 -0.00787402 
vn -0.204724 -0.0708661 -0.976378 
vn -0.181102 -0.0393701 -0.984252 
vn -0.0629921 -0.00787402 -1 
vn 0 0.0393701 -1 
vn -0.0393701 0.0472441 -1 
vn 0.11811 0.141732 -0.984252 
vn 0.173228 -0.00787402 -0.984252 
vn 0.133858 0.0314961 -0.992126 
vn 0.362205 0.00787402 -0.929134 
vn 0.165354 0.110236 -0.976378 
vn 0.937008 0.346457 0.0393701 
vn 0.858268 0.519685 0.015748 
vn 0.314961 0.0551181 -0.944882 
vn 0.984252 0.0551181 0.141732 
vn 0.535433 0.023622 -0.84252 
vn 0.929134 -0.0787402 0.362205 
vn 0.779528 0 -0.622047 
vn 0.645669 -0.023622 -0.76378 
vn 0.275591 -0.76378 -0.582677 
vn 0.566929 -0.771654 -0.283465 
vn 0.889764 -0.0866142 -0.448819 
vn 0.661417 -0.740157 0.0944882 
vn 0.417323 -0.0787402 -0.905512 
vn 0.992126 -0.0393701 0.141732 
vn 0 -0.76378 -0.645669 
vn 0.771654 0.0472441 0.637795 
vn 0 -0.0629921 -1 
vn 0.551181 -0.677165 0.480315 
vn 0.417323 -0.582677 0.700787 
vn 0.511811 0.133858 0.850394 
vn -0.425197 -0.0787402 -0.905512 
vn -0.275591 -0.76378 -0.582677 
vn -0.889764 -0.0866142 -0.448819 
vn -0.566929 -0.771654 -0.283465 
vn -0.661417 -0.740157 0.0944882 
vn -0.992126 -0.0393701 0.141732 
vn -0.771654 0.0472441 0.637795 
vn -0.551181 -0.677165 0.480315 
vn -0.417323 -0.582677 0.700787 
vn -0.511811 0.133858 0.850394 
vn -0.992126 0.00787402 0.133858 
vn -0.874016 -0.0787402 0.488189 
vn -0.795276 0.212598 -0.574803 
vn -0.748031 -0.00787402 0.661417 
vn 0.629921 0.188976 -0.755906 
vn 0.88189 0.110236 -0.456693 
vn 0.755906 0.0393701 -0.653543 
vn 0.944882 -0.0314961 -0.322835 
vn 0.84252 -0.0944882 -0.535433 
vn 0.976378 -0.15748 -0.165354 
vn 0.708661 -0.0866142 0.700787 
vn 0.299213 -0.149606 0.944882 
vn -0.181102 -0.15748 0.968504 
vn 0.92126 -0.228346 0.322835 
vn -0.244094 -0.0393701 0.968504 
vn 0.976378 -0.165354 0.165354 
vn 0.850394 -0.314961 0.425197 
vn 0 0.102362 0.992126 
vn 0.913386 -0.314961 0.259843 
vn 0.716535 -0.582677 0.385827 
vn 0.0472441 -0.80315 0.590551 
vn 0.354331 -0.015748 0.937008 
vn 0.519685 -0.00787402 0.858268 
vn -0.566929 -0.385827 0.724409 
vn 0.559055 -0.110236 0.818898 
vn -0.0472441 -0.874016 0.480315 
vn -0.622047 -0.015748 0.787402 
vn 0.708661 -0.417323 0.566929 
vn -0.685039 -0.393701 0.614173 
vn -0.748031 0 0.661417 
vn -0.291339 0.0866142 0.952756 
vn 0.740157 -0.669291 0 
vn 0.0314961 0.023622 1 
vn -0.448819 0.125984 0.88189 
vn -0.149606 0.0866142 0.984252 
vn -0.858268 0.015748 0.511811 
vn -0.606299 0.188976 0.771654 
vn -0.338583 0.188976 0.92126 
vn -0.125984 0.0393701 0.992126 
vn 0.307087 -0.472441 0.826772 
vn 0.314961 0.0472441 0.952756 
vn 0.850394 -0.448819 0.283465 
vn 0.850394 0.275591 0.440945 
vn 0.322835 -0.92126 0.212598 
vn 0.322835 0.755906 0.574803 
vn -0.23622 -0.937008 0.267717 
vn -0.23622 0.740157 0.629921 
vn -0.76378 0.244094 0.598425 
vn -0.125984 -0.488189 0.866142 
vn -0.755906 -0.480315 0.440945 
vn -0.771654 0.511811 -0.385827 
vn -0.338583 0.188976 0.92126 
vn -0.661417 0.724409 -0.19685 
vn 0.023622 -1 0.015748 
vn 0.00787402 -1 0.0393701 
vn 0 -0.992126 0.110236 
vn -0.00787402 -1 0.0472441 
vn 0.0551181 -1 0.015748 
vn 0.015748 -0.968504 0.259843 
vn 0 -0.850394 0.527559 
vn 0.023622 -0.716535 0.700787 
vn 0.0393701 -0.472441 0.88189 
vn 0.0314961 -0.976378 0.228346 
vn 0.0708661 -1 0.0314961 
vn 0.0708661 -1 0.015748 
vn -0.0314961 -0.275591 0.96063 
vn -0.023622 -0.141732 0.992126 
vn -0.0393701 -0.700787 0.716535 
vn -0.19685 -0.244094 0.952756 
vn -0.220472 -0.0944882 0.968504 
vn -0.00787402 -0.976378 0.228346 
vn -0.314961 -0.677165 0.661417 
vn -0.598425 -0.291339 0.748031 
vn -0.685039 -0.0472441 0.724409 
vn -0.19685 -0.929134 0.322835 
vn -0.889764 -0.275591 0.354331 
vn -0.92126 -0.0629921 0.385827 
vn -0.76378 -0.566929 0.314961 
vn -0.590551 -0.748031 0.307087 
vn -0.944882 -0.291339 0.15748 
vn -0.96063 -0.149606 0.228346 
vn -0.850394 -0.519685 0.0944882 
vn -0.338583 -0.937008 0.0944882 
vn -0.685039 -0.724409 0.0629921 
vn -0.944882 -0.299213 0.110236 
vn -0.976378 -0.181102 0.141732 
vn -0.0472441 -1 0.0708661 
vn -0.401575 -0.92126 0.00787402 
vn -0.0866142 -0.992126 0.015748 
vn -0.0393701 -1 -0.00787402 
vn -0.338583 -0.944882 -0.023622 
vn -0.637795 -0.771654 -0.0314961 
vn -0.669291 -0.740157 -0.0393701 
vn -0.755906 -0.661417 0 
vn -0.858268 -0.519685 -0.0314961 
vn -0.889764 -0.464567 0.0472441 
vn -0.968504 -0.23622 -0.023622 
vn -0.992126 -0.0944882 -0.023622 
vn -1 -0.0629921 -0.0629921 
vn -0.976378 -0.204724 -0.0708661 
vn -0.897638 -0.433071 -0.0708661 
vn -0.984252 -0.173228 -0.0708661 
vn -1 -0.0708661 -0.0472441 
vn -0.96063 -0.165354 -0.220472 
vn -0.992126 -0.0866142 -0.0314961 
vn -0.929134 -0.354331 -0.125984 
vn -0.748031 -0.661417 -0.0708661 
vn -0.582677 -0.811024 -0.0944882 
vn -0.826772 -0.543307 -0.149606 
vn -0.88189 -0.275591 -0.385827 
vn -0.220472 -0.976378 -0.0629921 
vn -0.559055 -0.795276 -0.228346 
vn -0.850394 -0.377953 -0.370079 
vn -0.811024 -0.165354 -0.559055 
vn -0.92126 -0.165354 -0.362205 
vn -0.984252 -0.11811 -0.149606 
vn -0.669291 -0.188976 -0.716535 
vn -0.598425 -0.543307 -0.590551 
vn -0.212598 -0.929134 -0.299213 
vn -0.00787402 -1 -0.0472441 
vn 0.0551181 -1 -0.023622 
vn 0.0472441 -0.952756 -0.291339 
vn 0 -1 -0.0551181 
vn -0.0472441 -0.96063 -0.275591 
vn -0.0314961 -1 0.023622 
vn -0.0314961 -1 0.0551181 
vn 0 -1 0.0551181 
vn -0.0393701 -1 0.0708661 
vn -0.0629921 -1 0.0393701 
vn -0.0393701 -1 0.023622 
vn -0.0472441 -1 0 
vn -0.110236 -0.992126 0.0314961 
vn -0.0393701 -1 0.00787402 
vn -0.023622 -1 0.015748 
vn -0.00787402 -1 0.0393701 
vn -0.102362 -0.992126 0.00787402 
vn 0 -0.992126 0.110236 
vn 0.00787402 -1 0.0472441 
vn -0.0551181 -1 0.015748 
vn -0.015748 -0.968504 0.259843 
vn 0 -0.850394 0.527559 
vn -0.0708661 -1 0.015748 
vn -0.0708661 -1 0.0314961 
vn -0.0314961 -0.976378 0.228346 
vn -0.023622 -0.716535 0.700787 
vn -0.0393701 -0.472441 0.88189 
vn 0.0866142 -0.992126 0.015748 
vn 0.0472441 -1 0.0708661 
vn 0.401575 -0.913386 0.00787402 
vn 0.0314961 -0.275591 0.96063 
vn 0.023622 -0.141732 0.992126 
vn 0.0393701 -0.700787 0.716535 
vn 0.19685 -0.244094 0.952756 
vn 0.220472 -0.0944882 0.968504 
vn 0.00787402 -0.976378 0.228346 
vn 0.598425 -0.291339 0.748031 
vn 0.685039 -0.0472441 0.724409 
vn 0.314961 -0.677165 0.661417 
vn 0.19685 -0.929134 0.322835 
vn 0.338583 -0.937008 0.0944882 
vn 0.889764 -0.275591 0.354331 
vn 0.92126 -0.0629921 0.385827 
vn 0.76378 -0.559055 0.314961 
vn 0.590551 -0.748031 0.307087 
vn 0.944882 -0.291339 0.15748 
vn 0.96063 -0.149606 0.228346 
vn 0.685039 -0.724409 0.0629921 
vn 0.850394 -0.519685 0.0944882 
vn 0.944882 -0.299213 0.110236 
vn 0.976378 -0.181102 0.141732 
vn 0.889764 -0.464567 0.0472441 
vn 0.968504 -0.23622 -0.023622 
vn 0.992126 -0.0944882 -0.023622 
vn 1 -0.0629921 -0.0629921 
vn 0.755906 -0.661417 0 
vn 0.858268 -0.519685 -0.0314961 
vn 0.637795 -0.771654 -0.0314961 
vn 0.976378 -0.204724 -0.0708661 
vn 0.897638 -0.433071 -0.0708661 
vn 0.984252 -0.173228 -0.0708661 
vn 1 -0.0708661 -0.0472441 
vn 0.748031 -0.661417 -0.0708661 
vn 0.929134 -0.354331 -0.125984 
vn 0.96063 -0.165354 -0.220472 
vn 0.992126 -0.0866142 -0.0314961 
vn 0.88189 -0.275591 -0.385827 
vn 0.811024 -0.165354 -0.559055 
vn 0.92126 -0.165354 -0.362205 
vn 0.984252 -0.11811 -0.149606 
vn 0.724409 -0.645669 -0.251969 
vn 1 -0.015748 -0.0314961 
vn 0.92126 -0.346457 -0.149606 
vn 0.755906 -0.606299 -0.251969 
vn 1 -0.00787402 0.023622 
vn 0.771654 -0.622047 -0.133858 
vn 0.944882 -0.330709 0.0314961 
vn 0.968504 -0.00787402 0.23622 
vn 0.92126 -0.322835 0.220472 
vn 0.755906 -0.645669 0.0708661 
vn 0.944882 0.00787402 0.322835 
vn 0.874016 -0.330709 0.362205 
vn 0.748031 -0.614173 0.251969 
vn 0.88189 0.0472441 0.472441 
vn 0.653543 -0.307087 0.685039 
vn 0.598425 -0.614173 0.511811 
vn 0.535433 0.102362 0.834646 
vn 0.354331 -0.606299 0.708661 
vn 0.291339 -0.291339 0.913386 
vn 0.102362 0.0944882 0.992126 
vn 0.204724 -0.645669 0.732283 
vn 0.102362 -0.307087 0.944882 
vn -0.00787402 0.023622 1 
vn 0.0551181 -0.448819 0.889764 
vn -0.0551181 -0.125984 0.992126 
vn 0.125984 -0.740157 0.661417 
vn -0.0944882 -0.283465 0.952756 
vn 0.023622 -0.653543 0.755906 
vn 0.149606 -0.858268 0.496063 
vn 0 -0.929134 0.377953 
vn 0 -0.834646 0.551181 
vn -0.11811 -0.748031 0.653543 
vn 0 -0.84252 0.535433 
vn -1 -0.015748 -0.0314961 
vn -0.724409 -0.645669 -0.251969 
vn -0.92126 -0.346457 -0.149606 
vn -0.748031 -0.606299 -0.251969 
vn -1 -0.00787402 0.023622 
vn -0.771654 -0.622047 -0.133858 
vn -0.944882 -0.330709 0.0314961 
vn -0.968504 -0.00787402 0.23622 
vn -0.92126 -0.322835 0.220472 
vn -0.755906 -0.645669 0.0708661 
vn -0.944882 0.00787402 0.322835 
vn -0.874016 -0.330709 0.362205 
vn -0.748031 -0.614173 0.251969 
vn -0.88189 0.0472441 0.472441 
vn -0.653543 -0.307087 0.685039 
vn -0.598425 -0.614173 0.511811 
vn -0.535433 0.102362 0.834646 
vn -0.354331 -0.606299 0.708661 
vn -0.291339 -0.291339 0.913386 
vn -0.102362 0.0944882 0.992126 
vn -0.204724 -0.645669 0.732283 
vn -0.102362 -0.307087 0.944882 
vn 0.00787402 0.023622 1 
vn -0.0551181 -0.448819 0.889764 
vn 0.0551181 -0.125984 0.992126 
vn -0.125984 -0.740157 0.661417 
vn 0.0944882 -0.283465 0.952756 
vn -0.023622 -0.653543 0.755906 
vn -0.149606 -0.858268 0.496063 
vn 0 -0.929134 0.377953 
vn 0 -0.834646 0.551181 
vn 0.11811 -0.748031 0.653543 
vn 0 -0.84252 0.535433 
vn -0.23622 0.88189 0.417323 
vn -0.0551181 0.897638 0.433071 
vn 0.0314961 1 0.023622 
vn 0 1 0.00787402 
vn 0 0.889764 0.448819 
vn -0.0944882 0.992126 0.0314961 
vn -0.125984 0.661417 0.740157 
vn 0 0.653543 0.755906 
vn -0.330709 0.622047 0.708661 
vn -0.165354 0.787402 0.590551 
vn 0.228346 0.88189 0.417323 
vn -0.0314961 1 0.023622 
vn 0.0551181 0.897638 0.433071 
vn 0 1 0.00787402 
vn 0 0.889764 0.448819 
vn 0.0944882 0.992126 0.0314961 
vn 0.125984 0.661417 0.740157 
vn 0 0.653543 0.755906 
vn 0.330709 0.622047 0.708661 
vn 0.165354 0.787402 0.590551 

vt 0.787878 0.0834916 
vt 0.752843 0.100952 
vt 0.783382 0.0756645 
vt 0.815931 0.0627529 
vt 0.810833 0.0573586 
vt 0.817853 0.065191 
vt 0.789476 0.086118 
vt 0.754074 0.103712 
vt 0.748565 0.0922083 
vt 0.710347 0.120429 
vt 0.709371 0.117592 
vt 0.705804 0.109363 
vt 0.681946 0.125637 
vt 0.676671 0.117294 
vt 0.383442 0.0530506 
vt 0.348409 0.0355864 
vt 0.352905 0.0277598 
vt 0.320357 0.014845 
vt 0.325457 0.00945115 
vt 0.318435 0.017283 
vt 0.34681 0.0382127 
vt 0.38221 0.0558107 
vt 0.38772 0.0443069 
vt 0.425936 0.0725315 
vt 0.426913 0.0696942 
vt 0.43048 0.0614665 
vt 0.454337 0.0777428 
vt 0.459612 0.0693993 
vt 0.236692 0.0652114 
vt 0.245322 0.0419663 
vt 0.245744 0.0666802 
vt 0.23677 0.0372989 
vt 0.250074 0.087718 
vt 0.256098 0.069285 
vt 0.259047 0.0887355 
vt 0.255512 0.0447167 
vt 0.223877 0.0099861 
vt 0.21662 0.0103467 
vt 0.216821 0.00945854 
vt 0.223977 0.00836653 
vt 0.233687 0.00776052 
vt 0.248643 0.0206603 
vt 0.235749 0.0093199 
vt 0.242248 0.00738418 
vt 0.243883 0.00899136 
vt 0.258479 0.00920379 
vt 0.264679 0.0290658 
vt 0.261666 0.0118102 
vt 0.287595 0.0160019 
vt 0.259684 0.0158942 
vt 0.287911 0.0175396 
vt 0.304142 0.0217841 
vt 0.286353 0.0206863 
vt 0.285254 0.0270672 
vt 0.264962 0.0474856 
vt 0.303877 0.0233424 
vt 0.282151 0.0384321 
vt 0.299905 0.0283847 
vt 0.31538 0.0298907 
vt 0.298183 0.0341423 
vt 0.294156 0.0378861 
vt 0.305204 0.0343641 
vt 0.313731 0.0309994 
vt 0.317726 0.0390741 
vt 0.319907 0.0381081 
vt 0.307907 0.0408024 
vt 0.304629 0.041002 
vt 0.321174 0.0508507 
vt 0.323262 0.0500056 
vt 0.311656 0.0513979 
vt 0.326352 0.06406 
vt 0.303591 0.0553651 
vt 0.300309 0.0408909 
vt 0.315418 0.0655764 
vt 0.32472 0.0651339 
vt 0.330653 0.079085 
vt 0.29146 0.0520517 
vt 0.328954 0.0793014 
vt 0.316553 0.0806154 
vt 0.330468 0.0945452 
vt 0.332093 0.0945392 
vt 0.330358 0.109707 
vt 0.303243 0.07021 
vt 0.298406 0.0571072 
vt 0.298358 0.0719631 
vt 0.301235 0.0803201 
vt 0.293658 0.0747772 
vt 0.288932 0.0717053 
vt 0.290413 0.0876344 
vt 0.314109 0.0924992 
vt 0.300783 0.0944936 
vt 0.290129 0.0962601 
vt 0.282017 0.0860797 
vt 0.299667 0.10744 
vt 0.312937 0.107395 
vt 0.312332 0.119634 
vt 0.328915 0.109712 
vt 0.328472 0.122464 
vt 0.329994 0.12259 
vt 0.33052 0.138045 
vt 0.323203 0.137744 
vt 0.304696 0.137042 
vt 0.316831 0.156027 
vt 0.329261 0.152205 
vt 0.329208 0.138442 
vt 0.331103 0.152026 
vt 0.0484383 0.0673364 
vt 0.0519814 0.0812614 
vt 0.0440126 0.0866085 
vt 0.0554487 0.107285 
vt 0.0715402 0.0700061 
vt 0.0639196 0.0492959 
vt 0.080921 0.0628735 
vt 0.0906874 0.0904648 
vt 0.0608795 0.125436 
vt 0.0515917 0.112779 
vt 0.0457328 0.122283 
vt 0.0795954 0.0974171 
vt 0.095506 0.112897 
vt 0.104919 0.108283 
vt 0.0648396 0.104622 
vt 0.0775596 0.118178 
vt 0.116902 0.124798 
vt 0.0693618 0.120007 
vt 0.110043 0.127119 
vt 0.117495 0.13805 
vt 0.100771 0.129941 
vt 0.108267 0.140065 
vt 0.112719 0.15194 
vt 0.0955034 0.134247 
vt 0.101578 0.144086 
vt 0.104958 0.154178 
vt 0.0953986 0.154025 
vt 0.0919744 0.144045 
vt 0.0852954 0.154216 
vt 0.0845155 0.133821 
vt 0.0823986 0.146346 
vt 0.0750698 0.137971 
vt 0.075945 0.155904 
vt 0.0794674 0.181102 
vt 0.0683933 0.185217 
vt 0.0711411 0.146604 
vt 0.0671619 0.161782 
vt 0.0518531 0.170331 
vt 0.0650271 0.13473 
vt 0.0597762 0.151196 
vt 0.0526408 0.137629 
vt 0.0453795 0.157339 
vt 0.037139 0.141574 
vt 0.028963 0.129589 
vt 0.0200809 0.151504 
vt 0.0146044 0.133869 
vt 0.0290335 0.167506 
vt 0.0357757 0.181254 
vt 0.012613 0.134418 
vt 0.0274442 0.1682 
vt 0.0182776 0.152268 
vt 0.268579 0.875139 
vt 0.261404 0.861078 
vt 0.278277 0.868131 
vt 0.283167 0.885182 
vt 0.267451 0.877874 
vt 0.284677 0.882643 
vt 0.292401 0.877312 
vt 0.294974 0.894166 
vt 0.29654 0.891684 
vt 0.303887 0.885859 
vt 0.306747 0.897517 
vt 0.30549 0.900049 
vt 0.3125 0.89138 
vt 0.320573 0.903616 
vt 0.319551 0.906246 
vt 0.32777 0.896048 
vt 0.337611 0.912208 
vt 0.338804 0.909596 
vt 0.34672 0.903707 
vt 0.370726 0.92725 
vt 0.36941 0.929783 
vt 0.378473 0.92249 
vt 0.397031 0.94265 
vt 0.398046 0.940014 
vt 0.396826 0.931161 
vt 0.419718 0.9497 
vt 0.40676 0.935059 
vt 0.42148 0.947073 
vt 0.41862 0.938253 
vt 0.427589 0.939941 
vt 0.73768 0.202241 
vt 0.730505 0.216302 
vt 0.720807 0.209294 
vt 0.731633 0.219037 
vt 0.715916 0.226345 
vt 0.714406 0.223806 
vt 0.706682 0.218475 
vt 0.704109 0.235329 
vt 0.702543 0.232846 
vt 0.695196 0.227022 
vt 0.692336 0.23868 
vt 0.693593 0.241212 
vt 0.686583 0.232543 
vt 0.67851 0.244778 
vt 0.679532 0.247408 
vt 0.671313 0.23721 
vt 0.661472 0.25337 
vt 0.660279 0.250758 
vt 0.652363 0.244869 
vt 0.628357 0.268412 
vt 0.629673 0.270945 
vt 0.62061 0.263652 
vt 0.602052 0.283812 
vt 0.601036 0.281175 
vt 0.602257 0.272322 
vt 0.579364 0.290861 
vt 0.592323 0.27622 
vt 0.577602 0.288234 
vt 0.580462 0.279414 
vt 0.571493 0.281101 
vt 0.173151 0.014098 
vt 0.176836 0.00936586 
vt 0.176833 0.0140592 
vt 0.172884 0.0174518 
vt 0.17695 0.0173807 
vt 0.170295 0.014335 
vt 0.179505 0.0142636 
vt 0.170296 0.00914419 
vt 0.179505 0.00912333 
vt 0.176956 0.00603408 
vt 0.173154 0.00936633 
vt 0.17289 0.00600123 
vt 0.283633 0.0503412 
vt 0.280762 0.0725585 
vt 0.27497 0.0872599 
vt 0.26694 0.0714391 
vt 0.228053 0.0849459 
vt 0.236692 0.0652114 
vt 0.229979 0.086365 
vt 0.210083 0.100547 
vt 0.23454 0.0648525 
vt 0.209017 0.0981881 
vt 0.234854 0.037945 
vt 0.182606 0.107633 
vt 0.23677 0.0372989 
vt 0.215626 0.0121383 
vt 0.21662 0.0103467 
vt 0.18224 0.104891 
vt 0.153332 0.105333 
vt 0.152915 0.108125 
vt 0.128241 0.0969335 
vt 0.126603 0.0991982 
vt 0.110703 0.0779495 
vt 0.112988 0.0766671 
vt 0.101221 0.0464682 
vt 0.0987879 0.0465605 
vt 0.111705 0.0092051 
vt 0.109817 0.00762099 
vt 0.862138 0.0693962 
vt 0.861534 0.0747206 
vt 0.861243 0.069413 
vt 0.862138 0.0557808 
vt 0.863043 0.0345144 
vt 0.861846 0.0345796 
vt 0.861188 0.00631893 
vt 0.862251 0.00662595 
vt 0.863999 0.00717133 
vt 0.863362 0.0557632 
vt 0.865293 0.0344318 
vt 0.865748 0.00765032 
vt 0.863045 0.069378 
vt 0.867659 0.0344217 
vt 0.866747 0.00793666 
vt 0.86907 0.0344597 
vt 0.865529 0.0557746 
vt 0.867758 0.0558404 
vt 0.86907 0.0559105 
vt 0.86758 0.0698327 
vt 0.866509 0.0696586 
vt 0.866116 0.0750056 
vt 0.864725 0.0694595 
vt 0.865211 0.0748298 
vt 0.865771 0.0775193 
vt 0.863809 0.0746711 
vt 0.862629 0.0746707 
vt 0.864976 0.0774608 
vt 0.863725 0.0774359 
vt 0.862096 0.0747583 
vt 0.862644 0.0774683 
vt 0.86155 0.0774975 
vt 0.860542 0.0774871 
vt 0.8621 0.0774981 
vt 0.861507 0.0817577 
vt 0.862118 0.0817607 
vt 0.86214 0.0875539 
vt 0.861514 0.0875681 
vt 0.862261 0.0944259 
vt 0.862769 0.0875824 
vt 0.862731 0.0817559 
vt 0.863854 0.0817431 
vt 0.863886 0.0876101 
vt 0.86505 0.0817391 
vt 0.865768 0.0817463 
vt 0.865026 0.0876248 
vt 0.865691 0.087638 
vt 0.865349 0.0945972 
vt 0.864797 0.0945724 
vt 0.864403 0.101664 
vt 0.863825 0.0945445 
vt 0.864039 0.101614 
vt 0.514593 0.262816 
vt 0.535404 0.273155 
vt 0.535259 0.273733 
vt 0.55033 0.273006 
vt 0.51424 0.263398 
vt 0.550397 0.273647 
vt 0.490985 0.247075 
vt 0.568079 0.269525 
vt 0.490579 0.247661 
vt 0.567863 0.268893 
vt 0.45252 0.220232 
vt 0.581774 0.262576 
vt 0.452933 0.219662 
vt 0.582068 0.263168 
vt 0.406604 0.185829 
vt 0.5975 0.253734 
vt 0.407028 0.185269 
vt 0.366441 0.155372 
vt 0.366916 0.154816 
vt 0.597811 0.254318 
vt 0.613416 0.245739 
vt 0.613665 0.246354 
vt 0.284603 0.800211 
vt 0.305414 0.789871 
vt 0.284747 0.800788 
vt 0.269677 0.800061 
vt 0.305767 0.790453 
vt 0.269609 0.800702 
vt 0.329022 0.77413 
vt 0.251927 0.79658 
vt 0.329428 0.774716 
vt 0.252143 0.795948 
vt 0.367487 0.747287 
vt 0.238233 0.789631 
vt 0.367073 0.746718 
vt 0.237939 0.790223 
vt 0.413403 0.712885 
vt 0.222506 0.780789 
vt 0.412979 0.712324 
vt 0.453566 0.682427 
vt 0.453091 0.681872 
vt 0.222196 0.781373 
vt 0.206591 0.772794 
vt 0.206341 0.773409 
vt 0.162747 0.845249 
vt 0.13592 0.849814 
vt 0.160934 0.835501 
vt 0.138708 0.857665 
vt 0.0965853 0.875866 
vt 0.180022 0.841329 
vt 0.183952 0.826745 
vt 0.164058 0.848142 
vt 0.140424 0.860468 
vt 0.180559 0.844403 
vt 0.101064 0.886692 
vt 0.193208 0.841928 
vt 0.199402 0.829546 
vt 0.192742 0.844934 
vt 0.210247 0.847027 
vt 0.209222 0.849972 
vt 0.216775 0.834758 
vt 0.222205 0.855189 
vt 0.223439 0.852404 
vt 0.230174 0.842077 
vt 0.239079 0.860343 
vt 0.237589 0.863017 
vt 0.245394 0.852275 
vt 0.253684 0.869624 
vt 0.252368 0.872321 
vt 0.83815 0.176666 
vt 0.863164 0.190979 
vt 0.836336 0.186414 
vt 0.860376 0.19883 
vt 0.902498 0.217031 
vt 0.819062 0.182493 
vt 0.815132 0.167909 
vt 0.835025 0.189307 
vt 0.858659 0.201633 
vt 0.818524 0.185567 
vt 0.898019 0.227857 
vt 0.805876 0.183092 
vt 0.799682 0.17071 
vt 0.806341 0.186099 
vt 0.788837 0.188191 
vt 0.789862 0.191136 
vt 0.782309 0.175922 
vt 0.776879 0.196352 
vt 0.775645 0.193568 
vt 0.76891 0.183241 
vt 0.760005 0.201507 
vt 0.761495 0.204181 
vt 0.75369 0.193439 
vt 0.7454 0.210787 
vt 0.746715 0.213485 
vt 0.154574 0.0492778 
vt 0.156646 0.0668682 
vt 0.155997 0.0670191 
vt 0.193484 0.13902 
vt 0.193193 0.169724 
vt 0.187567 0.139858 
vt 0.200185 0.168365 
vt 0.198273 0.194019 
vt 0.211748 0.134648 
vt 0.186182 0.171182 
vt 0.191266 0.125296 
vt 0.181681 0.141043 
vt 0.185201 0.125703 
vt 0.179263 0.127194 
vt 0.162438 0.143291 
vt 0.184426 0.120692 
vt 0.19259 0.120491 
vt 0.176453 0.123031 
vt 0.215445 0.1203 
vt 0.226237 0.132005 
vt 0.232482 0.16257 
vt 0.231787 0.131395 
vt 0.231811 0.118859 
vt 0.240453 0.118726 
vt 0.238841 0.105632 
vt 0.218073 0.113712 
vt 0.245226 0.104687 
vt 0.182606 0.107633 
vt 0.210083 0.100547 
vt 0.152915 0.108125 
vt 0.217164 0.110895 
vt 0.229979 0.086365 
vt 0.238463 0.0880607 
vt 0.832582 0.0970718 
vt 0.834715 0.118083 
vt 0.833982 0.118107 
vt 0.8866 0.0874704 
vt 0.885662 0.0776727 
vt 0.886762 0.0776664 
vt 0.885797 0.0686761 
vt 0.887537 0.087535 
vt 0.886376 0.100033 
vt 0.886922 0.10015 
vt 0.887859 0.0777123 
vt 0.889103 0.0876572 
vt 0.887915 0.100359 
vt 0.888908 0.100569 
vt 0.889716 0.0777913 
vt 0.890622 0.087783 
vt 0.889481 0.100682 
vt 0.891478 0.087858 
vt 0.891523 0.0778732 
vt 0.892539 0.0779256 
vt 0.89288 0.0688118 
vt 0.891801 0.068784 
vt 0.892878 0.0598077 
vt 0.889905 0.0687501 
vt 0.89181 0.0597792 
vt 0.892828 0.0508933 
vt 0.887994 0.0687217 
vt 0.889944 0.059752 
vt 0.891789 0.0508533 
vt 0.892825 0.0425676 
vt 0.886895 0.0687011 
vt 0.888075 0.0597412 
vt 0.887007 0.0597304 
vt 0.88594 0.0596876 
vt 0.887067 0.0507807 
vt 0.88813 0.0508 
vt 0.887027 0.0424237 
vt 0.889966 0.0508173 
vt 0.888096 0.0424615 
vt 0.886992 0.0343125 
vt 0.889941 0.042495 
vt 0.891775 0.0425287 
vt 0.89288 0.0343834 
vt 0.888065 0.0343398 
vt 0.888191 0.0240088 
vt 0.8918 0.0343726 
vt 0.892734 0.0239415 
vt 0.88993 0.0343619 
vt 0.88994 0.0239815 
vt 0.889502 0.00621343 
vt 0.891709 0.0239592 
vt 0.890684 0.00633001 
vt 0.891366 0.00636184 
vt 0.0481381 0.214529 
vt 0.047816 0.241041 
vt 0.0463021 0.241094 
vt 0.0572924 0.241048 
vt 0.0653774 0.274195 
vt 0.0515185 0.273324 
vt 0.050177 0.213728 
vt 0.043012 0.198952 
vt 0.041394 0.199199 
vt 0.0651429 0.211191 
vt 0.034178 0.182148 
vt 0.0491014 0.195136 
vt 0.0703165 0.240476 
vt 0.0804103 0.211504 
vt 0.0874147 0.239155 
vt 0.0927643 0.21129 
vt 0.101316 0.239682 
vt 0.0906232 0.184447 
vt 0.105533 0.212106 
vt 0.111247 0.239582 
vt 0.0983754 0.184736 
vt 0.114049 0.21139 
vt 0.126734 0.211496 
vt 0.10931 0.185122 
vt 0.117727 0.184878 
vt 0.12744 0.184308 
vt 0.122766 0.150317 
vt 0.130629 0.149858 
vt 0.143536 0.18113 
vt 0.141206 0.147469 
vt 0.153082 0.178616 
vt 0.127424 0.137782 
vt 0.147051 0.14602 
vt 0.136453 0.134655 
vt 0.153735 0.130264 
vt 0.148874 0.124372 
vt 0.124047 0.123346 
vt 0.148882 0.121124 
vt 0.126603 0.0991982 
vt 0.11786 0.104201 
vt 0.110703 0.0779495 
vt 0.10115 0.0832943 
vt 0.0911684 0.0554515 
vt 0.0987879 0.0465605 
vt 0.101512 0.0103393 
vt 0.109817 0.00762099 
vt 0.109209 0.00671029 
vt 0.100703 0.00856322 
vt 0.0895353 0.0120511 
vt 0.0782838 0.0329661 
vt 0.0878887 0.0146886 
vt 0.0797527 0.0153055 
vt 0.078607 0.0178149 
vt 0.0622979 0.0243422 
vt 0.059846 0.0286455 
vt 0.0325602 0.044587 
vt 0.0638344 0.0323731 
vt 0.0328758 0.0464507 
vt 0.0165049 0.058332 
vt 0.0359972 0.0493028 
vt 0.0400117 0.0559768 
vt 0.0174879 0.0599648 
vt 0.0241641 0.0638754 
vt 0.00746227 0.0723996 
vt 0.00980421 0.0729142 
vt 0.0208581 0.0729163 
vt 0.00890151 0.0837546 
vt 0.00602369 0.0836411 
vt 0.0206756 0.081326 
vt 0.0102957 0.0985106 
vt 0.00757425 0.0985021 
vt 0.0104768 0.115661 
vt 0.0211903 0.094852 
vt 0.0127924 0.116115 
vt 0.0233679 0.11237 
vt 0.0244333 0.080097 
vt 0.0319551 0.0956772 
vt 0.0286261 0.0695683 
vt 0.0389718 0.112021 
vt 0.0347797 0.0719857 
vt 0.0292199 0.0780586 
vt 0.0385075 0.0953045 
vt 0.0451558 0.111771 
vt 0.0308765 0.00651526 
vt 0.0346943 0.00878263 
vt 0.0308663 0.0090031 
vt 0.0347046 0.00629485 
vt 0.0384603 0.00866699 
vt 0.0384706 0.00617915 
vt 0.0271335 0.00665426 
vt 0.0271232 0.0091421 
vt 0.0222427 0.00665331 
vt 0.0222325 0.00914115 
vt 0.0184677 0.0089944 
vt 0.0184779 0.00650656 
vt 0.0146416 0.00874239 
vt 0.0146518 0.00625455 
vt 0.0108998 0.00857246 
vt 0.0109101 0.00608456 
vt 0.00600925 0.00853306 
vt 0.00601952 0.00604516 
vt 0.0517615 0.917551 
vt 0.00744925 0.938374 
vt 0.0492484 0.908697 
vt 0.0106682 0.945701 
vt 0.012568 0.94843 
vt 0.0536455 0.920187 
vt 0.0992325 0.884029 
vt 0.947321 0.258717 
vt 0.991633 0.27954 
vt 0.988414 0.286868 
vt 0.986514 0.289597 
vt 0.949834 0.249863 
vt 0.945437 0.261353 
vt 0.899851 0.225194 
vt 0.286751 0.144514 
vt 0.295147 0.166798 
vt 0.280598 0.147576 
vt 0.285185 0.172456 
vt 0.272252 0.121668 
vt 0.305027 0.162164 
vt 0.27183 0.151901 
vt 0.299766 0.19297 
vt 0.264513 0.125015 
vt 0.280453 0.118404 
vt 0.257355 0.125773 
vt 0.263922 0.115659 
vt 0.271698 0.112472 
vt 0.294451 0.137806 
vt 0.280145 0.111154 
vt 0.288486 0.116592 
vt 0.297449 0.118238 
vt 0.289188 0.10762 
vt 0.283232 0.102087 
vt 0.274367 0.101856 
vt 0.265671 0.105724 
vt 0.257132 0.114548 
vt 0.260044 0.10394 
vt 0.2516 0.104514 
vt 0.24886 0.115829 
vt 0.248426 0.127762 
vt 0.264796 0.154803 
vt 0.277952 0.175223 
vt 0.291727 0.197035 
vt 0.267527 0.180335 
vt 0.256491 0.157918 
vt 0.241624 0.129957 
vt 0.241664 0.161191 
vt 0.254875 0.183658 
vt 0.240822 0.18524 
vt 0.262896 0.204712 
vt 0.250576 0.20995 
vt 0.279059 0.203543 
vt 0.278036 0.23733 
vt 0.748565 0.0922083 
vt 0.783048 0.0750732 
vt 0.783382 0.0756645 
vt 0.810549 0.0567482 
vt 0.810833 0.0573586 
vt 0.748294 0.0915816 
vt 0.705804 0.109363 
vt 0.705588 0.108751 
vt 0.676616 0.116629 
vt 0.676671 0.117294 
vt 0.635761 0.119529 
vt 0.635773 0.120114 
vt 0.592465 0.120586 
vt 0.592568 0.121301 
vt 0.558371 0.126549 
vt 0.558508 0.127239 
vt 0.530123 0.133236 
vt 0.530095 0.133905 
vt 0.511473 0.13108 
vt 0.511331 0.13172 
vt 0.483424 0.127186 
vt 0.483631 0.126587 
vt 0.463481 0.118013 
vt 0.463287 0.118615 
vt 0.415868 0.107133 
vt 0.416099 0.10654 
vt 0.39363 0.0930145 
vt 0.393298 0.0936028 
vt 0.377837 0.0852782 
vt 0.378208 0.0847629 
vt 0.365778 0.0724552 
vt 0.365326 0.0729687 
vt 0.345937 0.0570884 
vt 0.346352 0.0565326 
vt 0.38772 0.0443069 
vt 0.353239 0.0271687 
vt 0.387991 0.0436803 
vt 0.352905 0.0277598 
vt 0.32574 0.00884098 
vt 0.325457 0.00945115 
vt 0.43048 0.0614665 
vt 0.430696 0.0608543 
vt 0.459667 0.0687353 
vt 0.459612 0.0693993 
vt 0.500522 0.071639 
vt 0.50051 0.0722241 
vt 0.543818 0.0727001 
vt 0.543715 0.0734152 
vt 0.577912 0.078666 
vt 0.577774 0.0793563 
vt 0.606158 0.0853564 
vt 0.606187 0.0860254 
vt 0.624808 0.0832015 
vt 0.624951 0.0838423 
vt 0.652858 0.0793107 
vt 0.652651 0.078712 
vt 0.672802 0.0701401 
vt 0.672996 0.0707415 
vt 0.720416 0.0592644 
vt 0.720185 0.0586709 
vt 0.742655 0.0451481 
vt 0.742988 0.0457363 
vt 0.758449 0.0374131 
vt 0.758078 0.0368979 
vt 0.77051 0.0245914 
vt 0.770962 0.0251049 
vt 0.790352 0.00922656 
vt 0.789937 0.00867069 
vt 0.0402198 0.507026 
vt 0.0537692 0.493703 
vt 0.0576265 0.520465 
vt 0.0319466 0.540139 
vt 0.0403909 0.486332 
vt 0.0557193 0.468624 
vt 0.0275341 0.585212 
vt 0.0414598 0.607504 
vt 0.0250361 0.599203 
vt 0.0160735 0.528122 
vt 0.015962 0.498321 
vt 0.0174531 0.579767 
vt 0.0222117 0.600167 
vt 0.0148431 0.579175 
vt 0.00917009 0.525907 
vt 0.00604586 0.525812 
vt 0.00940488 0.497309 
vt 0.00610434 0.497171 
vt 0.0142999 0.480556 
vt 0.00811925 0.478685 
vt 0.00598742 0.478152 
vt 0.0412945 0.463817 
vt 0.0574366 0.439663 
vt 0.0178298 0.462179 
vt 0.0393584 0.436461 
vt 0.0476678 0.384203 
vt 0.0225579 0.434008 
vt 0.0116674 0.459992 
vt 0.00988831 0.459348 
vt 0.0158219 0.433067 
vt 0.0134357 0.43237 
vt 0.0272083 0.382256 
vt 0.0258406 0.381289 
vt 0.035307 0.382365 
vt 0.0577264 0.323438 
vt 0.0374327 0.322865 
vt 0.0355483 0.322083 
vt 0.0447997 0.322694 
vt 0.0447068 0.27287 
vt 0.04301 0.272455 
vt 0.295033 0.229826 
vt 0.307839 0.222758 
vt 0.299107 0.275131 
vt 0.318343 0.265114 
vt 0.318012 0.217614 
vt 0.28348 0.280445 
vt 0.264042 0.242146 
vt 0.239411 0.250701 
vt 0.323582 0.324708 
vt 0.254633 0.29268 
vt 0.228419 0.216588 
vt 0.221364 0.190306 
vt 0.223072 0.255844 
vt 0.212837 0.220711 
vt 0.237895 0.298624 
vt 0.214256 0.166475 
vt 0.206099 0.19263 
vt 0.204744 0.222629 
vt 0.213475 0.258441 
vt 0.224994 0.302339 
vt 0.196602 0.224497 
vt 0.203748 0.260706 
vt 0.190536 0.196008 
vt 0.241825 0.362032 
vt 0.211909 0.305647 
vt 0.258388 0.356723 
vt 0.224917 0.366476 
vt 0.276567 0.349166 
vt 0.260552 0.42428 
vt 0.278588 0.417922 
vt 0.309548 0.331318 
vt 0.302353 0.407666 
vt 0.277342 0.477364 
vt 0.242005 0.429237 
vt 0.298518 0.468118 
vt 0.25464 0.482245 
vt 0.33694 0.387289 
vt 0.29473 0.530231 
vt 0.324064 0.455046 
vt 0.314871 0.520062 
vt 0.351162 0.378712 
vt 0.358036 0.438175 
vt 0.375598 0.427179 
vt 0.347542 0.314247 
vt 0.381497 0.36307 
vt 0.343049 0.507288 
vt 0.396257 0.350173 
vt 0.335958 0.578468 
vt 0.361879 0.305764 
vt 0.332105 0.258246 
vt 0.343884 0.252703 
vt 0.378692 0.297376 
vt 0.328109 0.212151 
vt 0.35607 0.246518 
vt 0.310612 0.186765 
vt 0.324523 0.180705 
vt 0.342807 0.204575 
vt 0.37129 0.238859 
vt 0.334758 0.175751 
vt 0.353013 0.197758 
vt 0.341939 0.171814 
vt 0.343099 0.171226 
vt 0.357965 0.19439 
vt 0.359057 0.193322 
vt 0.387498 0.227345 
vt 0.380787 0.232179 
vt 0.386446 0.228827 
vt 0.423585 0.267258 
vt 0.417001 0.272764 
vt 0.423038 0.268661 
vt 0.458668 0.299128 
vt 0.452727 0.305005 
vt 0.457253 0.300863 
vt 0.475154 0.317189 
vt 0.474181 0.318586 
vt 0.487844 0.328907 
vt 0.408579 0.280294 
vt 0.486567 0.330419 
vt 0.497839 0.342839 
vt 0.470783 0.323401 
vt 0.441438 0.315467 
vt 0.394956 0.289882 
vt 0.429495 0.327224 
vt 0.414012 0.337279 
vt 0.454234 0.336897 
vt 0.483025 0.335052 
vt 0.445981 0.348089 
vt 0.466817 0.353163 
vt 0.495503 0.344706 
vt 0.513358 0.363714 
vt 0.491242 0.348957 
vt 0.511123 0.365489 
vt 0.536333 0.407714 
vt 0.534744 0.409592 
vt 0.542561 0.427211 
vt 0.507268 0.370881 
vt 0.478037 0.368416 
vt 0.460793 0.365797 
vt 0.630429 0.240571 
vt 0.630178 0.239992 
vt 0.645645 0.231862 
vt 0.645297 0.231313 
vt 0.657563 0.223438 
vt 0.657217 0.222887 
vt 0.665477 0.217768 
vt 0.665718 0.218368 
vt 0.679886 0.212401 
vt 0.680124 0.212971 
vt 0.698284 0.202947 
vt 0.698628 0.203477 
vt 0.727889 0.179757 
vt 0.728295 0.180268 
vt 0.745735 0.166379 
vt 0.746094 0.166891 
vt 0.766664 0.155726 
vt 0.766968 0.15634 
vt 0.774759 0.152435 
vt 0.774838 0.153063 
vt 0.189578 0.767626 
vt 0.189829 0.767048 
vt 0.174362 0.758917 
vt 0.17471 0.758368 
vt 0.162443 0.750493 
vt 0.162789 0.749942 
vt 0.15453 0.744823 
vt 0.154288 0.745423 
vt 0.140121 0.739456 
vt 0.139883 0.740026 
vt 0.121722 0.730002 
vt 0.121379 0.730532 
vt 0.0921176 0.706812 
vt 0.0917117 0.707323 
vt 0.074272 0.693434 
vt 0.0739125 0.693945 
vt 0.0533423 0.682781 
vt 0.0530385 0.683395 
vt 0.0452479 0.67949 
vt 0.0451687 0.680118 
vt 0.422056 0.667143 
vt 0.360112 0.641647 
vt 0.391578 0.6212 
vt 0.387943 0.69027 
vt 0.424556 0.671242 
vt 0.337518 0.65259 
vt 0.389848 0.69342 
vt 0.425654 0.67272 
vt 0.39125 0.695685 
vt 0.358024 0.707365 
vt 0.359296 0.71067 
vt 0.36008 0.712705 
vt 0.325272 0.721101 
vt 0.324792 0.71843 
vt 0.283094 0.727108 
vt 0.324095 0.714746 
vt 0.282919 0.725198 
vt 0.232817 0.733626 
vt 0.232566 0.736666 
vt 0.282028 0.720273 
vt 0.198051 0.727724 
vt 0.31312 0.65888 
vt 0.19945 0.726054 
vt 0.155616 0.705369 
vt 0.153888 0.707013 
vt 0.231837 0.726857 
vt 0.117261 0.682351 
vt 0.197245 0.715779 
vt 0.275174 0.66355 
vt 0.22493 0.655653 
vt 0.291631 0.593935 
vt 0.258568 0.599051 
vt 0.189126 0.645139 
vt 0.31429 0.587456 
vt 0.27242 0.534256 
vt 0.241761 0.541089 
vt 0.225815 0.486591 
vt 0.216236 0.434247 
vt 0.187256 0.492826 
vt 0.205245 0.369919 
vt 0.174968 0.436945 
vt 0.166683 0.372653 
vt 0.194186 0.309012 
vt 0.162087 0.313219 
vt 0.186656 0.263988 
vt 0.160011 0.268367 
vt 0.180547 0.227788 
vt 0.156887 0.231917 
vt 0.144647 0.270954 
vt 0.17541 0.200337 
vt 0.15481 0.204056 
vt 0.172182 0.174958 
vt 0.140589 0.208881 
vt 0.142764 0.23282 
vt 0.126747 0.23956 
vt 0.124878 0.272681 
vt 0.145124 0.316736 
vt 0.122067 0.318027 
vt 0.15058 0.374705 
vt 0.157672 0.437903 
vt 0.123235 0.379056 
vt 0.165739 0.494149 
vt 0.121913 0.44229 
vt 0.101122 0.439824 
vt 0.105419 0.379721 
vt 0.109031 0.272699 
vt 0.105531 0.319281 
vt 0.0914424 0.320717 
vt 0.0965487 0.2732 
vt 0.0852523 0.38198 
vt 0.0838532 0.273404 
vt 0.0765028 0.321851 
vt 0.0659543 0.384807 
vt 0.0774865 0.439156 
vt 0.0772814 0.476053 
vt 0.103502 0.485396 
vt 0.127154 0.491238 
vt 0.0764468 0.50061 
vt 0.100187 0.518067 
vt 0.131171 0.529407 
vt 0.173356 0.546847 
vt 0.106947 0.55737 
vt 0.201925 0.542659 
vt 0.136187 0.570784 
vt 0.181492 0.59402 
vt 0.210774 0.594371 
vt 0.144191 0.61849 
vt 0.114167 0.604705 
vt 0.1516 0.688914 
vt 0.116954 0.668309 
vt 0.116957 0.679405 
vt 0.0882725 0.660358 
vt 0.0874778 0.657874 
vt 0.0594558 0.642953 
vt 0.0839975 0.646506 
vt 0.0594246 0.640466 
vt 0.0401854 0.625132 
vt 0.0795818 0.578589 
vt 0.0576659 0.625914 
vt 0.0435363 0.624575 
vt 0.0577023 0.554898 
vt 0.0806496 0.537216 
vt 0.347429 0.830286 
vt 0.307056 0.824164 
vt 0.314482 0.817289 
vt 0.354074 0.82237 
vt 0.375405 0.839811 
vt 0.279662 0.817743 
vt 0.268575 0.824142 
vt 0.280042 0.81468 
vt 0.314671 0.814636 
vt 0.24939 0.810089 
vt 0.354801 0.819511 
vt 0.380248 0.82974 
vt 0.248642 0.813243 
vt 0.236354 0.817816 
vt 0.220155 0.803044 
vt 0.220916 0.800007 
vt 0.207606 0.8095 
vt 0.202152 0.796633 
vt 0.202088 0.799753 
vt 0.184584 0.810378 
vt 0.165627 0.80215 
vt 0.165018 0.799171 
vt 0.156888 0.814049 
vt 0.125577 0.812668 
vt 0.124581 0.809753 
vt 0.138178 0.824003 
vt 0.0795439 0.826853 
vt 0.0883285 0.836486 
vt 0.0808966 0.829718 
vt 0.0573472 0.841156 
vt 0.0646486 0.850505 
vt 0.0589352 0.843967 
vt 0.0440025 0.853372 
vt 0.0421655 0.850722 
vt 0.0494909 0.860242 
vt 0.0287502 0.862923 
vt 0.0308165 0.865469 
vt 0.0357293 0.872278 
vt 0.0104379 0.881716 
vt 0.00839391 0.879127 
vt 0.0147487 0.88835 
vt 0.643616 0.156722 
vt 0.683989 0.150599 
vt 0.651043 0.163597 
vt 0.690635 0.158515 
vt 0.711966 0.141074 
vt 0.616223 0.163143 
vt 0.605136 0.156744 
vt 0.616602 0.166206 
vt 0.651232 0.16625 
vt 0.58595 0.170797 
vt 0.691362 0.161375 
vt 0.716808 0.151146 
vt 0.585202 0.167644 
vt 0.572914 0.163071 
vt 0.556716 0.177843 
vt 0.557476 0.18088 
vt 0.544167 0.171387 
vt 0.538713 0.184254 
vt 0.538648 0.181134 
vt 0.521145 0.170509 
vt 0.502188 0.178737 
vt 0.501579 0.181716 
vt 0.493448 0.166838 
vt 0.462138 0.16822 
vt 0.461141 0.171135 
vt 0.474738 0.156885 
vt 0.416104 0.154036 
vt 0.424889 0.144402 
vt 0.417457 0.151171 
vt 0.393907 0.139732 
vt 0.401209 0.130383 
vt 0.395495 0.136921 
vt 0.380563 0.127517 
vt 0.378726 0.130166 
vt 0.386051 0.120647 
vt 0.36531 0.117965 
vt 0.367376 0.11542 
vt 0.372289 0.108611 
vt 0.346998 0.0991727 
vt 0.344954 0.101762 
vt 0.351308 0.0925392 
vt 0.641341 0.127877 
vt 0.635773 0.120114 
vt 0.605133 0.128946 
vt 0.592568 0.121301 
vt 0.605477 0.132126 
vt 0.64145 0.131189 
vt 0.573173 0.136999 
vt 0.682571 0.128656 
vt 0.572534 0.134304 
vt 0.544133 0.145337 
vt 0.558508 0.127239 
vt 0.543442 0.142406 
vt 0.525837 0.146366 
vt 0.530095 0.133905 
vt 0.525714 0.143263 
vt 0.511331 0.13172 
vt 0.490307 0.139363 
vt 0.489829 0.142523 
vt 0.483424 0.127186 
vt 0.452082 0.128866 
vt 0.463287 0.118615 
vt 0.451145 0.131905 
vt 0.415868 0.107133 
vt 0.409471 0.112782 
vt 0.40804 0.115518 
vt 0.393298 0.0936028 
vt 0.386392 0.101883 
vt 0.388101 0.0993689 
vt 0.377837 0.0852782 
vt 0.371537 0.0924844 
vt 0.373477 0.0901281 
vt 0.365326 0.0729687 
vt 0.360954 0.0783319 
vt 0.358852 0.0805204 
vt 0.342376 0.062034 
vt 0.345937 0.0570884 
vt 0.340245 0.0641942 
vt 0.494941 0.0799861 
vt 0.50051 0.0722241 
vt 0.531149 0.0810586 
vt 0.543715 0.0734152 
vt 0.530804 0.0842385 
vt 0.494832 0.0832982 
vt 0.563109 0.0891153 
vt 0.453712 0.0807616 
vt 0.563747 0.0864198 
vt 0.577774 0.0793563 
vt 0.592147 0.0974556 
vt 0.592839 0.0945246 
vt 0.606187 0.0860254 
vt 0.610443 0.0984864 
vt 0.610566 0.0953836 
vt 0.624951 0.0838423 
vt 0.645974 0.0914872 
vt 0.646451 0.0946466 
vt 0.652858 0.0793107 
vt 0.6842 0.0809936 
vt 0.672996 0.0707415 
vt 0.685137 0.0840327 
vt 0.720416 0.0592644 
vt 0.726812 0.0649138 
vt 0.728244 0.0676497 
vt 0.742988 0.0457363 
vt 0.749893 0.0540168 
vt 0.748184 0.0515029 
vt 0.758449 0.0374131 
vt 0.764749 0.04462 
vt 0.762809 0.0422634 
vt 0.770962 0.0251049 
vt 0.775333 0.0304687 
vt 0.777435 0.0326572 
vt 0.793913 0.0141726 
vt 0.790352 0.00922656 
vt 0.796044 0.0163329 
vt 0.12891 0.0651217 
vt 0.127661 0.0657637 
vt 0.12767 0.0647422 
vt 0.128312 0.0667101 
vt 0.131019 0.0659052 
vt 0.128867 0.0687653 
vt 0.13309 0.066715 
vt 0.129293 0.0708764 
vt 0.134261 0.0671792 
vt 0.129394 0.0721086 
vt 0.135001 0.0555204 
vt 0.13378 0.0554798 
vt 0.134896 0.0390934 
vt 0.131608 0.055401 
vt 0.133796 0.0390896 
vt 0.134245 0.0217007 
vt 0.129374 0.0553256 
vt 0.131832 0.0390834 
vt 0.133366 0.0216917 
vt 0.132553 0.00741059 
vt 0.131945 0.00736523 
vt 0.131761 0.0217018 
vt 0.130918 0.00708109 
vt 0.130088 0.021735 
vt 0.129936 0.00667322 
vt 0.129452 0.00632387 
vt 0.129816 0.0390773 
vt 0.12908 0.0217482 
vt 0.128879 0.00641364 
vt 0.128633 0.0390695 
vt 0.12811 0.0216439 
vt 0.127856 0.00668728 
vt 0.127466 0.0389994 
vt 0.128047 0.0552911 
vt 0.126478 0.0215042 
vt 0.126816 0.00690854 
vt 0.124898 0.0213925 
vt 0.126217 0.00704259 
vt 0.124001 0.0213245 
vt 0.122444 0.038698 
vt 0.125479 0.0388795 
vt 0.123542 0.0387654 
vt 0.121197 0.0550738 
vt 0.126739 0.0552437 
vt 0.124546 0.0551671 
vt 0.122411 0.0551047 
vt 0.122377 0.0663394 
vt 0.121197 0.0667043 
vt 0.125535 0.0722686 
vt 0.126143 0.0711704 
vt 0.126858 0.0691184 
vt 0.124427 0.0657164 
vt 0.127487 0.0670284 
vt 0.126485 0.0650958 
vt 0.590089 0.555681 
vt 0.626769 0.510108 
vt 0.602455 0.562913 
vt 0.568781 0.604166 
vt 0.585331 0.613287 
vt 0.578533 0.546136 
vt 0.558468 0.59494 
vt 0.543433 0.582294 
vt 0.547025 0.617902 
vt 0.553434 0.626906 
vt 0.614304 0.501828 
vt 0.642074 0.465054 
vt 0.567208 0.643381 
vt 0.634113 0.459474 
vt 0.652699 0.437569 
vt 0.652163 0.437156 
vt 0.66423 0.417938 
vt 0.63359 0.459045 
vt 0.605217 0.496339 
vt 0.604671 0.4959 
vt 0.568756 0.539699 
vt 0.568227 0.53923 
vt 0.535483 0.575735 
vt 0.534974 0.575287 
vt 0.51885 0.594832 
vt 0.519374 0.595268 
vt 0.526487 0.602511 
vt 0.507324 0.609057 
vt 0.506722 0.608676 
vt 0.514629 0.616091 
vt 0.498684 0.625848 
vt 0.498055 0.625528 
vt 0.535376 0.635672 
vt 0.506577 0.632247 
vt 0.485317 0.650289 
vt 0.48466 0.649999 
vt 0.465497 0.697514 
vt 0.539051 0.646416 
vt 0.52377 0.652628 
vt 0.491291 0.657114 
vt 0.466207 0.697696 
vt 0.463617 0.720659 
vt 0.462875 0.720591 
vt 0.471888 0.709436 
vt 0.464756 0.751087 
vt 0.499222 0.67557 
vt 0.472655 0.734687 
vt 0.465502 0.751037 
vt 0.467948 0.771493 
vt 0.528476 0.67085 
vt 0.510805 0.69945 
vt 0.475084 0.757283 
vt 0.468646 0.771331 
vt 0.480852 0.799923 
vt 0.553829 0.663273 
vt 0.537798 0.696172 
vt 0.515895 0.72974 
vt 0.48513 0.787307 
vt 0.481482 0.799667 
vt 0.494663 0.833827 
vt 0.494129 0.834158 
vt 0.502068 0.823329 
vt 0.533589 0.770123 
vt 0.514153 0.8768 
vt 0.513418 0.877139 
vt 0.53718 0.915592 
vt 0.520362 0.859145 
vt 0.551989 0.797215 
vt 0.552442 0.727671 
vt 0.570646 0.753808 
vt 0.572361 0.841394 
vt 0.567178 0.691562 
vt 0.587711 0.717116 
vt 0.592414 0.794703 
vt 0.610075 0.751345 
vt 0.586878 0.666017 
vt 0.60359 0.683317 
vt 0.630722 0.703636 
vt 0.607064 0.627014 
vt 0.623113 0.639477 
vt 0.654972 0.586747 
vt 0.639514 0.578503 
vt 0.682558 0.534625 
vt 0.652811 0.652365 
vt 0.677352 0.594972 
vt 0.699874 0.542787 
vt 0.716131 0.547794 
vt 0.691916 0.601161 
vt 0.667683 0.659999 
vt 0.64946 0.713085 
vt 0.705025 0.678695 
vt 0.636214 0.762379 
vt 0.686663 0.727791 
vt 0.672031 0.782142 
vt 0.616716 0.810297 
vt 0.655853 0.839903 
vt 0.596685 0.869105 
vt 0.541747 0.904385 
vt 0.537789 0.915154 
vt 0.561228 0.939956 
vt 0.564804 0.932048 
vt 0.561648 0.939398 
vt 0.608401 0.959555 
vt 0.608112 0.96022 
vt 0.610798 0.953797 
vt 0.635624 0.902744 
vt 0.685589 0.852712 
vt 0.669101 0.91845 
vt 0.648167 0.971353 
vt 0.646231 0.976214 
vt 0.645959 0.976884 
vt 0.680091 0.983182 
vt 0.679032 0.988425 
vt 0.678891 0.989124 
vt 0.713772 0.990569 
vt 0.713782 0.989857 
vt 0.754148 0.990087 
vt 0.69213 0.925805 
vt 0.713897 0.984702 
vt 0.754145 0.989386 
vt 0.802935 0.990171 
vt 0.716099 0.928535 
vt 0.754227 0.98336 
vt 0.802794 0.989519 
vt 0.833039 0.978723 
vt 0.833377 0.97935 
vt 0.80302 0.982248 
vt 0.869305 0.955616 
vt 0.869793 0.956215 
vt 0.834099 0.967838 
vt 0.904524 0.927539 
vt 0.800908 0.914474 
vt 0.752614 0.928094 
vt 0.728876 0.862473 
vt 0.760952 0.863724 
vt 0.706976 0.85885 
vt 0.700829 0.792193 
vt 0.712757 0.738702 
vt 0.720489 0.800059 
vt 0.741562 0.801674 
vt 0.771643 0.805378 
vt 0.754732 0.748663 
vt 0.733234 0.745901 
vt 0.729033 0.687253 
vt 0.782819 0.750652 
vt 0.727498 0.618318 
vt 0.747348 0.559932 
vt 0.734771 0.507863 
vt 0.745751 0.624869 
vt 0.761587 0.516609 
vt 0.746102 0.69209 
vt 0.747865 0.474663 
vt 0.763939 0.565268 
vt 0.76132 0.629126 
vt 0.763499 0.695529 
vt 0.77712 0.632441 
vt 0.775978 0.56841 
vt 0.777673 0.521303 
vt 0.772133 0.481631 
vt 0.0632722 0.00772429 
vt 0.0632112 0.00884962 
vt 0.062783 0.00884295 
vt 0.0629845 0.00945747 
vt 0.0627597 0.00771791 
vt 0.06324 0.00659782 
vt 0.0628098 0.00659388 
vt 0.0630273 0.00598449 
vt 0.539949 0.428073 
vt 0.543266 0.455584 
vt 0.530348 0.419168 
vt 0.502161 0.388395 
vt 0.472383 0.387847 
vt 0.532479 0.443327 
vt 0.49121 0.413492 
vt 0.54049 0.457049 
vt 0.530847 0.46595 
vt 0.537732 0.477641 
vt 0.539109 0.479486 
vt 0.526958 0.506249 
vt 0.527784 0.508519 
vt 0.523074 0.495933 
vt 0.488106 0.443242 
vt 0.464346 0.412964 
vt 0.517661 0.538797 
vt 0.519133 0.541121 
vt 0.511297 0.530685 
vt 0.47705 0.482142 
vt 0.455793 0.442672 
vt 0.504521 0.580127 
vt 0.506738 0.580317 
vt 0.48679 0.621282 
vt 0.497847 0.565783 
vt 0.484812 0.620893 
vt 0.462524 0.509553 
vt 0.480363 0.612145 
vt 0.465346 0.645847 
vt 0.467201 0.647549 
vt 0.462092 0.640718 
vt 0.444547 0.555523 
vt 0.424152 0.584645 
vt 0.398332 0.530116 
vt 0.364606 0.562226 
vt 0.420373 0.512733 
vt 0.374984 0.485303 
vt 0.399426 0.472133 
vt 0.441309 0.469206 
vt 0.421866 0.435018 
vt 0.439113 0.409286 
vt 0.403857 0.403672 
vt 0.418781 0.38633 
vt 0.447512 0.383186 
vt 0.433681 0.36514 
vt 0.948888 0.746178 
vt 0.959188 0.758504 
vt 0.946861 0.772032 
vt 0.956991 0.738622 
vt 0.927397 0.789655 
vt 0.949181 0.804572 
vt 0.931318 0.828355 
vt 0.954234 0.86999 
vt 0.932488 0.891318 
vt 0.95359 0.88484 
vt 0.945479 0.722737 
vt 0.955188 0.717945 
vt 0.942794 0.695932 
vt 0.930235 0.903491 
vt 0.930662 0.903984 
vt 0.924138 0.696135 
vt 0.932927 0.644087 
vt 0.914762 0.641726 
vt 0.925952 0.730646 
vt 0.898781 0.698036 
vt 0.892901 0.640288 
vt 0.928424 0.753976 
vt 0.898486 0.741329 
vt 0.904033 0.772443 
vt 0.900659 0.810359 
vt 0.876042 0.748844 
vt 0.898261 0.855402 
vt 0.874693 0.785464 
vt 0.873278 0.824995 
vt 0.902363 0.914861 
vt 0.870519 0.870849 
vt 0.904207 0.927027 
vt 0.87139 0.93783 
vt 0.833858 0.900496 
vt 0.808294 0.854317 
vt 0.836387 0.851147 
vt 0.812048 0.803639 
vt 0.83992 0.805463 
vt 0.822322 0.754318 
vt 0.843073 0.754411 
vt 0.830303 0.699236 
vt 0.788722 0.698816 
vt 0.878966 0.701557 
vt 0.846921 0.69928 
vt 0.875359 0.640352 
vt 0.875263 0.580995 
vt 0.851687 0.637242 
vt 0.835886 0.636013 
vt 0.79636 0.634949 
vt 0.838971 0.577209 
vt 0.805417 0.573803 
vt 0.788151 0.571047 
vt 0.812256 0.528433 
vt 0.840509 0.532611 
vt 0.855891 0.580232 
vt 0.856009 0.535043 
vt 0.843541 0.496324 
vt 0.818196 0.492017 
vt 0.872422 0.536642 
vt 0.88889 0.536501 
vt 0.887497 0.50421 
vt 0.871079 0.5041 
vt 0.871635 0.476304 
vt 0.857992 0.497306 
vt 0.860201 0.473479 
vt 0.871845 0.449028 
vt 0.882292 0.449619 
vt 0.87847 0.415687 
vt 0.845728 0.468382 
vt 0.823569 0.464393 
vt 0.84777 0.442738 
vt 0.857561 0.445536 
vt 0.87028 0.415128 
vt 0.873948 0.405277 
vt 0.860414 0.412525 
vt 0.854358 0.410835 
vt 0.838224 0.407772 
vt 0.864951 0.402011 
vt 0.847326 0.396986 
vt 0.821108 0.393267 
vt 0.823892 0.390173 
vt 0.852283 0.392095 
vt 0.877921 0.391932 
vt 0.852424 0.388848 
vt 0.848685 0.375399 
vt 0.876198 0.367191 
vt 0.884861 0.372614 
vt 0.893257 0.346174 
vt 0.885063 0.393341 
vt 0.897964 0.377366 
vt 0.902683 0.351994 
vt 0.907282 0.382104 
vt 0.91308 0.359844 
vt 0.909478 0.449942 
vt 0.907668 0.476253 
vt 0.902834 0.449903 
vt 0.895682 0.476895 
vt 0.905911 0.420644 
vt 0.918269 0.476936 
vt 0.892316 0.449926 
vt 0.899233 0.504175 
vt 0.897091 0.420416 
vt 0.900298 0.412138 
vt 0.889482 0.417907 
vt 0.885318 0.476285 
vt 0.0506114 0.00945759 
vt 0.05041 0.00884306 
vt 0.0508381 0.00884974 
vt 0.0503867 0.00771809 
vt 0.0508992 0.0077244 
vt 0.0504367 0.00659394 
vt 0.050867 0.00659788 
vt 0.0506542 0.00598454 
vt 0.936965 0.585762 
vt 0.94722 0.643664 
vt 0.961911 0.640893 
vt 0.975025 0.688974 
vt 0.973544 0.640018 
vt 0.984987 0.687114 
vt 0.974231 0.639867 
vt 0.985639 0.686972 
vt 0.990154 0.711334 
vt 0.989502 0.71146 
vt 0.956058 0.692783 
vt 0.980018 0.714308 
vt 0.993311 0.72883 
vt 0.993999 0.728786 
vt 0.983817 0.731432 
vt 0.992883 0.747105 
vt 0.993565 0.747122 
vt 0.993105 0.773978 
vt 0.993795 0.774027 
vt 0.988895 0.823118 
vt 0.983219 0.748931 
vt 0.988209 0.822957 
vt 0.980207 0.843714 
vt 0.980871 0.843985 
vt 0.965796 0.869228 
vt 0.98493 0.777098 
vt 0.978124 0.83045 
vt 0.96518 0.868856 
vt 0.954116 0.885284 
vt 0.966268 0.851712 
vt 0.969828 0.789284 
vt 0.734797 0.469379 
vt 0.72011 0.503168 
vt 0.720525 0.469687 
vt 0.705105 0.497291 
vt 0.706343 0.462718 
vt 0.69092 0.489836 
vt 0.696351 0.457612 
vt 0.710989 0.436004 
vt 0.701154 0.430465 
vt 0.685561 0.451763 
vt 0.678428 0.483728 
vt 0.667477 0.527575 
vt 0.668441 0.478923 
vt 0.653356 0.521352 
vt 0.672553 0.446955 
vt 0.692017 0.426592 
vt 0.680019 0.420868 
vt 0.654845 0.473088 
vt 0.640844 0.515779 
vt 0.619567 0.569472 
vt 0.661328 0.441904 
vt 0.664847 0.418186 
vt 0.667286 0.404222 
vt 0.666657 0.404147 
vt 0.668117 0.387797 
vt 0.667516 0.387802 
vt 0.667218 0.374064 
vt 0.666626 0.3741 
vt 0.66614 0.35822 
vt 0.66556 0.358225 
vt 0.666848 0.342546 
vt 0.666282 0.342449 
vt 0.671088 0.327732 
vt 0.670532 0.32758 
vt 0.674638 0.312974 
vt 0.674095 0.312832 
vt 0.678013 0.300915 
vt 0.677496 0.300701 
vt 0.681824 0.293419 
vt 0.681409 0.293047 
vt 0.691824 0.285398 
vt 0.692082 0.285904 
vt 0.708865 0.279434 
vt 0.709027 0.27997 
vt 0.739601 0.272707 
vt 0.739495 0.272172 
vt 0.757782 0.270091 
vt 0.757722 0.269532 
vt 0.776912 0.270192 
vt 0.776948 0.269678 
vt 0.78381 0.270776 
vt 0.783966 0.27122 
vt 0.757622 0.44919 
vt 0.778922 0.454705 
vt 0.787502 0.485499 
vt 0.76609 0.425803 
vt 0.786626 0.523553 
vt 0.795665 0.525495 
vt 0.794194 0.45694 
vt 0.795018 0.487167 
vt 0.802538 0.488878 
vt 0.785723 0.430218 
vt 0.801452 0.45818 
vt 0.808593 0.460049 
vt 0.800156 0.432333 
vt 0.813159 0.43501 
vt 0.827444 0.438833 
vt 0.806627 0.433773 
vt 0.818408 0.4053 
vt 0.806608 0.403129 
vt 0.812511 0.404155 
vt 0.787711 0.398266 
vt 0.808356 0.391014 
vt 0.814806 0.391602 
vt 0.772305 0.395233 
vt 0.766416 0.394592 
vt 0.783297 0.385502 
vt 0.815509 0.387554 
vt 0.766189 0.38389 
vt 0.757326 0.383569 
vt 0.80687 0.387155 
vt 0.780491 0.379579 
vt 0.912126 0.503894 
vt 0.903232 0.536878 
vt 0.926644 0.505786 
vt 0.914691 0.537308 
vt 0.932594 0.477323 
vt 0.907767 0.582946 
vt 0.892137 0.581789 
vt 0.921652 0.583983 
vt 0.92996 0.538648 
vt 0.939661 0.506712 
vt 0.945576 0.53772 
vt 0.949912 0.507098 
vt 0.952111 0.584522 
vt 0.955606 0.536693 
vt 0.950624 0.506993 
vt 0.956297 0.53657 
vt 0.949252 0.482523 
vt 0.962879 0.584156 
vt 0.96358 0.584038 
vt 0.948531 0.482438 
vt 0.95343 0.467579 
vt 0.954089 0.46783 
vt 0.961009 0.450771 
vt 0.96161 0.451082 
vt 0.968849 0.437333 
vt 0.969434 0.437666 
vt 0.977836 0.421664 
vt 0.978429 0.421957 
vt 0.984838 0.405153 
vt 0.985472 0.405331 
vt 0.987676 0.387715 
vt 0.988329 0.387826 
vt 0.991104 0.370595 
vt 0.99174 0.370709 
vt 0.99335 0.356351 
vt 0.993994 0.356375 
vt 0.992931 0.346673 
vt 0.993543 0.34648 
vt 0.986253 0.333503 
vt 0.985743 0.333912 
vt 0.971173 0.319183 
vt 0.970752 0.31967 
vt 0.942024 0.297725 
vt 0.942385 0.297213 
vt 0.924104 0.286494 
vt 0.924428 0.285933 
vt 0.903919 0.277697 
vt 0.904119 0.277139 
vt 0.896388 0.275096 
vt 0.896016 0.27549 
vt 0.732611 0.379856 
vt 0.736503 0.368794 
vt 0.739516 0.378949 
vt 0.739552 0.388663 
vt 0.713947 0.36632 
vt 0.714506 0.34982 
vt 0.722372 0.366299 
vt 0.721158 0.351273 
vt 0.706649 0.351176 
vt 0.737711 0.35278 
vt 0.745484 0.369357 
vt 0.748369 0.38056 
vt 0.752121 0.369625 
vt 0.74972 0.390826 
vt 0.733468 0.418275 
vt 0.724829 0.414577 
vt 0.720059 0.439785 
vt 0.731795 0.445458 
vt 0.742654 0.421879 
vt 0.75694 0.393302 
vt 0.742868 0.447716 
vt 0.756408 0.424446 
vt 0.156646 0.0668682 
vt 0.154574 0.0492778 
vt 0.155438 0.0492576 
vt 0.157755 0.0666191 
vt 0.155997 0.0670191 
vt 0.155333 0.0669729 
vt 0.156976 0.0492062 
vt 0.158867 0.0663994 
vt 0.153435 0.0323032 
vt 0.153717 0.0493679 
vt 0.154202 0.0668823 
vt 0.154542 0.032252 
vt 0.152337 0.0324106 
vt 0.15219 0.049529 
vt 0.153073 0.0668064 
vt 0.152649 0.0192218 
vt 0.150426 0.0325997 
vt 0.150636 0.0496817 
vt 0.152426 0.0667552 
vt 0.149733 0.0497648 
vt 0.148509 0.0327957 
vt 0.147404 0.0329174 
vt 0.151366 0.0192448 
vt 0.14919 0.0192685 
vt 0.147037 0.0192868 
vt 0.145803 0.0192958 
vt 0.148173 0.010599 
vt 0.147077 0.00991356 
vt 0.149854 0.0120872 
vt 0.151487 0.0136294 
vt 0.15229 0.014627 
vt 0.15394 0.019076 
vt 0.153312 0.0138714 
vt 0.156472 0.0321841 
vt 0.156133 0.0188047 
vt 0.154787 0.0121709 
vt 0.158539 0.0491429 
vt 0.159515 0.0663204 
vt 0.159447 0.0491104 
vt 0.158409 0.0321242 
vt 0.159526 0.0320895 
vt 0.158302 0.0185292 
vt 0.156182 0.0103974 
vt 0.159538 0.0183696 
vt 0.156866 0.00929803 
vt 0.715985 0.410384 
vt 0.71041 0.407777 
vt 0.72476 0.384829 
vt 0.703058 0.401403 
vt 0.717111 0.381926 
vt 0.732207 0.387948 
vt 0.709556 0.380282 
vt 0.725012 0.376699 
vt 0.717114 0.375392 
vt 0.730795 0.370509 
vt 0.7086 0.371711 
vt 0.329022 0.77413 
vt 0.303379 0.781672 
vt 0.326266 0.767655 
vt 0.305414 0.789871 
vt 0.367073 0.746718 
vt 0.302352 0.778732 
vt 0.286723 0.78388 
vt 0.324591 0.765065 
vt 0.287044 0.78696 
vt 0.284603 0.800211 
vt 0.274903 0.784428 
vt 0.364307 0.739906 
vt 0.362381 0.737323 
vt 0.412979 0.712324 
vt 0.274553 0.787529 
vt 0.269677 0.800061 
vt 0.257668 0.783431 
vt 0.258518 0.780538 
vt 0.252143 0.795948 
vt 0.410245 0.70501 
vt 0.453091 0.681872 
vt 0.408325 0.702369 
vt 0.450279 0.676109 
vt 0.448573 0.673404 
vt 0.244329 0.77887 
vt 0.238233 0.789631 
vt 0.245472 0.776036 
vt 0.228375 0.771841 
vt 0.514593 0.262816 
vt 0.490985 0.247075 
vt 0.516627 0.254617 
vt 0.49374 0.240599 
vt 0.452933 0.219662 
vt 0.532963 0.259905 
vt 0.535404 0.273155 
vt 0.517655 0.251677 
vt 0.533284 0.256824 
vt 0.495416 0.23801 
vt 0.545104 0.257373 
vt 0.545453 0.260474 
vt 0.55033 0.273006 
vt 0.4557 0.21285 
vt 0.457626 0.210268 
vt 0.407028 0.185269 
vt 0.562339 0.256376 
vt 0.567863 0.268893 
vt 0.561489 0.253483 
vt 0.409761 0.177955 
vt 0.366916 0.154816 
vt 0.411682 0.175313 
vt 0.369728 0.149054 
vt 0.371434 0.146349 
vt 0.575678 0.251814 
vt 0.574535 0.248981 
vt 0.581774 0.262576 
vt 0.591632 0.244785 
vt 0.886205 0.0239803 
vt 0.887631 0.00599647 
vt 0.8872 0.0240291 
vt 0.888319 0.00608325 
vt 0.886938 0.00602782 
vt 0.884438 0.0238867 
vt 0.885748 0.0061096 
vt 0.884561 0.00619346 
vt 0.88591 0.0342866 
vt 0.882651 0.0237944 
vt 0.883881 0.00625598 
vt 0.881616 0.0237436 
vt 0.884015 0.0342442 
vt 0.882112 0.0341912 
vt 0.88102 0.0341505 
vt 0.881188 0.0423161 
vt 0.882243 0.0423422 
vt 0.881299 0.0506502 
vt 0.885952 0.0423886 
vt 0.884092 0.0423627 
vt 0.886002 0.0507347 
vt 0.884165 0.050694 
vt 0.882342 0.0506714 
vt 0.882221 0.0596021 
vt 0.881152 0.0595774 
vt 0.88408 0.059638 
vt 0.882009 0.0686091 
vt 0.880929 0.0685911 
vt 0.883895 0.0686401 
vt 0.881996 0.077707 
vt 0.880975 0.0777203 
vt 0.88169 0.0876851 
vt 0.883804 0.0776885 
vt 0.884079 0.0875679 
vt 0.88255 0.0876405 
vt 0.883243 0.100571 
vt 0.883818 0.10046 
vt 0.884819 0.10028 
vt 0.885821 0.10011 
vt 0.885656 0.0875007 
vt 0.834715 0.118083 
vt 0.832582 0.0970718 
vt 0.833557 0.0970802 
vt 0.833289 0.0854033 
vt 0.835235 0.0970548 
vt 0.835982 0.117997 
vt 0.832287 0.0853873 
vt 0.836895 0.0970179 
vt 0.833347 0.0763065 
vt 0.832376 0.0763013 
vt 0.837253 0.117937 
vt 0.832738 0.0663905 
vt 0.83501 0.0854101 
vt 0.835033 0.0763215 
vt 0.833673 0.0663993 
vt 0.833205 0.0549628 
vt 0.835305 0.0664288 
vt 0.836724 0.0763394 
vt 0.836947 0.0664532 
vt 0.837262 0.0550355 
vt 0.837901 0.0664536 
vt 0.836705 0.0854073 
vt 0.837708 0.076348 
vt 0.837662 0.0854101 
vt 0.837842 0.0970069 
vt 0.837994 0.117923 
vt 0.838619 0.0854276 
vt 0.838784 0.0970474 
vt 0.838731 0.117944 
vt 0.84 0.118016 
vt 0.838691 0.0763448 
vt 0.84033 0.0854439 
vt 0.840454 0.0970942 
vt 0.841266 0.118126 
vt 0.842144 0.0971311 
vt 0.84199 0.118222 
vt 0.843121 0.0971603 
vt 0.842067 0.0854504 
vt 0.843074 0.085456 
vt 0.840388 0.0763494 
vt 0.842078 0.076355 
vt 0.843048 0.0763524 
vt 0.838851 0.0664462 
vt 0.84049 0.0664462 
vt 0.842119 0.0664405 
vt 0.843051 0.0664242 
vt 0.838169 0.0550302 
vt 0.839073 0.055025 
vt 0.840646 0.0550272 
vt 0.842218 0.0550151 
vt 0.843121 0.0549889 
vt 0.838381 0.0430213 
vt 0.839208 0.0430153 
vt 0.840658 0.0430091 
vt 0.842124 0.0429847 
vt 0.842973 0.0429513 
vt 0.842508 0.0313006 
vt 0.841756 0.0313289 
vt 0.841935 0.020015 
vt 0.840472 0.0313576 
vt 0.841299 0.0200284 
vt 0.841583 0.00656176 
vt 0.841046 0.00646877 
vt 0.840218 0.0200455 
vt 0.840113 0.00630265 
vt 0.83918 0.00614023 
vt 0.839222 0.0313725 
vt 0.83917 0.0200616 
vt 0.838626 0.00605524 
vt 0.83852 0.0313787 
vt 0.838589 0.0200713 
vt 0.838072 0.00614488 
vt 0.838007 0.0200604 
vt 0.837815 0.0313744 
vt 0.836957 0.0200381 
vt 0.837137 0.00630438 
vt 0.836201 0.00646472 
vt 0.837551 0.0430231 
vt 0.836561 0.0313482 
vt 0.836097 0.0429977 
vt 0.835873 0.0200144 
vt 0.835234 0.0199996 
vt 0.83566 0.00654775 
vt 0.835275 0.0313079 
vt 0.834519 0.0312816 
vt 0.834628 0.0429541 
vt 0.833776 0.0429293 
vt 0.834112 0.0549784 
vt 0.835687 0.055014 
vt 0.788959 0.366041 
vt 0.768186 0.350785 
vt 0.770233 0.349326 
vt 0.761428 0.32831 
vt 0.790167 0.363566 
vt 0.763718 0.327993 
vt 0.817728 0.373905 
vt 0.763928 0.299557 
vt 0.818172 0.371088 
vt 0.761796 0.298816 
vt 0.783966 0.27122 
vt 0.785094 0.272763 
vt 0.848309 0.37246 
vt 0.848685 0.375399 
vt 0.874618 0.364817 
vt 0.876198 0.367191 
vt 0.893257 0.346174 
vt 0.890962 0.344808 
vt 0.90389 0.314651 
vt 0.906483 0.314859 
vt 0.896016 0.27549 
vt 0.89411 0.276588 
vt 0.862839 0.0944916 
vt 0.862769 0.101633 
vt 0.862409 0.101625 
vt 0.863403 0.101592 
vt 0.86206 0.101542 
vt 0.861682 0.0944563 
vt 0.861428 0.101482 
vt 0.860699 0.0945109 
vt 0.860793 0.101499 
vt 0.85973 0.0945392 
vt 0.860431 0.101549 
vt 0.859179 0.0945355 
vt 0.858619 0.0876033 
vt 0.859278 0.0876091 
vt 0.858545 0.0817341 
vt 0.860407 0.0875959 
vt 0.859249 0.0817339 
vt 0.858655 0.077543 
vt 0.860411 0.0817461 
vt 0.859398 0.0774978 
vt 0.859257 0.0748574 
vt 0.858482 0.0749896 
vt 0.856958 0.0698752 
vt 0.857968 0.0697064 
vt 0.855333 0.0559968 
vt 0.860473 0.0747261 
vt 0.856612 0.055925 
vt 0.854701 0.0345104 
vt 0.859646 0.0695022 
vt 0.858791 0.0558304 
vt 0.85607 0.0345065 
vt 0.855649 0.00785726 
vt 0.85668 0.00778139 
vt 0.8584 0.0344723 
vt 0.858427 0.00730801 
vt 0.860918 0.0557874 
vt 0.860631 0.0345119 
vt 0.860158 0.00671875 
vt 0.198026 0.0141213 
vt 0.194342 0.00938833 
vt 0.198024 0.00942802 
vt 0.194076 0.00603443 
vt 0.198142 0.00610656 
vt 0.191486 0.00915074 
vt 0.200696 0.00922418 
vt 0.191486 0.0143415 
vt 0.200695 0.0143644 
vt 0.198145 0.0174531 
vt 0.194344 0.01412 
vt 0.194079 0.017485 
vt 0.861846 0.0345796 
vt 0.860158 0.00671875 
vt 0.861188 0.00631893 
vt 0.913851 0.324186 
vt 0.906483 0.314859 
vt 0.903919 0.277697 
vt 0.896016 0.27549 
vt 0.923983 0.3322 
vt 0.927134 0.302502 
vt 0.924104 0.286494 
vt 0.940753 0.300825 
vt 0.942024 0.297725 
vt 0.941218 0.319612 
vt 0.933198 0.339897 
vt 0.923955 0.367336 
vt 0.967549 0.322325 
vt 0.970752 0.31967 
vt 0.965649 0.326372 
vt 0.978236 0.337591 
vt 0.985743 0.333912 
vt 0.956202 0.338523 
vt 0.974658 0.342062 
vt 0.980855 0.345525 
vt 0.992931 0.346673 
vt 0.969391 0.343644 
vt 0.980663 0.352656 
vt 0.99335 0.356351 
vt 0.9778 0.351369 
vt 0.973762 0.349384 
vt 0.979513 0.365597 
vt 0.991104 0.370595 
vt 0.969521 0.366059 
vt 0.959373 0.357399 
vt 0.963559 0.365665 
vt 0.97649 0.382887 
vt 0.987676 0.387715 
vt 0.952239 0.352035 
vt 0.946794 0.377503 
vt 0.938184 0.375024 
vt 0.924893 0.388167 
vt 0.932362 0.389792 
vt 0.949767 0.382585 
vt 0.939773 0.394873 
vt 0.955877 0.381666 
vt 0.95442 0.391812 
vt 0.961434 0.381926 
vt 0.97006 0.399374 
vt 0.984838 0.405153 
vt 0.977836 0.421664 
vt 0.961313 0.410701 
vt 0.946612 0.406615 
vt 0.952254 0.425916 
vt 0.968849 0.437333 
vt 0.945662 0.438222 
vt 0.961009 0.450771 
vt 0.938795 0.419558 
vt 0.934896 0.403668 
vt 0.925277 0.406946 
vt 0.928162 0.414898 
vt 0.93147 0.429148 
vt 0.91675 0.40304 
vt 0.917884 0.414662 
vt 0.923198 0.423087 
vt 0.929884 0.451787 
vt 0.947753 0.462695 
vt 0.95343 0.467579 
vt 0.919681 0.447155 
vt 0.914874 0.421237 
vt 0.909346 0.412373 
vt 0.906311 0.403511 
vt 0.901307 0.399205 
vt 0.89378 0.408186 
vt 0.891922 0.395871 
vt 0.884188 0.405999 
vt 0.758633 0.3709 
vt 0.781418 0.376707 
vt 0.817728 0.373905 
vt 0.788959 0.366041 
vt 0.768186 0.350785 
vt 0.759298 0.352462 
vt 0.761428 0.32831 
vt 0.746981 0.352015 
vt 0.751888 0.32977 
vt 0.752675 0.303658 
vt 0.761796 0.298816 
vt 0.740813 0.332506 
vt 0.776912 0.270192 
vt 0.783966 0.27122 
vt 0.741791 0.306497 
vt 0.749745 0.281746 
vt 0.757782 0.270091 
vt 0.729404 0.334717 
vt 0.731726 0.309398 
vt 0.732512 0.290389 
vt 0.739516 0.275617 
vt 0.739601 0.272707 
vt 0.71518 0.335787 
vt 0.712191 0.312312 
vt 0.707371 0.334635 
vt 0.710622 0.283213 
vt 0.709027 0.27997 
vt 0.71069 0.2871 
vt 0.69671 0.291502 
vt 0.692082 0.285904 
vt 0.713869 0.300125 
vt 0.691791 0.296848 
vt 0.681824 0.293419 
vt 0.697945 0.29633 
vt 0.701555 0.299475 
vt 0.704581 0.314013 
vt 0.689383 0.302566 
vt 0.678013 0.300915 
vt 0.692114 0.302577 
vt 0.696028 0.302459 
vt 0.685624 0.313232 
vt 0.674638 0.312974 
vt 0.698268 0.319081 
vt 0.693388 0.317226 
vt 0.681714 0.328034 
vt 0.671088 0.327732 
vt 0.694043 0.3328 
vt 0.680722 0.343497 
vt 0.666848 0.342546 
vt 0.66614 0.35822 
vt 0.698579 0.334633 
vt 0.69601 0.343283 
vt 0.703137 0.337611 
vt 0.68344 0.355794 
vt 0.696766 0.358062 
vt 0.684884 0.371405 
vt 0.667218 0.374064 
vt 0.707336 0.360076 
vt 0.69818 0.371451 
vt 0.685389 0.383842 
vt 0.668117 0.387797 
vt 0.700437 0.382049 
vt 0.692786 0.40112 
vt 0.673857 0.402668 
vt 0.667286 0.404222 
vt 0.590285 0.242105 
vt 0.5975 0.253734 
vt 0.606711 0.236422 
vt 0.605524 0.233688 
vt 0.613416 0.245739 
vt 0.620481 0.229127 
vt 0.621533 0.231931 
vt 0.630178 0.239992 
vt 0.637754 0.225026 
vt 0.636299 0.222474 
vt 0.645297 0.231313 
vt 0.649801 0.21633 
vt 0.648219 0.213959 
vt 0.657217 0.222887 
vt 0.659516 0.211195 
vt 0.658026 0.208655 
vt 0.665477 0.217768 
vt 0.671151 0.202091 
vt 0.672451 0.204758 
vt 0.679886 0.212401 
vt 0.688585 0.194225 
vt 0.690024 0.196821 
vt 0.698284 0.202947 
vt 0.72037 0.1751 
vt 0.727889 0.179757 
vt 0.718698 0.172593 
vt 0.745735 0.166379 
vt 0.746061 0.158189 
vt 0.744549 0.155479 
vt 0.76639 0.145051 
vt 0.768123 0.146887 
vt 0.766664 0.155726 
vt 0.774759 0.152435 
vt 0.222506 0.780789 
vt 0.229722 0.769161 
vt 0.213296 0.763477 
vt 0.214483 0.760743 
vt 0.206591 0.772794 
vt 0.199525 0.756182 
vt 0.198474 0.758986 
vt 0.189829 0.767048 
vt 0.182253 0.752082 
vt 0.183708 0.749529 
vt 0.17471 0.758368 
vt 0.170205 0.743385 
vt 0.171787 0.741014 
vt 0.162789 0.749942 
vt 0.160491 0.73825 
vt 0.161981 0.73571 
vt 0.15453 0.744823 
vt 0.148856 0.729146 
vt 0.147555 0.731813 
vt 0.140121 0.739456 
vt 0.131422 0.72128 
vt 0.129983 0.723876 
vt 0.121722 0.730002 
vt 0.0996365 0.702155 
vt 0.0921176 0.706812 
vt 0.101309 0.699648 
vt 0.074272 0.693434 
vt 0.0739461 0.685244 
vt 0.0754579 0.682534 
vt 0.0536165 0.672106 
vt 0.0518841 0.673941 
vt 0.0533423 0.682781 
vt 0.0452479 0.67949 
vt 0.420816 0.848094 
vt 0.455056 0.864589 
vt 0.451035 0.871519 
vt 0.477755 0.889227 
vt 0.481885 0.884744 
vt 0.417156 0.855459 
vt 0.456607 0.862046 
vt 0.483968 0.882638 
vt 0.421987 0.845328 
vt 0.379292 0.832594 
vt 0.757376 0.132791 
vt 0.787595 0.109366 
vt 0.791616 0.116295 
vt 0.814315 0.0916576 
vt 0.818444 0.09614 
vt 0.753716 0.125426 
vt 0.793167 0.118838 
vt 0.820528 0.0982467 
vt 0.758547 0.135557 
vt 0.715853 0.148292 

usemtl Handle2Mtl

f 1021/1021/1021 1022/1022/1022 1023/1023/1023 
f 1024/1024/1024 1023/1023/1023 1025/1025/1025 
f 1023/1023/1023 1024/1024/1024 1021/1021/1021 
f 1021/1021/1021 1024/1024/1024 1026/1026/1026 
f 1021/1021/1021 1026/1026/1026 1027/1027/1027 
f 1028/1028/1028 1021/1021/1021 1027/1027/1027 
f 1021/1021/1021 1028/1028/1028 1022/1022/1022 
f 1023/1023/1023 1022/1022/1022 1029/1029/1029 
f 1030/1030/1030 1022/1022/1022 1028/1028/1028 
f 1022/1022/1022 1031/1031/1031 1029/1029/1029 
f 1022/1022/1022 1030/1030/1030 1031/1031/1031 
f 1029/1029/1029 1031/1031/1031 1032/1032/1032 
f 1033/1033/1033 1031/1031/1031 1030/1030/1030 
f 1031/1031/1031 1034/1034/1034 1032/1032/1032 
f 1034/1034/1034 1031/1031/1031 1033/1033/1033 
f 1035/1035/1035 1036/1036/1036 1037/1037/1037 
f 1037/1037/1037 1038/1038/1038 1039/1039/1039 
f 1038/1038/1038 1037/1037/1037 1036/1036/1036 
f 1036/1036/1036 1040/1040/1040 1038/1038/1038 
f 1040/1040/1040 1036/1036/1036 1041/1041/1041 
f 1036/1036/1036 1042/1042/1042 1041/1041/1041 
f 1042/1042/1042 1036/1036/1036 1035/1035/1035 
f 1037/1037/1037 1043/1043/1043 1035/1035/1035 
f 1035/1035/1035 1044/1044/1044 1042/1042/1042 
f 1043/1043/1043 1045/1045/1045 1035/1035/1035 
f 1044/1044/1044 1035/1035/1035 1045/1045/1045 
f 1045/1045/1045 1043/1043/1043 1046/1046/1046 
f 1047/1047/1047 1044/1044/1044 1045/1045/1045 
f 1048/1048/1048 1045/1045/1045 1046/1046/1046 
f 1045/1045/1045 1048/1048/1048 1047/1047/1047 
f 1049/1049/1049 1050/1050/1050 1051/1051/1051 
f 1050/1050/1050 1049/1049/1049 1052/1052/1052 
f 1053/1053/1053 1051/1051/1051 1054/1054/1054 
f 1053/1053/1053 1054/1054/1054 1055/1055/1055 
f 1056/1056/1056 1051/1051/1051 1050/1050/1050 
f 1051/1051/1051 1056/1056/1056 1054/1054/1054 
f 1057/1057/1057 1050/1050/1050 1052/1052/1052 
f 1057/1057/1057 1052/1052/1052 1058/1058/1058 
f 1057/1057/1057 1058/1058/1058 1059/1059/1059 
f 1057/1057/1057 1059/1059/1059 1060/1060/1060 
f 1061/1061/1061 1057/1057/1057 1060/1060/1060 
f 1050/1050/1050 1062/1062/1062 1056/1056/1056 
f 1062/1062/1062 1050/1050/1050 1057/1057/1057 
f 1057/1057/1057 1061/1061/1061 1063/1063/1063 
f 1057/1057/1057 1063/1063/1063 1062/1062/1062 
f 1064/1064/1064 1063/1063/1063 1061/1061/1061 
f 1063/1063/1063 1064/1064/1064 1065/1065/1065 
f 1065/1065/1065 1062/1062/1062 1063/1063/1063 
f 1066/1066/1066 1065/1065/1065 1064/1064/1064 
f 1067/1067/1067 1056/1056/1056 1062/1062/1062 
f 1065/1065/1065 1066/1066/1066 1068/1068/1068 
f 1069/1069/1069 1068/1068/1068 1066/1066/1066 
f 1070/1070/1070 1062/1062/1062 1065/1065/1065 
f 1070/1070/1070 1065/1065/1065 1068/1068/1068 
f 1062/1062/1062 1070/1070/1070 1067/1067/1067 
f 1068/1068/1068 1069/1069/1069 1071/1071/1071 
f 1072/1072/1072 1071/1071/1071 1069/1069/1069 
f 1073/1073/1073 1070/1070/1070 1068/1068/1068 
f 1073/1073/1073 1068/1068/1068 1071/1071/1071 
f 1074/1074/1074 1067/1067/1067 1070/1070/1070 
f 1070/1070/1070 1073/1073/1073 1074/1074/1074 
f 1056/1056/1056 1067/1067/1067 1075/1075/1075 
f 1075/1075/1075 1054/1054/1054 1056/1056/1056 
f 1071/1071/1071 1072/1072/1072 1076/1076/1076 
f 1077/1077/1077 1075/1075/1075 1067/1067/1067 
f 1067/1067/1067 1074/1074/1074 1077/1077/1077 
f 1078/1078/1078 1073/1073/1073 1071/1071/1071 
f 1078/1078/1078 1074/1074/1074 1073/1073/1073 
f 1078/1078/1078 1071/1071/1071 1076/1076/1076 
f 1079/1079/1079 1076/1076/1076 1072/1072/1072 
f 1074/1074/1074 1078/1078/1078 1080/1080/1080 
f 1081/1081/1081 1077/1077/1077 1074/1074/1074 
f 1081/1081/1081 1074/1074/1074 1080/1080/1080 
f 1082/1082/1082 1080/1080/1080 1078/1078/1078 
f 1082/1082/1082 1078/1078/1078 1076/1076/1076 
f 1076/1076/1076 1079/1079/1079 1083/1083/1083 
f 1082/1082/1082 1076/1076/1076 1083/1083/1083 
f 1084/1084/1084 1083/1083/1083 1079/1079/1079 
f 1084/1084/1084 1079/1079/1079 1085/1085/1085 
f 1086/1086/1086 1082/1082/1082 1083/1083/1083 
f 1086/1086/1086 1083/1083/1083 1084/1084/1084 
f 1082/1082/1082 1087/1087/1087 1080/1080/1080 
f 1082/1082/1082 1086/1086/1086 1087/1087/1087 
f 1088/1088/1088 1084/1084/1084 1085/1085/1085 
f 1088/1088/1088 1085/1085/1085 1089/1089/1089 
f 1090/1090/1090 1086/1086/1086 1084/1084/1084 
f 1087/1087/1087 1086/1086/1086 1090/1090/1090 
f 1090/1090/1090 1084/1084/1084 1088/1088/1088 
f 1091/1091/1091 1088/1088/1088 1089/1089/1089 
f 1092/1092/1092 1087/1087/1087 1090/1090/1090 
f 1087/1087/1087 1093/1093/1093 1080/1080/1080 
f 1092/1092/1092 1093/1093/1093 1087/1087/1087 
f 1093/1093/1093 1081/1081/1081 1080/1080/1080 
f 1094/1094/1094 1092/1092/1092 1090/1090/1090 
f 1094/1094/1094 1090/1090/1090 1088/1088/1088 
f 1088/1088/1088 1091/1091/1091 1095/1095/1095 
f 1094/1094/1094 1088/1088/1088 1095/1095/1095 
f 1096/1096/1096 1095/1095/1095 1091/1091/1091 
f 1081/1081/1081 1093/1093/1093 1097/1097/1097 
f 1095/1095/1095 1096/1096/1096 1098/1098/1098 
f 1077/1077/1077 1081/1081/1081 1097/1097/1097 
f 1095/1095/1095 1099/1099/1099 1094/1094/1094 
f 1099/1099/1099 1095/1095/1095 1098/1098/1098 
f 1100/1100/1100 1098/1098/1098 1096/1096/1096 
f 1100/1100/1100 1099/1099/1099 1098/1098/1098 
f 1096/1096/1096 1101/1101/1101 1100/1100/1100 
f 1102/1102/1102 1100/1100/1100 1101/1101/1101 
f 1099/1099/1099 1103/1103/1103 1094/1094/1094 
f 1092/1092/1092 1094/1094/1094 1103/1103/1103 
f 1104/1104/1104 1093/1093/1093 1092/1092/1092 
f 1103/1103/1103 1104/1104/1104 1092/1092/1092 
f 1093/1093/1093 1104/1104/1104 1097/1097/1097 
f 1104/1104/1104 1103/1103/1103 1105/1105/1105 
f 1103/1103/1103 1099/1099/1099 1106/1106/1106 
f 1103/1103/1103 1106/1106/1106 1105/1105/1105 
f 1104/1104/1104 1105/1105/1105 1107/1107/1107 
f 1106/1106/1106 1107/1107/1107 1105/1105/1105 
f 1104/1104/1104 1108/1108/1108 1097/1097/1097 
f 1108/1108/1108 1104/1104/1104 1107/1107/1107 
f 1107/1107/1107 1106/1106/1106 1109/1109/1109 
f 1108/1108/1108 1107/1107/1107 1109/1109/1109 
f 1110/1110/1110 1106/1106/1106 1099/1099/1099 
f 1099/1099/1099 1100/1100/1100 1110/1110/1110 
f 1111/1111/1111 1109/1109/1109 1106/1106/1106 
f 1111/1111/1111 1106/1106/1106 1110/1110/1110 
f 1109/1109/1109 1111/1111/1111 1112/1112/1112 
f 1109/1109/1109 1113/1113/1113 1108/1108/1108 
f 1114/1114/1114 1112/1112/1112 1111/1111/1111 
f 1115/1115/1115 1111/1111/1111 1110/1110/1110 
f 1111/1111/1111 1115/1115/1115 1114/1114/1114 
f 1100/1100/1100 1115/1115/1115 1110/1110/1110 
f 1116/1116/1116 1114/1114/1114 1115/1115/1115 
f 1115/1115/1115 1100/1100/1100 1117/1117/1117 
f 1117/1117/1117 1116/1116/1116 1115/1115/1115 
f 1100/1100/1100 1102/1102/1102 1117/1117/1117 
f 1118/1118/1118 1117/1117/1117 1102/1102/1102 
f 1116/1116/1116 1117/1117/1117 1118/1118/1118 
f 1102/1102/1102 1119/1119/1119 1118/1118/1118 
f 1120/1120/1120 1118/1118/1118 1119/1119/1119 
f 1121/1121/1121 1116/1116/1116 1118/1118/1118 
f 1122/1122/1122 1116/1116/1116 1121/1121/1121 
f 1121/1121/1121 1123/1123/1123 1122/1122/1122 
f 1121/1121/1121 1124/1124/1124 1123/1123/1123 
f 1118/1118/1118 1125/1125/1125 1121/1121/1121 
f 1124/1124/1124 1121/1121/1121 1125/1125/1125 
f 1118/1118/1118 1120/1120/1120 1125/1125/1125 
f 1125/1125/1125 1126/1126/1126 1124/1124/1124 
f 1126/1126/1126 1125/1125/1125 1120/1120/1120 
f 1127/1127/1127 1128/1128/1128 1129/1129/1129 
f 1128/1128/1128 1130/1130/1130 1129/1129/1129 
f 1127/1127/1127 1131/1131/1131 1128/1128/1128 
f 1131/1131/1131 1127/1127/1127 1132/1132/1132 
f 1132/1132/1132 1133/1133/1133 1131/1131/1131 
f 1134/1134/1134 1131/1131/1131 1133/1133/1133 
f 1130/1130/1130 1135/1135/1135 1136/1136/1136 
f 1137/1137/1137 1136/1136/1136 1135/1135/1135 
f 1131/1131/1131 1134/1134/1134 1138/1138/1138 
f 1138/1138/1138 1128/1128/1128 1131/1131/1131 
f 1139/1139/1139 1138/1138/1138 1134/1134/1134 
f 1134/1134/1134 1140/1140/1140 1139/1139/1139 
f 1128/1128/1128 1138/1138/1138 1141/1141/1141 
f 1130/1130/1130 1128/1128/1128 1141/1141/1141 
f 1142/1142/1142 1141/1141/1141 1138/1138/1138 
f 1139/1139/1139 1142/1142/1142 1138/1138/1138 
f 1143/1143/1143 1139/1139/1139 1140/1140/1140 
f 1144/1144/1144 1130/1130/1130 1141/1141/1141 
f 1141/1141/1141 1142/1142/1142 1144/1144/1144 
f 1135/1135/1135 1130/1130/1130 1144/1144/1144 
f 1139/1139/1139 1143/1143/1143 1145/1145/1145 
f 1143/1143/1143 1146/1146/1146 1145/1145/1145 
f 1147/1147/1147 1142/1142/1142 1139/1139/1139 
f 1139/1139/1139 1145/1145/1145 1147/1147/1147 
f 1145/1145/1145 1146/1146/1146 1148/1148/1148 
f 1148/1148/1148 1147/1147/1147 1145/1145/1145 
f 1149/1149/1149 1148/1148/1148 1146/1146/1146 
f 1150/1150/1150 1142/1142/1142 1147/1147/1147 
f 1148/1148/1148 1150/1150/1150 1147/1147/1147 
f 1149/1149/1149 1151/1151/1151 1148/1148/1148 
f 1150/1150/1150 1148/1148/1148 1151/1151/1151 
f 1151/1151/1151 1149/1149/1149 1152/1152/1152 
f 1152/1152/1152 1153/1153/1153 1151/1151/1151 
f 1153/1153/1153 1154/1154/1154 1151/1151/1151 
f 1151/1151/1151 1154/1154/1154 1150/1150/1150 
f 1153/1153/1153 1155/1155/1155 1154/1154/1154 
f 1142/1142/1142 1150/1150/1150 1156/1156/1156 
f 1154/1154/1154 1156/1156/1156 1150/1150/1150 
f 1156/1156/1156 1144/1144/1144 1142/1142/1142 
f 1155/1155/1155 1157/1157/1157 1154/1154/1154 
f 1154/1154/1154 1157/1157/1157 1156/1156/1156 
f 1144/1144/1144 1156/1156/1156 1158/1158/1158 
f 1157/1157/1157 1158/1158/1158 1156/1156/1156 
f 1158/1158/1158 1135/1135/1135 1144/1144/1144 
f 1159/1159/1159 1157/1157/1157 1155/1155/1155 
f 1160/1160/1160 1159/1159/1159 1155/1155/1155 
f 1159/1159/1159 1160/1160/1160 1161/1161/1161 
f 1157/1157/1157 1159/1159/1159 1162/1162/1162 
f 1162/1162/1162 1158/1158/1158 1157/1157/1157 
f 1161/1161/1161 1163/1163/1163 1159/1159/1159 
f 1163/1163/1163 1162/1162/1162 1159/1159/1159 
f 1161/1161/1161 1164/1164/1164 1163/1163/1163 
f 1158/1158/1158 1162/1162/1162 1165/1165/1165 
f 1135/1135/1135 1158/1158/1158 1165/1165/1165 
f 1162/1162/1162 1163/1163/1163 1166/1166/1166 
f 1163/1163/1163 1164/1164/1164 1166/1166/1166 
f 1166/1166/1166 1165/1165/1165 1162/1162/1162 
f 1167/1167/1167 1135/1135/1135 1165/1165/1165 
f 1165/1165/1165 1166/1166/1166 1167/1167/1167 
f 1135/1135/1135 1167/1167/1167 1137/1137/1137 
f 1164/1164/1164 1168/1168/1168 1166/1166/1166 
f 1168/1168/1168 1167/1167/1167 1166/1166/1166 
f 1167/1167/1167 1169/1169/1169 1137/1137/1137 
f 1167/1167/1167 1168/1168/1168 1169/1169/1169 
f 1169/1169/1169 1170/1170/1170 1137/1137/1137 
f 1171/1171/1171 1170/1170/1170 1169/1169/1169 
f 1168/1168/1168 1171/1171/1171 1169/1169/1169 
f 1170/1170/1170 1171/1171/1171 1172/1172/1172 
f 1164/1164/1164 1173/1173/1173 1168/1168/1168 
f 1171/1171/1171 1168/1168/1168 1173/1173/1173 
f 1164/1164/1164 1174/1174/1174 1173/1173/1173 
f 1171/1171/1171 1175/1175/1175 1172/1172/1172 
f 1174/1174/1174 1176/1176/1176 1173/1173/1173 
f 1176/1176/1176 1171/1171/1171 1173/1173/1173 
f 1177/1177/1177 1175/1175/1175 1171/1171/1171 
f 1171/1171/1171 1176/1176/1176 1177/1177/1177 
f 1178/1178/1178 1179/1179/1179 1180/1180/1180 
f 1181/1181/1181 1182/1182/1182 1178/1178/1178 
f 1180/1180/1180 1183/1183/1183 1178/1178/1178 
f 1178/1178/1178 1183/1183/1183 1181/1181/1181 
f 1183/1183/1183 1180/1180/1180 1184/1184/1184 
f 1183/1183/1183 1185/1185/1185 1181/1181/1181 
f 1184/1184/1184 1186/1186/1186 1183/1183/1183 
f 1183/1183/1183 1186/1186/1186 1185/1185/1185 
f 1186/1186/1186 1184/1184/1184 1187/1187/1187 
f 1188/1188/1188 1185/1185/1185 1186/1186/1186 
f 1187/1187/1187 1188/1188/1188 1186/1186/1186 
f 1185/1185/1185 1188/1188/1188 1189/1189/1189 
f 1188/1188/1188 1187/1187/1187 1190/1190/1190 
f 1191/1191/1191 1189/1189/1189 1188/1188/1188 
f 1190/1190/1190 1191/1191/1191 1188/1188/1188 
f 1189/1189/1189 1191/1191/1191 1192/1192/1192 
f 1191/1191/1191 1190/1190/1190 1193/1193/1193 
f 1194/1194/1194 1192/1192/1192 1191/1191/1191 
f 1193/1193/1193 1195/1195/1195 1191/1191/1191 
f 1191/1191/1191 1195/1195/1195 1194/1194/1194 
f 1193/1193/1193 1196/1196/1196 1195/1195/1195 
f 1197/1197/1197 1194/1194/1194 1195/1195/1195 
f 1196/1196/1196 1197/1197/1197 1195/1195/1195 
f 1194/1194/1194 1197/1197/1197 1198/1198/1198 
f 1196/1196/1196 1199/1199/1199 1197/1197/1197 
f 1200/1200/1200 1198/1198/1198 1197/1197/1197 
f 1199/1199/1199 1201/1201/1201 1197/1197/1197 
f 1197/1197/1197 1201/1201/1201 1200/1200/1200 
f 1199/1199/1199 1202/1202/1202 1201/1201/1201 
f 1203/1203/1203 1200/1200/1200 1201/1201/1201 
f 1202/1202/1202 1204/1204/1204 1201/1201/1201 
f 1201/1201/1201 1205/1205/1205 1203/1203/1203 
f 1205/1205/1205 1201/1201/1201 1204/1204/1204 
f 1205/1205/1205 1204/1204/1204 1206/1206/1206 
f 1205/1205/1205 1206/1206/1206 1207/1207/1207 
f 1208/1208/1208 1209/1209/1209 1210/1210/1210 
f 1211/1211/1211 1212/1212/1212 1209/1209/1209 
f 1213/1213/1213 1210/1210/1210 1209/1209/1209 
f 1213/1213/1213 1209/1209/1209 1212/1212/1212 
f 1210/1210/1210 1213/1213/1213 1214/1214/1214 
f 1212/1212/1212 1215/1215/1215 1213/1213/1213 
f 1216/1216/1216 1214/1214/1214 1213/1213/1213 
f 1216/1216/1216 1213/1213/1213 1215/1215/1215 
f 1214/1214/1214 1216/1216/1216 1217/1217/1217 
f 1215/1215/1215 1218/1218/1218 1216/1216/1216 
f 1218/1218/1218 1217/1217/1217 1216/1216/1216 
f 1218/1218/1218 1215/1215/1215 1219/1219/1219 
f 1217/1217/1217 1218/1218/1218 1220/1220/1220 
f 1219/1219/1219 1221/1221/1221 1218/1218/1218 
f 1221/1221/1221 1220/1220/1220 1218/1218/1218 
f 1221/1221/1221 1219/1219/1219 1222/1222/1222 
f 1220/1220/1220 1221/1221/1221 1223/1223/1223 
f 1222/1222/1222 1224/1224/1224 1221/1221/1221 
f 1221/1221/1221 1225/1225/1225 1223/1223/1223 
f 1221/1221/1221 1224/1224/1224 1225/1225/1225 
f 1226/1226/1226 1223/1223/1223 1225/1225/1225 
f 1224/1224/1224 1227/1227/1227 1225/1225/1225 
f 1225/1225/1225 1227/1227/1227 1226/1226/1226 
f 1227/1227/1227 1224/1224/1224 1228/1228/1228 
f 1229/1229/1229 1226/1226/1226 1227/1227/1227 
f 1228/1228/1228 1230/1230/1230 1227/1227/1227 
f 1229/1229/1229 1227/1227/1227 1231/1231/1231 
f 1231/1231/1231 1227/1227/1227 1230/1230/1230 
f 1229/1229/1229 1231/1231/1231 1232/1232/1232 
f 1230/1230/1230 1233/1233/1233 1231/1231/1231 
f 1232/1232/1232 1231/1231/1231 1234/1234/1234 
f 1235/1235/1235 1231/1231/1231 1233/1233/1233 
f 1231/1231/1231 1235/1235/1235 1234/1234/1234 
f 1234/1234/1234 1235/1235/1235 1236/1236/1236 
f 1235/1235/1235 1237/1237/1237 1236/1236/1236 
f 1238/1238/1238 1239/1239/1239 1240/1240/1240 
f 1240/1240/1240 1241/1241/1241 1238/1238/1238 
f 1241/1241/1241 1240/1240/1240 1242/1242/1242 
f 1243/1243/1243 1238/1238/1238 1241/1241/1241 
f 1244/1244/1244 1242/1242/1242 1240/1240/1240 
f 1239/1239/1239 1244/1244/1244 1240/1240/1240 
f 1245/1245/1245 1238/1238/1238 1243/1243/1243 
f 1244/1244/1244 1239/1239/1239 1246/1246/1246 
f 1246/1246/1246 1239/1239/1239 1247/1247/1247 
f 1238/1238/1238 1245/1245/1245 1248/1248/1248 
f 1239/1239/1239 1238/1238/1238 1248/1248/1248 
f 1248/1248/1248 1245/1245/1245 1249/1249/1249 
f 1239/1239/1239 1249/1249/1249 1247/1247/1247 
f 1249/1249/1249 1239/1239/1239 1248/1248/1248 
f 1077/1077/1077 1097/1097/1097 1250/1250/1250 
f 1108/1108/1108 1250/1250/1250 1097/1097/1097 
f 1075/1075/1075 1077/1077/1077 1250/1250/1250 
f 1250/1250/1250 1108/1108/1108 1251/1251/1251 
f 1108/1108/1108 1113/1113/1113 1251/1251/1251 
f 1252/1252/1252 1251/1251/1251 1113/1113/1113 
f 1253/1253/1253 1250/1250/1250 1251/1251/1251 
f 1252/1252/1252 1253/1253/1253 1251/1251/1251 
f 1250/1250/1250 1253/1253/1253 1075/1075/1075 
f 1055/1055/1055 1253/1253/1253 1252/1252/1252 
f 1054/1054/1054 1075/1075/1075 1253/1253/1253 
f 1055/1055/1055 1054/1054/1054 1253/1253/1253 
f 1254/1254/1254 1255/1255/1255 1256/1256/1256 
f 1257/1257/1257 1254/1254/1254 1256/1256/1256 
f 1255/1255/1255 1254/1254/1254 1258/1258/1258 
f 1254/1254/1254 1257/1257/1257 1259/1259/1259 
f 1260/1260/1260 1255/1255/1255 1258/1258/1258 
f 1261/1261/1261 1259/1259/1259 1257/1257/1257 
f 1255/1255/1255 1260/1260/1260 1262/1262/1262 
f 1263/1263/1263 1262/1262/1262 1260/1260/1260 
f 1262/1262/1262 1263/1263/1263 1264/1264/1264 
f 1259/1259/1259 1261/1261/1261 1265/1265/1265 
f 1261/1261/1261 1266/1266/1266 1265/1265/1265 
f 1266/1266/1266 1261/1261/1261 1267/1267/1267 
f 1267/1267/1267 1268/1268/1268 1266/1266/1266 
f 1268/1268/1268 1267/1267/1267 1269/1269/1269 
f 1269/1269/1269 1270/1270/1270 1268/1268/1268 
f 1271/1271/1271 1268/1268/1268 1270/1270/1270 
f 1270/1270/1270 1272/1272/1272 1271/1271/1271 
f 1272/1272/1272 1270/1270/1270 1273/1273/1273 
f 1273/1273/1273 1274/1274/1274 1272/1272/1272 
f 1274/1274/1274 1273/1273/1273 1275/1275/1275 
f 1276/1276/1276 1277/1277/1277 1278/1278/1278 
f 1278/1278/1278 1279/1279/1279 1276/1276/1276 
f 1280/1280/1280 1279/1279/1279 1281/1281/1281 
f 1282/1282/1282 1280/1280/1280 1281/1281/1281 
f 1280/1280/1280 1282/1282/1282 1283/1283/1283 
f 1280/1280/1280 1283/1283/1283 1284/1284/1284 
f 1279/1279/1279 1280/1280/1280 1285/1285/1285 
f 1285/1285/1285 1276/1276/1276 1279/1279/1279 
f 1284/1284/1284 1286/1286/1286 1280/1280/1280 
f 1286/1286/1286 1285/1285/1285 1280/1280/1280 
f 1286/1286/1286 1284/1284/1284 1287/1287/1287 
f 1276/1276/1276 1285/1285/1285 1288/1288/1288 
f 1287/1287/1287 1289/1289/1289 1286/1286/1286 
f 1289/1289/1289 1287/1287/1287 1290/1290/1290 
f 1290/1290/1290 1291/1291/1291 1289/1289/1289 
f 1289/1289/1289 1292/1292/1292 1286/1286/1286 
f 1285/1285/1285 1286/1286/1286 1292/1292/1292 
f 1291/1291/1291 1293/1293/1293 1289/1289/1289 
f 1292/1292/1292 1289/1289/1289 1293/1293/1293 
f 1293/1293/1293 1291/1291/1291 1294/1294/1294 
f 1295/1295/1295 1293/1293/1293 1294/1294/1294 
f 1293/1293/1293 1295/1295/1295 1296/1296/1296 
f 1296/1296/1296 1292/1292/1292 1293/1293/1293 
f 1297/1297/1297 1296/1296/1296 1295/1295/1295 
f 1298/1298/1298 1285/1285/1285 1292/1292/1292 
f 1292/1292/1292 1296/1296/1296 1298/1298/1298 
f 1285/1285/1285 1298/1298/1298 1288/1288/1288 
f 1296/1296/1296 1297/1297/1297 1299/1299/1299 
f 1300/1300/1300 1299/1299/1299 1297/1297/1297 
f 1301/1301/1301 1298/1298/1298 1296/1296/1296 
f 1296/1296/1296 1299/1299/1299 1301/1301/1301 
f 1302/1302/1302 1288/1288/1288 1298/1298/1298 
f 1302/1302/1302 1298/1298/1298 1301/1301/1301 
f 1302/1302/1302 1276/1276/1276 1288/1288/1288 
f 1299/1299/1299 1300/1300/1300 1303/1303/1303 
f 1303/1303/1303 1301/1301/1301 1299/1299/1299 
f 1304/1304/1304 1302/1302/1302 1301/1301/1301 
f 1301/1301/1301 1303/1303/1303 1304/1304/1304 
f 1276/1276/1276 1302/1302/1302 1305/1305/1305 
f 1277/1277/1277 1276/1276/1276 1305/1305/1305 
f 1302/1302/1302 1304/1304/1304 1306/1306/1306 
f 1306/1306/1306 1305/1305/1305 1302/1302/1302 
f 1305/1305/1305 1307/1307/1307 1277/1277/1277 
f 1277/1277/1277 1307/1307/1307 1308/1308/1308 
f 1305/1305/1305 1306/1306/1306 1309/1309/1309 
f 1305/1305/1305 1309/1309/1309 1307/1307/1307 
f 1310/1310/1310 1308/1308/1308 1307/1307/1307 
f 1310/1310/1310 1307/1307/1307 1309/1309/1309 
f 1309/1309/1309 1311/1311/1311 1310/1310/1310 
f 1311/1311/1311 1309/1309/1309 1306/1306/1306 
f 1312/1312/1312 1310/1310/1310 1311/1311/1311 
f 1310/1310/1310 1312/1312/1312 1313/1313/1313 
f 1314/1314/1314 1313/1313/1313 1312/1312/1312 
f 1314/1314/1314 1312/1312/1312 1315/1315/1315 
f 1312/1312/1312 1311/1311/1311 1316/1316/1316 
f 1306/1306/1306 1316/1316/1316 1311/1311/1311 
f 1316/1316/1316 1315/1315/1315 1312/1312/1312 
f 1316/1316/1316 1306/1306/1306 1304/1304/1304 
f 1315/1315/1315 1316/1316/1316 1317/1317/1317 
f 1304/1304/1304 1317/1317/1317 1316/1316/1316 
f 1317/1317/1317 1318/1318/1318 1315/1315/1315 
f 1317/1317/1317 1304/1304/1304 1303/1303/1303 
f 1318/1318/1318 1317/1317/1317 1319/1319/1319 
f 1303/1303/1303 1319/1319/1319 1317/1317/1317 
f 1319/1319/1319 1303/1303/1303 1300/1300/1300 
f 1300/1300/1300 1320/1320/1320 1319/1319/1319 
f 1319/1319/1319 1321/1321/1321 1318/1318/1318 
f 1321/1321/1321 1319/1319/1319 1320/1320/1320 
f 1320/1320/1320 1322/1322/1322 1321/1321/1321 
f 1323/1323/1323 1321/1321/1321 1322/1322/1322 
f 1321/1321/1321 1323/1323/1323 1324/1324/1324 
f 1325/1325/1325 1324/1324/1324 1323/1323/1323 
f 1321/1321/1321 1324/1324/1324 1326/1326/1326 
f 1324/1324/1324 1325/1325/1325 1327/1327/1327 
f 1324/1324/1324 1327/1327/1327 1326/1326/1326 
f 1328/1328/1328 1329/1329/1329 1330/1330/1330 
f 1331/1331/1331 1330/1330/1330 1329/1329/1329 
f 1330/1330/1330 1332/1332/1332 1328/1328/1328 
f 1330/1330/1330 1331/1331/1331 1333/1333/1333 
f 1334/1334/1334 1328/1328/1328 1332/1332/1332 
f 1331/1331/1331 1335/1335/1335 1333/1333/1333 
f 1332/1332/1332 1336/1336/1336 1334/1334/1334 
f 1335/1335/1335 1331/1331/1331 1337/1337/1337 
f 1338/1338/1338 1334/1334/1334 1336/1336/1336 
f 1339/1339/1339 1335/1335/1335 1337/1337/1337 
f 1334/1334/1334 1338/1338/1338 1340/1340/1340 
f 1335/1335/1335 1339/1339/1339 1341/1341/1341 
f 1342/1342/1342 1340/1340/1340 1338/1338/1338 
f 1343/1343/1343 1341/1341/1341 1339/1339/1339 
f 1340/1340/1340 1342/1342/1342 1344/1344/1344 
f 1345/1345/1345 1344/1344/1344 1342/1342/1342 
f 1344/1344/1344 1345/1345/1345 1346/1346/1346 
f 1341/1341/1341 1343/1343/1343 1347/1347/1347 
f 1348/1348/1348 1347/1347/1347 1343/1343/1343 
f 1347/1347/1347 1348/1348/1348 1349/1349/1349 
f 1350/1350/1350 1351/1351/1351 1352/1352/1352 
f 1352/1352/1352 1353/1353/1353 1350/1350/1350 
f 1352/1352/1352 1351/1351/1351 1354/1354/1354 
f 1353/1353/1353 1352/1352/1352 1355/1355/1355 
f 1351/1351/1351 1356/1356/1356 1354/1354/1354 
f 1355/1355/1355 1357/1357/1357 1353/1353/1353 
f 1354/1354/1354 1356/1356/1356 1358/1358/1358 
f 1359/1359/1359 1353/1353/1353 1357/1357/1357 
f 1356/1356/1356 1360/1360/1360 1358/1358/1358 
f 1357/1357/1357 1361/1361/1361 1359/1359/1359 
f 1360/1360/1360 1356/1356/1356 1362/1362/1362 
f 1361/1361/1361 1357/1357/1357 1363/1363/1363 
f 1362/1362/1362 1364/1364/1364 1360/1360/1360 
f 1363/1363/1363 1365/1365/1365 1361/1361/1361 
f 1364/1364/1364 1362/1362/1362 1366/1366/1366 
f 1366/1366/1366 1367/1367/1367 1364/1364/1364 
f 1367/1367/1367 1366/1366/1366 1368/1368/1368 
f 1365/1365/1365 1363/1363/1363 1369/1369/1369 
f 1369/1369/1369 1370/1370/1370 1365/1365/1365 
f 1370/1370/1370 1369/1369/1369 1371/1371/1371 
f 1372/1372/1372 1373/1373/1373 1374/1374/1374 
f 1373/1373/1373 1372/1372/1372 1375/1375/1375 
f 1375/1375/1375 1376/1376/1376 1373/1373/1373 
f 1377/1377/1377 1372/1372/1372 1374/1374/1374 
f 1374/1374/1374 1378/1378/1378 1377/1377/1377 
f 1377/1377/1377 1379/1379/1379 1372/1372/1372 
f 1379/1379/1379 1375/1375/1375 1372/1372/1372 
f 1375/1375/1375 1379/1379/1379 1380/1380/1380 
f 1379/1379/1379 1377/1377/1377 1381/1381/1381 
f 1382/1382/1382 1375/1375/1375 1380/1380/1380 
f 1378/1378/1378 1383/1383/1383 1377/1377/1377 
f 1383/1383/1383 1381/1381/1381 1377/1377/1377 
f 1383/1383/1383 1378/1378/1378 1384/1384/1384 
f 1381/1381/1381 1383/1383/1383 1385/1385/1385 
f 1383/1383/1383 1384/1384/1384 1386/1386/1386 
f 1386/1386/1386 1385/1385/1385 1383/1383/1383 
f 1385/1385/1385 1386/1386/1386 1387/1387/1387 
f 1384/1384/1384 1388/1388/1388 1386/1386/1386 
f 1389/1389/1389 1387/1387/1387 1386/1386/1386 
f 1388/1388/1388 1390/1390/1390 1386/1386/1386 
f 1386/1386/1386 1390/1390/1390 1389/1389/1389 
f 1390/1390/1390 1388/1388/1388 1391/1391/1391 
f 1392/1392/1392 1389/1389/1389 1390/1390/1390 
f 1391/1391/1391 1392/1392/1392 1390/1390/1390 
f 1389/1389/1389 1392/1392/1392 1393/1393/1393 
f 1392/1392/1392 1391/1391/1391 1394/1394/1394 
f 1395/1395/1395 1393/1393/1393 1392/1392/1392 
f 1394/1394/1394 1395/1395/1395 1392/1392/1392 
f 1393/1393/1393 1395/1395/1395 1396/1396/1396 
f 1395/1395/1395 1394/1394/1394 1179/1179/1179 
f 1182/1182/1182 1396/1396/1396 1395/1395/1395 
f 1179/1179/1179 1178/1178/1178 1395/1395/1395 
f 1395/1395/1395 1178/1178/1178 1182/1182/1182 
f 1397/1397/1397 1398/1398/1398 1399/1399/1399 
f 1398/1398/1398 1400/1400/1400 1399/1399/1399 
f 1398/1398/1398 1401/1401/1401 1400/1400/1400 
f 1402/1402/1402 1397/1397/1397 1399/1399/1399 
f 1397/1397/1397 1402/1402/1402 1403/1403/1403 
f 1404/1404/1404 1402/1402/1402 1399/1399/1399 
f 1399/1399/1399 1400/1400/1400 1404/1404/1404 
f 1404/1404/1404 1400/1400/1400 1405/1405/1405 
f 1402/1402/1402 1404/1404/1404 1406/1406/1406 
f 1400/1400/1400 1407/1407/1407 1405/1405/1405 
f 1408/1408/1408 1403/1403/1403 1402/1402/1402 
f 1406/1406/1406 1408/1408/1408 1402/1402/1402 
f 1403/1403/1403 1408/1408/1408 1409/1409/1409 
f 1408/1408/1408 1406/1406/1406 1410/1410/1410 
f 1408/1408/1408 1411/1411/1411 1409/1409/1409 
f 1410/1410/1410 1411/1411/1411 1408/1408/1408 
f 1411/1411/1411 1410/1410/1410 1412/1412/1412 
f 1409/1409/1409 1411/1411/1411 1413/1413/1413 
f 1414/1414/1414 1411/1411/1411 1412/1412/1412 
f 1415/1415/1415 1413/1413/1413 1411/1411/1411 
f 1411/1411/1411 1414/1414/1414 1415/1415/1415 
f 1413/1413/1413 1415/1415/1415 1416/1416/1416 
f 1414/1414/1414 1417/1417/1417 1415/1415/1415 
f 1417/1417/1417 1416/1416/1416 1415/1415/1415 
f 1417/1417/1417 1414/1414/1414 1418/1418/1418 
f 1416/1416/1416 1417/1417/1417 1419/1419/1419 
f 1418/1418/1418 1420/1420/1420 1417/1417/1417 
f 1420/1420/1420 1419/1419/1419 1417/1417/1417 
f 1420/1420/1420 1418/1418/1418 1421/1421/1421 
f 1419/1419/1419 1420/1420/1420 1208/1208/1208 
f 1421/1421/1421 1211/1211/1211 1420/1420/1420 
f 1209/1209/1209 1208/1208/1208 1420/1420/1420 
f 1420/1420/1420 1211/1211/1211 1209/1209/1209 
f 1422/1422/1422 1423/1423/1423 1424/1424/1424 
f 1425/1425/1425 1426/1426/1426 1427/1427/1427 
f 1426/1426/1426 1425/1425/1425 1428/1428/1428 
f 1428/1428/1428 1429/1429/1429 1426/1426/1426 
f 1430/1430/1430 1428/1428/1428 1425/1425/1425 
f 1429/1429/1429 1431/1431/1431 1426/1426/1426 
f 1432/1432/1432 1430/1430/1430 1425/1425/1425 
f 1427/1427/1427 1432/1432/1432 1425/1425/1425 
f 1426/1426/1426 1433/1433/1433 1427/1427/1427 
f 1433/1433/1433 1426/1426/1426 1431/1431/1431 
f 1432/1432/1432 1427/1427/1427 1434/1434/1434 
f 1435/1435/1435 1427/1427/1427 1433/1433/1433 
f 1427/1427/1427 1435/1435/1435 1434/1434/1434 
f 1436/1436/1436 1433/1433/1433 1431/1431/1431 
f 1436/1436/1436 1435/1435/1435 1433/1433/1433 
f 1437/1437/1437 1432/1432/1432 1434/1434/1434 
f 1434/1434/1434 1435/1435/1435 1437/1437/1437 
f 1432/1432/1432 1437/1437/1437 1438/1438/1438 
f 1435/1435/1435 1439/1439/1439 1437/1437/1437 
f 1430/1430/1430 1432/1432/1432 1440/1440/1440 
f 1438/1438/1438 1440/1440/1440 1432/1432/1432 
f 1440/1440/1440 1441/1441/1441 1430/1430/1430 
f 1442/1442/1442 1430/1430/1430 1441/1441/1441 
f 1443/1443/1443 1442/1442/1442 1441/1441/1441 
f 1441/1441/1441 1444/1444/1444 1443/1443/1443 
f 1441/1441/1441 1440/1440/1440 1444/1444/1444 
f 1443/1443/1443 1444/1444/1444 1445/1445/1445 
f 1444/1444/1444 1446/1446/1446 1445/1445/1445 
f 1447/1447/1447 1444/1444/1444 1440/1440/1440 
f 1444/1444/1444 1447/1447/1447 1446/1446/1446 
f 1440/1440/1440 1438/1438/1438 1447/1447/1447 
f 1445/1445/1445 1446/1446/1446 1448/1448/1448 
f 1438/1438/1438 1437/1437/1437 1449/1449/1449 
f 1439/1439/1439 1449/1449/1449 1437/1437/1437 
f 1438/1438/1438 1449/1449/1449 1450/1450/1450 
f 1439/1439/1439 1451/1451/1451 1449/1449/1449 
f 1452/1452/1452 1438/1438/1438 1450/1450/1450 
f 1452/1452/1452 1447/1447/1447 1438/1438/1438 
f 1452/1452/1452 1446/1446/1446 1447/1447/1447 
f 1453/1453/1453 1452/1452/1452 1450/1450/1450 
f 1452/1452/1452 1453/1453/1453 1454/1454/1454 
f 1454/1454/1454 1446/1446/1446 1452/1452/1452 
f 1049/1049/1049 1454/1454/1454 1453/1453/1453 
f 1446/1446/1446 1053/1053/1053 1448/1448/1448 
f 1446/1446/1446 1454/1454/1454 1053/1053/1053 
f 1448/1448/1448 1053/1053/1053 1055/1055/1055 
f 1454/1454/1454 1049/1049/1049 1051/1051/1051 
f 1454/1454/1454 1051/1051/1051 1053/1053/1053 
f 1455/1455/1455 1456/1456/1456 1457/1457/1457 
f 1458/1458/1458 1459/1459/1459 1460/1460/1460 
f 1461/1461/1461 1460/1460/1460 1459/1459/1459 
f 1462/1462/1462 1463/1463/1463 1458/1458/1458 
f 1463/1463/1463 1462/1462/1462 1464/1464/1464 
f 1465/1465/1465 1458/1458/1458 1460/1460/1460 
f 1458/1458/1458 1465/1465/1465 1462/1462/1462 
f 1466/1466/1466 1464/1464/1464 1462/1462/1462 
f 1464/1464/1464 1466/1466/1466 1467/1467/1467 
f 1466/1466/1466 1468/1468/1468 1467/1467/1467 
f 1462/1462/1462 1469/1469/1469 1466/1466/1466 
f 1469/1469/1469 1462/1462/1462 1465/1465/1465 
f 1468/1468/1468 1466/1466/1466 1470/1470/1470 
f 1470/1470/1470 1471/1471/1471 1468/1468/1468 
f 1471/1471/1471 1470/1470/1470 1472/1472/1472 
f 1466/1466/1466 1473/1473/1473 1470/1470/1470 
f 1473/1473/1473 1472/1472/1472 1470/1470/1470 
f 1473/1473/1473 1466/1466/1466 1469/1469/1469 
f 1472/1472/1472 1473/1473/1473 1474/1474/1474 
f 1473/1473/1473 1475/1475/1475 1474/1474/1474 
f 1475/1475/1475 1473/1473/1473 1476/1476/1476 
f 1469/1469/1469 1476/1476/1476 1473/1473/1473 
f 1476/1476/1476 1477/1477/1477 1475/1475/1475 
f 1476/1476/1476 1469/1469/1469 1478/1478/1478 
f 1465/1465/1465 1478/1478/1478 1469/1469/1469 
f 1477/1477/1477 1476/1476/1476 1479/1479/1479 
f 1478/1478/1478 1479/1479/1479 1476/1476/1476 
f 1479/1479/1479 1480/1480/1480 1477/1477/1477 
f 1478/1478/1478 1465/1465/1465 1481/1481/1481 
f 1460/1460/1460 1481/1481/1481 1465/1465/1465 
f 1479/1479/1479 1478/1478/1478 1482/1482/1482 
f 1481/1481/1481 1482/1482/1482 1478/1478/1478 
f 1480/1480/1480 1479/1479/1479 1483/1483/1483 
f 1482/1482/1482 1483/1483/1483 1479/1479/1479 
f 1483/1483/1483 1484/1484/1484 1480/1480/1480 
f 1481/1481/1481 1460/1460/1460 1485/1485/1485 
f 1460/1460/1460 1461/1461/1461 1485/1485/1485 
f 1482/1482/1482 1481/1481/1481 1486/1486/1486 
f 1485/1485/1485 1486/1486/1486 1481/1481/1481 
f 1461/1461/1461 1487/1487/1487 1485/1485/1485 
f 1486/1486/1486 1485/1485/1485 1487/1487/1487 
f 1487/1487/1487 1461/1461/1461 1488/1488/1488 
f 1488/1488/1488 1489/1489/1489 1487/1487/1487 
f 1490/1490/1490 1487/1487/1487 1489/1489/1489 
f 1487/1487/1487 1490/1490/1490 1486/1486/1486 
f 1491/1491/1491 1490/1490/1490 1489/1489/1489 
f 1486/1486/1486 1492/1492/1492 1482/1482/1482 
f 1492/1492/1492 1486/1486/1486 1490/1490/1490 
f 1483/1483/1483 1482/1482/1482 1492/1492/1492 
f 1490/1490/1490 1491/1491/1491 1493/1493/1493 
f 1494/1494/1494 1493/1493/1493 1491/1491/1491 
f 1490/1490/1490 1495/1495/1495 1492/1492/1492 
f 1495/1495/1495 1490/1490/1490 1493/1493/1493 
f 1492/1492/1492 1496/1496/1496 1483/1483/1483 
f 1496/1496/1496 1492/1492/1492 1495/1495/1495 
f 1484/1484/1484 1483/1483/1483 1496/1496/1496 
f 1496/1496/1496 1497/1497/1497 1484/1484/1484 
f 1493/1493/1493 1494/1494/1494 1498/1498/1498 
f 1498/1498/1498 1495/1495/1495 1493/1493/1493 
f 1494/1494/1494 1499/1499/1499 1498/1498/1498 
f 1497/1497/1497 1496/1496/1496 1500/1500/1500 
f 1495/1495/1495 1500/1500/1500 1496/1496/1496 
f 1500/1500/1500 1501/1501/1501 1497/1497/1497 
f 1495/1495/1495 1498/1498/1498 1502/1502/1502 
f 1500/1500/1500 1495/1495/1495 1502/1502/1502 
f 1503/1503/1503 1498/1498/1498 1499/1499/1499 
f 1498/1498/1498 1503/1503/1503 1502/1502/1502 
f 1499/1499/1499 1504/1504/1504 1503/1503/1503 
f 1502/1502/1502 1505/1505/1505 1500/1500/1500 
f 1505/1505/1505 1502/1502/1502 1503/1503/1503 
f 1504/1504/1504 1505/1505/1505 1503/1503/1503 
f 1501/1501/1501 1500/1500/1500 1505/1505/1505 
f 1505/1505/1505 1504/1504/1504 1506/1506/1506 
f 1506/1506/1506 1501/1501/1501 1505/1505/1505 
f 1501/1501/1501 1506/1506/1506 1507/1507/1507 
f 1508/1508/1508 1509/1509/1509 1510/1510/1510 
f 1511/1511/1511 1512/1512/1512 1513/1513/1513 
f 1511/1511/1511 1513/1513/1513 1509/1509/1509 
f 1514/1514/1514 1509/1509/1509 1508/1508/1508 
f 1514/1514/1514 1511/1511/1511 1509/1509/1509 
f 1508/1508/1508 1515/1515/1515 1514/1514/1514 
f 1515/1515/1515 1508/1508/1508 1516/1516/1516 
f 1511/1511/1511 1514/1514/1514 1517/1517/1517 
f 1516/1516/1516 1174/1174/1174 1515/1515/1515 
f 1174/1174/1174 1516/1516/1516 1518/1518/1518 
f 1514/1514/1514 1515/1515/1515 1519/1519/1519 
f 1515/1515/1515 1174/1174/1174 1519/1519/1519 
f 1514/1514/1514 1519/1519/1519 1517/1517/1517 
f 1518/1518/1518 1176/1176/1176 1174/1174/1174 
f 1517/1517/1517 1520/1520/1520 1511/1511/1511 
f 1521/1521/1521 1520/1520/1520 1517/1517/1517 
f 1522/1522/1522 1520/1520/1520 1521/1521/1521 
f 1519/1519/1519 1174/1174/1174 1164/1164/1164 
f 1161/1161/1161 1517/1517/1517 1519/1519/1519 
f 1164/1164/1164 1161/1161/1161 1519/1519/1519 
f 1160/1160/1160 1521/1521/1521 1517/1517/1517 
f 1161/1161/1161 1160/1160/1160 1517/1517/1517 
f 1523/1523/1523 1522/1522/1522 1521/1521/1521 
f 1523/1523/1523 1524/1524/1524 1522/1522/1522 
f 1521/1521/1521 1160/1160/1160 1525/1525/1525 
f 1523/1523/1523 1521/1521/1521 1525/1525/1525 
f 1524/1524/1524 1523/1523/1523 1526/1526/1526 
f 1526/1526/1526 1527/1527/1527 1524/1524/1524 
f 1528/1528/1528 1523/1523/1523 1525/1525/1525 
f 1528/1528/1528 1526/1526/1526 1523/1523/1523 
f 1529/1529/1529 1527/1527/1527 1526/1526/1526 
f 1527/1527/1527 1529/1529/1529 1530/1530/1530 
f 1526/1526/1526 1528/1528/1528 1531/1531/1531 
f 1531/1531/1531 1529/1529/1529 1526/1526/1526 
f 1532/1532/1532 1530/1530/1530 1529/1529/1529 
f 1532/1532/1532 1529/1529/1529 1531/1531/1531 
f 1530/1530/1530 1532/1532/1532 1533/1533/1533 
f 1532/1532/1532 1531/1531/1531 1149/1149/1149 
f 1152/1152/1152 1531/1531/1531 1528/1528/1528 
f 1531/1531/1531 1152/1152/1152 1149/1149/1149 
f 1152/1152/1152 1528/1528/1528 1153/1153/1153 
f 1528/1528/1528 1525/1525/1525 1153/1153/1153 
f 1534/1534/1534 1533/1533/1533 1532/1532/1532 
f 1534/1534/1534 1532/1532/1532 1149/1149/1149 
f 1533/1533/1533 1534/1534/1534 1535/1535/1535 
f 1536/1536/1536 1533/1533/1533 1535/1535/1535 
f 1153/1153/1153 1525/1525/1525 1155/1155/1155 
f 1155/1155/1155 1525/1525/1525 1160/1160/1160 
f 1537/1537/1537 1536/1536/1536 1535/1535/1535 
f 1538/1538/1538 1536/1536/1536 1537/1537/1537 
f 1534/1534/1534 1539/1539/1539 1535/1535/1535 
f 1535/1535/1535 1539/1539/1539 1537/1537/1537 
f 1540/1540/1540 1538/1538/1538 1537/1537/1537 
f 1436/1436/1436 1538/1538/1538 1540/1540/1540 
f 1541/1541/1541 1540/1540/1540 1537/1537/1537 
f 1537/1537/1537 1539/1539/1539 1541/1541/1541 
f 1540/1540/1540 1542/1542/1542 1436/1436/1436 
f 1542/1542/1542 1540/1540/1540 1541/1541/1541 
f 1435/1435/1435 1436/1436/1436 1542/1542/1542 
f 1542/1542/1542 1439/1439/1439 1435/1435/1435 
f 1541/1541/1541 1543/1543/1543 1542/1542/1542 
f 1439/1439/1439 1542/1542/1542 1543/1543/1543 
f 1544/1544/1544 1541/1541/1541 1539/1539/1539 
f 1543/1543/1543 1541/1541/1541 1544/1544/1544 
f 1545/1545/1545 1439/1439/1439 1543/1543/1543 
f 1544/1544/1544 1545/1545/1545 1543/1543/1543 
f 1451/1451/1451 1439/1439/1439 1545/1545/1545 
f 1545/1545/1545 1546/1546/1546 1451/1451/1451 
f 1545/1545/1545 1547/1547/1547 1546/1546/1546 
f 1545/1545/1545 1544/1544/1544 1547/1547/1547 
f 1548/1548/1548 1546/1546/1546 1547/1547/1547 
f 1539/1539/1539 1143/1143/1143 1544/1544/1544 
f 1547/1547/1547 1544/1544/1544 1140/1140/1140 
f 1140/1140/1140 1544/1544/1544 1143/1143/1143 
f 1146/1146/1146 1143/1143/1143 1539/1539/1539 
f 1539/1539/1539 1534/1534/1534 1146/1146/1146 
f 1534/1534/1534 1149/1149/1149 1146/1146/1146 
f 1547/1547/1547 1549/1549/1549 1548/1548/1548 
f 1549/1549/1549 1547/1547/1547 1140/1140/1140 
f 1550/1550/1550 1548/1548/1548 1549/1549/1549 
f 1548/1548/1548 1550/1550/1550 1551/1551/1551 
f 1140/1140/1140 1134/1134/1134 1549/1549/1549 
f 1552/1552/1552 1551/1551/1551 1550/1550/1550 
f 1551/1551/1551 1552/1552/1552 1553/1553/1553 
f 1553/1553/1553 1552/1552/1552 1554/1554/1554 
f 1555/1555/1555 1554/1554/1554 1552/1552/1552 
f 1552/1552/1552 1556/1556/1556 1555/1555/1555 
f 1549/1549/1549 1133/1133/1133 1550/1550/1550 
f 1133/1133/1133 1549/1549/1549 1134/1134/1134 
f 1550/1550/1550 1557/1557/1557 1552/1552/1552 
f 1557/1557/1557 1550/1550/1550 1133/1133/1133 
f 1556/1556/1556 1552/1552/1552 1558/1558/1558 
f 1552/1552/1552 1557/1557/1557 1558/1558/1558 
f 1558/1558/1558 1559/1559/1559 1556/1556/1556 
f 1559/1559/1559 1558/1558/1558 1560/1560/1560 
f 1557/1557/1557 1560/1560/1560 1558/1558/1558 
f 1560/1560/1560 1561/1561/1561 1559/1559/1559 
f 1133/1133/1133 1132/1132/1132 1557/1557/1557 
f 1561/1561/1561 1560/1560/1560 1562/1562/1562 
f 1562/1562/1562 1563/1563/1563 1561/1561/1561 
f 1560/1560/1560 1557/1557/1557 1564/1564/1564 
f 1564/1564/1564 1562/1562/1562 1560/1560/1560 
f 1132/1132/1132 1564/1564/1564 1557/1557/1557 
f 1563/1563/1563 1562/1562/1562 1565/1565/1565 
f 1565/1565/1565 1566/1566/1566 1563/1563/1563 
f 1564/1564/1564 1567/1567/1567 1562/1562/1562 
f 1567/1567/1567 1565/1565/1565 1562/1562/1562 
f 1132/1132/1132 1568/1568/1568 1564/1564/1564 
f 1567/1567/1567 1564/1564/1564 1568/1568/1568 
f 1566/1566/1566 1565/1565/1565 1569/1569/1569 
f 1567/1567/1567 1570/1570/1570 1565/1565/1565 
f 1569/1569/1569 1565/1565/1565 1570/1570/1570 
f 1568/1568/1568 1570/1570/1570 1567/1567/1567 
f 1569/1569/1569 1571/1571/1571 1566/1566/1566 
f 1568/1568/1568 1132/1132/1132 1127/1127/1127 
f 1571/1571/1571 1569/1569/1569 1572/1572/1572 
f 1573/1573/1573 1569/1569/1569 1570/1570/1570 
f 1569/1569/1569 1573/1573/1573 1572/1572/1572 
f 1572/1572/1572 1574/1574/1574 1571/1571/1571 
f 1575/1575/1575 1571/1571/1571 1574/1574/1574 
f 1576/1576/1576 1572/1572/1572 1573/1573/1573 
f 1572/1572/1572 1576/1576/1576 1574/1574/1574 
f 1574/1574/1574 1577/1577/1577 1575/1575/1575 
f 1578/1578/1578 1575/1575/1575 1577/1577/1577 
f 1577/1577/1577 1579/1579/1579 1578/1578/1578 
f 1574/1574/1574 1580/1580/1580 1577/1577/1577 
f 1580/1580/1580 1574/1574/1574 1576/1576/1576 
f 1579/1579/1579 1577/1577/1577 1581/1581/1581 
f 1581/1581/1581 1175/1175/1175 1579/1579/1579 
f 1582/1582/1582 1577/1577/1577 1580/1580/1580 
f 1577/1577/1577 1582/1582/1582 1581/1581/1581 
f 1583/1583/1583 1580/1580/1580 1576/1576/1576 
f 1573/1573/1573 1583/1583/1583 1576/1576/1576 
f 1175/1175/1175 1581/1581/1581 1172/1172/1172 
f 1584/1584/1584 1580/1580/1580 1583/1583/1583 
f 1584/1584/1584 1582/1582/1582 1580/1580/1580 
f 1573/1573/1573 1585/1585/1585 1583/1583/1583 
f 1573/1573/1573 1570/1570/1570 1585/1585/1585 
f 1570/1570/1570 1568/1568/1568 1585/1585/1585 
f 1170/1170/1170 1581/1581/1581 1582/1582/1582 
f 1170/1170/1170 1172/1172/1172 1581/1581/1581 
f 1582/1582/1582 1584/1584/1584 1586/1586/1586 
f 1586/1586/1586 1170/1170/1170 1582/1582/1582 
f 1585/1585/1585 1568/1568/1568 1587/1587/1587 
f 1127/1127/1127 1587/1587/1587 1568/1568/1568 
f 1583/1583/1583 1585/1585/1585 1588/1588/1588 
f 1588/1588/1588 1584/1584/1584 1583/1583/1583 
f 1588/1588/1588 1585/1585/1585 1587/1587/1587 
f 1589/1589/1589 1586/1586/1586 1584/1584/1584 
f 1588/1588/1588 1589/1589/1589 1584/1584/1584 
f 1587/1587/1587 1129/1129/1129 1588/1588/1588 
f 1127/1127/1127 1129/1129/1129 1587/1587/1587 
f 1588/1588/1588 1129/1129/1129 1589/1589/1589 
f 1586/1586/1586 1589/1589/1589 1590/1590/1590 
f 1586/1586/1586 1590/1590/1590 1137/1137/1137 
f 1170/1170/1170 1586/1586/1586 1137/1137/1137 
f 1589/1589/1589 1136/1136/1136 1590/1590/1590 
f 1136/1136/1136 1137/1137/1137 1590/1590/1590 
f 1130/1130/1130 1589/1589/1589 1129/1129/1129 
f 1589/1589/1589 1130/1130/1130 1136/1136/1136 
f 1591/1591/1591 1592/1592/1592 1593/1593/1593 
f 1592/1592/1592 1591/1591/1591 1594/1594/1594 
f 1594/1594/1594 1595/1595/1595 1592/1592/1592 
f 1595/1595/1595 1594/1594/1594 1596/1596/1596 
f 1593/1593/1593 1597/1597/1597 1591/1591/1591 
f 1597/1597/1597 1593/1593/1593 1598/1598/1598 
f 1598/1598/1598 1599/1599/1599 1597/1597/1597 
f 1599/1599/1599 1598/1598/1598 1600/1600/1600 
f 1601/1601/1601 1599/1599/1599 1600/1600/1600 
f 1599/1599/1599 1601/1601/1601 1602/1602/1602 
f 1603/1603/1603 1602/1602/1602 1601/1601/1601 
f 1602/1602/1602 1603/1603/1603 1604/1604/1604 
f 1605/1605/1605 1604/1604/1604 1603/1603/1603 
f 1604/1604/1604 1605/1605/1605 1606/1606/1606 
f 1607/1607/1607 1606/1606/1606 1605/1605/1605 
f 1606/1606/1606 1607/1607/1607 1608/1608/1608 
f 1609/1609/1609 1610/1610/1610 1611/1611/1611 
f 1610/1610/1610 1609/1609/1609 1612/1612/1612 
f 1609/1609/1609 1613/1613/1613 1612/1612/1612 
f 1613/1613/1613 1609/1609/1609 1614/1614/1614 
f 1611/1611/1611 1615/1615/1615 1609/1609/1609 
f 1615/1615/1615 1614/1614/1614 1609/1609/1609 
f 1615/1615/1615 1611/1611/1611 1376/1376/1376 
f 1614/1614/1614 1615/1615/1615 1382/1382/1382 
f 1376/1376/1376 1375/1375/1375 1615/1615/1615 
f 1375/1375/1375 1382/1382/1382 1615/1615/1615 
f 1616/1616/1616 1617/1617/1617 1618/1618/1618 
f 1619/1619/1619 1616/1616/1616 1618/1618/1618 
f 1617/1617/1617 1616/1616/1616 1620/1620/1620 
f 1616/1616/1616 1619/1619/1619 1621/1621/1621 
f 1622/1622/1622 1620/1620/1620 1616/1616/1616 
f 1621/1621/1621 1622/1622/1622 1616/1616/1616 
f 1620/1620/1620 1622/1622/1622 1401/1401/1401 
f 1622/1622/1622 1621/1621/1621 1407/1407/1407 
f 1622/1622/1622 1400/1400/1400 1401/1401/1401 
f 1407/1407/1407 1400/1400/1400 1622/1622/1622 
f 1623/1623/1623 1624/1624/1624 1625/1625/1625 
f 1626/1626/1626 1625/1625/1625 1624/1624/1624 
f 1625/1625/1625 1627/1627/1627 1623/1623/1623 
f 1624/1624/1624 1623/1623/1623 1628/1628/1628 
f 1625/1625/1625 1626/1626/1626 1629/1629/1629 
f 1624/1624/1624 1630/1630/1630 1626/1626/1626 
f 1627/1627/1627 1625/1625/1625 1631/1631/1631 
f 1629/1629/1629 1631/1631/1631 1625/1625/1625 
f 1632/1632/1632 1623/1623/1623 1627/1627/1627 
f 1631/1631/1631 1629/1629/1629 1633/1633/1633 
f 1631/1631/1631 1634/1634/1634 1627/1627/1627 
f 1633/1633/1633 1634/1634/1634 1631/1631/1631 
f 1627/1627/1627 1634/1634/1634 1635/1635/1635 
f 1627/1627/1627 1635/1635/1635 1632/1632/1632 
f 1623/1623/1623 1632/1632/1632 1636/1636/1636 
f 1636/1636/1636 1628/1628/1628 1623/1623/1623 
f 1632/1632/1632 1635/1635/1635 1637/1637/1637 
f 1638/1638/1638 1636/1636/1636 1632/1632/1632 
f 1637/1637/1637 1638/1638/1638 1632/1632/1632 
f 1628/1628/1628 1636/1636/1636 1123/1123/1123 
f 1636/1636/1636 1638/1638/1638 1122/1122/1122 
f 1122/1122/1122 1123/1123/1123 1636/1636/1636 
f 1122/1122/1122 1638/1638/1638 1639/1639/1639 
f 1638/1638/1638 1637/1637/1637 1640/1640/1640 
f 1640/1640/1640 1639/1639/1639 1638/1638/1638 
f 1116/1116/1116 1122/1122/1122 1639/1639/1639 
f 1639/1639/1639 1640/1640/1640 1114/1114/1114 
f 1114/1114/1114 1116/1116/1116 1639/1639/1639 
f 1641/1641/1641 1640/1640/1640 1637/1637/1637 
f 1112/1112/1112 1114/1114/1114 1640/1640/1640 
f 1640/1640/1640 1641/1641/1641 1112/1112/1112 
f 1637/1637/1637 1642/1642/1642 1641/1641/1641 
f 1635/1635/1635 1642/1642/1642 1637/1637/1637 
f 1109/1109/1109 1112/1112/1112 1641/1641/1641 
f 1642/1642/1642 1635/1635/1635 1643/1643/1643 
f 1634/1634/1634 1643/1643/1643 1635/1635/1635 
f 1642/1642/1642 1113/1113/1113 1641/1641/1641 
f 1641/1641/1641 1113/1113/1113 1109/1109/1109 
f 1643/1643/1643 1252/1252/1252 1642/1642/1642 
f 1113/1113/1113 1642/1642/1642 1252/1252/1252 
f 1644/1644/1644 1643/1643/1643 1634/1634/1634 
f 1634/1634/1634 1633/1633/1633 1644/1644/1644 
f 1643/1643/1643 1644/1644/1644 1645/1645/1645 
f 1643/1643/1643 1645/1645/1645 1252/1252/1252 
f 1644/1644/1644 1646/1646/1646 1645/1645/1645 
f 1645/1645/1645 1055/1055/1055 1252/1252/1252 
f 1646/1646/1646 1055/1055/1055 1645/1645/1645 
f 1647/1647/1647 1646/1646/1646 1644/1644/1644 
f 1633/1633/1633 1647/1647/1647 1644/1644/1644 
f 1647/1647/1647 1448/1448/1448 1646/1646/1646 
f 1055/1055/1055 1646/1646/1646 1448/1448/1448 
f 1648/1648/1648 1647/1647/1647 1633/1633/1633 
f 1448/1448/1448 1647/1647/1647 1445/1445/1445 
f 1648/1648/1648 1445/1445/1445 1647/1647/1647 
f 1633/1633/1633 1649/1649/1649 1648/1648/1648 
f 1649/1649/1649 1633/1633/1633 1629/1629/1629 
f 1650/1650/1650 1649/1649/1649 1629/1629/1629 
f 1629/1629/1629 1626/1626/1626 1650/1650/1650 
f 1651/1651/1651 1650/1650/1650 1626/1626/1626 
f 1652/1652/1652 1649/1649/1649 1650/1650/1650 
f 1651/1651/1651 1652/1652/1652 1650/1650/1650 
f 1653/1653/1653 1648/1648/1648 1649/1649/1649 
f 1649/1649/1649 1652/1652/1652 1653/1653/1653 
f 1648/1648/1648 1653/1653/1653 1654/1654/1654 
f 1445/1445/1445 1648/1648/1648 1654/1654/1654 
f 1626/1626/1626 1630/1630/1630 1651/1651/1651 
f 1654/1654/1654 1443/1443/1443 1445/1445/1445 
f 1655/1655/1655 1654/1654/1654 1653/1653/1653 
f 1654/1654/1654 1655/1655/1655 1443/1443/1443 
f 1653/1653/1653 1656/1656/1656 1655/1655/1655 
f 1656/1656/1656 1653/1653/1653 1652/1652/1652 
f 1442/1442/1442 1443/1443/1443 1655/1655/1655 
f 1655/1655/1655 1656/1656/1656 1657/1657/1657 
f 1657/1657/1657 1442/1442/1442 1655/1655/1655 
f 1652/1652/1652 1658/1658/1658 1656/1656/1656 
f 1659/1659/1659 1657/1657/1657 1656/1656/1656 
f 1656/1656/1656 1658/1658/1658 1659/1659/1659 
f 1658/1658/1658 1652/1652/1652 1660/1660/1660 
f 1652/1652/1652 1651/1651/1651 1660/1660/1660 
f 1660/1660/1660 1661/1661/1661 1658/1658/1658 
f 1661/1661/1661 1659/1659/1659 1658/1658/1658 
f 1662/1662/1662 1663/1663/1663 1664/1664/1664 
f 1665/1665/1665 1664/1664/1664 1663/1663/1663 
f 1664/1664/1664 1665/1665/1665 1666/1666/1666 
f 1663/1663/1663 1662/1662/1662 1667/1667/1667 
f 1668/1668/1668 1667/1667/1667 1662/1662/1662 
f 1667/1667/1667 1668/1668/1668 1669/1669/1669 
f 1668/1668/1668 1670/1670/1670 1669/1669/1669 
f 1670/1670/1670 1668/1668/1668 1671/1671/1671 
f 1671/1671/1671 1672/1672/1672 1670/1670/1670 
f 1672/1672/1672 1671/1671/1671 1673/1673/1673 
f 1673/1673/1673 1674/1674/1674 1672/1672/1672 
f 1673/1673/1673 1675/1675/1675 1674/1674/1674 
f 1675/1675/1675 1676/1676/1676 1674/1674/1674 
f 1676/1676/1676 1675/1675/1675 1677/1677/1677 
f 1677/1677/1677 1678/1678/1678 1676/1676/1676 
f 1678/1678/1678 1677/1677/1677 1679/1679/1679 
f 1679/1679/1679 1680/1680/1680 1678/1678/1678 
f 1680/1680/1680 1679/1679/1679 1681/1681/1681 
f 1682/1682/1682 1680/1680/1680 1681/1681/1681 
f 1680/1680/1680 1682/1682/1682 1683/1683/1683 
f 1682/1682/1682 1684/1684/1684 1683/1683/1683 
f 1684/1684/1684 1682/1682/1682 1685/1685/1685 
f 1686/1686/1686 1684/1684/1684 1685/1685/1685 
f 1684/1684/1684 1686/1686/1686 1687/1687/1687 
f 1686/1686/1686 1688/1688/1688 1687/1687/1687 
f 1688/1688/1688 1686/1686/1686 1689/1689/1689 
f 1690/1690/1690 1688/1688/1688 1689/1689/1689 
f 1688/1688/1688 1690/1690/1690 1691/1691/1691 
f 1692/1692/1692 1691/1691/1691 1690/1690/1690 
f 1690/1690/1690 1693/1693/1693 1692/1692/1692 
f 1694/1694/1694 1692/1692/1692 1693/1693/1693 
f 1692/1692/1692 1694/1694/1694 1695/1695/1695 
f 1696/1696/1696 1697/1697/1697 1698/1698/1698 
f 1697/1697/1697 1696/1696/1696 1699/1699/1699 
f 1699/1699/1699 1700/1700/1700 1697/1697/1697 
f 1700/1700/1700 1699/1699/1699 1701/1701/1701 
f 1698/1698/1698 1702/1702/1702 1696/1696/1696 
f 1702/1702/1702 1698/1698/1698 1703/1703/1703 
f 1703/1703/1703 1704/1704/1704 1702/1702/1702 
f 1705/1705/1705 1702/1702/1702 1704/1704/1704 
f 1704/1704/1704 1706/1706/1706 1705/1705/1705 
f 1706/1706/1706 1707/1707/1707 1705/1705/1705 
f 1706/1706/1706 1708/1708/1708 1707/1707/1707 
f 1707/1707/1707 1708/1708/1708 1709/1709/1709 
f 1708/1708/1708 1710/1710/1710 1709/1709/1709 
f 1711/1711/1711 1709/1709/1709 1710/1710/1710 
f 1710/1710/1710 1712/1712/1712 1711/1711/1711 
f 1713/1713/1713 1711/1711/1711 1712/1712/1712 
f 1712/1712/1712 1714/1714/1714 1713/1713/1713 
f 1715/1715/1715 1713/1713/1713 1714/1714/1714 
f 1714/1714/1714 1716/1716/1716 1715/1715/1715 
f 1716/1716/1716 1714/1714/1714 1717/1717/1717 
f 1717/1717/1717 1718/1718/1718 1716/1716/1716 
f 1719/1719/1719 1716/1716/1716 1718/1718/1718 
f 1718/1718/1718 1720/1720/1720 1719/1719/1719 
f 1720/1720/1720 1718/1718/1718 1721/1721/1721 
f 1721/1721/1721 1722/1722/1722 1720/1720/1720 
f 1723/1723/1723 1720/1720/1720 1722/1722/1722 
f 1722/1722/1722 1724/1724/1724 1723/1723/1723 
f 1724/1724/1724 1722/1722/1722 1725/1725/1725 
f 1726/1726/1726 1724/1724/1724 1725/1725/1725 
f 1727/1727/1727 1724/1724/1724 1726/1726/1726 
f 1726/1726/1726 1728/1728/1728 1727/1727/1727 
f 1728/1728/1728 1726/1726/1726 1729/1729/1729 
f 1730/1730/1730 1731/1731/1731 1732/1732/1732 
f 1732/1732/1732 1733/1733/1733 1730/1730/1730 
f 1731/1731/1731 1730/1730/1730 1734/1734/1734 
f 1734/1734/1734 1735/1735/1735 1731/1731/1731 
f 1736/1736/1736 1733/1733/1733 1737/1737/1737 
f 1736/1736/1736 1737/1737/1737 1738/1738/1738 
f 1739/1739/1739 1730/1730/1730 1733/1733/1733 
f 1733/1733/1733 1736/1736/1736 1739/1739/1739 
f 1740/1740/1740 1734/1734/1734 1730/1730/1730 
f 1730/1730/1730 1739/1739/1739 1740/1740/1740 
f 1741/1741/1741 1736/1736/1736 1738/1738/1738 
f 1741/1741/1741 1739/1739/1739 1736/1736/1736 
f 1742/1742/1742 1741/1741/1741 1738/1738/1738 
f 1741/1741/1741 1742/1742/1742 1743/1743/1743 
f 1739/1739/1739 1741/1741/1741 1744/1744/1744 
f 1743/1743/1743 1744/1744/1744 1741/1741/1741 
f 1744/1744/1744 1740/1740/1740 1739/1739/1739 
f 1744/1744/1744 1743/1743/1743 1745/1745/1745 
f 1745/1745/1745 1746/1746/1746 1744/1744/1744 
f 1740/1740/1740 1744/1744/1744 1746/1746/1746 
f 1746/1746/1746 1745/1745/1745 1747/1747/1747 
f 1746/1746/1746 1748/1748/1748 1740/1740/1740 
f 1734/1734/1734 1740/1740/1740 1748/1748/1748 
f 1747/1747/1747 1749/1749/1749 1746/1746/1746 
f 1748/1748/1748 1746/1746/1746 1749/1749/1749 
f 1749/1749/1749 1747/1747/1747 1750/1750/1750 
f 1748/1748/1748 1751/1751/1751 1734/1734/1734 
f 1735/1735/1735 1734/1734/1734 1751/1751/1751 
f 1751/1751/1751 1752/1752/1752 1735/1735/1735 
f 1751/1751/1751 1748/1748/1748 1753/1753/1753 
f 1749/1749/1749 1753/1753/1753 1748/1748/1748 
f 1752/1752/1752 1751/1751/1751 1754/1754/1754 
f 1753/1753/1753 1754/1754/1754 1751/1751/1751 
f 1754/1754/1754 1755/1755/1755 1752/1752/1752 
f 1754/1754/1754 1753/1753/1753 1756/1756/1756 
f 1756/1756/1756 1755/1755/1755 1754/1754/1754 
f 1753/1753/1753 1749/1749/1749 1757/1757/1757 
f 1750/1750/1750 1757/1757/1757 1749/1749/1749 
f 1756/1756/1756 1753/1753/1753 1757/1757/1757 
f 1757/1757/1757 1750/1750/1750 1758/1758/1758 
f 1758/1758/1758 1759/1759/1759 1757/1757/1757 
f 1757/1757/1757 1759/1759/1759 1756/1756/1756 
f 1759/1759/1759 1758/1758/1758 1760/1760/1760 
f 1760/1760/1760 1761/1761/1761 1759/1759/1759 
f 1761/1761/1761 1756/1756/1756 1759/1759/1759 
f 1761/1761/1761 1760/1760/1760 1762/1762/1762 
f 1755/1755/1755 1756/1756/1756 1763/1763/1763 
f 1756/1756/1756 1761/1761/1761 1763/1763/1763 
f 1763/1763/1763 1764/1764/1764 1755/1755/1755 
f 1762/1762/1762 1765/1765/1765 1761/1761/1761 
f 1765/1765/1765 1763/1763/1763 1761/1761/1761 
f 1765/1765/1765 1762/1762/1762 1766/1766/1766 
f 1764/1764/1764 1763/1763/1763 1767/1767/1767 
f 1763/1763/1763 1765/1765/1765 1767/1767/1767 
f 1766/1766/1766 1768/1768/1768 1765/1765/1765 
f 1765/1765/1765 1768/1768/1768 1767/1767/1767 
f 1768/1768/1768 1766/1766/1766 1769/1769/1769 
f 1510/1510/1510 1768/1768/1768 1769/1769/1769 
f 1513/1513/1513 1764/1764/1764 1767/1767/1767 
f 1513/1513/1513 1767/1767/1767 1768/1768/1768 
f 1512/1512/1512 1764/1764/1764 1513/1513/1513 
f 1509/1509/1509 1768/1768/1768 1510/1510/1510 
f 1509/1509/1509 1513/1513/1513 1768/1768/1768 
f 1651/1651/1651 1770/1770/1770 1660/1660/1660 
f 1661/1661/1661 1660/1660/1660 1770/1770/1770 
f 1770/1770/1770 1651/1651/1651 1771/1771/1771 
f 1771/1771/1771 1651/1651/1651 1630/1630/1630 
f 1770/1770/1770 1772/1772/1772 1661/1661/1661 
f 1771/1771/1771 1773/1773/1773 1770/1770/1770 
f 1772/1772/1772 1770/1770/1770 1773/1773/1773 
f 1630/1630/1630 1774/1774/1774 1771/1771/1771 
f 1661/1661/1661 1772/1772/1772 1775/1775/1775 
f 1659/1659/1659 1661/1661/1661 1776/1776/1776 
f 1775/1775/1775 1776/1776/1776 1661/1661/1661 
f 1777/1777/1777 1659/1659/1659 1776/1776/1776 
f 1778/1778/1778 1775/1775/1775 1772/1772/1772 
f 1773/1773/1773 1778/1778/1778 1772/1772/1772 
f 1779/1779/1779 1776/1776/1776 1775/1775/1775 
f 1776/1776/1776 1779/1779/1779 1777/1777/1777 
f 1659/1659/1659 1777/1777/1777 1780/1780/1780 
f 1780/1780/1780 1657/1657/1657 1659/1659/1659 
f 1657/1657/1657 1780/1780/1780 1781/1781/1781 
f 1781/1781/1781 1442/1442/1442 1657/1657/1657 
f 1782/1782/1782 1780/1780/1780 1777/1777/1777 
f 1783/1783/1783 1781/1781/1781 1780/1780/1780 
f 1780/1780/1780 1782/1782/1782 1783/1783/1783 
f 1784/1784/1784 1777/1777/1777 1779/1779/1779 
f 1777/1777/1777 1784/1784/1784 1782/1782/1782 
f 1442/1442/1442 1781/1781/1781 1785/1785/1785 
f 1781/1781/1781 1783/1783/1783 1786/1786/1786 
f 1786/1786/1786 1785/1785/1785 1781/1781/1781 
f 1430/1430/1430 1442/1442/1442 1785/1785/1785 
f 1785/1785/1785 1786/1786/1786 1428/1428/1428 
f 1428/1428/1428 1430/1430/1430 1785/1785/1785 
f 1787/1787/1787 1786/1786/1786 1783/1783/1783 
f 1429/1429/1429 1428/1428/1428 1786/1786/1786 
f 1786/1786/1786 1787/1787/1787 1429/1429/1429 
f 1783/1783/1783 1788/1788/1788 1787/1787/1787 
f 1788/1788/1788 1783/1783/1783 1782/1782/1782 
f 1782/1782/1782 1789/1789/1789 1788/1788/1788 
f 1789/1789/1789 1782/1782/1782 1784/1784/1784 
f 1788/1788/1788 1790/1790/1790 1787/1787/1787 
f 1789/1789/1789 1791/1791/1791 1788/1788/1788 
f 1790/1790/1790 1788/1788/1788 1791/1791/1791 
f 1787/1787/1787 1792/1792/1792 1429/1429/1429 
f 1792/1792/1792 1787/1787/1787 1790/1790/1790 
f 1431/1431/1431 1429/1429/1429 1792/1792/1792 
f 1784/1784/1784 1793/1793/1793 1789/1789/1789 
f 1791/1791/1791 1789/1789/1789 1794/1794/1794 
f 1793/1793/1793 1794/1794/1794 1789/1789/1789 
f 1793/1793/1793 1784/1784/1784 1795/1795/1795 
f 1779/1779/1779 1795/1795/1795 1784/1784/1784 
f 1794/1794/1794 1793/1793/1793 1796/1796/1796 
f 1795/1795/1795 1779/1779/1779 1797/1797/1797 
f 1775/1775/1775 1797/1797/1797 1779/1779/1779 
f 1795/1795/1795 1798/1798/1798 1793/1793/1793 
f 1798/1798/1798 1796/1796/1796 1793/1793/1793 
f 1797/1797/1797 1799/1799/1799 1795/1795/1795 
f 1798/1798/1798 1795/1795/1795 1799/1799/1799 
f 1797/1797/1797 1775/1775/1775 1800/1800/1800 
f 1775/1775/1775 1778/1778/1778 1800/1800/1800 
f 1799/1799/1799 1797/1797/1797 1801/1801/1801 
f 1800/1800/1800 1801/1801/1801 1797/1797/1797 
f 1799/1799/1799 1802/1802/1802 1798/1798/1798 
f 1796/1796/1796 1798/1798/1798 1803/1803/1803 
f 1802/1802/1802 1803/1803/1803 1798/1798/1798 
f 1802/1802/1802 1799/1799/1799 1804/1804/1804 
f 1801/1801/1801 1804/1804/1804 1799/1799/1799 
f 1803/1803/1803 1802/1802/1802 1805/1805/1805 
f 1801/1801/1801 1800/1800/1800 1806/1806/1806 
f 1804/1804/1804 1807/1807/1807 1802/1802/1802 
f 1807/1807/1807 1805/1805/1805 1802/1802/1802 
f 1804/1804/1804 1801/1801/1801 1808/1808/1808 
f 1806/1806/1806 1808/1808/1808 1801/1801/1801 
f 1807/1807/1807 1804/1804/1804 1809/1809/1809 
f 1808/1808/1808 1809/1809/1809 1804/1804/1804 
f 1800/1800/1800 1810/1810/1810 1806/1806/1806 
f 1810/1810/1810 1800/1800/1800 1778/1778/1778 
f 1808/1808/1808 1806/1806/1806 1811/1811/1811 
f 1812/1812/1812 1806/1806/1806 1810/1810/1810 
f 1806/1806/1806 1812/1812/1812 1811/1811/1811 
f 1813/1813/1813 1810/1810/1810 1778/1778/1778 
f 1778/1778/1778 1773/1773/1773 1813/1813/1813 
f 1810/1810/1810 1813/1813/1813 1814/1814/1814 
f 1814/1814/1814 1812/1812/1812 1810/1810/1810 
f 1811/1811/1811 1815/1815/1815 1808/1808/1808 
f 1809/1809/1809 1808/1808/1808 1815/1815/1815 
f 1813/1813/1813 1816/1816/1816 1814/1814/1814 
f 1815/1815/1815 1817/1817/1817 1809/1809/1809 
f 1773/1773/1773 1818/1818/1818 1813/1813/1813 
f 1816/1816/1816 1813/1813/1813 1818/1818/1818 
f 1818/1818/1818 1773/1773/1773 1819/1819/1819 
f 1773/1773/1773 1771/1771/1771 1819/1819/1819 
f 1819/1819/1819 1771/1771/1771 1774/1774/1774 
f 1818/1818/1818 1819/1819/1819 1820/1820/1820 
f 1774/1774/1774 1820/1820/1820 1819/1819/1819 
f 1820/1820/1820 1821/1821/1821 1818/1818/1818 
f 1816/1816/1816 1818/1818/1818 1821/1821/1821 
f 1822/1822/1822 1820/1820/1820 1774/1774/1774 
f 1823/1823/1823 1821/1821/1821 1820/1820/1820 
f 1820/1820/1820 1822/1822/1822 1823/1823/1823 
f 1774/1774/1774 1824/1824/1824 1822/1822/1822 
f 1824/1824/1824 1774/1774/1774 1630/1630/1630 
f 1630/1630/1630 1624/1624/1624 1824/1824/1824 
f 1628/1628/1628 1824/1824/1824 1624/1624/1624 
f 1824/1824/1824 1628/1628/1628 1825/1825/1825 
f 1825/1825/1825 1822/1822/1822 1824/1824/1824 
f 1825/1825/1825 1628/1628/1628 1123/1123/1123 
f 1826/1826/1826 1823/1823/1823 1822/1822/1822 
f 1822/1822/1822 1825/1825/1825 1826/1826/1826 
f 1823/1823/1823 1826/1826/1826 1827/1827/1827 
f 1123/1123/1123 1828/1828/1828 1825/1825/1825 
f 1826/1826/1826 1825/1825/1825 1828/1828/1828 
f 1828/1828/1828 1829/1829/1829 1826/1826/1826 
f 1827/1827/1827 1826/1826/1826 1829/1829/1829 
f 1124/1124/1124 1828/1828/1828 1123/1123/1123 
f 1830/1830/1830 1829/1829/1829 1828/1828/1828 
f 1828/1828/1828 1124/1124/1124 1830/1830/1830 
f 1830/1830/1830 1124/1124/1124 1126/1126/1126 
f 1126/1126/1126 1831/1831/1831 1830/1830/1830 
f 1831/1831/1831 1832/1832/1832 1830/1830/1830 
f 1829/1829/1829 1830/1830/1830 1832/1832/1832 
f 1832/1832/1832 1831/1831/1831 1833/1833/1833 
f 1834/1834/1834 1832/1832/1832 1833/1833/1833 
f 1832/1832/1832 1835/1835/1835 1829/1829/1829 
f 1829/1829/1829 1835/1835/1835 1827/1827/1827 
f 1832/1832/1832 1834/1834/1834 1836/1836/1836 
f 1835/1835/1835 1832/1832/1832 1836/1836/1836 
f 1837/1837/1837 1836/1836/1836 1834/1834/1834 
f 1838/1838/1838 1827/1827/1827 1835/1835/1835 
f 1836/1836/1836 1838/1838/1838 1835/1835/1835 
f 1836/1836/1836 1837/1837/1837 1839/1839/1839 
f 1838/1838/1838 1836/1836/1836 1839/1839/1839 
f 1840/1840/1840 1839/1839/1839 1837/1837/1837 
f 1839/1839/1839 1841/1841/1841 1838/1838/1838 
f 1839/1839/1839 1840/1840/1840 1842/1842/1842 
f 1841/1841/1841 1839/1839/1839 1842/1842/1842 
f 1843/1843/1843 1842/1842/1842 1840/1840/1840 
f 1842/1842/1842 1843/1843/1843 1844/1844/1844 
f 1842/1842/1842 1844/1844/1844 1841/1841/1841 
f 1845/1845/1845 1844/1844/1844 1843/1843/1843 
f 1841/1841/1841 1846/1846/1846 1838/1838/1838 
f 1827/1827/1827 1838/1838/1838 1846/1846/1846 
f 1844/1844/1844 1845/1845/1845 1847/1847/1847 
f 1848/1848/1848 1847/1847/1847 1845/1845/1845 
f 1849/1849/1849 1841/1841/1841 1844/1844/1844 
f 1847/1847/1847 1849/1849/1849 1844/1844/1844 
f 1846/1846/1846 1841/1841/1841 1850/1850/1850 
f 1849/1849/1849 1850/1850/1850 1841/1841/1841 
f 1851/1851/1851 1827/1827/1827 1846/1846/1846 
f 1827/1827/1827 1851/1851/1851 1823/1823/1823 
f 1821/1821/1821 1823/1823/1823 1851/1851/1851 
f 1846/1846/1846 1852/1852/1852 1851/1851/1851 
f 1852/1852/1852 1846/1846/1846 1850/1850/1850 
f 1851/1851/1851 1853/1853/1853 1821/1821/1821 
f 1853/1853/1853 1851/1851/1851 1852/1852/1852 
f 1821/1821/1821 1853/1853/1853 1816/1816/1816 
f 1850/1850/1850 1849/1849/1849 1854/1854/1854 
f 1854/1854/1854 1852/1852/1852 1850/1850/1850 
f 1855/1855/1855 1854/1854/1854 1849/1849/1849 
f 1849/1849/1849 1847/1847/1847 1855/1855/1855 
f 1852/1852/1852 1854/1854/1854 1856/1856/1856 
f 1852/1852/1852 1856/1856/1856 1853/1853/1853 
f 1854/1854/1854 1855/1855/1855 1857/1857/1857 
f 1857/1857/1857 1856/1856/1856 1854/1854/1854 
f 1858/1858/1858 1855/1855/1855 1847/1847/1847 
f 1847/1847/1847 1848/1848/1848 1858/1858/1858 
f 1859/1859/1859 1858/1858/1858 1848/1848/1848 
f 1855/1855/1855 1858/1858/1858 1860/1860/1860 
f 1860/1860/1860 1857/1857/1857 1855/1855/1855 
f 1858/1858/1858 1859/1859/1859 1861/1861/1861 
f 1861/1861/1861 1860/1860/1860 1858/1858/1858 
f 1862/1862/1862 1861/1861/1861 1859/1859/1859 
f 1861/1861/1861 1862/1862/1862 1863/1863/1863 
f 1864/1864/1864 1863/1863/1863 1862/1862/1862 
f 1860/1860/1860 1861/1861/1861 1865/1865/1865 
f 1863/1863/1863 1865/1865/1865 1861/1861/1861 
f 1857/1857/1857 1860/1860/1860 1866/1866/1866 
f 1865/1865/1865 1866/1866/1866 1860/1860/1860 
f 1866/1866/1866 1867/1867/1867 1857/1857/1857 
f 1856/1856/1856 1857/1857/1857 1867/1867/1867 
f 1348/1348/1348 1868/1868/1868 1349/1349/1349 
f 1348/1348/1348 1869/1869/1869 1868/1868/1868 
f 1869/1869/1869 1870/1870/1870 1868/1868/1868 
f 1869/1869/1869 1871/1871/1871 1870/1870/1870 
f 1871/1871/1871 1872/1872/1872 1870/1870/1870 
f 1871/1871/1871 1873/1873/1873 1872/1872/1872 
f 1874/1874/1874 1872/1872/1872 1873/1873/1873 
f 1872/1872/1872 1874/1874/1874 1875/1875/1875 
f 1876/1876/1876 1875/1875/1875 1874/1874/1874 
f 1875/1875/1875 1876/1876/1876 1877/1877/1877 
f 1878/1878/1878 1877/1877/1877 1876/1876/1876 
f 1877/1877/1877 1878/1878/1878 1879/1879/1879 
f 1880/1880/1880 1879/1879/1879 1878/1878/1878 
f 1879/1879/1879 1880/1880/1880 1881/1881/1881 
f 1882/1882/1882 1881/1881/1881 1880/1880/1880 
f 1881/1881/1881 1882/1882/1882 1883/1883/1883 
f 1884/1884/1884 1883/1883/1883 1882/1882/1882 
f 1883/1883/1883 1884/1884/1884 1885/1885/1885 
f 1886/1886/1886 1885/1885/1885 1884/1884/1884 
f 1885/1885/1885 1886/1886/1886 1887/1887/1887 
f 1371/1371/1371 1888/1888/1888 1370/1370/1370 
f 1370/1370/1370 1888/1888/1888 1889/1889/1889 
f 1888/1888/1888 1890/1890/1890 1889/1889/1889 
f 1889/1889/1889 1890/1890/1890 1891/1891/1891 
f 1890/1890/1890 1892/1892/1892 1891/1891/1891 
f 1891/1891/1891 1892/1892/1892 1893/1893/1893 
f 1892/1892/1892 1894/1894/1894 1893/1893/1893 
f 1894/1894/1894 1892/1892/1892 1895/1895/1895 
f 1895/1895/1895 1896/1896/1896 1894/1894/1894 
f 1896/1896/1896 1895/1895/1895 1897/1897/1897 
f 1897/1897/1897 1898/1898/1898 1896/1896/1896 
f 1898/1898/1898 1897/1897/1897 1899/1899/1899 
f 1899/1899/1899 1900/1900/1900 1898/1898/1898 
f 1900/1900/1900 1899/1899/1899 1901/1901/1901 
f 1901/1901/1901 1902/1902/1902 1900/1900/1900 
f 1902/1902/1902 1901/1901/1901 1903/1903/1903 
f 1903/1903/1903 1904/1904/1904 1902/1902/1902 
f 1904/1904/1904 1903/1903/1903 1905/1905/1905 
f 1905/1905/1905 1906/1906/1906 1904/1904/1904 
f 1906/1906/1906 1905/1905/1905 1907/1907/1907 
f 1908/1908/1908 1909/1909/1909 1910/1910/1910 
f 1817/1817/1817 1910/1910/1910 1909/1909/1909 
f 1909/1909/1909 1908/1908/1908 1911/1911/1911 
f 1912/1912/1912 1911/1911/1911 1908/1908/1908 
f 1913/1913/1913 1817/1817/1817 1909/1909/1909 
f 1911/1911/1911 1912/1912/1912 1914/1914/1914 
f 1914/1914/1914 1912/1912/1912 1915/1915/1915 
f 1914/1914/1914 1915/1915/1915 1916/1916/1916 
f 1917/1917/1917 1909/1909/1909 1911/1911/1911 
f 1917/1917/1917 1911/1911/1911 1914/1914/1914 
f 1909/1909/1909 1917/1917/1917 1913/1913/1913 
f 1918/1918/1918 1914/1914/1914 1916/1916/1916 
f 1914/1914/1914 1918/1918/1918 1917/1917/1917 
f 1916/1916/1916 1919/1919/1919 1918/1918/1918 
f 1919/1919/1919 1920/1920/1920 1918/1918/1918 
f 1921/1921/1921 1918/1918/1918 1920/1920/1920 
f 1918/1918/1918 1921/1921/1921 1917/1917/1917 
f 1920/1920/1920 1922/1922/1922 1921/1921/1921 
f 1923/1923/1923 1917/1917/1917 1921/1921/1921 
f 1924/1924/1924 1921/1921/1921 1922/1922/1922 
f 1924/1924/1924 1923/1923/1923 1921/1921/1921 
f 1922/1922/1922 1925/1925/1925 1924/1924/1924 
f 1925/1925/1925 1922/1922/1922 1926/1926/1926 
f 1923/1923/1923 1924/1924/1924 1927/1927/1927 
f 1925/1925/1925 1927/1927/1927 1924/1924/1924 
f 1926/1926/1926 1928/1928/1928 1925/1925/1925 
f 1927/1927/1927 1929/1929/1929 1923/1923/1923 
f 1929/1929/1929 1917/1917/1917 1923/1923/1923 
f 1917/1917/1917 1929/1929/1929 1913/1913/1913 
f 1925/1925/1925 1928/1928/1928 1930/1930/1930 
f 1928/1928/1928 1931/1931/1931 1930/1930/1930 
f 1931/1931/1931 1928/1928/1928 1932/1932/1932 
f 1930/1930/1930 1933/1933/1933 1925/1925/1925 
f 1933/1933/1933 1927/1927/1927 1925/1925/1925 
f 1932/1932/1932 1934/1934/1934 1931/1931/1931 
f 1933/1933/1933 1930/1930/1930 1935/1935/1935 
f 1931/1931/1931 1935/1935/1935 1930/1930/1930 
f 1933/1933/1933 1936/1936/1936 1927/1927/1927 
f 1929/1929/1929 1927/1927/1927 1936/1936/1936 
f 1935/1935/1935 1937/1937/1937 1933/1933/1933 
f 1936/1936/1936 1933/1933/1933 1937/1937/1937 
f 1936/1936/1936 1938/1938/1938 1929/1929/1929 
f 1938/1938/1938 1913/1913/1913 1929/1929/1929 
f 1937/1937/1937 1939/1939/1939 1936/1936/1936 
f 1938/1938/1938 1936/1936/1936 1939/1939/1939 
f 1937/1937/1937 1935/1935/1935 1940/1940/1940 
f 1913/1913/1913 1938/1938/1938 1941/1941/1941 
f 1817/1817/1817 1913/1913/1913 1941/1941/1941 
f 1941/1941/1941 1809/1809/1809 1817/1817/1817 
f 1809/1809/1809 1941/1941/1941 1807/1807/1807 
f 1941/1941/1941 1942/1942/1942 1807/1807/1807 
f 1942/1942/1942 1941/1941/1941 1938/1938/1938 
f 1805/1805/1805 1807/1807/1807 1942/1942/1942 
f 1943/1943/1943 1942/1942/1942 1938/1938/1938 
f 1943/1943/1943 1938/1938/1938 1939/1939/1939 
f 1944/1944/1944 1805/1805/1805 1942/1942/1942 
f 1944/1944/1944 1942/1942/1942 1943/1943/1943 
f 1805/1805/1805 1944/1944/1944 1945/1945/1945 
f 1803/1803/1803 1805/1805/1805 1945/1945/1945 
f 1946/1946/1946 1944/1944/1944 1943/1943/1943 
f 1803/1803/1803 1945/1945/1945 1947/1947/1947 
f 1796/1796/1796 1803/1803/1803 1947/1947/1947 
f 1948/1948/1948 1945/1945/1945 1944/1944/1944 
f 1948/1948/1948 1944/1944/1944 1946/1946/1946 
f 1947/1947/1947 1945/1945/1945 1949/1949/1949 
f 1945/1945/1945 1948/1948/1948 1949/1949/1949 
f 1796/1796/1796 1947/1947/1947 1950/1950/1950 
f 1794/1794/1794 1796/1796/1796 1950/1950/1950 
f 1947/1947/1947 1949/1949/1949 1951/1951/1951 
f 1950/1950/1950 1947/1947/1947 1951/1951/1951 
f 1952/1952/1952 1794/1794/1794 1950/1950/1950 
f 1791/1791/1791 1794/1794/1794 1952/1952/1952 
f 1952/1952/1952 1950/1950/1950 1953/1953/1953 
f 1950/1950/1950 1951/1951/1951 1953/1953/1953 
f 1954/1954/1954 1791/1791/1791 1952/1952/1952 
f 1790/1790/1790 1791/1791/1791 1954/1954/1954 
f 1955/1955/1955 1952/1952/1952 1953/1953/1953 
f 1955/1955/1955 1954/1954/1954 1952/1952/1952 
f 1951/1951/1951 1956/1956/1956 1953/1953/1953 
f 1956/1956/1956 1955/1955/1955 1953/1953/1953 
f 1957/1957/1957 1790/1790/1790 1954/1954/1954 
f 1792/1792/1792 1790/1790/1790 1957/1957/1957 
f 1958/1958/1958 1954/1954/1954 1955/1955/1955 
f 1958/1958/1958 1957/1957/1957 1954/1954/1954 
f 1959/1959/1959 1792/1792/1792 1957/1957/1957 
f 1959/1959/1959 1431/1431/1431 1792/1792/1792 
f 1538/1538/1538 1957/1957/1957 1958/1958/1958 
f 1538/1538/1538 1959/1959/1959 1957/1957/1957 
f 1436/1436/1436 1431/1431/1431 1959/1959/1959 
f 1538/1538/1538 1436/1436/1436 1959/1959/1959 
f 1958/1958/1958 1955/1955/1955 1960/1960/1960 
f 1538/1538/1538 1958/1958/1958 1536/1536/1536 
f 1536/1536/1536 1958/1958/1958 1960/1960/1960 
f 1960/1960/1960 1955/1955/1955 1961/1961/1961 
f 1955/1955/1955 1956/1956/1956 1961/1961/1961 
f 1536/1536/1536 1960/1960/1960 1533/1533/1533 
f 1530/1530/1530 1960/1960/1960 1961/1961/1961 
f 1533/1533/1533 1960/1960/1960 1530/1530/1530 
f 1961/1961/1961 1956/1956/1956 1962/1962/1962 
f 1530/1530/1530 1961/1961/1961 1962/1962/1962 
f 1956/1956/1956 1963/1963/1963 1962/1962/1962 
f 1530/1530/1530 1962/1962/1962 1527/1527/1527 
f 1963/1963/1963 1527/1527/1527 1962/1962/1962 
f 1956/1956/1956 1964/1964/1964 1963/1963/1963 
f 1956/1956/1956 1951/1951/1951 1964/1964/1964 
f 1964/1964/1964 1965/1965/1965 1963/1963/1963 
f 1951/1951/1951 1966/1966/1966 1964/1964/1964 
f 1964/1964/1964 1966/1966/1966 1965/1965/1965 
f 1966/1966/1966 1951/1951/1951 1949/1949/1949 
f 1949/1949/1949 1967/1967/1967 1966/1966/1966 
f 1967/1967/1967 1949/1949/1949 1948/1948/1948 
f 1966/1966/1966 1967/1967/1967 1968/1968/1968 
f 1966/1966/1966 1968/1968/1968 1965/1965/1965 
f 1948/1948/1948 1969/1969/1969 1967/1967/1967 
f 1969/1969/1969 1948/1948/1948 1946/1946/1946 
f 1967/1967/1967 1970/1970/1970 1968/1968/1968 
f 1967/1967/1967 1969/1969/1969 1970/1970/1970 
f 1968/1968/1968 1970/1970/1970 1971/1971/1971 
f 1965/1965/1965 1968/1968/1968 1972/1972/1972 
f 1971/1971/1971 1972/1972/1972 1968/1968/1968 
f 1965/1965/1965 1973/1973/1973 1963/1963/1963 
f 1527/1527/1527 1963/1963/1963 1973/1973/1973 
f 1972/1972/1972 1974/1974/1974 1965/1965/1965 
f 1973/1973/1973 1965/1965/1965 1974/1974/1974 
f 1974/1974/1974 1972/1972/1972 1975/1975/1975 
f 1973/1973/1973 1974/1974/1974 1976/1976/1976 
f 1976/1976/1976 1974/1974/1974 1975/1975/1975 
f 1527/1527/1527 1973/1973/1973 1524/1524/1524 
f 1524/1524/1524 1973/1973/1973 1976/1976/1976 
f 1975/1975/1975 1972/1972/1972 1977/1977/1977 
f 1972/1972/1972 1971/1971/1971 1977/1977/1977 
f 1975/1975/1975 1978/1978/1978 1976/1976/1976 
f 1976/1976/1976 1522/1522/1522 1524/1524/1524 
f 1522/1522/1522 1976/1976/1976 1978/1978/1978 
f 1978/1978/1978 1975/1975/1975 1979/1979/1979 
f 1977/1977/1977 1979/1979/1979 1975/1975/1975 
f 1522/1522/1522 1978/1978/1978 1520/1520/1520 
f 1978/1978/1978 1979/1979/1979 1512/1512/1512 
f 1978/1978/1978 1512/1512/1512 1520/1520/1520 
f 1979/1979/1979 1764/1764/1764 1512/1512/1512 
f 1979/1979/1979 1977/1977/1977 1980/1980/1980 
f 1979/1979/1979 1980/1980/1980 1764/1764/1764 
f 1981/1981/1981 1980/1980/1980 1977/1977/1977 
f 1977/1977/1977 1971/1971/1971 1981/1981/1981 
f 1980/1980/1980 1981/1981/1981 1752/1752/1752 
f 1520/1520/1520 1512/1512/1512 1511/1511/1511 
f 1971/1971/1971 1982/1982/1982 1981/1981/1981 
f 1980/1980/1980 1752/1752/1752 1755/1755/1755 
f 1980/1980/1980 1755/1755/1755 1764/1764/1764 
f 1981/1981/1981 1735/1735/1735 1752/1752/1752 
f 1981/1981/1981 1982/1982/1982 1735/1735/1735 
f 1982/1982/1982 1971/1971/1971 1983/1983/1983 
f 1983/1983/1983 1971/1971/1971 1970/1970/1970 
f 1970/1970/1970 1984/1984/1984 1983/1983/1983 
f 1969/1969/1969 1984/1984/1984 1970/1970/1970 
f 1983/1983/1983 1985/1985/1985 1982/1982/1982 
f 1982/1982/1982 1731/1731/1731 1735/1735/1735 
f 1985/1985/1985 1731/1731/1731 1982/1982/1982 
f 1985/1985/1985 1983/1983/1983 1986/1986/1986 
f 1986/1986/1986 1983/1983/1983 1984/1984/1984 
f 1969/1969/1969 1987/1987/1987 1984/1984/1984 
f 1984/1984/1984 1987/1987/1987 1986/1986/1986 
f 1987/1987/1987 1969/1969/1969 1988/1988/1988 
f 1946/1946/1946 1988/1988/1988 1969/1969/1969 
f 1989/1989/1989 1986/1986/1986 1987/1987/1987 
f 1988/1988/1988 1946/1946/1946 1990/1990/1990 
f 1946/1946/1946 1943/1943/1943 1990/1990/1990 
f 1990/1990/1990 1943/1943/1943 1939/1939/1939 
f 1988/1988/1988 1991/1991/1991 1987/1987/1987 
f 1987/1987/1987 1991/1991/1991 1989/1989/1989 
f 1990/1990/1990 1992/1992/1992 1988/1988/1988 
f 1991/1991/1991 1988/1988/1988 1992/1992/1992 
f 1939/1939/1939 1993/1993/1993 1990/1990/1990 
f 1992/1992/1992 1990/1990/1990 1993/1993/1993 
f 1939/1939/1939 1937/1937/1937 1993/1993/1993 
f 1940/1940/1940 1993/1993/1993 1937/1937/1937 
f 1993/1993/1993 1940/1940/1940 1992/1992/1992 
f 1992/1992/1992 1994/1994/1994 1991/1991/1991 
f 1994/1994/1994 1992/1992/1992 1940/1940/1940 
f 1991/1991/1991 1994/1994/1994 1995/1995/1995 
f 1995/1995/1995 1989/1989/1989 1991/1991/1991 
f 1940/1940/1940 1996/1996/1996 1994/1994/1994 
f 1996/1996/1996 1940/1940/1940 1935/1935/1935 
f 1996/1996/1996 1935/1935/1935 1931/1931/1931 
f 1994/1994/1994 1996/1996/1996 1997/1997/1997 
f 1997/1997/1997 1995/1995/1995 1994/1994/1994 
f 1998/1998/1998 1996/1996/1996 1931/1931/1931 
f 1997/1997/1997 1996/1996/1996 1998/1998/1998 
f 1998/1998/1998 1931/1931/1931 1934/1934/1934 
f 1934/1934/1934 1999/1999/1999 1998/1998/1998 
f 1998/1998/1998 1999/1999/1999 2000/2000/2000 
f 1998/1998/1998 2000/2000/2000 1997/1997/1997 
f 1999/1999/1999 2001/2001/2001 2000/2000/2000 
f 2002/2002/2002 1995/1995/1995 1997/1997/1997 
f 2002/2002/2002 1997/1997/1997 2000/2000/2000 
f 2000/2000/2000 2001/2001/2001 2003/2003/2003 
f 2003/2003/2003 2002/2002/2002 2000/2000/2000 
f 2001/2001/2001 2004/2004/2004 2003/2003/2003 
f 1995/1995/1995 2002/2002/2002 2005/2005/2005 
f 2005/2005/2005 1989/1989/1989 1995/1995/1995 
f 2002/2002/2002 2003/2003/2003 2006/2006/2006 
f 2002/2002/2002 2006/2006/2006 2005/2005/2005 
f 2003/2003/2003 2004/2004/2004 2007/2007/2007 
f 2006/2006/2006 2003/2003/2003 2007/2007/2007 
f 2004/2004/2004 1738/1738/1738 2007/2007/2007 
f 1738/1738/1738 2004/2004/2004 1742/1742/1742 
f 1737/1737/1737 2006/2006/2006 2007/2007/2007 
f 2007/2007/2007 1738/1738/1738 1737/1737/1737 
f 2005/2005/2005 2006/2006/2006 2008/2008/2008 
f 1737/1737/1737 2008/2008/2008 2006/2006/2006 
f 1989/1989/1989 2005/2005/2005 2009/2009/2009 
f 2005/2005/2005 2008/2008/2008 2009/2009/2009 
f 2009/2009/2009 1986/1986/1986 1989/1989/1989 
f 1986/1986/1986 2009/2009/2009 1985/1985/1985 
f 2009/2009/2009 1732/1732/1732 1985/1985/1985 
f 2009/2009/2009 2008/2008/2008 1732/1732/1732 
f 1731/1731/1731 1985/1985/1985 1732/1732/1732 
f 2008/2008/2008 1737/1737/1737 1733/1733/1733 
f 1733/1733/1733 1732/1732/1732 2008/2008/2008 
f 2010/2010/2010 2011/2011/2011 2012/2012/2012 
f 2012/2012/2012 2013/2013/2013 2010/2010/2010 
f 2013/2013/2013 2014/2014/2014 2010/2010/2010 
f 2015/2015/2015 2012/2012/2012 2011/2011/2011 
f 2011/2011/2011 2016/2016/2016 2015/2015/2015 
f 2012/2012/2012 2015/2015/2015 2017/2017/2017 
f 2017/2017/2017 2018/2018/2018 2012/2012/2012 
f 2013/2013/2013 2012/2012/2012 2018/2018/2018 
f 2019/2019/2019 2017/2017/2017 2015/2015/2015 
f 2018/2018/2018 2020/2020/2020 2013/2013/2013 
f 2021/2021/2021 2013/2013/2013 2020/2020/2020 
f 2022/2022/2022 2015/2015/2015 2016/2016/2016 
f 2019/2019/2019 2015/2015/2015 2022/2022/2022 
f 2016/2016/2016 2023/2023/2023 2022/2022/2022 
f 2024/2024/2024 2019/2019/2019 2022/2022/2022 
f 2024/2024/2024 2022/2022/2022 2023/2023/2023 
f 2019/2019/2019 2024/2024/2024 2025/2025/2025 
f 2024/2024/2024 2023/2023/2023 2026/2026/2026 
f 2027/2027/2027 2025/2025/2025 2024/2024/2024 
f 2026/2026/2026 2028/2028/2028 2024/2024/2024 
f 2024/2024/2024 2028/2028/2028 2027/2027/2027 
f 2028/2028/2028 2026/2026/2026 2029/2029/2029 
f 2030/2030/2030 2027/2027/2027 2028/2028/2028 
f 2030/2030/2030 2028/2028/2028 2029/2029/2029 
f 2027/2027/2027 2030/2030/2030 2031/2031/2031 
f 2029/2029/2029 2032/2032/2032 2030/2030/2030 
f 2033/2033/2033 2031/2031/2031 2030/2030/2030 
f 2032/2032/2032 2033/2033/2033 2030/2030/2030 
f 2031/2031/2031 2033/2033/2033 2034/2034/2034 
f 2033/2033/2033 2032/2032/2032 2035/2035/2035 
f 2036/2036/2036 2034/2034/2034 2033/2033/2033 
f 2037/2037/2037 2033/2033/2033 2035/2035/2035 
f 2036/2036/2036 2033/2033/2033 2038/2038/2038 
f 2033/2033/2033 2037/2037/2037 2038/2038/2038 
f 2039/2039/2039 2036/2036/2036 2038/2038/2038 
f 2040/2040/2040 2038/2038/2038 2037/2037/2037 
f 2039/2039/2039 2038/2038/2038 2041/2041/2041 
f 2038/2038/2038 2040/2040/2040 2041/2041/2041 
f 2042/2042/2042 2039/2039/2039 2041/2041/2041 
f 2040/2040/2040 2042/2042/2042 2041/2041/2041 
f 2039/2039/2039 2042/2042/2042 2043/2043/2043 
f 2042/2042/2042 2040/2040/2040 2044/2044/2044 
f 2042/2042/2042 2045/2045/2045 2043/2043/2043 
f 2044/2044/2044 2046/2046/2046 2042/2042/2042 
f 2045/2045/2045 2042/2042/2042 2046/2046/2046 
f 2046/2046/2046 2044/2044/2044 2047/2047/2047 
f 2048/2048/2048 2045/2045/2045 2046/2046/2046 
f 2047/2047/2047 2048/2048/2048 2046/2046/2046 
f 2045/2045/2045 2048/2048/2048 2049/2049/2049 
f 2048/2048/2048 2047/2047/2047 2050/2050/2050 
f 2051/2051/2051 2052/2052/2052 2053/2053/2053 
f 2053/2053/2053 2052/2052/2052 2054/2054/2054 
f 2052/2052/2052 2055/2055/2055 2054/2054/2054 
f 2056/2056/2056 2051/2051/2051 2053/2053/2053 
f 2057/2057/2057 2051/2051/2051 2056/2056/2056 
f 2056/2056/2056 2053/2053/2053 2058/2058/2058 
f 2059/2059/2059 2058/2058/2058 2053/2053/2053 
f 2054/2054/2054 2059/2059/2059 2053/2053/2053 
f 2058/2058/2058 2060/2060/2060 2056/2056/2056 
f 2061/2061/2061 2059/2059/2059 2054/2054/2054 
f 2054/2054/2054 2062/2062/2062 2061/2061/2061 
f 2056/2056/2056 2063/2063/2063 2057/2057/2057 
f 2056/2056/2056 2060/2060/2060 2063/2063/2063 
f 2064/2064/2064 2057/2057/2057 2063/2063/2063 
f 2060/2060/2060 2065/2065/2065 2063/2063/2063 
f 2064/2064/2064 2063/2063/2063 2065/2065/2065 
f 2065/2065/2065 2060/2060/2060 2066/2066/2066 
f 2067/2067/2067 2064/2064/2064 2065/2065/2065 
f 2066/2066/2066 2068/2068/2068 2065/2065/2065 
f 2069/2069/2069 2067/2067/2067 2065/2065/2065 
f 2065/2065/2065 2068/2068/2068 2069/2069/2069 
f 2067/2067/2067 2069/2069/2069 2070/2070/2070 
f 2068/2068/2068 2071/2071/2071 2069/2069/2069 
f 2069/2069/2069 2071/2071/2071 2070/2070/2070 
f 2071/2071/2071 2068/2068/2068 2072/2072/2072 
f 2073/2073/2073 2070/2070/2070 2071/2071/2071 
f 2072/2072/2072 2074/2074/2074 2071/2071/2071 
f 2071/2071/2071 2074/2074/2074 2073/2073/2073 
f 2074/2074/2074 2072/2072/2072 2075/2075/2075 
f 2073/2073/2073 2074/2074/2074 2076/2076/2076 
f 2077/2077/2077 2074/2074/2074 2075/2075/2075 
f 2074/2074/2074 2078/2078/2078 2076/2076/2076 
f 2074/2074/2074 2077/2077/2077 2079/2079/2079 
f 2078/2078/2078 2074/2074/2074 2079/2079/2079 
f 2080/2080/2080 2079/2079/2079 2077/2077/2077 
f 2079/2079/2079 2081/2081/2081 2078/2078/2078 
f 2079/2079/2079 2080/2080/2080 2082/2082/2082 
f 2081/2081/2081 2079/2079/2079 2082/2082/2082 
f 2080/2080/2080 2083/2083/2083 2082/2082/2082 
f 2081/2081/2081 2082/2082/2082 2083/2083/2083 
f 2083/2083/2083 2080/2080/2080 2084/2084/2084 
f 2085/2085/2085 2081/2081/2081 2083/2083/2083 
f 2086/2086/2086 2083/2083/2083 2084/2084/2084 
f 2085/2085/2085 2083/2083/2083 2087/2087/2087 
f 2087/2087/2087 2083/2083/2083 2086/2086/2086 
f 2088/2088/2088 2085/2085/2085 2087/2087/2087 
f 2086/2086/2086 2089/2089/2089 2087/2087/2087 
f 2089/2089/2089 2088/2088/2088 2087/2087/2087 
f 2089/2089/2089 2086/2086/2086 2090/2090/2090 
f 2088/2088/2088 2089/2089/2089 2091/2091/2091 
f 1033/1033/1033 2092/2092/2092 1034/1034/1034 
f 1034/1034/1034 2092/2092/2092 2093/2093/2093 
f 2094/2094/2094 2093/2093/2093 2092/2092/2092 
f 2095/2095/2095 2093/2093/2093 2094/2094/2094 
f 2092/2092/2092 2096/2096/2096 2094/2094/2094 
f 2096/2096/2096 2092/2092/2092 2097/2097/2097 
f 1033/1033/1033 2097/2097/2097 2092/2092/2092 
f 2098/2098/2098 2094/2094/2094 2096/2096/2096 
f 2097/2097/2097 1033/1033/1033 2099/2099/2099 
f 1030/1030/1030 2099/2099/2099 1033/1033/1033 
f 2094/2094/2094 2098/2098/2098 2100/2100/2100 
f 2094/2094/2094 2100/2100/2100 2095/2095/2095 
f 2101/2101/2101 2100/2100/2100 2098/2098/2098 
f 2100/2100/2100 2102/2102/2102 2095/2095/2095 
f 2100/2100/2100 2101/2101/2101 2103/2103/2103 
f 2100/2100/2100 2103/2103/2103 2102/2102/2102 
f 2104/2104/2104 2103/2103/2103 2101/2101/2101 
f 2102/2102/2102 2103/2103/2103 2105/2105/2105 
f 2106/2106/2106 2105/2105/2105 2103/2103/2103 
f 2103/2103/2103 2104/2104/2104 2106/2106/2106 
f 2105/2105/2105 2106/2106/2106 2107/2107/2107 
f 2104/2104/2104 2108/2108/2108 2106/2106/2106 
f 2106/2106/2106 2108/2108/2108 2107/2107/2107 
f 2108/2108/2108 2104/2104/2104 2109/2109/2109 
f 2110/2110/2110 2107/2107/2107 2108/2108/2108 
f 2109/2109/2109 2111/2111/2111 2108/2108/2108 
f 2111/2111/2111 2110/2110/2110 2108/2108/2108 
f 2110/2110/2110 2111/2111/2111 2112/2112/2112 
f 2111/2111/2111 2109/2109/2109 2113/2113/2113 
f 2111/2111/2111 2114/2114/2114 2112/2112/2112 
f 2115/2115/2115 2111/2111/2111 2113/2113/2113 
f 2114/2114/2114 2111/2111/2111 2115/2115/2115 
f 2115/2115/2115 2113/2113/2113 2116/2116/2116 
f 2115/2115/2115 2117/2117/2117 2114/2114/2114 
f 2118/2118/2118 2115/2115/2115 2116/2116/2116 
f 2117/2117/2117 2115/2115/2115 2119/2119/2119 
f 2115/2115/2115 2118/2118/2118 2119/2119/2119 
f 2119/2119/2119 2120/2120/2120 2117/2117/2117 
f 2121/2121/2121 2119/2119/2119 2118/2118/2118 
f 2120/2120/2120 2119/2119/2119 2122/2122/2122 
f 2119/2119/2119 2121/2121/2121 2122/2122/2122 
f 2122/2122/2122 2123/2123/2123 2120/2120/2120 
f 2121/2121/2121 2124/2124/2124 2122/2122/2122 
f 2123/2123/2123 2122/2122/2122 2124/2124/2124 
f 2124/2124/2124 2121/2121/2121 2125/2125/2125 
f 2126/2126/2126 2123/2123/2123 2124/2124/2124 
f 2125/2125/2125 2126/2126/2126 2124/2124/2124 
f 2123/2123/2123 2126/2126/2126 2127/2127/2127 
f 2126/2126/2126 2125/2125/2125 2128/2128/2128 
f 1048/1048/1048 2129/2129/2129 1047/1047/1047 
f 2129/2129/2129 1048/1048/1048 2130/2130/2130 
f 2131/2131/2131 2129/2129/2129 2130/2130/2130 
f 2130/2130/2130 2132/2132/2132 2131/2131/2131 
f 2133/2133/2133 2129/2129/2129 2131/2131/2131 
f 2129/2129/2129 2133/2133/2133 2134/2134/2134 
f 2134/2134/2134 1047/1047/1047 2129/2129/2129 
f 2131/2131/2131 2135/2135/2135 2133/2133/2133 
f 1047/1047/1047 2134/2134/2134 2136/2136/2136 
f 1044/1044/1044 1047/1047/1047 2136/2136/2136 
f 2132/2132/2132 2137/2137/2137 2131/2131/2131 
f 2135/2135/2135 2131/2131/2131 2137/2137/2137 
f 2137/2137/2137 2132/2132/2132 2138/2138/2138 
f 2137/2137/2137 2139/2139/2139 2135/2135/2135 
f 2140/2140/2140 2137/2137/2137 2138/2138/2138 
f 2139/2139/2139 2137/2137/2137 2140/2140/2140 
f 2138/2138/2138 2141/2141/2141 2140/2140/2140 
f 2140/2140/2140 2142/2142/2142 2139/2139/2139 
f 2141/2141/2141 2143/2143/2143 2140/2140/2140 
f 2142/2142/2142 2140/2140/2140 2143/2143/2143 
f 2143/2143/2143 2141/2141/2141 2144/2144/2144 
f 2143/2143/2143 2145/2145/2145 2142/2142/2142 
f 2145/2145/2145 2143/2143/2143 2144/2144/2144 
f 2146/2146/2146 2142/2142/2142 2145/2145/2145 
f 2144/2144/2144 2147/2147/2147 2145/2145/2145 
f 2148/2148/2148 2146/2146/2146 2145/2145/2145 
f 2147/2147/2147 2148/2148/2148 2145/2145/2145 
f 2148/2148/2148 2147/2147/2147 2149/2149/2149 
f 2150/2150/2150 2146/2146/2146 2148/2148/2148 
f 2151/2151/2151 2148/2148/2148 2149/2149/2149 
f 2152/2152/2152 2150/2150/2150 2148/2148/2148 
f 2148/2148/2148 2151/2151/2151 2152/2152/2152 
f 2153/2153/2153 2150/2150/2150 2152/2152/2152 
f 2154/2154/2154 2152/2152/2152 2151/2151/2151 
f 2152/2152/2152 2155/2155/2155 2153/2153/2153 
f 2152/2152/2152 2154/2154/2154 2156/2156/2156 
f 2155/2155/2155 2152/2152/2152 2156/2156/2156 
f 2157/2157/2157 2156/2156/2156 2154/2154/2154 
f 2156/2156/2156 2158/2158/2158 2155/2155/2155 
f 2156/2156/2156 2157/2157/2157 2159/2159/2159 
f 2158/2158/2158 2156/2156/2156 2159/2159/2159 
f 2160/2160/2160 2159/2159/2159 2157/2157/2157 
f 2161/2161/2161 2158/2158/2158 2159/2159/2159 
f 2159/2159/2159 2160/2160/2160 2161/2161/2161 
f 2162/2162/2162 2158/2158/2158 2161/2161/2161 
f 2160/2160/2160 2163/2163/2163 2161/2161/2161 
f 2163/2163/2163 2162/2162/2162 2161/2161/2161 
f 2163/2163/2163 2160/2160/2160 2164/2164/2164 
f 2165/2165/2165 2162/2162/2162 2163/2163/2163 
f 2166/2166/2166 2167/2167/2167 2168/2168/2168 
f 2166/2166/2166 2169/2169/2169 2167/2167/2167 
f 2169/2169/2169 2166/2166/2166 2170/2170/2170 
f 2170/2170/2170 2171/2171/2171 2169/2169/2169 
f 2172/2172/2172 2171/2171/2171 2170/2170/2170 
f 2172/2172/2172 2173/2173/2173 2171/2171/2171 
f 2174/2174/2174 2173/2173/2173 2172/2172/2172 
f 2174/2174/2174 2175/2175/2175 2173/2173/2173 
f 2176/2176/2176 2174/2174/2174 2172/2172/2172 
f 2176/2176/2176 2172/2172/2172 2177/2177/2177 
f 2177/2177/2177 2172/2172/2172 2170/2170/2170 
f 2177/2177/2177 2178/2178/2178 2176/2176/2176 
f 2179/2179/2179 2170/2170/2170 2166/2166/2166 
f 2177/2177/2177 2170/2170/2170 2179/2179/2179 
f 2178/2178/2178 2177/2177/2177 2180/2180/2180 
f 2179/2179/2179 2180/2180/2180 2177/2177/2177 
f 2180/2180/2180 2181/2181/2181 2178/2178/2178 
f 2179/2179/2179 2166/2166/2166 2182/2182/2182 
f 2180/2180/2180 2179/2179/2179 2183/2183/2183 
f 2182/2182/2182 2183/2183/2183 2179/2179/2179 
f 2181/2181/2181 2180/2180/2180 2184/2184/2184 
f 2183/2183/2183 2184/2184/2184 2180/2180/2180 
f 2185/2185/2185 2181/2181/2181 2184/2184/2184 
f 2185/2185/2185 2184/2184/2184 2186/2186/2186 
f 2186/2186/2186 2184/2184/2184 2187/2187/2187 
f 2184/2184/2184 2183/2183/2183 2187/2187/2187 
f 2186/2186/2186 2187/2187/2187 2188/2188/2188 
f 2188/2188/2188 2187/2187/2187 2189/2189/2189 
f 2183/2183/2183 2189/2189/2189 2187/2187/2187 
f 2188/2188/2188 2189/2189/2189 2190/2190/2190 
f 2189/2189/2189 2191/2191/2191 2190/2190/2190 
f 2189/2189/2189 2183/2183/2183 2192/2192/2192 
f 2183/2183/2183 2182/2182/2182 2192/2192/2192 
f 2191/2191/2191 2189/2189/2189 2193/2193/2193 
f 2192/2192/2192 2193/2193/2193 2189/2189/2189 
f 2193/2193/2193 2194/2194/2194 2191/2191/2191 
f 2182/2182/2182 2195/2195/2195 2192/2192/2192 
f 2193/2193/2193 2192/2192/2192 2195/2195/2195 
f 2194/2194/2194 2193/2193/2193 2196/2196/2196 
f 2196/2196/2196 2197/2197/2197 2194/2194/2194 
f 2198/2198/2198 2193/2193/2193 2195/2195/2195 
f 2193/2193/2193 2198/2198/2198 2196/2196/2196 
f 2195/2195/2195 2182/2182/2182 2199/2199/2199 
f 2199/2199/2199 2198/2198/2198 2195/2195/2195 
f 2197/2197/2197 2196/2196/2196 2200/2200/2200 
f 2198/2198/2198 2200/2200/2200 2196/2196/2196 
f 2200/2200/2200 2201/2201/2201 2197/2197/2197 
f 2201/2201/2201 2200/2200/2200 2202/2202/2202 
f 2202/2202/2202 2203/2203/2203 2201/2201/2201 
f 2203/2203/2203 2202/2202/2202 2204/2204/2204 
f 2202/2202/2202 2205/2205/2205 2204/2204/2204 
f 2206/2206/2206 2202/2202/2202 2200/2200/2200 
f 2200/2200/2200 2198/2198/2198 2206/2206/2206 
f 2205/2205/2205 2202/2202/2202 2207/2207/2207 
f 2202/2202/2202 2206/2206/2206 2207/2207/2207 
f 2207/2207/2207 2208/2208/2208 2205/2205/2205 
f 2209/2209/2209 2206/2206/2206 2198/2198/2198 
f 2198/2198/2198 2199/2199/2199 2209/2209/2209 
f 2210/2210/2210 2207/2207/2207 2206/2206/2206 
f 2206/2206/2206 2209/2209/2209 2210/2210/2210 
f 2208/2208/2208 2207/2207/2207 2211/2211/2211 
f 2207/2207/2207 2210/2210/2210 2211/2211/2211 
f 2212/2212/2212 2208/2208/2208 2211/2211/2211 
f 2208/2208/2208 2212/2212/2212 2213/2213/2213 
f 2214/2214/2214 2213/2213/2213 2212/2212/2212 
f 2214/2214/2214 2212/2212/2212 2215/2215/2215 
f 2212/2212/2212 2216/2216/2216 2215/2215/2215 
f 2211/2211/2211 2217/2217/2217 2212/2212/2212 
f 2216/2216/2216 2212/2212/2212 2217/2217/2217 
f 2217/2217/2217 2211/2211/2211 2210/2210/2210 
f 2217/2217/2217 2218/2218/2218 2216/2216/2216 
f 2210/2210/2210 2219/2219/2219 2217/2217/2217 
f 2218/2218/2218 2217/2217/2217 2219/2219/2219 
f 2219/2219/2219 2210/2210/2210 2209/2209/2209 
f 2219/2219/2219 2167/2167/2167 2218/2218/2218 
f 2167/2167/2167 2219/2219/2219 2168/2168/2168 
f 2209/2209/2209 2168/2168/2168 2219/2219/2219 
f 2168/2168/2168 2209/2209/2209 2199/2199/2199 
f 2182/2182/2182 2168/2168/2168 2199/2199/2199 
f 2182/2182/2182 2166/2166/2166 2168/2168/2168 
f 2220/2220/2220 2221/2221/2221 2222/2222/2222 
f 2222/2222/2222 2223/2223/2223 2220/2220/2220 
f 2222/2222/2222 2224/2224/2224 2223/2223/2223 
f 2225/2225/2225 2221/2221/2221 2220/2220/2220 
f 2226/2226/2226 2220/2220/2220 2223/2223/2223 
f 2227/2227/2227 2220/2220/2220 2226/2226/2226 
f 2220/2220/2220 2227/2227/2227 2225/2225/2225 
f 2223/2223/2223 2228/2228/2228 2226/2226/2226 
f 2224/2224/2224 2229/2229/2229 2223/2223/2223 
f 2228/2228/2228 2223/2223/2223 2229/2229/2229 
f 2221/2221/2221 2225/2225/2225 2230/2230/2230 
f 2231/2231/2231 2221/2221/2221 2230/2230/2230 
f 2224/2224/2224 2232/2232/2232 2229/2229/2229 
f 2231/2231/2231 2230/2230/2230 2233/2233/2233 
f 2231/2231/2231 2233/2233/2233 2234/2234/2234 
f 2233/2233/2233 2235/2235/2235 2234/2234/2234 
f 2236/2236/2236 2234/2234/2234 2235/2235/2235 
f 2235/2235/2235 2233/2233/2233 2237/2237/2237 
f 2230/2230/2230 2238/2238/2238 2233/2233/2233 
f 2238/2238/2238 2237/2237/2237 2233/2233/2233 
f 2225/2225/2225 2238/2238/2238 2230/2230/2230 
f 2237/2237/2237 2238/2238/2238 2239/2239/2239 
f 2238/2238/2238 2225/2225/2225 2240/2240/2240 
f 2240/2240/2240 2239/2239/2239 2238/2238/2238 
f 2239/2239/2239 2240/2240/2240 2241/2241/2241 
f 2227/2227/2227 2240/2240/2240 2225/2225/2225 
f 2242/2242/2242 2241/2241/2241 2240/2240/2240 
f 2240/2240/2240 2227/2227/2227 2242/2242/2242 
f 2241/2241/2241 2242/2242/2242 2243/2243/2243 
f 2244/2244/2244 2243/2243/2243 2242/2242/2242 
f 2227/2227/2227 2245/2245/2245 2242/2242/2242 
f 2242/2242/2242 2245/2245/2245 2244/2244/2244 
f 2227/2227/2227 2246/2246/2246 2245/2245/2245 
f 2226/2226/2226 2246/2246/2246 2227/2227/2227 
f 2246/2246/2246 2226/2226/2226 2228/2228/2228 
f 2247/2247/2247 2244/2244/2244 2245/2245/2245 
f 2246/2246/2246 2247/2247/2247 2245/2245/2245 
f 2244/2244/2244 2247/2247/2247 2248/2248/2248 
f 2228/2228/2228 2249/2249/2249 2246/2246/2246 
f 2247/2247/2247 2246/2246/2246 2249/2249/2249 
f 2250/2250/2250 2248/2248/2248 2247/2247/2247 
f 2249/2249/2249 2250/2250/2250 2247/2247/2247 
f 2248/2248/2248 2250/2250/2250 2251/2251/2251 
f 2249/2249/2249 2228/2228/2228 2252/2252/2252 
f 2229/2229/2229 2252/2252/2252 2228/2228/2228 
f 2250/2250/2250 2249/2249/2249 2253/2253/2253 
f 2252/2252/2252 2253/2253/2253 2249/2249/2249 
f 2254/2254/2254 2251/2251/2251 2250/2250/2250 
f 2253/2253/2253 2254/2254/2254 2250/2250/2250 
f 2251/2251/2251 2254/2254/2254 2255/2255/2255 
f 2256/2256/2256 2255/2255/2255 2254/2254/2254 
f 2252/2252/2252 2229/2229/2229 2257/2257/2257 
f 2253/2253/2253 2252/2252/2252 2258/2258/2258 
f 2257/2257/2257 2258/2258/2258 2252/2252/2252 
f 2232/2232/2232 2257/2257/2257 2229/2229/2229 
f 2258/2258/2258 2259/2259/2259 2253/2253/2253 
f 2254/2254/2254 2253/2253/2253 2259/2259/2259 
f 2254/2254/2254 2260/2260/2260 2256/2256/2256 
f 2259/2259/2259 2260/2260/2260 2254/2254/2254 
f 2261/2261/2261 2256/2256/2256 2260/2260/2260 
f 2256/2256/2256 2261/2261/2261 2262/2262/2262 
f 2260/2260/2260 2259/2259/2259 2263/2263/2263 
f 2260/2260/2260 2263/2263/2263 2261/2261/2261 
f 2264/2264/2264 2262/2262/2262 2261/2261/2261 
f 2265/2265/2265 2263/2263/2263 2259/2259/2259 
f 2259/2259/2259 2258/2258/2258 2265/2265/2265 
f 2263/2263/2263 2266/2266/2266 2261/2261/2261 
f 2263/2263/2263 2265/2265/2265 2266/2266/2266 
f 2261/2261/2261 2267/2267/2267 2264/2264/2264 
f 2267/2267/2267 2261/2261/2261 2266/2266/2266 
f 2268/2268/2268 2264/2264/2264 2267/2267/2267 
f 2269/2269/2269 2265/2265/2265 2258/2258/2258 
f 2258/2258/2258 2257/2257/2257 2269/2269/2269 
f 2270/2270/2270 2266/2266/2266 2265/2265/2265 
f 2265/2265/2265 2269/2269/2269 2270/2270/2270 
f 2266/2266/2266 2271/2271/2271 2267/2267/2267 
f 2266/2266/2266 2270/2270/2270 2271/2271/2271 
f 2268/2268/2268 2267/2267/2267 2272/2272/2272 
f 2271/2271/2271 2272/2272/2272 2267/2267/2267 
f 2273/2273/2273 2268/2268/2268 2272/2272/2272 
f 2257/2257/2257 2274/2274/2274 2269/2269/2269 
f 2274/2274/2274 2257/2257/2257 2232/2232/2232 
f 2275/2275/2275 2270/2270/2270 2269/2269/2269 
f 2275/2275/2275 2269/2269/2269 2274/2274/2274 
f 2276/2276/2276 2271/2271/2271 2270/2270/2270 
f 2276/2276/2276 2270/2270/2270 2275/2275/2275 
f 2277/2277/2277 2271/2271/2271 2276/2276/2276 
f 2277/2277/2277 2272/2272/2272 2271/2271/2271 
f 2273/2273/2273 2272/2272/2272 2278/2278/2278 
f 2272/2272/2272 2277/2277/2277 2278/2278/2278 
f 2279/2279/2279 2273/2273/2273 2278/2278/2278 
f 2273/2273/2273 2279/2279/2279 2280/2280/2280 
f 2277/2277/2277 2281/2281/2281 2278/2278/2278 
f 2279/2279/2279 2278/2278/2278 2281/2281/2281 
f 2282/2282/2282 2277/2277/2277 2276/2276/2276 
f 2277/2277/2277 2282/2282/2282 2281/2281/2281 
f 2283/2283/2283 2280/2280/2280 2279/2279/2279 
f 2280/2280/2280 2283/2283/2283 2284/2284/2284 
f 2285/2285/2285 2284/2284/2284 2283/2283/2283 
f 2281/2281/2281 2286/2286/2286 2279/2279/2279 
f 2279/2279/2279 2286/2286/2286 2283/2283/2283 
f 2281/2281/2281 2282/2282/2282 2287/2287/2287 
f 2287/2287/2287 2286/2286/2286 2281/2281/2281 
f 2276/2276/2276 2288/2288/2288 2282/2282/2282 
f 2288/2288/2288 2276/2276/2276 2275/2275/2275 
f 2289/2289/2289 2287/2287/2287 2282/2282/2282 
f 2282/2282/2282 2288/2288/2288 2289/2289/2289 
f 2290/2290/2290 2286/2286/2286 2287/2287/2287 
f 2275/2275/2275 2291/2291/2291 2288/2288/2288 
f 2291/2291/2291 2275/2275/2275 2274/2274/2274 
f 2292/2292/2292 2289/2289/2289 2288/2288/2288 
f 2288/2288/2288 2291/2291/2291 2292/2292/2292 
f 2293/2293/2293 2287/2287/2287 2289/2289/2289 
f 2287/2287/2287 2293/2293/2293 2290/2290/2290 
f 2294/2294/2294 2289/2289/2289 2292/2292/2292 
f 2289/2289/2289 2294/2294/2294 2293/2293/2293 
f 2274/2274/2274 2295/2295/2295 2291/2291/2291 
f 2295/2295/2295 2274/2274/2274 2232/2232/2232 
f 2296/2296/2296 2292/2292/2292 2291/2291/2291 
f 2291/2291/2291 2295/2295/2295 2296/2296/2296 
f 2292/2292/2292 2297/2297/2297 2294/2294/2294 
f 2297/2297/2297 2292/2292/2292 2296/2296/2296 
f 2232/2232/2232 2298/2298/2298 2295/2295/2295 
f 2298/2298/2298 2232/2232/2232 2224/2224/2224 
f 2299/2299/2299 2296/2296/2296 2295/2295/2295 
f 2295/2295/2295 2298/2298/2298 2299/2299/2299 
f 2297/2297/2297 2296/2296/2296 2299/2299/2299 
f 2300/2300/2300 2299/2299/2299 2298/2298/2298 
f 2298/2298/2298 2301/2301/2301 2300/2300/2300 
f 2302/2302/2302 2300/2300/2300 2301/2301/2301 
f 2303/2303/2303 2299/2299/2299 2300/2300/2300 
f 2303/2303/2303 2297/2297/2297 2299/2299/2299 
f 2304/2304/2304 2300/2300/2300 2302/2302/2302 
f 2304/2304/2304 2303/2303/2303 2300/2300/2300 
f 2305/2305/2305 2304/2304/2304 2302/2302/2302 
f 2306/2306/2306 2304/2304/2304 2305/2305/2305 
f 2307/2307/2307 2303/2303/2303 2304/2304/2304 
f 2304/2304/2304 2306/2306/2306 2307/2307/2307 
f 2308/2308/2308 2297/2297/2297 2303/2303/2303 
f 2303/2303/2303 2307/2307/2307 2308/2308/2308 
f 2297/2297/2297 2308/2308/2308 2309/2309/2309 
f 2309/2309/2309 2294/2294/2294 2297/2297/2297 
f 2307/2307/2307 2310/2310/2310 2308/2308/2308 
f 2294/2294/2294 2309/2309/2309 2311/2311/2311 
f 2311/2311/2311 2293/2293/2293 2294/2294/2294 
f 2308/2308/2308 2312/2312/2312 2309/2309/2309 
f 2308/2308/2308 2310/2310/2310 2312/2312/2312 
f 2309/2309/2309 2313/2313/2313 2311/2311/2311 
f 2309/2309/2309 2312/2312/2312 2313/2313/2313 
f 2293/2293/2293 2311/2311/2311 2314/2314/2314 
f 2314/2314/2314 2290/2290/2290 2293/2293/2293 
f 2311/2311/2311 2313/2313/2313 2315/2315/2315 
f 2315/2315/2315 2314/2314/2314 2311/2311/2311 
f 2290/2290/2290 2314/2314/2314 2316/2316/2316 
f 2315/2315/2315 2316/2316/2316 2314/2314/2314 
f 2316/2316/2316 2317/2317/2317 2290/2290/2290 
f 2286/2286/2286 2290/2290/2290 2317/2317/2317 
f 2286/2286/2286 2317/2317/2317 2283/2283/2283 
f 2318/2318/2318 2283/2283/2283 2317/2317/2317 
f 2285/2285/2285 2283/2283/2283 2318/2318/2318 
f 2318/2318/2318 2319/2319/2319 2285/2285/2285 
f 2320/2320/2320 2318/2318/2318 2317/2317/2317 
f 2317/2317/2317 2316/2316/2316 2320/2320/2320 
f 2319/2319/2319 2318/2318/2318 2321/2321/2321 
f 2318/2318/2318 2320/2320/2320 2321/2321/2321 
f 2322/2322/2322 2319/2319/2319 2321/2321/2321 
f 2319/2319/2319 2322/2322/2322 2323/2323/2323 
f 2324/2324/2324 2321/2321/2321 2320/2320/2320 
f 2322/2322/2322 2321/2321/2321 2324/2324/2324 
f 2325/2325/2325 2320/2320/2320 2316/2316/2316 
f 2320/2320/2320 2325/2325/2325 2324/2324/2324 
f 2316/2316/2316 2315/2315/2315 2325/2325/2325 
f 2326/2326/2326 2325/2325/2325 2315/2315/2315 
f 2313/2313/2313 2326/2326/2326 2315/2315/2315 
f 2327/2327/2327 2324/2324/2324 2325/2325/2325 
f 2325/2325/2325 2326/2326/2326 2327/2327/2327 
f 2328/2328/2328 2322/2322/2322 2324/2324/2324 
f 2324/2324/2324 2327/2327/2327 2328/2328/2328 
f 2329/2329/2329 2323/2323/2323 2322/2322/2322 
f 2322/2322/2322 2328/2328/2328 2329/2329/2329 
f 2323/2323/2323 2329/2329/2329 2330/2330/2330 
f 2327/2327/2327 2331/2331/2331 2328/2328/2328 
f 2331/2331/2331 2329/2329/2329 2328/2328/2328 
f 2332/2332/2332 2330/2330/2330 2329/2329/2329 
f 2332/2332/2332 2329/2329/2329 2331/2331/2331 
f 2330/2330/2330 2332/2332/2332 2333/2333/2333 
f 2332/2332/2332 2334/2334/2334 2333/2333/2333 
f 2334/2334/2334 2332/2332/2332 2335/2335/2335 
f 2331/2331/2331 2335/2335/2335 2332/2332/2332 
f 2335/2335/2335 2336/2336/2336 2334/2334/2334 
f 2331/2331/2331 2327/2327/2327 2337/2337/2337 
f 2326/2326/2326 2337/2337/2337 2327/2327/2327 
f 2335/2335/2335 2331/2331/2331 2338/2338/2338 
f 2336/2336/2336 2335/2335/2335 2339/2339/2339 
f 2338/2338/2338 2339/2339/2339 2335/2335/2335 
f 2339/2339/2339 2340/2340/2340 2336/2336/2336 
f 2331/2331/2331 2341/2341/2341 2338/2338/2338 
f 2341/2341/2341 2331/2331/2331 2337/2337/2337 
f 2339/2339/2339 2338/2338/2338 2342/2342/2342 
f 2341/2341/2341 2342/2342/2342 2338/2338/2338 
f 2340/2340/2340 2339/2339/2339 2343/2343/2343 
f 2342/2342/2342 2343/2343/2343 2339/2339/2339 
f 2343/2343/2343 2344/2344/2344 2340/2340/2340 
f 2345/2345/2345 2340/2340/2340 2344/2344/2344 
f 2343/2343/2343 2342/2342/2342 2346/2346/2346 
f 2346/2346/2346 2344/2344/2344 2343/2343/2343 
f 2344/2344/2344 2347/2347/2347 2345/2345/2345 
f 2345/2345/2345 2347/2347/2347 2348/2348/2348 
f 2344/2344/2344 2346/2346/2346 2349/2349/2349 
f 2349/2349/2349 2347/2347/2347 2344/2344/2344 
f 2347/2347/2347 2350/2350/2350 2348/2348/2348 
f 2351/2351/2351 2349/2349/2349 2346/2346/2346 
f 2352/2352/2352 2346/2346/2346 2342/2342/2342 
f 2342/2342/2342 2341/2341/2341 2352/2352/2352 
f 2346/2346/2346 2352/2352/2352 2351/2351/2351 
f 2353/2353/2353 2352/2352/2352 2341/2341/2341 
f 2337/2337/2337 2353/2353/2353 2341/2341/2341 
f 2354/2354/2354 2351/2351/2351 2352/2352/2352 
f 2352/2352/2352 2353/2353/2353 2354/2354/2354 
f 2353/2353/2353 2337/2337/2337 2355/2355/2355 
f 2337/2337/2337 2326/2326/2326 2355/2355/2355 
f 2356/2356/2356 2355/2355/2355 2326/2326/2326 
f 2313/2313/2313 2356/2356/2356 2326/2326/2326 
f 2312/2312/2312 2356/2356/2356 2313/2313/2313 
f 2312/2312/2312 2357/2357/2357 2356/2356/2356 
f 2357/2357/2357 2312/2312/2312 2310/2310/2310 
f 2355/2355/2355 2356/2356/2356 2358/2358/2358 
f 2357/2357/2357 2358/2358/2358 2356/2356/2356 
f 2355/2355/2355 2359/2359/2359 2353/2353/2353 
f 2359/2359/2359 2355/2355/2355 2358/2358/2358 
f 2360/2360/2360 2353/2353/2353 2359/2359/2359 
f 2353/2353/2353 2360/2360/2360 2354/2354/2354 
f 2358/2358/2358 2361/2361/2361 2359/2359/2359 
f 2358/2358/2358 2357/2357/2357 2362/2362/2362 
f 2361/2361/2361 2358/2358/2358 2362/2362/2362 
f 2363/2363/2363 2362/2362/2362 2357/2357/2357 
f 2363/2363/2363 2357/2357/2357 2310/2310/2310 
f 2359/2359/2359 2364/2364/2364 2360/2360/2360 
f 2364/2364/2364 2359/2359/2359 2361/2361/2361 
f 2363/2363/2363 2310/2310/2310 2365/2365/2365 
f 2365/2365/2365 2310/2310/2310 2307/2307/2307 
f 2365/2365/2365 2307/2307/2307 2306/2306/2306 
f 2366/2366/2366 2365/2365/2365 2306/2306/2306 
f 2367/2367/2367 2366/2366/2366 2306/2306/2306 
f 2368/2368/2368 2363/2363/2363 2365/2365/2365 
f 2368/2368/2368 2365/2365/2365 2366/2366/2366 
f 2369/2369/2369 2366/2366/2366 2367/2367/2367 
f 2368/2368/2368 2370/2370/2370 2363/2363/2363 
f 2362/2362/2362 2363/2363/2363 2370/2370/2370 
f 2371/2371/2371 2369/2369/2369 2367/2367/2367 
f 2372/2372/2372 2368/2368/2368 2366/2366/2366 
f 2369/2369/2369 2372/2372/2372 2366/2366/2366 
f 2370/2370/2370 2368/2368/2368 2373/2373/2373 
f 2372/2372/2372 2373/2373/2373 2368/2368/2368 
f 2374/2374/2374 2362/2362/2362 2370/2370/2370 
f 2362/2362/2362 2374/2374/2374 2361/2361/2361 
f 2375/2375/2375 2370/2370/2370 2373/2373/2373 
f 2370/2370/2370 2375/2375/2375 2374/2374/2374 
f 2373/2373/2373 2372/2372/2372 2376/2376/2376 
f 2377/2377/2377 2372/2372/2372 2369/2369/2369 
f 2377/2377/2377 2376/2376/2376 2372/2372/2372 
f 2371/2371/2371 2378/2378/2378 2369/2369/2369 
f 2378/2378/2378 2377/2377/2377 2369/2369/2369 
f 2379/2379/2379 2380/2380/2380 2381/2381/2381 
f 2382/2382/2382 2381/2381/2381 2380/2380/2380 
f 2383/2383/2383 2379/2379/2379 2381/2381/2381 
f 2379/2379/2379 2383/2383/2383 2384/2384/2384 
f 2385/2385/2385 2384/2384/2384 2383/2383/2383 
f 2384/2384/2384 2385/2385/2385 2386/2386/2386 
f 1863/1863/1863 1864/1864/1864 2387/2387/2387 
f 2388/2388/2388 2387/2387/2387 1864/1864/1864 
f 1865/1865/1865 1863/1863/1863 2389/2389/2389 
f 1863/1863/1863 2387/2387/2387 2389/2389/2389 
f 1866/1866/1866 1865/1865/1865 2390/2390/2390 
f 2389/2389/2389 2390/2390/2390 1865/1865/1865 
f 2390/2390/2390 2391/2391/2391 1866/1866/1866 
f 1867/1867/1867 1866/1866/1866 2391/2391/2391 
f 2390/2390/2390 2389/2389/2389 2392/2392/2392 
f 2387/2387/2387 2392/2392/2392 2389/2389/2389 
f 2391/2391/2391 2390/2390/2390 2393/2393/2393 
f 2392/2392/2392 2393/2393/2393 2390/2390/2390 
f 2392/2392/2392 2387/2387/2387 2394/2394/2394 
f 2387/2387/2387 2388/2388/2388 2394/2394/2394 
f 2393/2393/2393 2392/2392/2392 2395/2395/2395 
f 2395/2395/2395 2392/2392/2392 2394/2394/2394 
f 2388/2388/2388 2396/2396/2396 2394/2394/2394 
f 2394/2394/2394 2396/2396/2396 2395/2395/2395 
f 2388/2388/2388 2397/2397/2397 2396/2396/2396 
f 2398/2398/2398 2396/2396/2396 2397/2397/2397 
f 2397/2397/2397 2399/2399/2399 2398/2398/2398 
f 2396/2396/2396 2400/2400/2400 2395/2395/2395 
f 2400/2400/2400 2396/2396/2396 2398/2398/2398 
f 2401/2401/2401 2393/2393/2393 2395/2395/2395 
f 2400/2400/2400 2401/2401/2401 2395/2395/2395 
f 2401/2401/2401 2402/2402/2402 2393/2393/2393 
f 2402/2402/2402 2391/2391/2391 2393/2393/2393 
f 2403/2403/2403 2398/2398/2398 2399/2399/2399 
f 2399/2399/2399 2404/2404/2404 2403/2403/2403 
f 2405/2405/2405 2400/2400/2400 2398/2398/2398 
f 2405/2405/2405 2398/2398/2398 2403/2403/2403 
f 2400/2400/2400 2406/2406/2406 2401/2401/2401 
f 2406/2406/2406 2400/2400/2400 2405/2405/2405 
f 2401/2401/2401 2407/2407/2407 2402/2402/2402 
f 2407/2407/2407 2401/2401/2401 2406/2406/2406 
f 2408/2408/2408 2403/2403/2403 2404/2404/2404 
f 2404/2404/2404 2409/2409/2409 2408/2408/2408 
f 2410/2410/2410 2408/2408/2408 2409/2409/2409 
f 2403/2403/2403 2408/2408/2408 2411/2411/2411 
f 2411/2411/2411 2405/2405/2405 2403/2403/2403 
f 2408/2408/2408 2410/2410/2410 2412/2412/2412 
f 2413/2413/2413 2405/2405/2405 2411/2411/2411 
f 2406/2406/2406 2405/2405/2405 2413/2413/2413 
f 2414/2414/2414 2411/2411/2411 2408/2408/2408 
f 2408/2408/2408 2412/2412/2412 2414/2414/2414 
f 2415/2415/2415 2412/2412/2412 2410/2410/2410 
f 2410/2410/2410 2416/2416/2416 2415/2415/2415 
f 1915/1915/1915 2415/2415/2415 2416/2416/2416 
f 2417/2417/2417 2412/2412/2412 2415/2415/2415 
f 2412/2412/2412 2417/2417/2417 2414/2414/2414 
f 2415/2415/2415 1915/1915/1915 1912/1912/1912 
f 2418/2418/2418 2411/2411/2411 2414/2414/2414 
f 2411/2411/2411 2418/2418/2418 2413/2413/2413 
f 2419/2419/2419 2414/2414/2414 2417/2417/2417 
f 2414/2414/2414 2419/2419/2419 2418/2418/2418 
f 1908/1908/1908 2417/2417/2417 2415/2415/2415 
f 2415/2415/2415 1912/1912/1912 1908/1908/1908 
f 2417/2417/2417 1910/1910/1910 2419/2419/2419 
f 1910/1910/1910 2417/2417/2417 1908/1908/1908 
f 2420/2420/2420 2418/2418/2418 2419/2419/2419 
f 2421/2421/2421 2419/2419/2419 1910/1910/1910 
f 2419/2419/2419 2421/2421/2421 2420/2420/2420 
f 2418/2418/2418 2420/2420/2420 2422/2422/2422 
f 2422/2422/2422 2413/2413/2413 2418/2418/2418 
f 2421/2421/2421 2423/2423/2423 2420/2420/2420 
f 2423/2423/2423 2422/2422/2422 2420/2420/2420 
f 2423/2423/2423 2421/2421/2421 1815/1815/1815 
f 1815/1815/1815 1811/1811/1811 2423/2423/2423 
f 1817/1817/1817 1815/1815/1815 2421/2421/2421 
f 1910/1910/1910 1817/1817/1817 2421/2421/2421 
f 1811/1811/1811 2424/2424/2424 2423/2423/2423 
f 2422/2422/2422 2423/2423/2423 2424/2424/2424 
f 2424/2424/2424 1811/1811/1811 1812/1812/1812 
f 2413/2413/2413 2422/2422/2422 2425/2425/2425 
f 2424/2424/2424 2425/2425/2425 2422/2422/2422 
f 2425/2425/2425 2406/2406/2406 2413/2413/2413 
f 2407/2407/2407 2406/2406/2406 2425/2425/2425 
f 2425/2425/2425 2424/2424/2424 2426/2426/2426 
f 2426/2426/2426 2407/2407/2407 2425/2425/2425 
f 1812/1812/1812 2426/2426/2426 2424/2424/2424 
f 2427/2427/2427 2407/2407/2407 2426/2426/2426 
f 2426/2426/2426 1812/1812/1812 2428/2428/2428 
f 2428/2428/2428 2427/2427/2427 2426/2426/2426 
f 1812/1812/1812 1814/1814/1814 2428/2428/2428 
f 2427/2427/2427 2402/2402/2402 2407/2407/2407 
f 1814/1814/1814 2429/2429/2429 2428/2428/2428 
f 2429/2429/2429 2427/2427/2427 2428/2428/2428 
f 1816/1816/1816 2429/2429/2429 1814/1814/1814 
f 2402/2402/2402 2427/2427/2427 2430/2430/2430 
f 2429/2429/2429 2430/2430/2430 2427/2427/2427 
f 2402/2402/2402 2430/2430/2430 2391/2391/2391 
f 2430/2430/2430 1867/1867/1867 2391/2391/2391 
f 2430/2430/2430 2429/2429/2429 2431/2431/2431 
f 2430/2430/2430 2431/2431/2431 1867/1867/1867 
f 1816/1816/1816 2431/2431/2431 2429/2429/2429 
f 2431/2431/2431 1856/1856/1856 1867/1867/1867 
f 2431/2431/2431 1816/1816/1816 1853/1853/1853 
f 2431/2431/2431 1853/1853/1853 1856/1856/1856 
f 2432/2432/2432 2433/2433/2433 2434/2434/2434 
f 2433/2433/2433 2432/2432/2432 2435/2435/2435 
f 2436/2436/2436 2434/2434/2434 2437/2437/2437 
f 2438/2438/2438 2437/2437/2437 2439/2439/2439 
f 2438/2438/2438 2436/2436/2436 2437/2437/2437 
f 2440/2440/2440 2438/2438/2438 2439/2439/2439 
f 2441/2441/2441 2440/2440/2440 2439/2439/2439 
f 2442/2442/2442 2435/2435/2435 2432/2432/2432 
f 2435/2435/2435 2442/2442/2442 2443/2443/2443 
f 2444/2444/2444 2443/2443/2443 2442/2442/2442 
f 2440/2440/2440 2441/2441/2441 2445/2445/2445 
f 2445/2445/2445 2441/2441/2441 2446/2446/2446 
f 2444/2444/2444 2442/2442/2442 2447/2447/2447 
f 2447/2447/2447 2448/2448/2448 2444/2444/2444 
f 2448/2448/2448 2447/2447/2447 2449/2449/2449 
f 2450/2450/2450 2447/2447/2447 2442/2442/2442 
f 2450/2450/2450 2442/2442/2442 2432/2432/2432 
f 2449/2449/2449 2447/2447/2447 2451/2451/2451 
f 2450/2450/2450 2451/2451/2451 2447/2447/2447 
f 2451/2451/2451 2452/2452/2452 2449/2449/2449 
f 2453/2453/2453 2450/2450/2450 2432/2432/2432 
f 2453/2453/2453 2432/2432/2432 2434/2434/2434 
f 2436/2436/2436 2453/2453/2453 2434/2434/2434 
f 2453/2453/2453 2454/2454/2454 2450/2450/2450 
f 2451/2451/2451 2450/2450/2450 2454/2454/2454 
f 2436/2436/2436 2455/2455/2455 2453/2453/2453 
f 2454/2454/2454 2453/2453/2453 2455/2455/2455 
f 2455/2455/2455 2436/2436/2436 2456/2456/2456 
f 2438/2438/2438 2456/2456/2456 2436/2436/2436 
f 2454/2454/2454 2455/2455/2455 2457/2457/2457 
f 2456/2456/2456 2438/2438/2438 2458/2458/2458 
f 2440/2440/2440 2458/2458/2458 2438/2438/2438 
f 2455/2455/2455 2456/2456/2456 2459/2459/2459 
f 2457/2457/2457 2455/2455/2455 2459/2459/2459 
f 2458/2458/2458 2460/2460/2460 2456/2456/2456 
f 2459/2459/2459 2456/2456/2456 2460/2460/2460 
f 2458/2458/2458 2440/2440/2440 2461/2461/2461 
f 2445/2445/2445 2461/2461/2461 2440/2440/2440 
f 2460/2460/2460 2458/2458/2458 2462/2462/2462 
f 2458/2458/2458 2461/2461/2461 2462/2462/2462 
f 2461/2461/2461 2445/2445/2445 2463/2463/2463 
f 2446/2446/2446 2463/2463/2463 2445/2445/2445 
f 2463/2463/2463 2446/2446/2446 2350/2350/2350 
f 2350/2350/2350 2347/2347/2347 2463/2463/2463 
f 2464/2464/2464 2461/2461/2461 2463/2463/2463 
f 2463/2463/2463 2347/2347/2347 2464/2464/2464 
f 2462/2462/2462 2461/2461/2461 2464/2464/2464 
f 2347/2347/2347 2349/2349/2349 2464/2464/2464 
f 2465/2465/2465 2464/2464/2464 2349/2349/2349 
f 2464/2464/2464 2465/2465/2465 2462/2462/2462 
f 2349/2349/2349 2351/2351/2351 2465/2465/2465 
f 2466/2466/2466 2465/2465/2465 2351/2351/2351 
f 2351/2351/2351 2354/2354/2354 2466/2466/2466 
f 2467/2467/2467 2462/2462/2462 2465/2465/2465 
f 2465/2465/2465 2466/2466/2466 2467/2467/2467 
f 2462/2462/2462 2467/2467/2467 2460/2460/2460 
f 2354/2354/2354 2468/2468/2468 2466/2466/2466 
f 2468/2468/2468 2467/2467/2467 2466/2466/2466 
f 2468/2468/2468 2354/2354/2354 2360/2360/2360 
f 2469/2469/2469 2460/2460/2460 2467/2467/2467 
f 2467/2467/2467 2468/2468/2468 2469/2469/2469 
f 2460/2460/2460 2469/2469/2469 2459/2459/2459 
f 2360/2360/2360 2470/2470/2470 2468/2468/2468 
f 2470/2470/2470 2469/2469/2469 2468/2468/2468 
f 2470/2470/2470 2360/2360/2360 2364/2364/2364 
f 2471/2471/2471 2459/2459/2459 2469/2469/2469 
f 2469/2469/2469 2470/2470/2470 2471/2471/2471 
f 2459/2459/2459 2471/2471/2471 2457/2457/2457 
f 2364/2364/2364 2472/2472/2472 2470/2470/2470 
f 2472/2472/2472 2471/2471/2471 2470/2470/2470 
f 2472/2472/2472 2364/2364/2364 2473/2473/2473 
f 2361/2361/2361 2473/2473/2473 2364/2364/2364 
f 2473/2473/2473 2361/2361/2361 2374/2374/2374 
f 2471/2471/2471 2474/2474/2474 2457/2457/2457 
f 2474/2474/2474 2454/2454/2454 2457/2457/2457 
f 2451/2451/2451 2454/2454/2454 2474/2474/2474 
f 2474/2474/2474 2471/2471/2471 2475/2475/2475 
f 2471/2471/2471 2472/2472/2472 2475/2475/2475 
f 2476/2476/2476 2451/2451/2451 2474/2474/2474 
f 2475/2475/2475 2476/2476/2476 2474/2474/2474 
f 2451/2451/2451 2476/2476/2476 2452/2452/2452 
f 2477/2477/2477 2452/2452/2452 2476/2476/2476 
f 2476/2476/2476 2475/2475/2475 2478/2478/2478 
f 2478/2478/2478 2477/2477/2477 2476/2476/2476 
f 2479/2479/2479 2475/2475/2475 2472/2472/2472 
f 2475/2475/2475 2479/2479/2479 2478/2478/2478 
f 2473/2473/2473 2479/2479/2479 2472/2472/2472 
f 2479/2479/2479 2473/2473/2473 2480/2480/2480 
f 2374/2374/2374 2480/2480/2480 2473/2473/2473 
f 2480/2480/2480 2374/2374/2374 2375/2375/2375 
f 2480/2480/2480 2481/2481/2481 2479/2479/2479 
f 2481/2481/2481 2478/2478/2478 2479/2479/2479 
f 2375/2375/2375 2482/2482/2482 2480/2480/2480 
f 2481/2481/2481 2480/2480/2480 2482/2482/2482 
f 2482/2482/2482 2375/2375/2375 2483/2483/2483 
f 2483/2483/2483 2484/2484/2484 2482/2482/2482 
f 2482/2482/2482 2485/2485/2485 2481/2481/2481 
f 2485/2485/2485 2482/2482/2482 2484/2484/2484 
f 2478/2478/2478 2481/2481/2481 2486/2486/2486 
f 2477/2477/2477 2478/2478/2478 2486/2486/2486 
f 2481/2481/2481 2485/2485/2485 2487/2487/2487 
f 2487/2487/2487 2486/2486/2486 2481/2481/2481 
f 2484/2484/2484 2488/2488/2488 2485/2485/2485 
f 2488/2488/2488 2487/2487/2487 2485/2485/2485 
f 2488/2488/2488 2484/2484/2484 2489/2489/2489 
f 2486/2486/2486 2490/2490/2490 2477/2477/2477 
f 2490/2490/2490 2486/2486/2486 2487/2487/2487 
f 2491/2491/2491 2477/2477/2477 2490/2490/2490 
f 2490/2490/2490 2492/2492/2492 2491/2491/2491 
f 2492/2492/2492 2490/2490/2490 2493/2493/2493 
f 2487/2487/2487 2493/2493/2493 2490/2490/2490 
f 2494/2494/2494 2492/2492/2492 2493/2493/2493 
f 2493/2493/2493 2487/2487/2487 2495/2495/2495 
f 2494/2494/2494 2493/2493/2493 2495/2495/2495 
f 2487/2487/2487 2488/2488/2488 2495/2495/2495 
f 2494/2494/2494 2495/2495/2495 2496/2496/2496 
f 2496/2496/2496 2495/2495/2495 2488/2488/2488 
f 2496/2496/2496 2497/2497/2497 2494/2494/2494 
f 2498/2498/2498 2494/2494/2494 2497/2497/2497 
f 2497/2497/2497 2499/2499/2499 2498/2498/2498 
f 2488/2488/2488 2500/2500/2500 2496/2496/2496 
f 2489/2489/2489 2500/2500/2500 2488/2488/2488 
f 2500/2500/2500 2489/2489/2489 2501/2501/2501 
f 2501/2501/2501 2502/2502/2502 2500/2500/2500 
f 2503/2503/2503 2496/2496/2496 2500/2500/2500 
f 2497/2497/2497 2496/2496/2496 2503/2503/2503 
f 2500/2500/2500 2502/2502/2502 2503/2503/2503 
f 2499/2499/2499 2497/2497/2497 2504/2504/2504 
f 2503/2503/2503 2504/2504/2504 2497/2497/2497 
f 2505/2505/2505 2499/2499/2499 2504/2504/2504 
f 2504/2504/2504 2503/2503/2503 2506/2506/2506 
f 2502/2502/2502 2506/2506/2506 2503/2503/2503 
f 2504/2504/2504 2506/2506/2506 2505/2505/2505 
f 2506/2506/2506 2502/2502/2502 2507/2507/2507 
f 2502/2502/2502 2508/2508/2508 2507/2507/2507 
f 2507/2507/2507 2509/2509/2509 2506/2506/2506 
f 2505/2505/2505 2506/2506/2506 2509/2509/2509 
f 2510/2510/2510 2507/2507/2507 2508/2508/2508 
f 2507/2507/2507 2510/2510/2510 2509/2509/2509 
f 2508/2508/2508 2511/2511/2511 2510/2510/2510 
f 2512/2512/2512 2510/2510/2510 2511/2511/2511 
f 2513/2513/2513 2509/2509/2509 2510/2510/2510 
f 2510/2510/2510 2512/2512/2512 2513/2513/2513 
f 2505/2505/2505 2509/2509/2509 2514/2514/2514 
f 2509/2509/2509 2513/2513/2513 2514/2514/2514 
f 2515/2515/2515 2513/2513/2513 2512/2512/2512 
f 2515/2515/2515 2514/2514/2514 2513/2513/2513 
f 2512/2512/2512 2516/2516/2516 2515/2515/2515 
f 2516/2516/2516 2517/2517/2517 2515/2515/2515 
f 2518/2518/2518 2515/2515/2515 2517/2517/2517 
f 2518/2518/2518 2514/2514/2514 2515/2515/2515 
f 2519/2519/2519 2518/2518/2518 2517/2517/2517 
f 2520/2520/2520 2505/2505/2505 2514/2514/2514 
f 2514/2514/2514 2518/2518/2518 2521/2521/2521 
f 2514/2514/2514 2521/2521/2521 2520/2520/2520 
f 2522/2522/2522 2521/2521/2521 2518/2518/2518 
f 2522/2522/2522 2518/2518/2518 2519/2519/2519 
f 2523/2523/2523 2520/2520/2520 2521/2521/2521 
f 2524/2524/2524 2521/2521/2521 2522/2522/2522 
f 2524/2524/2524 2523/2523/2523 2521/2521/2521 
f 2525/2525/2525 2526/2526/2526 2527/2527/2527 
f 2528/2528/2528 2527/2527/2527 2526/2526/2526 
f 2527/2527/2527 2529/2529/2529 2525/2525/2525 
f 2526/2526/2526 2525/2525/2525 2530/2530/2530 
f 2527/2527/2527 2528/2528/2528 2531/2531/2531 
f 2526/2526/2526 2532/2532/2532 2528/2528/2528 
f 2529/2529/2529 2527/2527/2527 2533/2533/2533 
f 2531/2531/2531 2533/2533/2533 2527/2527/2527 
f 2534/2534/2534 2529/2529/2529 2533/2533/2533 
f 2533/2533/2533 2531/2531/2531 2535/2535/2535 
f 2535/2535/2535 2534/2534/2534 2533/2533/2533 
f 2531/2531/2531 2528/2528/2528 2536/2536/2536 
f 2492/2492/2492 2536/2536/2536 2528/2528/2528 
f 2528/2528/2528 2532/2532/2532 2492/2492/2492 
f 2536/2536/2536 2498/2498/2498 2531/2531/2531 
f 2498/2498/2498 2535/2535/2535 2531/2531/2531 
f 2494/2494/2494 2498/2498/2498 2536/2536/2536 
f 2492/2492/2492 2494/2494/2494 2536/2536/2536 
f 2537/2537/2537 2538/2538/2538 2539/2539/2539 
f 2540/2540/2540 2539/2539/2539 2538/2538/2538 
f 2539/2539/2539 2540/2540/2540 2541/2541/2541 
f 2542/2542/2542 2541/2541/2541 2540/2540/2540 
f 2541/2541/2541 2542/2542/2542 2543/2543/2543 
f 2543/2543/2543 2542/2542/2542 2544/2544/2544 
f 2448/2448/2448 2545/2545/2545 2546/2546/2546 
f 2545/2545/2545 2547/2547/2547 2546/2546/2546 
f 2548/2548/2548 2546/2546/2546 2547/2547/2547 
f 2549/2549/2549 2548/2548/2548 2547/2547/2547 
f 2546/2546/2546 2444/2444/2444 2448/2448/2448 
f 2548/2548/2548 2549/2549/2549 2550/2550/2550 
f 2551/2551/2551 2550/2550/2550 2549/2549/2549 
f 2550/2550/2550 2551/2551/2551 2552/2552/2552 
f 2552/2552/2552 2553/2553/2553 2550/2550/2550 
f 2550/2550/2550 2554/2554/2554 2548/2548/2548 
f 2550/2550/2550 2553/2553/2553 2554/2554/2554 
f 2546/2546/2546 2548/2548/2548 2555/2555/2555 
f 2444/2444/2444 2546/2546/2546 2555/2555/2555 
f 2556/2556/2556 2548/2548/2548 2554/2554/2554 
f 2556/2556/2556 2555/2555/2555 2548/2548/2548 
f 2553/2553/2553 2557/2557/2557 2554/2554/2554 
f 2557/2557/2557 2556/2556/2556 2554/2554/2554 
f 2557/2557/2557 2553/2553/2553 2558/2558/2558 
f 2555/2555/2555 2556/2556/2556 2443/2443/2443 
f 2443/2443/2443 2444/2444/2444 2555/2555/2555 
f 2556/2556/2556 2557/2557/2557 2559/2559/2559 
f 2559/2559/2559 2443/2443/2443 2556/2556/2556 
f 2558/2558/2558 2560/2560/2560 2557/2557/2557 
f 2560/2560/2560 2559/2559/2559 2557/2557/2557 
f 2560/2560/2560 2558/2558/2558 2561/2561/2561 
f 2561/2561/2561 2562/2562/2562 2560/2560/2560 
f 2562/2562/2562 2561/2561/2561 2563/2563/2563 
f 2563/2563/2563 2564/2564/2564 2562/2562/2562 
f 2562/2562/2562 2565/2565/2565 2560/2560/2560 
f 2559/2559/2559 2560/2560/2560 2565/2565/2565 
f 2566/2566/2566 2562/2562/2562 2564/2564/2564 
f 2443/2443/2443 2559/2559/2559 2435/2435/2435 
f 2565/2565/2565 2435/2435/2435 2559/2559/2559 
f 2564/2564/2564 2567/2567/2567 2566/2566/2566 
f 2567/2567/2567 2564/2564/2564 2568/2568/2568 
f 2568/2568/2568 2569/2569/2569 2567/2567/2567 
f 2566/2566/2566 2570/2570/2570 2562/2562/2562 
f 2565/2565/2565 2562/2562/2562 2570/2570/2570 
f 2566/2566/2566 2567/2567/2567 2571/2571/2571 
f 2570/2570/2570 2566/2566/2566 2571/2571/2571 
f 2567/2567/2567 2569/2569/2569 2572/2572/2572 
f 2569/2569/2569 2573/2573/2573 2572/2572/2572 
f 2567/2567/2567 2574/2574/2574 2571/2571/2571 
f 2574/2574/2574 2567/2567/2567 2572/2572/2572 
f 2571/2571/2571 2575/2575/2575 2570/2570/2570 
f 2575/2575/2575 2571/2571/2571 2574/2574/2574 
f 2570/2570/2570 2433/2433/2433 2565/2565/2565 
f 2433/2433/2433 2570/2570/2570 2575/2575/2575 
f 2435/2435/2435 2565/2565/2565 2433/2433/2433 
f 2572/2572/2572 2573/2573/2573 2441/2441/2441 
f 2446/2446/2446 2441/2441/2441 2573/2573/2573 
f 2439/2439/2439 2574/2574/2574 2572/2572/2572 
f 2572/2572/2572 2441/2441/2441 2439/2439/2439 
f 2437/2437/2437 2574/2574/2574 2439/2439/2439 
f 2574/2574/2574 2437/2437/2437 2575/2575/2575 
f 2575/2575/2575 2434/2434/2434 2433/2433/2433 
f 2434/2434/2434 2575/2575/2575 2437/2437/2437 
f 2576/2576/2576 2577/2577/2577 2578/2578/2578 
f 2371/2371/2371 2577/2577/2577 2576/2576/2576 
f 2579/2579/2579 2580/2580/2580 2578/2578/2578 
f 2577/2577/2577 2579/2579/2579 2578/2578/2578 
f 2580/2580/2580 2579/2579/2579 2581/2581/2581 
f 2577/2577/2577 2371/2371/2371 2367/2367/2367 
f 2577/2577/2577 2305/2305/2305 2579/2579/2579 
f 2306/2306/2306 2577/2577/2577 2367/2367/2367 
f 2577/2577/2577 2306/2306/2306 2305/2305/2305 
f 2305/2305/2305 2302/2302/2302 2579/2579/2579 
f 2302/2302/2302 2581/2581/2581 2579/2579/2579 
f 2581/2581/2581 2582/2582/2582 2580/2580/2580 
f 2583/2583/2583 2580/2580/2580 2582/2582/2582 
f 2582/2582/2582 2584/2584/2584 2583/2583/2583 
f 2584/2584/2584 2582/2582/2582 2585/2585/2585 
f 2582/2582/2582 2581/2581/2581 2586/2586/2586 
f 2586/2586/2586 2585/2585/2585 2582/2582/2582 
f 2581/2581/2581 2587/2587/2587 2586/2586/2586 
f 2581/2581/2581 2302/2302/2302 2587/2587/2587 
f 2585/2585/2585 2586/2586/2586 2588/2588/2588 
f 2586/2586/2586 2587/2587/2587 2589/2589/2589 
f 2589/2589/2589 2588/2588/2588 2586/2586/2586 
f 2301/2301/2301 2587/2587/2587 2302/2302/2302 
f 2587/2587/2587 2301/2301/2301 2589/2589/2589 
f 2585/2585/2585 2588/2588/2588 2590/2590/2590 
f 2585/2585/2585 2590/2590/2590 2591/2591/2591 
f 2591/2591/2591 2590/2590/2590 2592/2592/2592 
f 2588/2588/2588 2593/2593/2593 2590/2590/2590 
f 2588/2588/2588 2589/2589/2589 2594/2594/2594 
f 2588/2588/2588 2594/2594/2594 2593/2593/2593 
f 2589/2589/2589 2301/2301/2301 2595/2595/2595 
f 2595/2595/2595 2594/2594/2594 2589/2589/2589 
f 2301/2301/2301 2298/2298/2298 2595/2595/2595 
f 2590/2590/2590 2593/2593/2593 2596/2596/2596 
f 2592/2592/2592 2590/2590/2590 2596/2596/2596 
f 2594/2594/2594 2221/2221/2221 2593/2593/2593 
f 2594/2594/2594 2595/2595/2595 2222/2222/2222 
f 2594/2594/2594 2222/2222/2222 2221/2221/2221 
f 2224/2224/2224 2222/2222/2222 2595/2595/2595 
f 2595/2595/2595 2298/2298/2298 2224/2224/2224 
f 2596/2596/2596 2593/2593/2593 2231/2231/2231 
f 2593/2593/2593 2221/2221/2221 2231/2231/2231 
f 2596/2596/2596 2597/2597/2597 2592/2592/2592 
f 2596/2596/2596 2231/2231/2231 2234/2234/2234 
f 2597/2597/2597 2596/2596/2596 2234/2234/2234 
f 2234/2234/2234 2236/2236/2236 2597/2597/2597 
f 2236/2236/2236 2598/2598/2598 2597/2597/2597 
f 2598/2598/2598 2236/2236/2236 2599/2599/2599 
f 2599/2599/2599 2600/2600/2600 2598/2598/2598 
f 2600/2600/2600 2599/2599/2599 2601/2601/2601 
f 2601/2601/2601 2602/2602/2602 2600/2600/2600 
f 2602/2602/2602 2601/2601/2601 2603/2603/2603 
f 2603/2603/2603 2604/2604/2604 2602/2602/2602 
f 2604/2604/2604 2603/2603/2603 2605/2605/2605 
f 2605/2605/2605 2606/2606/2606 2604/2604/2604 
f 2606/2606/2606 2605/2605/2605 2607/2607/2607 
f 2607/2607/2607 2608/2608/2608 2606/2606/2606 
f 2608/2608/2608 2607/2607/2607 2609/2609/2609 
f 2609/2609/2609 2610/2610/2610 2608/2608/2608 
f 2610/2610/2610 2609/2609/2609 2611/2611/2611 
f 2611/2611/2611 2612/2612/2612 2610/2610/2610 
f 2612/2612/2612 2611/2611/2611 2613/2613/2613 
f 2613/2613/2613 2614/2614/2614 2612/2612/2612 
f 2614/2614/2614 2613/2613/2613 2615/2615/2615 
f 2616/2616/2616 2614/2614/2614 2615/2615/2615 
f 2614/2614/2614 2616/2616/2616 2617/2617/2617 
f 2618/2618/2618 2617/2617/2617 2616/2616/2616 
f 2617/2617/2617 2618/2618/2618 2619/2619/2619 
f 2620/2620/2620 2619/2619/2619 2618/2618/2618 
f 2618/2618/2618 2621/2621/2621 2620/2620/2620 
f 2621/2621/2621 2622/2622/2622 2620/2620/2620 
f 2621/2621/2621 2623/2623/2623 2622/2622/2622 
f 2624/2624/2624 2622/2622/2622 2623/2623/2623 
f 2623/2623/2623 2625/2625/2625 2624/2624/2624 
f 2626/2626/2626 2624/2624/2624 2625/2625/2625 
f 2624/2624/2624 2626/2626/2626 2627/2627/2627 
f 2628/2628/2628 2378/2378/2378 2371/2371/2371 
f 2373/2373/2373 2483/2483/2483 2375/2375/2375 
f 2483/2483/2483 2373/2373/2373 2376/2376/2376 
f 2628/2628/2628 2629/2629/2629 2378/2378/2378 
f 2630/2630/2630 2377/2377/2377 2378/2378/2378 
f 2629/2629/2629 2630/2630/2630 2378/2378/2378 
f 2631/2631/2631 2629/2629/2629 2628/2628/2628 
f 2630/2630/2630 2632/2632/2632 2377/2377/2377 
f 2376/2376/2376 2377/2377/2377 2632/2632/2632 
f 2376/2376/2376 2633/2633/2633 2483/2483/2483 
f 2633/2633/2633 2376/2376/2376 2632/2632/2632 
f 2484/2484/2484 2483/2483/2483 2633/2633/2633 
f 2634/2634/2634 2630/2630/2630 2629/2629/2629 
f 2632/2632/2632 2630/2630/2630 2635/2635/2635 
f 2634/2634/2634 2635/2635/2635 2630/2630/2630 
f 2632/2632/2632 2636/2636/2636 2633/2633/2633 
f 2636/2636/2636 2632/2632/2632 2635/2635/2635 
f 2489/2489/2489 2633/2633/2633 2636/2636/2636 
f 2633/2633/2633 2489/2489/2489 2484/2484/2484 
f 2637/2637/2637 2634/2634/2634 2629/2629/2629 
f 2631/2631/2631 2637/2637/2637 2629/2629/2629 
f 2635/2635/2635 2634/2634/2634 2638/2638/2638 
f 2635/2635/2635 2639/2639/2639 2636/2636/2636 
f 2639/2639/2639 2635/2635/2635 2638/2638/2638 
f 2640/2640/2640 2638/2638/2638 2634/2634/2634 
f 2637/2637/2637 2640/2640/2640 2634/2634/2634 
f 2638/2638/2638 2641/2641/2641 2639/2639/2639 
f 2501/2501/2501 2636/2636/2636 2639/2639/2639 
f 2636/2636/2636 2501/2501/2501 2489/2489/2489 
f 2642/2642/2642 2639/2639/2639 2641/2641/2641 
f 2639/2639/2639 2642/2642/2642 2501/2501/2501 
f 2641/2641/2641 2638/2638/2638 2643/2643/2643 
f 2638/2638/2638 2640/2640/2640 2643/2643/2643 
f 2644/2644/2644 2642/2642/2642 2641/2641/2641 
f 2643/2643/2643 2644/2644/2644 2641/2641/2641 
f 2502/2502/2502 2501/2501/2501 2642/2642/2642 
f 2645/2645/2645 2643/2643/2643 2640/2640/2640 
f 2637/2637/2637 2645/2645/2645 2640/2640/2640 
f 2644/2644/2644 2643/2643/2643 2646/2646/2646 
f 2643/2643/2643 2645/2645/2645 2646/2646/2646 
f 2642/2642/2642 2644/2644/2644 2508/2508/2508 
f 2508/2508/2508 2502/2502/2502 2642/2642/2642 
f 2646/2646/2646 2511/2511/2511 2644/2644/2644 
f 2511/2511/2511 2508/2508/2508 2644/2644/2644 
f 2645/2645/2645 2637/2637/2637 2647/2647/2647 
f 2631/2631/2631 2647/2647/2647 2637/2637/2637 
f 2648/2648/2648 2646/2646/2646 2645/2645/2645 
f 2647/2647/2647 2648/2648/2648 2645/2645/2645 
f 2511/2511/2511 2646/2646/2646 2649/2649/2649 
f 2646/2646/2646 2648/2648/2648 2649/2649/2649 
f 2647/2647/2647 2631/2631/2631 2650/2650/2650 
f 2650/2650/2650 2631/2631/2631 2651/2651/2651 
f 2648/2648/2648 2647/2647/2647 2652/2652/2652 
f 2650/2650/2650 2652/2652/2652 2647/2647/2647 
f 2648/2648/2648 2653/2653/2653 2649/2649/2649 
f 2653/2653/2653 2511/2511/2511 2649/2649/2649 
f 2651/2651/2651 2654/2654/2654 2650/2650/2650 
f 2652/2652/2652 2650/2650/2650 2654/2654/2654 
f 2651/2651/2651 2655/2655/2655 2654/2654/2654 
f 2652/2652/2652 2656/2656/2656 2648/2648/2648 
f 2656/2656/2656 2653/2653/2653 2648/2648/2648 
f 2654/2654/2654 2657/2657/2657 2652/2652/2652 
f 2656/2656/2656 2652/2652/2652 2657/2657/2657 
f 2535/2535/2535 2498/2498/2498 2499/2499/2499 
f 2491/2491/2491 2492/2492/2492 2532/2532/2532 
f 2532/2532/2532 2526/2526/2526 2658/2658/2658 
f 2530/2530/2530 2658/2658/2658 2526/2526/2526 
f 2658/2658/2658 2659/2659/2659 2532/2532/2532 
f 2532/2532/2532 2659/2659/2659 2491/2491/2491 
f 2658/2658/2658 2530/2530/2530 2660/2660/2660 
f 2659/2659/2659 2658/2658/2658 2661/2661/2661 
f 2660/2660/2660 2661/2661/2661 2658/2658/2658 
f 2660/2660/2660 2530/2530/2530 2662/2662/2662 
f 2661/2661/2661 2663/2663/2663 2659/2659/2659 
f 2664/2664/2664 2491/2491/2491 2659/2659/2659 
f 2659/2659/2659 2663/2663/2663 2664/2664/2664 
f 2477/2477/2477 2491/2491/2491 2664/2664/2664 
f 2452/2452/2452 2664/2664/2664 2663/2663/2663 
f 2452/2452/2452 2477/2477/2477 2664/2664/2664 
f 2663/2663/2663 2661/2661/2661 2665/2665/2665 
f 2663/2663/2663 2449/2449/2449 2452/2452/2452 
f 2665/2665/2665 2449/2449/2449 2663/2663/2663 
f 2666/2666/2666 2665/2665/2665 2661/2661/2661 
f 2661/2661/2661 2660/2660/2660 2666/2666/2666 
f 2449/2449/2449 2665/2665/2665 2448/2448/2448 
f 2665/2665/2665 2666/2666/2666 2545/2545/2545 
f 2545/2545/2545 2448/2448/2448 2665/2665/2665 
f 2666/2666/2666 2660/2660/2660 2667/2667/2667 
f 2662/2662/2662 2667/2667/2667 2660/2660/2660 
f 2667/2667/2667 2668/2668/2668 2666/2666/2666 
f 2545/2545/2545 2666/2666/2666 2668/2668/2668 
f 2669/2669/2669 2668/2668/2668 2667/2667/2667 
f 2668/2668/2668 2670/2670/2670 2545/2545/2545 
f 2671/2671/2671 2670/2670/2670 2668/2668/2668 
f 2668/2668/2668 2669/2669/2669 2671/2671/2671 
f 2547/2547/2547 2545/2545/2545 2670/2670/2670 
f 2672/2672/2672 2671/2671/2671 2669/2669/2669 
f 2671/2671/2671 2672/2672/2672 2673/2673/2673 
f 2669/2669/2669 2674/2674/2674 2672/2672/2672 
f 2670/2670/2670 2671/2671/2671 2675/2675/2675 
f 2673/2673/2673 2675/2675/2675 2671/2671/2671 
f 2675/2675/2675 2547/2547/2547 2670/2670/2670 
f 2675/2675/2675 2673/2673/2673 2676/2676/2676 
f 2676/2676/2676 2549/2549/2549 2675/2675/2675 
f 2547/2547/2547 2675/2675/2675 2549/2549/2549 
f 2549/2549/2549 2676/2676/2676 2551/2551/2551 
f 2674/2674/2674 2669/2669/2669 2677/2677/2677 
f 2667/2667/2667 2677/2677/2677 2669/2669/2669 
f 2677/2677/2677 2678/2678/2678 2674/2674/2674 
f 2674/2674/2674 2678/2678/2678 2679/2679/2679 
f 2678/2678/2678 2680/2680/2680 2679/2679/2679 
f 2679/2679/2679 2680/2680/2680 2681/2681/2681 
f 2680/2680/2680 2682/2682/2682 2681/2681/2681 
f 2683/2683/2683 2681/2681/2681 2682/2682/2682 
f 2682/2682/2682 2684/2684/2684 2683/2683/2683 
f 2685/2685/2685 2683/2683/2683 2684/2684/2684 
f 2684/2684/2684 2686/2686/2686 2685/2685/2685 
f 2687/2687/2687 2685/2685/2685 2686/2686/2686 
f 2686/2686/2686 2688/2688/2688 2687/2687/2687 
f 2689/2689/2689 2687/2687/2687 2688/2688/2688 
f 2688/2688/2688 2690/2690/2690 2689/2689/2689 
f 2691/2691/2691 2689/2689/2689 2690/2690/2690 
f 2690/2690/2690 2692/2692/2692 2691/2691/2691 
f 2693/2693/2693 2691/2691/2691 2692/2692/2692 
f 2692/2692/2692 2694/2694/2694 2693/2693/2693 
f 2695/2695/2695 2693/2693/2693 2694/2694/2694 
f 2694/2694/2694 2696/2696/2696 2695/2695/2695 
f 2696/2696/2696 2694/2694/2694 2697/2697/2697 
f 2697/2697/2697 2698/2698/2698 2696/2696/2696 
f 2698/2698/2698 2697/2697/2697 2699/2699/2699 
f 2700/2700/2700 2698/2698/2698 2699/2699/2699 
f 2698/2698/2698 2700/2700/2700 2701/2701/2701 
f 2702/2702/2702 2701/2701/2701 2700/2700/2700 
f 2701/2701/2701 2702/2702/2702 2703/2703/2703 
f 2704/2704/2704 2703/2703/2703 2702/2702/2702 
f 2703/2703/2703 2704/2704/2704 2705/2705/2705 
f 2704/2704/2704 2706/2706/2706 2705/2705/2705 
f 2706/2706/2706 2704/2704/2704 2707/2707/2707 
f 2708/2708/2708 2709/2709/2709 2710/2710/2710 
f 2711/2711/2711 2708/2708/2708 2710/2710/2710 
f 2712/2712/2712 2713/2713/2713 2714/2714/2714 
f 2715/2715/2715 2714/2714/2714 2713/2713/2713 
f 2713/2713/2713 2712/2712/2712 2716/2716/2716 
f 2715/2715/2715 2717/2717/2717 2709/2709/2709 
f 2718/2718/2718 2710/2710/2710 2709/2709/2709 
f 2709/2709/2709 2717/2717/2717 2718/2718/2718 
f 2710/2710/2710 2718/2718/2718 2719/2719/2719 
f 2719/2719/2719 2711/2711/2711 2710/2710/2710 
f 2720/2720/2720 2719/2719/2719 2718/2718/2718 
f 2717/2717/2717 2720/2720/2720 2718/2718/2718 
f 2711/2711/2711 2719/2719/2719 2721/2721/2721 
f 2719/2719/2719 2720/2720/2720 2655/2655/2655 
f 2655/2655/2655 2721/2721/2721 2719/2719/2719 
f 2721/2721/2721 2722/2722/2722 2711/2711/2711 
f 2722/2722/2722 2723/2723/2723 2711/2711/2711 
f 2722/2722/2722 2724/2724/2724 2723/2723/2723 
f 2723/2723/2723 2724/2724/2724 2583/2583/2583 
f 2722/2722/2722 2725/2725/2725 2724/2724/2724 
f 2724/2724/2724 2580/2580/2580 2583/2583/2583 
f 2580/2580/2580 2724/2724/2724 2725/2725/2725 
f 2721/2721/2721 2726/2726/2726 2722/2722/2722 
f 2725/2725/2725 2722/2722/2722 2726/2726/2726 
f 2726/2726/2726 2721/2721/2721 2727/2727/2727 
f 2721/2721/2721 2655/2655/2655 2727/2727/2727 
f 2728/2728/2728 2725/2725/2725 2726/2726/2726 
f 2729/2729/2729 2726/2726/2726 2727/2727/2727 
f 2729/2729/2729 2728/2728/2728 2726/2726/2726 
f 2727/2727/2727 2655/2655/2655 2651/2651/2651 
f 2651/2651/2651 2729/2729/2729 2727/2727/2727 
f 2631/2631/2631 2729/2729/2729 2651/2651/2651 
f 2729/2729/2729 2628/2628/2628 2728/2728/2728 
f 2631/2631/2631 2628/2628/2628 2729/2729/2729 
f 2728/2728/2728 2576/2576/2576 2725/2725/2725 
f 2628/2628/2628 2371/2371/2371 2728/2728/2728 
f 2728/2728/2728 2371/2371/2371 2576/2576/2576 
f 2725/2725/2725 2576/2576/2576 2578/2578/2578 
f 2725/2725/2725 2578/2578/2578 2580/2580/2580 
f 2730/2730/2730 2731/2731/2731 2732/2732/2732 
f 2732/2732/2732 2733/2733/2733 2730/2730/2730 
f 2731/2731/2731 2734/2734/2734 2735/2735/2735 
f 2733/2733/2733 2732/2732/2732 2736/2736/2736 
f 2736/2736/2736 2737/2737/2737 2733/2733/2733 
f 2738/2738/2738 2732/2732/2732 2731/2731/2731 
f 2735/2735/2735 2739/2739/2739 2731/2731/2731 
f 2738/2738/2738 2731/2731/2731 2739/2739/2739 
f 2739/2739/2739 2735/2735/2735 2740/2740/2740 
f 2732/2732/2732 2738/2738/2738 2741/2741/2741 
f 2741/2741/2741 2736/2736/2736 2732/2732/2732 
f 2739/2739/2739 2742/2742/2742 2738/2738/2738 
f 2740/2740/2740 2743/2743/2743 2739/2739/2739 
f 2742/2742/2742 2739/2739/2739 2743/2743/2743 
f 2743/2743/2743 2740/2740/2740 2744/2744/2744 
f 2745/2745/2745 2738/2738/2738 2742/2742/2742 
f 2745/2745/2745 2741/2741/2741 2738/2738/2738 
f 2743/2743/2743 2746/2746/2746 2742/2742/2742 
f 2744/2744/2744 2747/2747/2747 2743/2743/2743 
f 2746/2746/2746 2743/2743/2743 2747/2747/2747 
f 2747/2747/2747 2744/2744/2744 2748/2748/2748 
f 2748/2748/2748 2749/2749/2749 2747/2747/2747 
f 2750/2750/2750 2747/2747/2747 2749/2749/2749 
f 2747/2747/2747 2750/2750/2750 2746/2746/2746 
f 2749/2749/2749 2751/2751/2751 2750/2750/2750 
f 2752/2752/2752 2742/2742/2742 2746/2746/2746 
f 2742/2742/2742 2752/2752/2752 2745/2745/2745 
f 2753/2753/2753 2746/2746/2746 2750/2750/2750 
f 2746/2746/2746 2753/2753/2753 2752/2752/2752 
f 2754/2754/2754 2750/2750/2750 2751/2751/2751 
f 2750/2750/2750 2754/2754/2754 2753/2753/2753 
f 2751/2751/2751 2755/2755/2755 2754/2754/2754 
f 2756/2756/2756 2754/2754/2754 2755/2755/2755 
f 2755/2755/2755 2757/2757/2757 2756/2756/2756 
f 2758/2758/2758 2754/2754/2754 2756/2756/2756 
f 2754/2754/2754 2758/2758/2758 2753/2753/2753 
f 2753/2753/2753 2758/2758/2758 2759/2759/2759 
f 2753/2753/2753 2759/2759/2759 2752/2752/2752 
f 2752/2752/2752 2759/2759/2759 2760/2760/2760 
f 2752/2752/2752 2760/2760/2760 2745/2745/2745 
f 2760/2760/2760 2761/2761/2761 2745/2745/2745 
f 2741/2741/2741 2745/2745/2745 2761/2761/2761 
f 2761/2761/2761 2760/2760/2760 2762/2762/2762 
f 2761/2761/2761 2763/2763/2763 2741/2741/2741 
f 2736/2736/2736 2741/2741/2741 2763/2763/2763 
f 2762/2762/2762 2764/2764/2764 2761/2761/2761 
f 2763/2763/2763 2761/2761/2761 2764/2764/2764 
f 2764/2764/2764 2762/2762/2762 2765/2765/2765 
f 2763/2763/2763 2766/2766/2766 2736/2736/2736 
f 2737/2737/2737 2736/2736/2736 2766/2766/2766 
f 2766/2766/2766 2767/2767/2767 2737/2737/2737 
f 2767/2767/2767 2766/2766/2766 2768/2768/2768 
f 2766/2766/2766 2763/2763/2763 2769/2769/2769 
f 2769/2769/2769 2768/2768/2768 2766/2766/2766 
f 2764/2764/2764 2769/2769/2769 2763/2763/2763 
f 2768/2768/2768 2769/2769/2769 2770/2770/2770 
f 2765/2765/2765 2771/2771/2771 2764/2764/2764 
f 2769/2769/2769 2764/2764/2764 2771/2771/2771 
f 2771/2771/2771 2770/2770/2770 2769/2769/2769 
f 2771/2771/2771 2765/2765/2765 2772/2772/2772 
f 2770/2770/2770 2771/2771/2771 2773/2773/2773 
f 2772/2772/2772 2773/2773/2773 2771/2771/2771 
f 2773/2773/2773 2772/2772/2772 2774/2774/2774 
f 2775/2775/2775 2584/2584/2584 2776/2776/2776 
f 2584/2584/2584 2591/2591/2591 2776/2776/2776 
f 2775/2775/2775 2776/2776/2776 2777/2777/2777 
f 2775/2775/2775 2583/2583/2583 2584/2584/2584 
f 2591/2591/2591 2778/2778/2778 2776/2776/2776 
f 2584/2584/2584 2585/2585/2585 2591/2591/2591 
f 2776/2776/2776 2778/2778/2778 2779/2779/2779 
f 2777/2777/2777 2776/2776/2776 2779/2779/2779 
f 2778/2778/2778 2591/2591/2591 2592/2592/2592 
f 2780/2780/2780 2775/2775/2775 2777/2777/2777 
f 2778/2778/2778 2781/2781/2781 2779/2779/2779 
f 2780/2780/2780 2723/2723/2723 2775/2775/2775 
f 2583/2583/2583 2775/2775/2775 2723/2723/2723 
f 2777/2777/2777 2708/2708/2708 2780/2780/2780 
f 2723/2723/2723 2780/2780/2780 2711/2711/2711 
f 2708/2708/2708 2711/2711/2711 2780/2780/2780 
f 2779/2779/2779 2782/2782/2782 2777/2777/2777 
f 2708/2708/2708 2777/2777/2777 2782/2782/2782 
f 2782/2782/2782 2779/2779/2779 2783/2783/2783 
f 2781/2781/2781 2783/2783/2783 2779/2779/2779 
f 2784/2784/2784 2708/2708/2708 2782/2782/2782 
f 2783/2783/2783 2714/2714/2714 2782/2782/2782 
f 2784/2784/2784 2782/2782/2782 2714/2714/2714 
f 2714/2714/2714 2783/2783/2783 2712/2712/2712 
f 2715/2715/2715 2784/2784/2784 2714/2714/2714 
f 2783/2783/2783 2781/2781/2781 2785/2785/2785 
f 2785/2785/2785 2712/2712/2712 2783/2783/2783 
f 2709/2709/2709 2708/2708/2708 2784/2784/2784 
f 2784/2784/2784 2715/2715/2715 2709/2709/2709 
f 2786/2786/2786 2787/2787/2787 2788/2788/2788 
f 2787/2787/2787 2786/2786/2786 2789/2789/2789 
f 2788/2788/2788 2790/2790/2790 2786/2786/2786 
f 2791/2791/2791 2788/2788/2788 2787/2787/2787 
f 2787/2787/2787 2792/2792/2792 2791/2791/2791 
f 2788/2788/2788 2791/2791/2791 2793/2793/2793 
f 2794/2794/2794 2787/2787/2787 2789/2789/2789 
f 2792/2792/2792 2787/2787/2787 2794/2794/2794 
f 2789/2789/2789 2795/2795/2795 2794/2794/2794 
f 2794/2794/2794 2796/2796/2796 2792/2792/2792 
f 2793/2793/2793 2797/2797/2797 2788/2788/2788 
f 2790/2790/2790 2788/2788/2788 2797/2797/2797 
f 2797/2797/2797 2793/2793/2793 2798/2798/2798 
f 2797/2797/2797 2799/2799/2799 2790/2790/2790 
f 2795/2795/2795 2800/2800/2800 2794/2794/2794 
f 2796/2796/2796 2794/2794/2794 2800/2800/2800 
f 2800/2800/2800 2795/2795/2795 2801/2801/2801 
f 2800/2800/2800 2802/2802/2802 2796/2796/2796 
f 2800/2800/2800 2801/2801/2801 2802/2802/2802 
f 2796/2796/2796 2802/2802/2802 2803/2803/2803 
f 2801/2801/2801 2804/2804/2804 2802/2802/2802 
f 2799/2799/2799 2797/2797/2797 2805/2805/2805 
f 2798/2798/2798 2805/2805/2805 2797/2797/2797 
f 2805/2805/2805 2806/2806/2806 2799/2799/2799 
f 2805/2805/2805 2798/2798/2798 2807/2807/2807 
f 2806/2806/2806 2805/2805/2805 2808/2808/2808 
f 2807/2807/2807 2808/2808/2808 2805/2805/2805 
f 2808/2808/2808 2807/2807/2807 2809/2809/2809 
f 2804/2804/2804 2810/2810/2810 2802/2802/2802 
f 2802/2802/2802 2810/2810/2810 2803/2803/2803 
f 2810/2810/2810 2804/2804/2804 2811/2811/2811 
f 2803/2803/2803 2810/2810/2810 2812/2812/2812 
f 2811/2811/2811 2813/2813/2813 2810/2810/2810 
f 2813/2813/2813 2812/2812/2812 2810/2810/2810 
f 2814/2814/2814 2815/2815/2815 2816/2816/2816 
f 2816/2816/2816 2815/2815/2815 2817/2817/2817 
f 2815/2815/2815 2818/2818/2818 2817/2817/2817 
f 2819/2819/2819 2814/2814/2814 2816/2816/2816 
f 2814/2814/2814 2819/2819/2819 2820/2820/2820 
f 2817/2817/2817 2821/2821/2821 2816/2816/2816 
f 2822/2822/2822 2816/2816/2816 2821/2821/2821 
f 2816/2816/2816 2822/2822/2822 2819/2819/2819 
f 2821/2821/2821 2817/2817/2817 2823/2823/2823 
f 2824/2824/2824 2819/2819/2819 2822/2822/2822 
f 2825/2825/2825 2820/2820/2820 2819/2819/2819 
f 2819/2819/2819 2824/2824/2824 2825/2825/2825 
f 2820/2820/2820 2825/2825/2825 2826/2826/2826 
f 2827/2827/2827 2823/2823/2823 2817/2817/2817 
f 2817/2817/2817 2818/2818/2818 2827/2827/2827 
f 2823/2823/2823 2827/2827/2827 2828/2828/2828 
f 2829/2829/2829 2827/2827/2827 2818/2818/2818 
f 2825/2825/2825 2830/2830/2830 2826/2826/2826 
f 2830/2830/2830 2825/2825/2825 2824/2824/2824 
f 2826/2826/2826 2830/2830/2830 2831/2831/2831 
f 2824/2824/2824 2832/2832/2832 2830/2830/2830 
f 2827/2827/2827 2829/2829/2829 2833/2833/2833 
f 2833/2833/2833 2828/2828/2828 2827/2827/2827 
f 2834/2834/2834 2833/2833/2833 2829/2829/2829 
f 2828/2828/2828 2833/2833/2833 2835/2835/2835 
f 2833/2833/2833 2834/2834/2834 2836/2836/2836 
f 2836/2836/2836 2835/2835/2835 2833/2833/2833 
f 2835/2835/2835 2836/2836/2836 2837/2837/2837 
f 2838/2838/2838 2830/2830/2830 2832/2832/2832 
f 2838/2838/2838 2831/2831/2831 2830/2830/2830 
f 2832/2832/2832 2839/2839/2839 2838/2838/2838 
f 2831/2831/2831 2838/2838/2838 2840/2840/2840 
f 2841/2841/2841 2838/2838/2838 2839/2839/2839 
f 2841/2841/2841 2840/2840/2840 2838/2838/2838 
f 2842/2842/2842 2843/2843/2843 2844/2844/2844 
f 2845/2845/2845 2844/2844/2844 2843/2843/2843 
f 2843/2843/2843 2842/2842/2842 2846/2846/2846 
f 2844/2844/2844 2845/2845/2845 1499/1499/1499 
f 1499/1499/1499 2845/2845/2845 1504/1504/1504 
f 1494/1494/1494 2842/2842/2842 2844/2844/2844 
f 1499/1499/1499 1494/1494/1494 2844/2844/2844 
f 2847/2847/2847 2846/2846/2846 2842/2842/2842 
f 2846/2846/2846 2847/2847/2847 2848/2848/2848 
f 2847/2847/2847 2849/2849/2849 2848/2848/2848 
f 2850/2850/2850 2847/2847/2847 2842/2842/2842 
f 2842/2842/2842 1494/1494/1494 2850/2850/2850 
f 2849/2849/2849 2847/2847/2847 2851/2851/2851 
f 2851/2851/2851 2852/2852/2852 2849/2849/2849 
f 2852/2852/2852 2851/2851/2851 2853/2853/2853 
f 2854/2854/2854 2851/2851/2851 2847/2847/2847 
f 2847/2847/2847 2850/2850/2850 2854/2854/2854 
f 2855/2855/2855 2853/2853/2853 2851/2851/2851 
f 2851/2851/2851 2854/2854/2854 2855/2855/2855 
f 2853/2853/2853 2855/2855/2855 2856/2856/2856 
f 2855/2855/2855 2857/2857/2857 2856/2856/2856 
f 2857/2857/2857 2855/2855/2855 2858/2858/2858 
f 2854/2854/2854 2858/2858/2858 2855/2855/2855 
f 2858/2858/2858 2859/2859/2859 2857/2857/2857 
f 2860/2860/2860 2854/2854/2854 2850/2850/2850 
f 2858/2858/2858 2854/2854/2854 2861/2861/2861 
f 2854/2854/2854 2860/2860/2860 2861/2861/2861 
f 2850/2850/2850 1491/1491/1491 2860/2860/2860 
f 1491/1491/1491 2850/2850/2850 1494/1494/1494 
f 2862/2862/2862 2861/2861/2861 2860/2860/2860 
f 1491/1491/1491 2862/2862/2862 2860/2860/2860 
f 2863/2863/2863 2858/2858/2858 2861/2861/2861 
f 2861/2861/2861 2862/2862/2862 2863/2863/2863 
f 2859/2859/2859 2858/2858/2858 2864/2864/2864 
f 2858/2858/2858 2863/2863/2863 2864/2864/2864 
f 2865/2865/2865 2859/2859/2859 2864/2864/2864 
f 2859/2859/2859 2865/2865/2865 2866/2866/2866 
f 2867/2867/2867 2864/2864/2864 2863/2863/2863 
f 2864/2864/2864 2867/2867/2867 2865/2865/2865 
f 1488/1488/1488 2863/2863/2863 2862/2862/2862 
f 2863/2863/2863 1488/1488/1488 2867/2867/2867 
f 1489/1489/1489 1488/1488/1488 2862/2862/2862 
f 2862/2862/2862 1491/1491/1491 1489/1489/1489 
f 2868/2868/2868 2866/2866/2866 2865/2865/2865 
f 2866/2866/2866 2868/2868/2868 2869/2869/2869 
f 2870/2870/2870 2865/2865/2865 2867/2867/2867 
f 2865/2865/2865 2870/2870/2870 2868/2868/2868 
f 1461/1461/1461 2867/2867/2867 1488/1488/1488 
f 2867/2867/2867 1461/1461/1461 2870/2870/2870 
f 2871/2871/2871 2869/2869/2869 2868/2868/2868 
f 2869/2869/2869 2871/2871/2871 2872/2872/2872 
f 2871/2871/2871 2873/2873/2873 2872/2872/2872 
f 2874/2874/2874 2868/2868/2868 2870/2870/2870 
f 2868/2868/2868 2874/2874/2874 2871/2871/2871 
f 2870/2870/2870 1459/1459/1459 2874/2874/2874 
f 1459/1459/1459 2870/2870/2870 1461/1461/1461 
f 2875/2875/2875 2871/2871/2871 2874/2874/2874 
f 2873/2873/2873 2871/2871/2871 2876/2876/2876 
f 2871/2871/2871 2875/2875/2875 2876/2876/2876 
f 2876/2876/2876 2877/2877/2877 2873/2873/2873 
f 2877/2877/2877 2876/2876/2876 2878/2878/2878 
f 2875/2875/2875 2878/2878/2878 2876/2876/2876 
f 2878/2878/2878 2875/2875/2875 2879/2879/2879 
f 2875/2875/2875 2880/2880/2880 2879/2879/2879 
f 2874/2874/2874 2881/2881/2881 2875/2875/2875 
f 2880/2880/2880 2875/2875/2875 2881/2881/2881 
f 2881/2881/2881 2874/2874/2874 1459/1459/1459 
f 2881/2881/2881 1463/1463/1463 2880/2880/2880 
f 1459/1459/1459 1458/1458/1458 2881/2881/2881 
f 1463/1463/1463 2881/2881/2881 1458/1458/1458 
f 2882/2882/2882 2883/2883/2883 2884/2884/2884 
f 2883/2883/2883 2885/2885/2885 2884/2884/2884 
f 2886/2886/2886 2882/2882/2882 2884/2884/2884 
f 2885/2885/2885 2886/2886/2886 2884/2884/2884 
f 2882/2882/2882 2886/2886/2886 2887/2887/2887 
f 2885/2885/2885 2883/2883/2883 2888/2888/2888 
f 2889/2889/2889 2887/2887/2887 2886/2886/2886 
f 2888/2888/2888 2890/2890/2890 2885/2885/2885 
f 2890/2890/2890 2888/2888/2888 2891/2891/2891 
f 2887/2887/2887 2889/2889/2889 2892/2892/2892 
f 2893/2893/2893 2890/2890/2890 2891/2891/2891 
f 2886/2886/2886 2885/2885/2885 2894/2894/2894 
f 2894/2894/2894 2889/2889/2889 2886/2886/2886 
f 2895/2895/2895 2885/2885/2885 2890/2890/2890 
f 2885/2885/2885 2895/2895/2895 2894/2894/2894 
f 2890/2890/2890 2893/2893/2893 2896/2896/2896 
f 2897/2897/2897 2896/2896/2896 2893/2893/2893 
f 2890/2890/2890 2898/2898/2898 2895/2895/2895 
f 2898/2898/2898 2890/2890/2890 2896/2896/2896 
f 2899/2899/2899 2894/2894/2894 2895/2895/2895 
f 2900/2900/2900 2895/2895/2895 2898/2898/2898 
f 2895/2895/2895 2900/2900/2900 2899/2899/2899 
f 2898/2898/2898 2901/2901/2901 2900/2900/2900 
f 2902/2902/2902 2899/2899/2899 2900/2900/2900 
f 2901/2901/2901 2902/2902/2902 2900/2900/2900 
f 2894/2894/2894 2899/2899/2899 2903/2903/2903 
f 2889/2889/2889 2894/2894/2894 2903/2903/2903 
f 2904/2904/2904 2903/2903/2903 2899/2899/2899 
f 2899/2899/2899 2902/2902/2902 2904/2904/2904 
f 2905/2905/2905 2889/2889/2889 2903/2903/2903 
f 2903/2903/2903 2904/2904/2904 2905/2905/2905 
f 2889/2889/2889 2905/2905/2905 2906/2906/2906 
f 2906/2906/2906 2892/2892/2892 2889/2889/2889 
f 2892/2892/2892 2906/2906/2906 2907/2907/2907 
f 2908/2908/2908 2906/2906/2906 2905/2905/2905 
f 2904/2904/2904 2908/2908/2908 2905/2905/2905 
f 2909/2909/2909 2907/2907/2907 2906/2906/2906 
f 2906/2906/2906 2908/2908/2908 2909/2909/2909 
f 2907/2907/2907 2909/2909/2909 2910/2910/2910 
f 2909/2909/2909 2911/2911/2911 2910/2910/2910 
f 2908/2908/2908 2904/2904/2904 2912/2912/2912 
f 2902/2902/2902 2912/2912/2912 2904/2904/2904 
f 2913/2913/2913 2909/2909/2909 2908/2908/2908 
f 2912/2912/2912 2913/2913/2913 2908/2908/2908 
f 2911/2911/2911 2909/2909/2909 2914/2914/2914 
f 2909/2909/2909 2913/2913/2913 2914/2914/2914 
f 2914/2914/2914 2915/2915/2915 2911/2911/2911 
f 2915/2915/2915 2914/2914/2914 2916/2916/2916 
f 2916/2916/2916 2917/2917/2917 2915/2915/2915 
f 2917/2917/2917 2916/2916/2916 2918/2918/2918 
f 2914/2914/2914 2919/2919/2919 2916/2916/2916 
f 2919/2919/2919 2918/2918/2918 2916/2916/2916 
f 2919/2919/2919 2914/2914/2914 2913/2913/2913 
f 2918/2918/2918 2919/2919/2919 2920/2920/2920 
f 2913/2913/2913 2912/2912/2912 2921/2921/2921 
f 2921/2921/2921 2919/2919/2919 2913/2913/2913 
f 2922/2922/2922 2920/2920/2920 2919/2919/2919 
f 2919/2919/2919 2921/2921/2921 2922/2922/2922 
f 2920/2920/2920 2922/2922/2922 2923/2923/2923 
f 2924/2924/2924 2921/2921/2921 2912/2912/2912 
f 2912/2912/2912 2902/2902/2902 2924/2924/2924 
f 2925/2925/2925 2922/2922/2922 2921/2921/2921 
f 2921/2921/2921 2924/2924/2924 2925/2925/2925 
f 2926/2926/2926 2923/2923/2923 2922/2922/2922 
f 2922/2922/2922 2925/2925/2925 2926/2926/2926 
f 2923/2923/2923 2926/2926/2926 2927/2927/2927 
f 2928/2928/2928 2924/2924/2924 2902/2902/2902 
f 2929/2929/2929 2925/2925/2925 2924/2924/2924 
f 2924/2924/2924 2928/2928/2928 2929/2929/2929 
f 2902/2902/2902 2901/2901/2901 2928/2928/2928 
f 2925/2925/2925 2929/2929/2929 2930/2930/2930 
f 2930/2930/2930 2926/2926/2926 2925/2925/2925 
f 2931/2931/2931 2927/2927/2927 2926/2926/2926 
f 2926/2926/2926 2930/2930/2930 2931/2931/2931 
f 2927/2927/2927 2931/2931/2931 2932/2932/2932 
f 2933/2933/2933 2929/2929/2929 2928/2928/2928 
f 2934/2934/2934 2930/2930/2930 2929/2929/2929 
f 2929/2929/2929 2933/2933/2933 2934/2934/2934 
f 2935/2935/2935 2931/2931/2931 2930/2930/2930 
f 2930/2930/2930 2934/2934/2934 2935/2935/2935 
f 2936/2936/2936 2932/2932/2932 2931/2931/2931 
f 2931/2931/2931 2935/2935/2935 2936/2936/2936 
f 2932/2932/2932 2936/2936/2936 2937/2937/2937 
f 2936/2936/2936 2938/2938/2938 2937/2937/2937 
f 2938/2938/2938 2936/2936/2936 2939/2939/2939 
f 2935/2935/2935 2939/2939/2939 2936/2936/2936 
f 2939/2939/2939 2940/2940/2940 2938/2938/2938 
f 2934/2934/2934 2941/2941/2941 2935/2935/2935 
f 2939/2939/2939 2935/2935/2935 2941/2941/2941 
f 2940/2940/2940 2939/2939/2939 2942/2942/2942 
f 2941/2941/2941 2942/2942/2942 2939/2939/2939 
f 2943/2943/2943 2940/2940/2940 2942/2942/2942 
f 2942/2942/2942 2944/2944/2944 2943/2943/2943 
f 2944/2944/2944 2942/2942/2942 2945/2945/2945 
f 2942/2942/2942 2941/2941/2941 2945/2945/2945 
f 2944/2944/2944 2945/2945/2945 2946/2946/2946 
f 2945/2945/2945 2947/2947/2947 2946/2946/2946 
f 2941/2941/2941 2934/2934/2934 2948/2948/2948 
f 2948/2948/2948 2945/2945/2945 2941/2941/2941 
f 2933/2933/2933 2948/2948/2948 2934/2934/2934 
f 2947/2947/2947 2945/2945/2945 2949/2949/2949 
f 2945/2945/2945 2948/2948/2948 2949/2949/2949 
f 2949/2949/2949 2950/2950/2950 2947/2947/2947 
f 2948/2948/2948 2933/2933/2933 2951/2951/2951 
f 2951/2951/2951 2949/2949/2949 2948/2948/2948 
f 2950/2950/2950 2949/2949/2949 2952/2952/2952 
f 2949/2949/2949 2951/2951/2951 2952/2952/2952 
f 2952/2952/2952 2953/2953/2953 2950/2950/2950 
f 2951/2951/2951 2954/2954/2954 2952/2952/2952 
f 2953/2953/2953 2952/2952/2952 2954/2954/2954 
f 2933/2933/2933 2955/2955/2955 2951/2951/2951 
f 2954/2954/2954 2951/2951/2951 2955/2955/2955 
f 2956/2956/2956 2953/2953/2953 2954/2954/2954 
f 2955/2955/2955 2956/2956/2956 2954/2954/2954 
f 2956/2956/2956 2957/2957/2957 2953/2953/2953 
f 2956/2956/2956 2958/2958/2958 2957/2957/2957 
f 2955/2955/2955 2933/2933/2933 2959/2959/2959 
f 2928/2928/2928 2959/2959/2959 2933/2933/2933 
f 2959/2959/2959 2928/2928/2928 2901/2901/2901 
f 2959/2959/2959 2960/2960/2960 2955/2955/2955 
f 2956/2956/2956 2955/2955/2955 2960/2960/2960 
f 2901/2901/2901 2961/2961/2961 2959/2959/2959 
f 2960/2960/2960 2959/2959/2959 2961/2961/2961 
f 2960/2960/2960 2962/2962/2962 2956/2956/2956 
f 2958/2958/2958 2956/2956/2956 2962/2962/2962 
f 2963/2963/2963 2958/2958/2958 2962/2962/2962 
f 2963/2963/2963 2964/2964/2964 2958/2958/2958 
f 2962/2962/2962 2960/2960/2960 2965/2965/2965 
f 2965/2965/2965 2963/2963/2963 2962/2962/2962 
f 2961/2961/2961 2965/2965/2965 2960/2960/2960 
f 2963/2963/2963 2965/2965/2965 2966/2966/2966 
f 2967/2967/2967 2966/2966/2966 2965/2965/2965 
f 2965/2965/2965 2961/2961/2961 2967/2967/2967 
f 2966/2966/2966 2967/2967/2967 2968/2968/2968 
f 2967/2967/2967 2897/2897/2897 2968/2968/2968 
f 2897/2897/2897 2967/2967/2967 2969/2969/2969 
f 2961/2961/2961 2969/2969/2969 2967/2967/2967 
f 2896/2896/2896 2897/2897/2897 2969/2969/2969 
f 2969/2969/2969 2961/2961/2961 2970/2970/2970 
f 2970/2970/2970 2896/2896/2896 2969/2969/2969 
f 2961/2961/2961 2901/2901/2901 2970/2970/2970 
f 2896/2896/2896 2970/2970/2970 2898/2898/2898 
f 2901/2901/2901 2898/2898/2898 2970/2970/2970 
f 2971/2971/2971 2972/2972/2972 2973/2973/2973 
f 2974/2974/2974 2973/2973/2973 2972/2972/2972 
f 2971/2971/2971 2973/2973/2973 2975/2975/2975 
f 2973/2973/2973 2974/2974/2974 2976/2976/2976 
f 2975/2975/2975 2977/2977/2977 2971/2971/2971 
f 2978/2978/2978 2976/2976/2976 2974/2974/2974 
f 2977/2977/2977 2975/2975/2975 2979/2979/2979 
f 2974/2974/2974 2980/2980/2980 2978/2978/2978 
f 2981/2981/2981 2978/2978/2978 2980/2980/2980 
f 2978/2978/2978 2981/2981/2981 2982/2982/2982 
f 2979/2979/2979 2983/2983/2983 2977/2977/2977 
f 2984/2984/2984 2977/2977/2977 2983/2983/2983 
f 2983/2983/2983 2985/2985/2985 2984/2984/2984 
f 2984/2984/2984 2985/2985/2985 2986/2986/2986 
f 2985/2985/2985 2987/2987/2987 2986/2986/2986 
f 2987/2987/2987 2985/2985/2985 2988/2988/2988 
f 2989/2989/2989 2987/2987/2987 2988/2988/2988 
f 2990/2990/2990 2987/2987/2987 2989/2989/2989 
f 2989/2989/2989 2991/2991/2991 2990/2990/2990 
f 2991/2991/2991 2989/2989/2989 2992/2992/2992 
f 2993/2993/2993 2994/2994/2994 2995/2995/2995 
f 2993/2993/2993 2996/2996/2996 2994/2994/2994 
f 2996/2996/2996 2993/2993/2993 1326/1326/1326 
f 2995/2995/2995 1314/1314/1314 2993/2993/2993 
f 1314/1314/1314 2995/2995/2995 2997/2997/2997 
f 1318/1318/1318 1326/1326/1326 2993/2993/2993 
f 1315/1315/1315 2993/2993/2993 1314/1314/1314 
f 2993/2993/2993 1315/1315/1315 1318/1318/1318 
f 2997/2997/2997 2998/2998/2998 1314/1314/1314 
f 2998/2998/2998 2997/2997/2997 2999/2999/2999 
f 1326/1326/1326 1318/1318/1318 1321/1321/1321 
f 2999/2999/2999 3000/3000/3000 2998/2998/2998 
f 3000/3000/3000 2999/2999/2999 3001/3001/3001 
f 1313/1313/1313 1314/1314/1314 2998/2998/2998 
f 3001/3001/3001 3002/3002/3002 3000/3000/3000 
f 3002/3002/3002 3001/3001/3001 3003/3003/3003 
f 3003/3003/3003 3004/3004/3004 3002/3002/3002 
f 3005/3005/3005 3002/3002/3002 3004/3004/3004 
f 3002/3002/3002 3005/3005/3005 3006/3006/3006 
f 3006/3006/3006 3000/3000/3000 3002/3002/3002 
f 3007/3007/3007 3006/3006/3006 3005/3005/3005 
f 3008/3008/3008 2998/2998/2998 3000/3000/3000 
f 3000/3000/3000 3006/3006/3006 3008/3008/3008 
f 2998/2998/2998 3008/3008/3008 1313/1313/1313 
f 3006/3006/3006 3007/3007/3007 3009/3009/3009 
f 3009/3009/3009 3008/3008/3008 3006/3006/3006 
f 3010/3010/3010 3009/3009/3009 3007/3007/3007 
f 3011/3011/3011 1313/1313/1313 3008/3008/3008 
f 3008/3008/3008 3009/3009/3009 3011/3011/3011 
f 3009/3009/3009 3010/3010/3010 3012/3012/3012 
f 3012/3012/3012 3011/3011/3011 3009/3009/3009 
f 3013/3013/3013 3012/3012/3012 3010/3010/3010 
f 3013/3013/3013 3010/3010/3010 3014/3014/3014 
f 3015/3015/3015 3013/3013/3013 3014/3014/3014 
f 3013/3013/3013 3015/3015/3015 3016/3016/3016 
f 3017/3017/3017 3016/3016/3016 3015/3015/3015 
f 3018/3018/3018 3012/3012/3012 3013/3013/3013 
f 3016/3016/3016 3018/3018/3018 3013/3013/3013 
f 3011/3011/3011 3012/3012/3012 1308/1308/1308 
f 3018/3018/3018 1308/1308/1308 3012/3012/3012 
f 1308/1308/1308 1310/1310/1310 3011/3011/3011 
f 1313/1313/1313 3011/3011/3011 1310/1310/1310 
f 1277/1277/1277 1308/1308/1308 3018/3018/3018 
f 3016/3016/3016 3017/3017/3017 3019/3019/3019 
f 3020/3020/3020 3019/3019/3019 3017/3017/3017 
f 3018/3018/3018 3016/3016/3016 3021/3021/3021 
f 3021/3021/3021 1277/1277/1277 3018/3018/3018 
f 3022/3022/3022 3016/3016/3016 3019/3019/3019 
f 3016/3016/3016 3022/3022/3022 3021/3021/3021 
f 3019/3019/3019 3020/3020/3020 3023/3023/3023 
f 3023/3023/3023 3022/3022/3022 3019/3019/3019 
f 3024/3024/3024 3023/3023/3023 3020/3020/3020 
f 3023/3023/3023 3024/3024/3024 3025/3025/3025 
f 3025/3025/3025 3026/3026/3026 3023/3023/3023 
f 3022/3022/3022 3023/3023/3023 3026/3026/3026 
f 3026/3026/3026 3025/3025/3025 3027/3027/3027 
f 3028/3028/3028 3021/3021/3021 3022/3022/3022 
f 3026/3026/3026 3028/3028/3028 3022/3022/3022 
f 3021/3021/3021 3028/3028/3028 1278/1278/1278 
f 1277/1277/1277 3021/3021/3021 1278/1278/1278 
f 3027/3027/3027 3029/3029/3029 3026/3026/3026 
f 3028/3028/3028 3026/3026/3026 3029/3029/3029 
f 3029/3029/3029 3027/3027/3027 3030/3030/3030 
f 3030/3030/3030 1281/1281/1281 3029/3029/3029 
f 3029/3029/3029 1279/1279/1279 3028/3028/3028 
f 1279/1279/1279 1278/1278/1278 3028/3028/3028 
f 1279/1279/1279 3029/3029/3029 1281/1281/1281 
f 3031/3031/3031 3032/3032/3032 3033/3033/3033 
f 3033/3033/3033 3032/3032/3032 3034/3034/3034 
f 3035/3035/3035 3033/3033/3033 3034/3034/3034 
f 3036/3036/3036 3034/3034/3034 3032/3032/3032 
f 3037/3037/3037 3033/3033/3033 3035/3035/3035 
f 3037/3037/3037 3031/3031/3031 3033/3033/3033 
f 3038/3038/3038 3036/3036/3036 3032/3032/3032 
f 3031/3031/3031 3037/3037/3037 3039/3039/3039 
f 3039/3039/3039 3040/3040/3040 3031/3031/3031 
f 3038/3038/3038 3032/3032/3032 3041/3041/3041 
f 3032/3032/3032 3031/3031/3031 3041/3041/3041 
f 3038/3038/3038 3041/3041/3041 3042/3042/3042 
f 3042/3042/3042 3031/3031/3031 3040/3040/3040 
f 3031/3031/3031 3042/3042/3042 3041/3041/3041 
f 3043/3043/3043 3044/3044/3044 3045/3045/3045 
f 2519/2519/2519 3046/3046/3046 2522/2522/2522 
f 3046/3046/3046 2519/2519/2519 3047/3047/3047 
f 3048/3048/3048 3046/3046/3046 3047/3047/3047 
f 3047/3047/3047 3049/3049/3049 3048/3048/3048 
f 3050/3050/3050 2522/2522/2522 3046/3046/3046 
f 2522/2522/2522 3050/3050/3050 2524/2524/2524 
f 3051/3051/3051 3046/3046/3046 3048/3048/3048 
f 3046/3046/3046 3051/3051/3051 3050/3050/3050 
f 3048/3048/3048 3052/3052/3052 3051/3051/3051 
f 3053/3053/3053 3051/3051/3051 3052/3052/3052 
f 3053/3053/3053 3052/3052/3052 3054/3054/3054 
f 3055/3055/3055 3050/3050/3050 3051/3051/3051 
f 3051/3051/3051 3053/3053/3053 3055/3055/3055 
f 3056/3056/3056 2524/2524/2524 3050/3050/3050 
f 3050/3050/3050 3055/3055/3055 3056/3056/3056 
f 2524/2524/2524 3056/3056/3056 3057/3057/3057 
f 3057/3057/3057 2523/2523/2523 2524/2524/2524 
f 3058/3058/3058 3053/3053/3053 3054/3054/3054 
f 3058/3058/3058 3054/3054/3054 3059/3059/3059 
f 3060/3060/3060 3055/3055/3055 3053/3053/3053 
f 3053/3053/3053 3058/3058/3058 3060/3060/3060 
f 3061/3061/3061 3058/3058/3058 3059/3059/3059 
f 3061/3061/3061 3060/3060/3060 3058/3058/3058 
f 3061/3061/3061 3059/3059/3059 3062/3062/3062 
f 3055/3055/3055 3060/3060/3060 3063/3063/3063 
f 3063/3063/3063 3056/3056/3056 3055/3055/3055 
f 3060/3060/3060 3061/3061/3061 3064/3064/3064 
f 3065/3065/3065 3061/3061/3061 3062/3062/3062 
f 3065/3065/3065 3064/3064/3064 3061/3061/3061 
f 3065/3065/3065 3062/3062/3062 3066/3066/3066 
f 3060/3060/3060 3064/3064/3064 3067/3067/3067 
f 3060/3060/3060 3067/3067/3067 3063/3063/3063 
f 3068/3068/3068 3065/3065/3065 3066/3066/3066 
f 3068/3068/3068 3066/3066/3066 3069/3069/3069 
f 3065/3065/3065 3070/3070/3070 3064/3064/3064 
f 3065/3065/3065 3068/3068/3068 3070/3070/3070 
f 3071/3071/3071 3067/3067/3067 3064/3064/3064 
f 3070/3070/3070 3071/3071/3071 3064/3064/3064 
f 3072/3072/3072 3068/3068/3068 3069/3069/3069 
f 3070/3070/3070 3068/3068/3068 3072/3072/3072 
f 3072/3072/3072 3069/3069/3069 3073/3073/3073 
f 3074/3074/3074 3071/3071/3071 3070/3070/3070 
f 3074/3074/3074 3070/3070/3070 3072/3072/3072 
f 3067/3067/3067 3071/3071/3071 3075/3075/3075 
f 3063/3063/3063 3067/3067/3067 3075/3075/3075 
f 3076/3076/3076 3071/3071/3071 3074/3074/3074 
f 3071/3071/3071 3076/3076/3076 3075/3075/3075 
f 3077/3077/3077 3072/3072/3072 3073/3073/3073 
f 3077/3077/3077 3074/3074/3074 3072/3072/3072 
f 3077/3077/3077 3073/3073/3073 3078/3078/3078 
f 3063/3063/3063 3075/3075/3075 3079/3079/3079 
f 3056/3056/3056 3063/3063/3063 3079/3079/3079 
f 3079/3079/3079 3057/3057/3057 3056/3056/3056 
f 3080/3080/3080 3079/3079/3079 3075/3075/3075 
f 3076/3076/3076 3080/3080/3080 3075/3075/3075 
f 3057/3057/3057 3079/3079/3079 3081/3081/3081 
f 3079/3079/3079 3080/3080/3080 3081/3081/3081 
f 3057/3057/3057 3081/3081/3081 3082/3082/3082 
f 3082/3082/3082 2523/2523/2523 3057/3057/3057 
f 3080/3080/3080 3083/3083/3083 3081/3081/3081 
f 3083/3083/3083 3082/3082/3082 3081/3081/3081 
f 3080/3080/3080 3076/3076/3076 3084/3084/3084 
f 3085/3085/3085 3083/3083/3083 3080/3080/3080 
f 3080/3080/3080 3084/3084/3084 3085/3085/3085 
f 3076/3076/3076 3086/3086/3086 3084/3084/3084 
f 3087/3087/3087 3084/3084/3084 3086/3086/3086 
f 3084/3084/3084 3087/3087/3087 3085/3085/3085 
f 3076/3076/3076 3088/3088/3088 3086/3086/3086 
f 3088/3088/3088 3087/3087/3087 3086/3086/3086 
f 3088/3088/3088 3076/3076/3076 3074/3074/3074 
f 3074/3074/3074 3077/3077/3077 3088/3088/3088 
f 3089/3089/3089 3088/3088/3088 3077/3077/3077 
f 3088/3088/3088 3089/3089/3089 3087/3087/3087 
f 3078/3078/3078 3089/3089/3089 3077/3077/3077 
f 3089/3089/3089 3078/3078/3078 3090/3090/3090 
f 3091/3091/3091 3089/3089/3089 3090/3090/3090 
f 3092/3092/3092 3087/3087/3087 3089/3089/3089 
f 3089/3089/3089 3091/3091/3091 3092/3092/3092 
f 3093/3093/3093 3087/3087/3087 3092/3092/3092 
f 3093/3093/3093 3085/3085/3085 3087/3087/3087 
f 3091/3091/3091 3094/3094/3094 3092/3092/3092 
f 3094/3094/3094 3093/3093/3093 3092/3092/3092 
f 3094/3094/3094 3091/3091/3091 3095/3095/3095 
f 3095/3095/3095 3096/3096/3096 3094/3094/3094 
f 3096/3096/3096 3095/3095/3095 3097/3097/3097 
f 3093/3093/3093 3094/3094/3094 3098/3098/3098 
f 3096/3096/3096 3098/3098/3098 3094/3094/3094 
f 3085/3085/3085 3093/3093/3093 3099/3099/3099 
f 3098/3098/3098 3099/3099/3099 3093/3093/3093 
f 3085/3085/3085 3099/3099/3099 3100/3100/3100 
f 3085/3085/3085 3100/3100/3100 3083/3083/3083 
f 3099/3099/3099 3098/3098/3098 3101/3101/3101 
f 3101/3101/3101 3100/3100/3100 3099/3099/3099 
f 3098/3098/3098 3096/3096/3096 3102/3102/3102 
f 3102/3102/3102 3101/3101/3101 3098/3098/3098 
f 3100/3100/3100 3103/3103/3103 3083/3083/3083 
f 3083/3083/3083 3103/3103/3103 3082/3082/3082 
f 3100/3100/3100 3101/3101/3101 3104/3104/3104 
f 3103/3103/3103 3100/3100/3100 3104/3104/3104 
f 3101/3101/3101 3102/3102/3102 3105/3105/3105 
f 3105/3105/3105 3104/3104/3104 3101/3101/3101 
f 3096/3096/3096 3106/3106/3106 3102/3102/3102 
f 3106/3106/3106 3105/3105/3105 3102/3102/3102 
f 3106/3106/3106 3096/3096/3096 3107/3107/3107 
f 3107/3107/3107 3096/3096/3096 3097/3097/3097 
f 3097/3097/3097 3108/3108/3108 3107/3107/3107 
f 2677/2677/2677 3107/3107/3107 3108/3108/3108 
f 3107/3107/3107 2677/2677/2677 2662/2662/2662 
f 3107/3107/3107 2662/2662/2662 3106/3106/3106 
f 2677/2677/2677 2667/2667/2667 2662/2662/2662 
f 3106/3106/3106 2662/2662/2662 3109/3109/3109 
f 3109/3109/3109 3105/3105/3105 3106/3106/3106 
f 2530/2530/2530 3109/3109/3109 2662/2662/2662 
f 3109/3109/3109 2530/2530/2530 2525/2525/2525 
f 3105/3105/3105 3109/3109/3109 3110/3110/3110 
f 2525/2525/2525 3110/3110/3110 3109/3109/3109 
f 3104/3104/3104 3105/3105/3105 3110/3110/3110 
f 3110/3110/3110 2525/2525/2525 2529/2529/2529 
f 3111/3111/3111 3104/3104/3104 3110/3110/3110 
f 3111/3111/3111 3110/3110/3110 2529/2529/2529 
f 3104/3104/3104 3111/3111/3111 3103/3103/3103 
f 2534/2534/2534 3111/3111/3111 2529/2529/2529 
f 3112/3112/3112 3103/3103/3103 3111/3111/3111 
f 3111/3111/3111 2534/2534/2534 3112/3112/3112 
f 3103/3103/3103 3112/3112/3112 3082/3082/3082 
f 3112/3112/3112 3113/3113/3113 3082/3082/3082 
f 3112/3112/3112 2534/2534/2534 3113/3113/3113 
f 3082/3082/3082 3113/3113/3113 2523/2523/2523 
f 2534/2534/2534 3114/3114/3114 3113/3113/3113 
f 2534/2534/2534 2535/2535/2535 3114/3114/3114 
f 3113/3113/3113 3115/3115/3115 2523/2523/2523 
f 3115/3115/3115 3113/3113/3113 3114/3114/3114 
f 2523/2523/2523 3115/3115/3115 2520/2520/2520 
f 3116/3116/3116 3114/3114/3114 2535/2535/2535 
f 3114/3114/3114 3116/3116/3116 3115/3115/3115 
f 3116/3116/3116 2520/2520/2520 3115/3115/3115 
f 2535/2535/2535 2499/2499/2499 3116/3116/3116 
f 2520/2520/2520 3116/3116/3116 2505/2505/2505 
f 2499/2499/2499 2505/2505/2505 3116/3116/3116 
f 2655/2655/2655 3117/3117/3117 2654/2654/2654 
f 2657/2657/2657 2654/2654/2654 3117/3117/3117 
f 3117/3117/3117 2655/2655/2655 2720/2720/2720 
f 3118/3118/3118 2656/2656/2656 2657/2657/2657 
f 3117/3117/3117 3118/3118/3118 2657/2657/2657 
f 2656/2656/2656 3119/3119/3119 2653/2653/2653 
f 2656/2656/2656 3118/3118/3118 3120/3120/3120 
f 3120/3120/3120 3119/3119/3119 2656/2656/2656 
f 3118/3118/3118 3121/3121/3121 3120/3120/3120 
f 2512/2512/2512 2653/2653/2653 3119/3119/3119 
f 3118/3118/3118 3122/3122/3122 3121/3121/3121 
f 3118/3118/3118 3117/3117/3117 3122/3122/3122 
f 3122/3122/3122 3123/3123/3123 3121/3121/3121 
f 3119/3119/3119 2516/2516/2516 2512/2512/2512 
f 2653/2653/2653 2512/2512/2512 2511/2511/2511 
f 2720/2720/2720 3124/3124/3124 3117/3117/3117 
f 3122/3122/3122 3117/3117/3117 3124/3124/3124 
f 2720/2720/2720 2717/2717/2717 3124/3124/3124 
f 3123/3123/3123 3122/3122/3122 3125/3125/3125 
f 3124/3124/3124 3125/3125/3125 3122/3122/3122 
f 3126/3126/3126 3123/3123/3123 3125/3125/3125 
f 3123/3123/3123 3126/3126/3126 3127/3127/3127 
f 3125/3125/3125 3124/3124/3124 3128/3128/3128 
f 2717/2717/2717 3128/3128/3128 3124/3124/3124 
f 3129/3129/3129 3127/3127/3127 3126/3126/3126 
f 3127/3127/3127 3129/3129/3129 3130/3130/3130 
f 3125/3125/3125 3131/3131/3131 3126/3126/3126 
f 3131/3131/3131 3125/3125/3125 3128/3128/3128 
f 3126/3126/3126 3132/3132/3132 3129/3129/3129 
f 3132/3132/3132 3126/3126/3126 3131/3131/3131 
f 3129/3129/3129 3132/3132/3132 3133/3133/3133 
f 3128/3128/3128 2717/2717/2717 3134/3134/3134 
f 2715/2715/2715 3134/3134/3134 2717/2717/2717 
f 3128/3128/3128 3135/3135/3135 3131/3131/3131 
f 3135/3135/3135 3128/3128/3128 3134/3134/3134 
f 3131/3131/3131 3136/3136/3136 3132/3132/3132 
f 3136/3136/3136 3131/3131/3131 3135/3135/3135 
f 3137/3137/3137 3133/3133/3133 3132/3132/3132 
f 3132/3132/3132 3136/3136/3136 3137/3137/3137 
f 3137/3137/3137 3138/3138/3138 3133/3133/3133 
f 3134/3134/3134 2715/2715/2715 3139/3139/3139 
f 3139/3139/3139 2715/2715/2715 2713/2713/2713 
f 3134/3134/3134 3140/3140/3140 3135/3135/3135 
f 3140/3140/3140 3134/3134/3134 3139/3139/3139 
f 3139/3139/3139 2713/2713/2713 3141/3141/3141 
f 3141/3141/3141 3140/3140/3140 3139/3139/3139 
f 3137/3137/3137 3142/3142/3142 3138/3138/3138 
f 3142/3142/3142 3143/3143/3143 3138/3138/3138 
f 3142/3142/3142 3137/3137/3137 3144/3144/3144 
f 3136/3136/3136 3144/3144/3144 3137/3137/3137 
f 3142/3142/3142 3145/3145/3145 3143/3143/3143 
f 3144/3144/3144 3145/3145/3145 3142/3142/3142 
f 3146/3146/3146 3143/3143/3143 3145/3145/3145 
f 3144/3144/3144 3136/3136/3136 3147/3147/3147 
f 3135/3135/3135 3147/3147/3147 3136/3136/3136 
f 3147/3147/3147 3135/3135/3135 3140/3140/3140 
f 3148/3148/3148 3146/3146/3146 3145/3145/3145 
f 3148/3148/3148 3149/3149/3149 3146/3146/3146 
f 3145/3145/3145 3144/3144/3144 3150/3150/3150 
f 3148/3148/3148 3145/3145/3145 3150/3150/3150 
f 3151/3151/3151 3144/3144/3144 3147/3147/3147 
f 3150/3150/3150 3144/3144/3144 3151/3151/3151 
f 3147/3147/3147 3140/3140/3140 3152/3152/3152 
f 3147/3147/3147 3152/3152/3152 3151/3151/3151 
f 3140/3140/3140 3141/3141/3141 3152/3152/3152 
f 3153/3153/3153 3149/3149/3149 3148/3148/3148 
f 3149/3149/3149 3153/3153/3153 3154/3154/3154 
f 3148/3148/3148 3150/3150/3150 3155/3155/3155 
f 3148/3148/3148 3155/3155/3155 3153/3153/3153 
f 3156/3156/3156 3150/3150/3150 3151/3151/3151 
f 3151/3151/3151 3152/3152/3152 3156/3156/3156 
f 3155/3155/3155 3150/3150/3150 3156/3156/3156 
f 3157/3157/3157 3154/3154/3154 3153/3153/3153 
f 3155/3155/3155 3157/3157/3157 3153/3153/3153 
f 3154/3154/3154 3157/3157/3157 3158/3158/3158 
f 3156/3156/3156 3152/3152/3152 3159/3159/3159 
f 3141/3141/3141 3159/3159/3159 3152/3152/3152 
f 3156/3156/3156 3160/3160/3160 3155/3155/3155 
f 3160/3160/3160 3157/3157/3157 3155/3155/3155 
f 3156/3156/3156 3159/3159/3159 3160/3160/3160 
f 3161/3161/3161 3158/3158/3158 3157/3157/3157 
f 3160/3160/3160 3161/3161/3161 3157/3157/3157 
f 3158/3158/3158 3161/3161/3161 3162/3162/3162 
f 3159/3159/3159 3163/3163/3163 3160/3160/3160 
f 3161/3161/3161 3160/3160/3160 3163/3163/3163 
f 3164/3164/3164 3162/3162/3162 3161/3161/3161 
f 3163/3163/3163 3164/3164/3164 3161/3161/3161 
f 3164/3164/3164 3165/3165/3165 3162/3162/3162 
f 3164/3164/3164 3166/3166/3166 3165/3165/3165 
f 3163/3163/3163 3159/3159/3159 3167/3167/3167 
f 3164/3164/3164 3163/3163/3163 3168/3168/3168 
f 3163/3163/3163 3167/3167/3167 3168/3168/3168 
f 3159/3159/3159 3169/3169/3169 3167/3167/3167 
f 3169/3169/3169 3168/3168/3168 3167/3167/3167 
f 3159/3159/3159 3141/3141/3141 3169/3169/3169 
f 3141/3141/3141 2716/2716/2716 3169/3169/3169 
f 3168/3168/3168 3169/3169/3169 2716/2716/2716 
f 2716/2716/2716 3141/3141/3141 2713/2713/2713 
f 3170/3170/3170 3164/3164/3164 3168/3168/3168 
f 3166/3166/3166 3164/3164/3164 3170/3170/3170 
f 2716/2716/2716 3171/3171/3171 3168/3168/3168 
f 3168/3168/3168 3171/3171/3171 3170/3170/3170 
f 3172/3172/3172 3166/3166/3166 3170/3170/3170 
f 3171/3171/3171 3172/3172/3172 3170/3170/3170 
f 3166/3166/3166 3172/3172/3172 3173/3173/3173 
f 3171/3171/3171 2716/2716/2716 3174/3174/3174 
f 2716/2716/2716 2712/2712/2712 3174/3174/3174 
f 2712/2712/2712 2785/2785/2785 3174/3174/3174 
f 3174/3174/3174 3175/3175/3175 3171/3171/3171 
f 3172/3172/3172 3171/3171/3171 3175/3175/3175 
f 3175/3175/3175 3174/3174/3174 2785/2785/2785 
f 3176/3176/3176 3173/3173/3173 3172/3172/3172 
f 3176/3176/3176 3172/3172/3172 3175/3175/3175 
f 3176/3176/3176 3177/3177/3177 3173/3173/3173 
f 2785/2785/2785 3178/3178/3178 3175/3175/3175 
f 3178/3178/3178 3176/3176/3176 3175/3175/3175 
f 3178/3178/3178 2785/2785/2785 2781/2781/2781 
f 3179/3179/3179 3178/3178/3178 2781/2781/2781 
f 3179/3179/3179 3176/3176/3176 3178/3178/3178 
f 2781/2781/2781 2778/2778/2778 3179/3179/3179 
f 3179/3179/3179 2778/2778/2778 2592/2592/2592 
f 3176/3176/3176 3179/3179/3179 3180/3180/3180 
f 3180/3180/3180 3177/3177/3177 3176/3176/3176 
f 3179/3179/3179 2592/2592/2592 3180/3180/3180 
f 3181/3181/3181 3177/3177/3177 3180/3180/3180 
f 2597/2597/2597 3180/3180/3180 2592/2592/2592 
f 2597/2597/2597 3181/3181/3181 3180/3180/3180 
f 2839/2839/2839 3182/3182/3182 2841/2841/2841 
f 2840/2840/2840 2841/2841/2841 3183/3183/3183 
f 3184/3184/3184 2841/2841/2841 3182/3182/3182 
f 3184/3184/3184 3183/3183/3183 2841/2841/2841 
f 3182/3182/3182 3185/3185/3185 3184/3184/3184 
f 3183/3183/3183 3184/3184/3184 3186/3186/3186 
f 3187/3187/3187 3184/3184/3184 3185/3185/3185 
f 3188/3188/3188 3186/3186/3186 3184/3184/3184 
f 3184/3184/3184 3187/3187/3187 3188/3188/3188 
f 3186/3186/3186 3188/3188/3188 3189/3189/3189 
f 3190/3190/3190 3188/3188/3188 3187/3187/3187 
f 3190/3190/3190 3189/3189/3189 3188/3188/3188 
f 3187/3187/3187 3191/3191/3191 3190/3190/3190 
f 3189/3189/3189 3190/3190/3190 3192/3192/3192 
f 3193/3193/3193 3190/3190/3190 3191/3191/3191 
f 3193/3193/3193 3192/3192/3192 3190/3190/3190 
f 3191/3191/3191 3194/3194/3194 3193/3193/3193 
f 3192/3192/3192 3193/3193/3193 3195/3195/3195 
f 3196/3196/3196 3193/3193/3193 3194/3194/3194 
f 3196/3196/3196 3195/3195/3195 3193/3193/3193 
f 3194/3194/3194 3197/3197/3197 3196/3196/3196 
f 3195/3195/3195 3196/3196/3196 3198/3198/3198 
f 3199/3199/3199 3196/3196/3196 3197/3197/3197 
f 3200/3200/3200 3198/3198/3198 3196/3196/3196 
f 3196/3196/3196 3199/3199/3199 3200/3200/3200 
f 3198/3198/3198 3200/3200/3200 3201/3201/3201 
f 3202/3202/3202 3200/3200/3200 3199/3199/3199 
f 3200/3200/3200 3203/3203/3203 3201/3201/3201 
f 3200/3200/3200 3202/3202/3202 3203/3203/3203 
f 3204/3204/3204 3201/3201/3201 3203/3203/3203 
f 3205/3205/3205 3203/3203/3203 3202/3202/3202 
f 3203/3203/3203 3205/3205/3205 3204/3204/3204 
f 3206/3206/3206 3204/3204/3204 3205/3205/3205 
f 3202/3202/3202 3207/3207/3207 3205/3205/3205 
f 3205/3205/3205 3208/3208/3208 3206/3206/3206 
f 3207/3207/3207 3209/3209/3209 3205/3205/3205 
f 3208/3208/3208 3205/3205/3205 3209/3209/3209 
f 3209/3209/3209 3207/3207/3207 3210/3210/3210 
f 3211/3211/3211 3209/3209/3209 3210/3210/3210 
f 3209/3209/3209 3211/3211/3211 3212/3212/3212 
f 3209/3209/3209 3212/3212/3212 3208/3208/3208 
f 3212/3212/3212 3213/3213/3213 3208/3208/3208 
f 3212/3212/3212 3214/3214/3214 3213/3213/3213 
f 2813/2813/2813 2811/2811/2811 3215/3215/3215 
f 2812/2812/2812 2813/2813/2813 3216/3216/3216 
f 3215/3215/3215 3217/3217/3217 2813/2813/2813 
f 3217/3217/3217 3216/3216/3216 2813/2813/2813 
f 3216/3216/3216 3217/3217/3217 3218/3218/3218 
f 3217/3217/3217 3215/3215/3215 3219/3219/3219 
f 3217/3217/3217 3220/3220/3220 3218/3218/3218 
f 3219/3219/3219 3221/3221/3221 3217/3217/3217 
f 3220/3220/3220 3217/3217/3217 3221/3221/3221 
f 3221/3221/3221 3219/3219/3219 3222/3222/3222 
f 3221/3221/3221 3223/3223/3223 3220/3220/3220 
f 3222/3222/3222 3223/3223/3223 3221/3221/3221 
f 3220/3220/3220 3223/3223/3223 3224/3224/3224 
f 3223/3223/3223 3222/3222/3222 3225/3225/3225 
f 3223/3223/3223 3226/3226/3226 3224/3224/3224 
f 3225/3225/3225 3226/3226/3226 3223/3223/3223 
f 3224/3224/3224 3226/3226/3226 3227/3227/3227 
f 3226/3226/3226 3225/3225/3225 3228/3228/3228 
f 3226/3226/3226 3229/3229/3229 3227/3227/3227 
f 3228/3228/3228 3229/3229/3229 3226/3226/3226 
f 3227/3227/3227 3229/3229/3229 3230/3230/3230 
f 3229/3229/3229 3228/3228/3228 3231/3231/3231 
f 3229/3229/3229 3232/3232/3232 3230/3230/3230 
f 3231/3231/3231 3233/3233/3233 3229/3229/3229 
f 3232/3232/3232 3229/3229/3229 3233/3233/3233 
f 3233/3233/3233 3231/3231/3231 3234/3234/3234 
f 3233/3233/3233 3235/3235/3235 3232/3232/3232 
f 3234/3234/3234 3236/3236/3236 3233/3233/3233 
f 3235/3235/3235 3233/3233/3233 3236/3236/3236 
f 3234/3234/3234 3237/3237/3237 3236/3236/3236 
f 3238/3238/3238 3235/3235/3235 3236/3236/3236 
f 3237/3237/3237 3238/3238/3238 3236/3236/3236 
f 3237/3237/3237 3239/3239/3239 3238/3238/3238 
f 3235/3235/3235 3238/3238/3238 3240/3240/3240 
f 3241/3241/3241 3238/3238/3238 3239/3239/3239 
f 3238/3238/3238 3242/3242/3242 3240/3240/3240 
f 3238/3238/3238 3241/3241/3241 3242/3242/3242 
f 3243/3243/3243 3240/3240/3240 3242/3242/3242 
f 3242/3242/3242 3244/3244/3244 3243/3243/3243 
f 3244/3244/3244 3242/3242/3242 3245/3245/3245 
f 3242/3242/3242 3241/3241/3241 3245/3245/3245 
f 3245/3245/3245 3241/3241/3241 3246/3246/3246 
f 3245/3245/3245 3246/3246/3246 3247/3247/3247 
f 3248/3248/3248 3249/3249/3249 3250/3250/3250 
f 3249/3249/3249 3251/3251/3251 3250/3250/3250 
f 3249/3249/3249 3252/3252/3252 3251/3251/3251 
f 3248/3248/3248 3250/3250/3250 3253/3253/3253 
f 3252/3252/3252 3249/3249/3249 3254/3254/3254 
f 3248/3248/3248 3254/3254/3254 3249/3249/3249 
f 3254/3254/3254 3255/3255/3255 3252/3252/3252 
f 3254/3254/3254 3248/3248/3248 3256/3256/3256 
f 3257/3257/3257 3248/3248/3248 3253/3253/3253 
f 3257/3257/3257 3256/3256/3256 3248/3248/3248 
f 3253/3253/3253 2014/2014/2014 3257/3257/3257 
f 3256/3256/3256 3257/3257/3257 2021/2021/2021 
f 2014/2014/2014 2013/2013/2013 3257/3257/3257 
f 2013/2013/2013 2021/2021/2021 3257/3257/3257 
f 3258/3258/3258 3259/3259/3259 3260/3260/3260 
f 3259/3259/3259 3261/3261/3261 3260/3260/3260 
f 3262/3262/3262 3260/3260/3260 3261/3261/3261 
f 3263/3263/3263 3259/3259/3259 3258/3258/3258 
f 3260/3260/3260 3262/3262/3262 3264/3264/3264 
f 3264/3264/3264 3258/3258/3258 3260/3260/3260 
f 3265/3265/3265 3264/3264/3264 3262/3262/3262 
f 3258/3258/3258 3264/3264/3264 3266/3266/3266 
f 3267/3267/3267 3263/3263/3263 3258/3258/3258 
f 3266/3266/3266 3267/3267/3267 3258/3258/3258 
f 2055/2055/2055 3263/3263/3263 3267/3267/3267 
f 3267/3267/3267 3266/3266/3266 2062/2062/2062 
f 2054/2054/2054 2055/2055/2055 3267/3267/3267 
f 2062/2062/2062 2054/2054/2054 3267/3267/3267 

g Handle3

v -287.028 4.99452 81.0417 
v -286.89 5.114 81.1089 
v -287.045 5.114 81.1087 
v -286.89 4.99452 81.0417 
v -286.752 4.99452 81.0417 
v -286.735 5.114 81.1087 
v -287.22 5.114 81.1356 
v -287.274 5.114 81.0476 
v -287.167 4.84676 81.012 
v -287.167 4.84676 81.012 
v -287.321 5.114 80.9745 
v -286.559 5.114 81.1356 
v -286.613 4.84676 81.012 
v -286.506 5.114 81.0476 
v -286.613 4.84676 81.012 
v -286.459 5.114 80.9745 
v -287.511 5.114 80.7356 
v -287.277 4.99452 80.9218 
v -287.321 5.114 80.9745 
v -287.449 4.99452 80.7057 
v -286.269 5.114 80.7356 
v -286.503 4.99452 80.9218 
v -286.331 4.99452 80.7057 
v -286.459 5.114 80.9745 
v -287.045 5.114 81.1087 
v -287.122 5.114 81.1202 
v -287.167 4.84676 81.012 
v -287.22 5.114 81.1356 
v -286.735 5.114 81.1087 
v -286.613 4.84676 81.012 
v -286.658 5.114 81.1202 
v -286.559 5.114 81.1356 
v -287.608 5.114 80.5201 
v -287.58 5.114 80.4364 
v -287.513 4.84676 80.5785 
v -287.513 4.84676 80.5785 
v -287.642 5.114 80.6172 
v -286.172 5.114 80.5201 
v -286.267 4.84676 80.5785 
v -286.2 5.114 80.4364 
v -286.138 5.114 80.6172 
v -286.267 4.84676 80.5785 
v -287.642 5.114 80.6172 
v -287.513 4.84676 80.5785 
v -287.568 5.114 80.6841 
v -287.511 5.114 80.7356 
v -287.32 5.114 79.897 
v -287.389 4.84676 80.038 
v -287.403 5.114 79.9275 
v -286.138 5.114 80.6172 
v -286.212 5.114 80.6841 
v -286.267 4.84676 80.5785 
v -286.269 5.114 80.7356 
v -286.46 5.114 79.897 
v -286.377 5.114 79.9275 
v -286.39 4.84676 80.038 
v -287.58 5.114 80.4364 
v -287.511 5.114 80.1371 
v -287.449 4.99452 80.167 
v -287.511 4.99452 80.4364 
v -286.268 5.114 80.1371 
v -286.2 5.114 80.4364 
v -286.331 4.99452 80.167 
v -286.269 4.99452 80.4364 
v -287.507 5.114 80.0602 
v -287.5 5.114 79.9605 
v -287.389 4.84676 80.038 
v -287.511 5.114 80.1371 
v -287.389 4.84676 80.038 
v -287.389 4.84676 80.038 
v -287.5 5.114 79.9605 
v -287.403 5.114 79.9275 
v -286.273 5.114 80.0602 
v -286.39 4.84676 80.038 
v -286.28 5.114 79.9605 
v -286.268 5.114 80.1371 
v -286.39 4.84676 80.038 
v -286.39 4.84676 80.038 
v -286.377 5.114 79.9275 
v -286.28 5.114 79.9605 
v -287.034 5.114 79.7056 
v -287.277 4.99452 79.951 
v -287.32 5.114 79.897 
v -287.064 4.99452 79.8311 
v -286.746 5.114 79.7056 
v -286.503 4.99452 79.951 
v -286.716 4.99452 79.8311 
v -286.46 5.114 79.897 
v -287.22 5.114 81.1356 
v -287.204 5.28437 81.0948 
v -287.274 5.114 81.0476 
v -286.559 5.114 81.1356 
v -286.506 5.114 81.0476 
v -286.576 5.28437 81.0948 
v -287.642 5.114 80.6172 
v -287.6 5.28437 80.6043 
v -287.608 5.114 80.5201 
v -286.138 5.114 80.6172 
v -286.172 5.114 80.5201 
v -286.18 5.28437 80.6043 
v -286.89 5.114 79.5562 
v -287.034 5.114 79.7056 
v -286.89 5.35186 79.5617 
v -286.89 5.114 79.5562 
v -286.89 5.35186 79.5617 
v -286.746 5.114 79.7056 
v -287.064 4.99452 79.8311 
v -287.034 5.114 79.7056 
v -286.89 4.84676 79.8142 
v -286.716 4.99452 79.8311 
v -286.89 4.84676 79.8142 
v -286.746 5.114 79.7056 
v -287.5 5.114 79.9605 
v -287.455 5.32502 79.9948 
v -287.403 5.114 79.9275 
v -286.28 5.114 79.9605 
v -286.377 5.114 79.9275 
v -286.325 5.32502 79.9948 
v -287.22 5.114 81.1356 
v -287.122 5.114 81.1202 
v -287.204 5.28437 81.0948 
v -287.045 5.114 81.1087 
v -287.029 5.23349 81.0416 
v -286.559 5.114 81.1356 
v -286.576 5.28437 81.0948 
v -286.658 5.114 81.1202 
v -286.735 5.114 81.1087 
v -286.751 5.23349 81.0416 
v -287.028 4.99452 81.0417 
v -287.045 5.114 81.1087 
v -287.167 4.84676 81.012 
v -286.752 4.99452 81.0417 
v -286.613 4.84676 81.012 
v -286.735 5.114 81.1087 
v -287.449 4.99452 80.7057 
v -287.511 5.114 80.7356 
v -287.513 4.84676 80.5785 
v -287.642 5.114 80.6172 
v -287.568 5.114 80.6841 
v -287.6 5.28437 80.6043 
v -287.511 5.114 80.7356 
v -287.449 5.23349 80.7062 
v -286.331 4.99452 80.7057 
v -286.267 4.84676 80.5785 
v -286.269 5.114 80.7356 
v -286.138 5.114 80.6172 
v -286.18 5.28437 80.6043 
v -286.212 5.114 80.6841 
v -286.269 5.114 80.7356 
v -286.331 5.23349 80.7062 
v -287.5 5.114 79.9605 
v -287.507 5.114 80.0602 
v -287.455 5.32502 79.9948 
v -287.511 5.114 80.1371 
v -287.451 5.23349 80.1682 
v -286.28 5.114 79.9605 
v -286.325 5.32502 79.9948 
v -286.273 5.114 80.0602 
v -286.268 5.114 80.1371 
v -286.329 5.23349 80.1682 
v -287.321 5.114 80.9745 
v -287.277 4.99452 80.9218 
v -287.167 4.84676 81.012 
v -286.459 5.114 80.9745 
v -286.613 4.84676 81.012 
v -286.503 4.99452 80.9218 
v -287.449 4.99452 80.167 
v -287.511 5.114 80.1371 
v -287.389 4.84676 80.038 
v -286.331 4.99452 80.167 
v -286.39 4.84676 80.038 
v -286.268 5.114 80.1371 
v -287.58 5.114 80.4364 
v -287.511 4.99452 80.4364 
v -287.513 4.84676 80.5785 
v -286.2 5.114 80.4364 
v -286.267 4.84676 80.5785 
v -286.269 4.99452 80.4364 
v -287.32 5.114 79.897 
v -287.277 4.99452 79.951 
v -287.389 4.84676 80.038 
v -286.46 5.114 79.897 
v -286.39 4.84676 80.038 
v -286.503 4.99452 79.951 
v -286.89 5.114 79.5562 
v -286.89 4.84676 79.8142 
v -287.034 5.114 79.7056 
v -286.89 5.114 79.5562 
v -286.746 5.114 79.7056 
v -286.89 4.84676 79.8142 
v -286.89 5.114 81.1089 
v -287.029 5.23349 81.0416 
v -287.045 5.114 81.1087 
v -286.89 5.23349 81.0417 
v -286.751 5.23349 81.0416 
v -286.735 5.114 81.1087 
v -287.449 5.23349 80.7062 
v -287.511 5.114 80.7356 
v -287.278 5.23349 80.9208 
v -287.321 5.114 80.9745 
v -286.331 5.23349 80.7062 
v -286.502 5.23349 80.9208 
v -286.269 5.114 80.7356 
v -286.459 5.114 80.9745 
v -287.034 5.114 79.7056 
v -287.32 5.114 79.897 
v -287.277 5.23349 79.949 
v -287.076 5.25968 79.8302 
v -286.746 5.114 79.7056 
v -286.503 5.23349 79.949 
v -286.46 5.114 79.897 
v -286.704 5.25968 79.8302 
v -287.451 5.23349 80.1682 
v -287.58 5.114 80.4364 
v -287.512 5.23349 80.4359 
v -287.511 5.114 80.1371 
v -286.329 5.23349 80.1682 
v -286.2 5.114 80.4364 
v -286.268 5.114 80.1371 
v -286.268 5.23349 80.4359 
v -287.274 5.114 81.0476 
v -287.278 5.23349 80.9208 
v -287.321 5.114 80.9745 
v -286.506 5.114 81.0476 
v -286.459 5.114 80.9745 
v -286.502 5.23349 80.9208 
v -287.398 5.59447 80.0365 
v -287.368 5.79152 80.0598 
v -287.343 5.60619 80.0292 
v -287.324 5.46764 80.0016 
v -287.419 5.47878 80.0208 
v -287.455 5.32502 79.9948 
v -287.277 5.23349 79.949 
v -286.382 5.59447 80.0365 
v -286.437 5.60619 80.0292 
v -286.412 5.79152 80.0598 
v -286.456 5.46764 80.0016 
v -286.361 5.47878 80.0208 
v -286.325 5.32502 79.9948 
v -286.503 5.23349 79.949 
v -287.398 5.59447 80.0365 
v -287.391 5.60619 80.0903 
v -287.368 5.79152 80.0598 
v -287.412 5.46764 80.1141 
v -287.419 5.47878 80.0208 
v -287.455 5.32502 79.9948 
v -287.451 5.23349 80.1682 
v -286.382 5.59447 80.0365 
v -286.412 5.79152 80.0598 
v -286.389 5.60619 80.0903 
v -286.368 5.46764 80.1141 
v -286.361 5.47878 80.0208 
v -286.325 5.32502 79.9948 
v -286.329 5.23349 80.1682 
v -287.608 5.114 80.5201 
v -287.512 5.23349 80.4359 
v -287.58 5.114 80.4364 
v -286.172 5.114 80.5201 
v -286.2 5.114 80.4364 
v -286.268 5.23349 80.4359 
v -287.403 5.114 79.9275 
v -287.277 5.23349 79.949 
v -287.32 5.114 79.897 
v -286.377 5.114 79.9275 
v -286.46 5.114 79.897 
v -286.503 5.23349 79.949 
v -287.204 5.28437 81.0948 
v -287.278 5.23349 80.9208 
v -287.274 5.114 81.0476 
v -286.576 5.28437 81.0948 
v -286.506 5.114 81.0476 
v -286.502 5.23349 80.9208 
v -287.6 5.28437 80.6043 
v -287.512 5.23349 80.4359 
v -287.608 5.114 80.5201 
v -286.18 5.28437 80.6043 
v -286.172 5.114 80.5201 
v -286.268 5.23349 80.4359 
v -287.204 5.28437 81.0948 
v -287.122 5.114 81.1202 
v -287.029 5.23349 81.0416 
v -286.576 5.28437 81.0948 
v -286.751 5.23349 81.0416 
v -286.658 5.114 81.1202 
v -287.455 5.32502 79.9948 
v -287.277 5.23349 79.949 
v -287.403 5.114 79.9275 
v -286.325 5.32502 79.9948 
v -286.377 5.114 79.9275 
v -286.503 5.23349 79.949 
v -287.6 5.28437 80.6043 
v -287.568 5.114 80.6841 
v -287.449 5.23349 80.7062 
v -286.18 5.28437 80.6043 
v -286.331 5.23349 80.7062 
v -286.212 5.114 80.6841 
v -287.455 5.32502 79.9948 
v -287.507 5.114 80.0602 
v -287.451 5.23349 80.1682 
v -286.325 5.32502 79.9948 
v -286.329 5.23349 80.1682 
v -286.273 5.114 80.0602 
v -287.278 5.23349 80.9208 
v -287.204 5.28437 81.0948 
v -287.234 5.32962 80.9392 
v -287.19 5.36315 81.0669 
v -286.546 5.32962 80.9392 
v -286.576 5.28437 81.0948 
v -286.502 5.23349 80.9208 
v -286.59 5.36315 81.0669 
v -286.89 5.81244 79.6628 
v -286.927 5.81024 79.7243 
v -286.89 6.00091 79.7492 
v -286.961 5.65125 79.7236 
v -286.89 5.62958 79.6025 
v -287.015 5.43332 79.7549 
v -286.89 5.62958 79.6025 
v -286.89 5.35186 79.5617 
v -287.076 5.25968 79.8302 
v -286.89 5.81244 79.6628 
v -286.89 6.00091 79.7492 
v -286.853 5.81024 79.7243 
v -286.818 5.65125 79.7236 
v -286.89 5.62958 79.6025 
v -286.765 5.43332 79.7549 
v -286.89 5.35186 79.5617 
v -286.89 5.62958 79.6025 
v -286.704 5.25968 79.8302 
v -287.512 5.23349 80.4359 
v -287.6 5.28437 80.6043 
v -287.498 5.32962 80.483 
v -287.57 5.36315 80.5973 
v -286.282 5.32962 80.483 
v -286.18 5.28437 80.6043 
v -286.268 5.23349 80.4359 
v -286.21 5.36315 80.5973 
v -287.204 5.28437 81.0948 
v -287.029 5.23349 81.0416 
v -287.07 5.32962 81.0175 
v -287.19 5.36315 81.0669 
v -286.59 5.36315 81.0669 
v -286.71 5.32962 81.0175 
v -286.576 5.28437 81.0948 
v -286.751 5.23349 81.0416 
v -287.6 5.28437 80.6043 
v -287.449 5.23349 80.7062 
v -287.456 5.32962 80.6598 
v -287.57 5.36315 80.5973 
v -286.21 5.36315 80.5973 
v -286.324 5.32962 80.6598 
v -286.18 5.28437 80.6043 
v -286.331 5.23349 80.7062 
v -286.89 5.35186 79.5617 
v -287.034 5.114 79.7056 
v -287.076 5.25968 79.8302 
v -286.89 5.35186 79.5617 
v -286.704 5.25968 79.8302 
v -286.746 5.114 79.7056 
v -287.175 5.4644 81.0349 
v -287.152 5.6306 80.985 
v -287.194 5.44418 80.9609 
v -287.19 5.36315 81.0669 
v -287.194 5.44418 80.9609 
v -287.234 5.32962 80.9392 
v -286.605 5.4644 81.0349 
v -286.586 5.44418 80.9609 
v -286.627 5.6306 80.985 
v -286.59 5.36315 81.0669 
v -286.586 5.44418 80.9609 
v -286.546 5.32962 80.9392 
v -287.536 5.4644 80.5889 
v -287.483 5.6306 80.5751 
v -287.49 5.44418 80.528 
v -287.57 5.36315 80.5973 
v -287.49 5.44418 80.528 
v -287.498 5.32962 80.483 
v -286.244 5.4644 80.5889 
v -286.29 5.44418 80.528 
v -286.297 5.6306 80.5751 
v -286.21 5.36315 80.5973 
v -286.29 5.44418 80.528 
v -286.282 5.32962 80.483 
v -287.175 5.4644 81.0349 
v -287.11 5.44418 81.0009 
v -287.152 5.6306 80.985 
v -287.19 5.36315 81.0669 
v -287.11 5.44418 81.0009 
v -287.07 5.32962 81.0175 
v -286.605 5.4644 81.0349 
v -286.627 5.6306 80.985 
v -286.67 5.44418 81.0009 
v -286.59 5.36315 81.0669 
v -286.67 5.44418 81.0009 
v -286.71 5.32962 81.0175 
v -287.536 5.4644 80.5889 
v -287.468 5.44418 80.6184 
v -287.483 5.6306 80.5751 
v -287.57 5.36315 80.5973 
v -287.468 5.44418 80.6184 
v -287.456 5.32962 80.6598 
v -286.244 5.4644 80.5889 
v -286.297 5.6306 80.5751 
v -286.312 5.44418 80.6184 
v -286.21 5.36315 80.5973 
v -286.312 5.44418 80.6184 
v -286.324 5.32962 80.6598 
v -287.449 4.99452 80.7057 
v -287.511 4.99452 80.4364 
v -287.373 4.99452 80.4364 
v -287.449 4.99452 80.167 
v -287.325 4.99452 80.6459 
v -287.325 4.99452 80.2269 
v -287.191 4.99452 80.8139 
v -287.191 4.99452 80.0588 
v -287.277 4.99452 80.9218 
v -287.277 4.99452 79.951 
v -286.997 4.99452 80.9072 
v -287.064 4.99452 79.8311 
v -287.028 4.99452 81.0417 
v -286.997 4.99452 79.9656 
v -286.89 4.99452 81.0417 
v -286.89 4.99452 79.8311 
v -286.89 4.99452 80.9072 
v -286.89 4.99452 79.9656 
v -286.783 4.99452 80.9072 
v -286.783 4.99452 79.9656 
v -286.752 4.99452 81.0417 
v -286.716 4.99452 79.8311 
v -286.503 4.99452 80.9218 
v -286.589 4.99452 80.0588 
v -286.589 4.99452 80.8139 
v -286.503 4.99452 79.951 
v -286.331 4.99452 80.7057 
v -286.331 4.99452 80.167 
v -286.455 4.99452 80.6459 
v -286.455 4.99452 80.2269 
v -286.407 4.99452 80.4364 
v -286.269 4.99452 80.4364 
v -287.449 5.23349 80.7062 
v -287.373 5.23349 80.4364 
v -287.512 5.23349 80.4359 
v -287.451 5.23349 80.1682 
v -287.325 5.23349 80.6459 
v -287.278 5.23349 80.9208 
v -287.191 5.23349 80.8139 
v -287.325 5.23349 80.2269 
v -287.277 5.23349 79.949 
v -287.191 5.23349 80.0588 
v -287.029 5.23349 81.0416 
v -287.191 5.23349 80.8139 
v -287.278 5.23349 80.9208 
v -286.997 5.23349 80.9072 
v -286.89 5.23349 80.9072 
v -286.997 5.23349 80.9072 
v -286.89 5.23349 81.0417 
v -287.029 5.23349 81.0416 
v -286.783 5.23349 80.9072 
v -286.751 5.23349 81.0416 
v -286.407 5.23349 80.4364 
v -286.331 5.23349 80.7062 
v -286.268 5.23349 80.4359 
v -286.329 5.23349 80.1682 
v -286.455 5.23349 80.6459 
v -286.502 5.23349 80.9208 
v -286.589 5.23349 80.8139 
v -286.455 5.23349 80.2269 
v -286.503 5.23349 79.949 
v -286.589 5.23349 80.0588 
v -286.751 5.23349 81.0416 
v -286.589 5.23349 80.8139 
v -286.783 5.23349 80.9072 
v -286.502 5.23349 80.9208 
v -287.191 5.23349 80.0588 
v -287.076 5.25968 79.8302 
v -287.277 5.23349 79.949 
v -286.997 5.23349 79.9656 
v -286.589 5.23349 80.0588 
v -286.503 5.23349 79.949 
v -286.704 5.25968 79.8302 
v -286.783 5.23349 79.9656 
v -286.997 5.23349 79.9656 
v -286.89 5.27971 79.8713 
v -287.076 5.25968 79.8302 
v -286.89 5.23349 79.9656 
v -286.783 5.23349 79.9656 
v -286.89 5.27971 79.8713 
v -286.704 5.25968 79.8302 
v -286.89 4.99452 79.9656 
v -286.982 5.114 80.0328 
v -286.997 4.99452 79.9656 
v -286.89 5.114 80.0328 
v -286.798 5.114 80.0328 
v -286.783 4.99452 79.9656 
v -286.997 4.99452 79.9656 
v -287.148 5.114 80.1128 
v -287.191 4.99452 80.0588 
v -286.982 5.114 80.0328 
v -286.783 4.99452 79.9656 
v -286.632 5.114 80.1128 
v -286.798 5.114 80.0328 
v -286.589 4.99452 80.0588 
v -287.191 4.99452 80.0588 
v -287.148 5.114 80.1128 
v -287.325 4.99452 80.2269 
v -287.263 5.114 80.2568 
v -286.589 4.99452 80.0588 
v -286.455 4.99452 80.2269 
v -286.632 5.114 80.1128 
v -286.517 5.114 80.2568 
v -287.325 4.99452 80.2269 
v -287.263 5.114 80.2568 
v -287.373 4.99452 80.4364 
v -287.304 5.114 80.4364 
v -286.455 4.99452 80.2269 
v -286.407 4.99452 80.4364 
v -286.517 5.114 80.2568 
v -286.476 5.114 80.4364 
v -287.373 4.99452 80.4364 
v -287.263 5.114 80.616 
v -287.325 4.99452 80.6459 
v -287.304 5.114 80.4364 
v -286.407 4.99452 80.4364 
v -286.517 5.114 80.616 
v -286.476 5.114 80.4364 
v -286.455 4.99452 80.6459 
v -287.325 4.99452 80.6459 
v -287.148 5.114 80.76 
v -287.191 4.99452 80.8139 
v -287.263 5.114 80.616 
v -286.455 4.99452 80.6459 
v -286.632 5.114 80.76 
v -286.517 5.114 80.616 
v -286.589 4.99452 80.8139 
v -286.982 5.114 80.8399 
v -286.997 4.99452 80.9072 
v -287.148 5.114 80.76 
v -287.191 4.99452 80.8139 
v -286.798 5.114 80.8399 
v -286.632 5.114 80.76 
v -286.783 4.99452 80.9072 
v -286.589 4.99452 80.8139 
v -286.982 5.114 80.8399 
v -286.89 4.99452 80.9072 
v -286.997 4.99452 80.9072 
v -286.89 5.114 80.8399 
v -286.798 5.114 80.8399 
v -286.783 4.99452 80.9072 
v -287.076 5.25968 79.8302 
v -286.89 5.49873 79.7825 
v -287.015 5.43332 79.7549 
v -286.704 5.25968 79.8302 
v -286.765 5.43332 79.7549 
v -286.89 5.49873 79.7825 
v -286.982 5.114 80.0328 
v -286.89 5.23349 79.9656 
v -286.997 5.23349 79.9656 
v -286.89 5.114 80.0328 
v -286.798 5.114 80.0328 
v -286.783 5.23349 79.9656 
v -287.148 5.114 80.1128 
v -286.982 5.114 80.0328 
v -286.997 5.23349 79.9656 
v -287.191 5.23349 80.0588 
v -286.632 5.114 80.1128 
v -286.783 5.23349 79.9656 
v -286.798 5.114 80.0328 
v -286.589 5.23349 80.0588 
v -287.148 5.114 80.1128 
v -287.325 5.23349 80.2269 
v -287.263 5.114 80.2568 
v -287.191 5.23349 80.0588 
v -286.632 5.114 80.1128 
v -286.455 5.23349 80.2269 
v -286.589 5.23349 80.0588 
v -286.517 5.114 80.2568 
v -287.263 5.114 80.2568 
v -287.373 5.23349 80.4364 
v -287.304 5.114 80.4364 
v -287.325 5.23349 80.2269 
v -286.517 5.114 80.2568 
v -286.407 5.23349 80.4364 
v -286.455 5.23349 80.2269 
v -286.476 5.114 80.4364 
v -287.304 5.114 80.4364 
v -287.373 5.23349 80.4364 
v -287.263 5.114 80.616 
v -287.325 5.23349 80.6459 
v -286.517 5.114 80.616 
v -286.407 5.23349 80.4364 
v -286.476 5.114 80.4364 
v -286.455 5.23349 80.6459 
v -287.263 5.114 80.616 
v -287.325 5.23349 80.6459 
v -287.148 5.114 80.76 
v -287.191 5.23349 80.8139 
v -286.517 5.114 80.616 
v -286.632 5.114 80.76 
v -286.455 5.23349 80.6459 
v -286.589 5.23349 80.8139 
v -286.997 5.23349 80.9072 
v -287.148 5.114 80.76 
v -287.191 5.23349 80.8139 
v -286.982 5.114 80.8399 
v -286.632 5.114 80.76 
v -286.783 5.23349 80.9072 
v -286.589 5.23349 80.8139 
v -286.798 5.114 80.8399 
v -286.89 5.23349 80.9072 
v -286.982 5.114 80.8399 
v -286.997 5.23349 80.9072 
v -286.89 5.114 80.8399 
v -286.798 5.114 80.8399 
v -286.783 5.23349 80.9072 
v -287.076 5.25968 79.8302 
v -286.89 5.27971 79.8713 
v -286.89 5.49873 79.7825 
v -286.704 5.25968 79.8302 
v -286.89 5.49873 79.7825 
v -286.89 5.27971 79.8713 
v -287.277 4.99452 79.951 
v -287.449 4.99452 80.167 
v -287.389 4.84676 80.038 
v -286.503 4.99452 79.951 
v -286.39 4.84676 80.038 
v -286.331 4.99452 80.167 
v -287.511 4.99452 80.4364 
v -287.449 4.99452 80.7057 
v -287.513 4.84676 80.5785 
v -286.269 4.99452 80.4364 
v -286.267 4.84676 80.5785 
v -286.331 4.99452 80.7057 
v -287.277 4.99452 80.9218 
v -287.028 4.99452 81.0417 
v -287.167 4.84676 81.012 
v -286.503 4.99452 80.9218 
v -286.613 4.84676 81.012 
v -286.752 4.99452 81.0417 
v -286.927 5.81024 79.7243 
v -286.89 5.80621 79.7413 
v -286.89 6.00091 79.7492 
v -286.89 5.6585 79.7443 
v -286.961 5.65125 79.7236 
v -286.961 5.65125 79.7236 
v -286.89 5.49873 79.7825 
v -287.015 5.43332 79.7549 
v -286.853 5.81024 79.7243 
v -286.89 6.00091 79.7492 
v -286.89 5.80621 79.7413 
v -286.89 5.6585 79.7443 
v -286.818 5.65125 79.7236 
v -286.89 5.49873 79.7825 
v -286.818 5.65125 79.7236 
v -286.765 5.43332 79.7549 
v -286.89 4.84676 79.8142 
v -286.89 4.99452 79.8311 
v -287.064 4.99452 79.8311 
v -286.716 4.99452 79.8311 
v -287.412 5.46764 80.1141 
v -287.277 5.23349 79.949 
v -287.324 5.46764 80.0016 
v -287.451 5.23349 80.1682 
v -287.343 5.60619 80.0292 
v -287.391 5.60619 80.0903 
v -287.368 5.79152 80.0598 
v -286.456 5.46764 80.0016 
v -286.503 5.23349 79.949 
v -286.368 5.46764 80.1141 
v -286.329 5.23349 80.1682 
v -286.437 5.60619 80.0292 
v -286.389 5.60619 80.0903 
v -286.412 5.79152 80.0598 
v -287.498 5.32962 80.483 
v -287.449 5.23349 80.7062 
v -287.512 5.23349 80.4359 
v -287.456 5.32962 80.6598 
v -287.49 5.44418 80.528 
v -287.468 5.44418 80.6184 
v -287.483 5.6306 80.5751 
v -286.282 5.32962 80.483 
v -286.331 5.23349 80.7062 
v -286.324 5.32962 80.6598 
v -286.268 5.23349 80.4359 
v -286.29 5.44418 80.528 
v -286.312 5.44418 80.6184 
v -286.297 5.6306 80.5751 
v -287.029 5.23349 81.0416 
v -287.234 5.32962 80.9392 
v -287.07 5.32962 81.0175 
v -287.278 5.23349 80.9208 
v -287.194 5.44418 80.9609 
v -287.11 5.44418 81.0009 
v -287.152 5.6306 80.985 
v -286.751 5.23349 81.0416 
v -286.546 5.32962 80.9392 
v -286.502 5.23349 80.9208 
v -286.71 5.32962 81.0175 
v -286.586 5.44418 80.9609 
v -286.67 5.44418 81.0009 
v -286.627 5.6306 80.985 

vn 0.165354 -0.464567 0.866142 
vn 0 -0.488189 0.874016 
vn 0.102362 -0.448819 0.889764 
vn 0 -0.488189 0.874016 
vn -0.165354 -0.464567 0.866142 
vn -0.102362 -0.448819 0.889764 
vn -0.787402 -0.377953 0.480315 
vn -0.787402 -0.377953 0.488189 
vn -0.811024 -0.401575 0.425197 
vn -0.811024 -0.401575 0.425197 
vn -0.748031 -0.440945 0.488189 
vn 0.787402 -0.377953 0.480315 
vn 0.811024 -0.401575 0.425197 
vn 0.787402 -0.377953 0.488189 
vn 0.811024 -0.401575 0.425197 
vn 0.748031 -0.440945 0.488189 
vn -0.629921 -0.448819 0.637795 
vn -0.779528 -0.464567 0.409449 
vn -0.748031 -0.440945 0.488189 
vn -0.574803 -0.464567 0.669291 
vn 0.629921 -0.448819 0.637795 
vn 0.779528 -0.464567 0.409449 
vn 0.574803 -0.464567 0.669291 
vn 0.748031 -0.440945 0.488189 
vn 0.102362 -0.448819 0.889764 
vn 0.141732 -0.393701 0.913386 
vn 0.19685 -0.409449 0.889764 
vn 0.141732 -0.393701 0.905512 
vn -0.102362 -0.448819 0.889764 
vn -0.19685 -0.409449 0.889764 
vn -0.141732 -0.393701 0.913386 
vn -0.141732 -0.393701 0.905512 
vn -0.874016 -0.377953 -0.299213 
vn -0.850394 -0.440945 -0.283465 
vn -0.84252 -0.401575 -0.362205 
vn -0.84252 -0.401575 -0.362205 
vn -0.874016 -0.377953 -0.307087 
vn 0.874016 -0.377953 -0.299213 
vn 0.84252 -0.401575 -0.362205 
vn 0.850394 -0.440945 -0.283465 
vn 0.874016 -0.377953 -0.307087 
vn 0.84252 -0.401575 -0.362205 
vn -0.614173 -0.393701 0.685039 
vn -0.566929 -0.417323 0.708661 
vn -0.614173 -0.393701 0.677165 
vn -0.629921 -0.448819 0.637795 
vn -0.346457 -0.480315 -0.811024 
vn -0.23622 -0.401575 -0.88189 
vn -0.307087 -0.377953 -0.874016 
vn 0.614173 -0.393701 0.685039 
vn 0.614173 -0.393701 0.677165 
vn 0.566929 -0.417323 0.708661 
vn 0.629921 -0.448819 0.637795 
vn 0.346457 -0.480315 -0.811024 
vn 0.307087 -0.377953 -0.874016 
vn 0.23622 -0.401575 -0.88189 
vn -0.850394 -0.440945 -0.283465 
vn -0.889764 -0.448819 -0.0944882 
vn -0.88189 -0.464567 -0.0314961 
vn -0.811024 -0.464567 -0.354331 
vn 0.889764 -0.448819 -0.0944882 
vn 0.850394 -0.440945 -0.283465 
vn 0.88189 -0.464567 -0.0314961 
vn 0.811024 -0.464567 -0.354331 
vn -0.913386 -0.401575 -0.0551181 
vn -0.913386 -0.393701 -0.0629921 
vn -0.913386 -0.417323 0 
vn -0.889764 -0.448819 -0.0944882 
vn -0.913386 -0.417323 0 
vn -0.23622 -0.401575 -0.88189 
vn -0.299213 -0.377953 -0.874016 
vn -0.307087 -0.377953 -0.874016 
vn 0.913386 -0.401575 -0.0551181 
vn 0.913386 -0.417323 0 
vn 0.913386 -0.393701 -0.0629921 
vn 0.889764 -0.448819 -0.0944882 
vn 0.913386 -0.417323 0 
vn 0.23622 -0.401575 -0.88189 
vn 0.307087 -0.377953 -0.874016 
vn 0.299213 -0.377953 -0.874016 
vn -0.535433 -0.559055 -0.637795 
vn -0.251969 -0.496063 -0.826772 
vn -0.346457 -0.480315 -0.811024 
vn -0.480315 -0.551181 -0.677165 
vn 0.535433 -0.559055 -0.637795 
vn 0.251969 -0.496063 -0.826772 
vn 0.480315 -0.551181 -0.677165 
vn 0.346457 -0.480315 -0.811024 
vn -0.834646 0.204724 0.511811 
vn -0.897638 0.291339 0.322835 
vn -0.84252 0.314961 0.433071 
vn 0.834646 0.204724 0.511811 
vn 0.84252 0.314961 0.433071 
vn 0.897638 0.291339 0.322835 
vn -0.92126 0.204724 -0.330709 
vn -0.818898 0.291339 -0.496063 
vn -0.866142 0.314961 -0.385827 
vn 0.92126 0.204724 -0.330709 
vn 0.866142 0.314961 -0.385827 
vn 0.818898 0.291339 -0.496063 
vn -0.716535 0.015748 -0.692913 
vn -0.724409 0.244094 -0.645669 
vn -0.80315 0.0787402 -0.582677 
vn 0.716535 0.015748 -0.692913 
vn 0.80315 0.0787402 -0.582677 
vn 0.724409 0.244094 -0.645669 
vn -0.480315 -0.551181 -0.677165 
vn -0.535433 -0.559055 -0.637795 
vn -0.566929 -0.551181 -0.614173 
vn 0.480315 -0.551181 -0.677165 
vn 0.566929 -0.551181 -0.614173 
vn 0.535433 -0.559055 -0.637795 
vn -0.314961 0.220472 -0.92126 
vn -0.165354 0.220472 -0.96063 
vn -0.244094 0.314961 -0.92126 
vn 0.314961 0.220472 -0.92126 
vn 0.244094 0.314961 -0.92126 
vn 0.165354 0.220472 -0.96063 
vn 0.149606 0.212598 0.968504 
vn 0.220472 0.322835 0.92126 
vn 0.338583 0.299213 0.889764 
vn 0.0708661 0.480315 0.874016 
vn 0.204724 0.409449 0.889764 
vn -0.149606 0.212598 0.968504 
vn -0.338583 0.299213 0.889764 
vn -0.220472 0.322835 0.92126 
vn -0.0708661 0.480315 0.874016 
vn -0.204724 0.409449 0.889764 
vn 0.165354 -0.464567 0.866142 
vn 0.102362 -0.448819 0.889764 
vn 0.19685 -0.409449 0.889764 
vn -0.165354 -0.464567 0.866142 
vn -0.19685 -0.409449 0.889764 
vn -0.102362 -0.448819 0.889764 
vn -0.574803 -0.464567 0.669291 
vn -0.629921 -0.448819 0.637795 
vn -0.566929 -0.417323 0.708661 
vn -0.653543 0.212598 0.724409 
vn -0.574803 0.322835 0.748031 
vn -0.480315 0.299213 0.826772 
vn -0.637795 0.480315 0.606299 
vn -0.566929 0.409449 0.716535 
vn 0.574803 -0.464567 0.669291 
vn 0.566929 -0.417323 0.708661 
vn 0.629921 -0.448819 0.637795 
vn 0.653543 0.212598 0.724409 
vn 0.480315 0.299213 0.826772 
vn 0.574803 0.322835 0.748031 
vn 0.637795 0.480315 0.606299 
vn 0.566929 0.409449 0.716535 
vn -0.976378 0.220472 -0.0629921 
vn -0.952756 0.314961 0.015748 
vn -0.968504 0.220472 0.102362 
vn -0.874016 0.472441 -0.11811 
vn -0.929134 0.370079 -0.00787402 
vn 0.976378 0.220472 -0.0629921 
vn 0.968504 0.220472 0.102362 
vn 0.952756 0.314961 0.015748 
vn 0.874016 0.472441 -0.11811 
vn 0.929134 0.370079 -0.00787402 
vn -0.748031 -0.440945 0.488189 
vn -0.779528 -0.464567 0.409449 
vn -0.811024 -0.401575 0.425197 
vn 0.748031 -0.440945 0.488189 
vn 0.811024 -0.401575 0.425197 
vn 0.779528 -0.464567 0.409449 
vn -0.88189 -0.464567 -0.0314961 
vn -0.889764 -0.448819 -0.0944882 
vn -0.913386 -0.417323 0 
vn 0.88189 -0.464567 -0.0314961 
vn 0.913386 -0.417323 0 
vn 0.889764 -0.448819 -0.0944882 
vn -0.850394 -0.440945 -0.283465 
vn -0.811024 -0.464567 -0.354331 
vn -0.84252 -0.401575 -0.362205 
vn 0.850394 -0.440945 -0.283465 
vn 0.84252 -0.401575 -0.362205 
vn 0.811024 -0.464567 -0.354331 
vn -0.346457 -0.480315 -0.811024 
vn -0.251969 -0.496063 -0.826772 
vn -0.23622 -0.401575 -0.88189 
vn 0.346457 -0.480315 -0.811024 
vn 0.23622 -0.401575 -0.88189 
vn 0.251969 -0.496063 -0.826772 
vn -0.598425 -0.559055 -0.574803 
vn -0.566929 -0.551181 -0.614173 
vn -0.535433 -0.559055 -0.637795 
vn 0.598425 -0.559055 -0.574803 
vn 0.535433 -0.559055 -0.637795 
vn 0.566929 -0.551181 -0.614173 
vn 0 0.488189 0.874016 
vn 0.204724 0.409449 0.889764 
vn 0.0708661 0.480315 0.874016 
vn 0 0.488189 0.874016 
vn -0.204724 0.409449 0.889764 
vn -0.0708661 0.480315 0.874016 
vn -0.566929 0.409449 0.716535 
vn -0.637795 0.480315 0.606299 
vn -0.811024 0.401575 0.417323 
vn -0.716535 0.480315 0.503937 
vn 0.566929 0.409449 0.716535 
vn 0.811024 0.401575 0.417323 
vn 0.637795 0.480315 0.606299 
vn 0.716535 0.480315 0.503937 
vn -0.724409 0.244094 -0.645669 
vn -0.393701 0.480315 -0.787402 
vn -0.299213 0.377953 -0.874016 
vn -0.677165 0.330709 -0.653543 
vn 0.724409 0.244094 -0.645669 
vn 0.299213 0.377953 -0.874016 
vn 0.393701 0.480315 -0.787402 
vn 0.677165 0.330709 -0.653543 
vn -0.929134 0.370079 -0.00787402 
vn -0.84252 0.480315 -0.23622 
vn -0.834646 0.401575 -0.370079 
vn -0.874016 0.472441 -0.11811 
vn 0.929134 0.370079 -0.00787402 
vn 0.84252 0.480315 -0.23622 
vn 0.874016 0.472441 -0.11811 
vn 0.834646 0.401575 -0.370079 
vn -0.84252 0.314961 0.433071 
vn -0.811024 0.401575 0.417323 
vn -0.716535 0.480315 0.503937 
vn 0.84252 0.314961 0.433071 
vn 0.716535 0.480315 0.503937 
vn 0.811024 0.401575 0.417323 
vn -0.165354 0.15748 -0.976378 
vn -0.15748 0.141732 -0.976378 
vn -0.165354 0.149606 -0.976378 
vn -0.165354 0.181102 -0.968504 
vn -0.165354 0.181102 -0.968504 
vn -0.165354 0.220472 -0.96063 
vn -0.299213 0.377953 -0.874016 
vn 0.165354 0.15748 -0.976378 
vn 0.165354 0.149606 -0.976378 
vn 0.15748 0.141732 -0.976378 
vn 0.165354 0.181102 -0.968504 
vn 0.165354 0.181102 -0.968504 
vn 0.165354 0.220472 -0.96063 
vn 0.299213 0.377953 -0.874016 
vn -0.984252 0.15748 0.0944882 
vn -0.984252 0.149606 0.0944882 
vn -0.984252 0.133858 0.0944882 
vn -0.976378 0.181102 0.102362 
vn -0.976378 0.181102 0.102362 
vn -0.968504 0.220472 0.102362 
vn -0.929134 0.370079 -0.00787402 
vn 0.984252 0.15748 0.0944882 
vn 0.984252 0.133858 0.0944882 
vn 0.984252 0.149606 0.0944882 
vn 0.976378 0.181102 0.102362 
vn 0.976378 0.181102 0.102362 
vn 0.968504 0.220472 0.102362 
vn 0.929134 0.370079 -0.00787402 
vn -0.866142 0.314961 -0.385827 
vn -0.834646 0.401575 -0.370079 
vn -0.84252 0.480315 -0.23622 
vn 0.866142 0.314961 -0.385827 
vn 0.84252 0.480315 -0.23622 
vn 0.834646 0.401575 -0.370079 
vn -0.244094 0.314961 -0.92126 
vn -0.299213 0.377953 -0.874016 
vn -0.393701 0.480315 -0.787402 
vn 0.244094 0.314961 -0.92126 
vn 0.393701 0.480315 -0.787402 
vn 0.299213 0.377953 -0.874016 
vn -0.897638 0.291339 0.322835 
vn -0.811024 0.401575 0.417323 
vn -0.84252 0.314961 0.433071 
vn 0.897638 0.291339 0.322835 
vn 0.84252 0.314961 0.433071 
vn 0.811024 0.401575 0.417323 
vn -0.818898 0.291339 -0.496063 
vn -0.834646 0.401575 -0.370079 
vn -0.866142 0.314961 -0.385827 
vn 0.818898 0.291339 -0.496063 
vn 0.866142 0.314961 -0.385827 
vn 0.834646 0.401575 -0.370079 
vn 0.338583 0.299213 0.889764 
vn 0.220472 0.322835 0.92126 
vn 0.204724 0.409449 0.889764 
vn -0.338583 0.299213 0.889764 
vn -0.204724 0.409449 0.889764 
vn -0.220472 0.322835 0.92126 
vn -0.165354 0.220472 -0.96063 
vn -0.299213 0.377953 -0.874016 
vn -0.244094 0.314961 -0.92126 
vn 0.165354 0.220472 -0.96063 
vn 0.244094 0.314961 -0.92126 
vn 0.299213 0.377953 -0.874016 
vn -0.480315 0.299213 0.826772 
vn -0.574803 0.322835 0.748031 
vn -0.566929 0.409449 0.716535 
vn 0.480315 0.299213 0.826772 
vn 0.566929 0.409449 0.716535 
vn 0.574803 0.322835 0.748031 
vn -0.968504 0.220472 0.102362 
vn -0.952756 0.314961 0.015748 
vn -0.929134 0.370079 -0.00787402 
vn 0.968504 0.220472 0.102362 
vn 0.929134 0.370079 -0.00787402 
vn 0.952756 0.314961 0.015748 
vn -0.811024 0.401575 0.417323 
vn -0.897638 0.291339 0.322835 
vn -0.92126 0.291339 0.251969 
vn -0.929134 0.283465 0.244094 
vn 0.92126 0.291339 0.251969 
vn 0.897638 0.291339 0.322835 
vn 0.811024 0.401575 0.417323 
vn 0.929134 0.283465 0.244094 
vn -0.834646 0.19685 -0.511811 
vn -0.834646 0.19685 -0.503937 
vn -0.834646 0.228346 -0.496063 
vn -0.84252 0.15748 -0.519685 
vn -0.834646 0.133858 -0.535433 
vn -0.826772 0.0787402 -0.559055 
vn -0.834646 0.133858 -0.535433 
vn -0.80315 0.0787402 -0.582677 
vn -0.677165 0.330709 -0.653543 
vn 0.834646 0.19685 -0.511811 
vn 0.834646 0.228346 -0.496063 
vn 0.834646 0.19685 -0.503937 
vn 0.84252 0.15748 -0.519685 
vn 0.834646 0.133858 -0.535433 
vn 0.826772 0.0787402 -0.559055 
vn 0.80315 0.0787402 -0.582677 
vn 0.834646 0.133858 -0.535433 
vn 0.677165 0.330709 -0.653543 
vn -0.834646 0.401575 -0.370079 
vn -0.818898 0.291339 -0.496063 
vn -0.779528 0.299213 -0.559055 
vn -0.771654 0.283465 -0.566929 
vn 0.779528 0.299213 -0.559055 
vn 0.818898 0.291339 -0.496063 
vn 0.834646 0.401575 -0.370079 
vn 0.771654 0.283465 -0.566929 
vn 0.338583 0.299213 0.889764 
vn 0.204724 0.409449 0.889764 
vn 0.409449 0.291339 0.866142 
vn 0.425197 0.283465 0.858268 
vn -0.425197 0.283465 0.858268 
vn -0.409449 0.291339 0.866142 
vn -0.338583 0.299213 0.889764 
vn -0.204724 0.409449 0.889764 
vn -0.480315 0.299213 0.826772 
vn -0.566929 0.409449 0.716535 
vn -0.409449 0.291339 0.866142 
vn -0.401575 0.283465 0.874016 
vn 0.401575 0.283465 0.874016 
vn 0.409449 0.291339 0.866142 
vn 0.480315 0.299213 0.826772 
vn 0.566929 0.409449 0.716535 
vn -0.80315 0.0787402 -0.582677 
vn -0.724409 0.244094 -0.645669 
vn -0.677165 0.330709 -0.653543 
vn 0.80315 0.0787402 -0.582677 
vn 0.677165 0.330709 -0.653543 
vn 0.724409 0.244094 -0.645669 
vn -0.952756 0.220472 0.204724 
vn -0.96063 0.188976 0.188976 
vn -0.952756 0.228346 0.212598 
vn -0.929134 0.283465 0.244094 
vn -0.952756 0.228346 0.212598 
vn -0.92126 0.291339 0.251969 
vn 0.952756 0.220472 0.204724 
vn 0.952756 0.228346 0.212598 
vn 0.96063 0.188976 0.188976 
vn 0.929134 0.283465 0.244094 
vn 0.952756 0.228346 0.212598 
vn 0.92126 0.291339 0.251969 
vn -0.76378 0.220472 -0.614173 
vn -0.755906 0.188976 -0.629921 
vn -0.76378 0.228346 -0.606299 
vn -0.771654 0.283465 -0.566929 
vn -0.76378 0.228346 -0.606299 
vn -0.779528 0.299213 -0.559055 
vn 0.76378 0.220472 -0.614173 
vn 0.76378 0.228346 -0.606299 
vn 0.755906 0.188976 -0.629921 
vn 0.771654 0.283465 -0.566929 
vn 0.76378 0.228346 -0.606299 
vn 0.779528 0.299213 -0.559055 
vn 0.472441 0.212598 0.850394 
vn 0.472441 0.220472 0.850394 
vn 0.496063 0.188976 0.850394 
vn 0.425197 0.283465 0.858268 
vn 0.472441 0.220472 0.850394 
vn 0.409449 0.291339 0.866142 
vn -0.472441 0.212598 0.850394 
vn -0.496063 0.188976 0.850394 
vn -0.472441 0.220472 0.850394 
vn -0.425197 0.283465 0.858268 
vn -0.472441 0.220472 0.850394 
vn -0.409449 0.291339 0.866142 
vn -0.362205 0.212598 0.905512 
vn -0.370079 0.220472 0.905512 
vn -0.346457 0.188976 0.92126 
vn -0.401575 0.283465 0.874016 
vn -0.370079 0.220472 0.905512 
vn -0.409449 0.291339 0.866142 
vn 0.362205 0.212598 0.905512 
vn 0.346457 0.188976 0.92126 
vn 0.370079 0.220472 0.905512 
vn 0.401575 0.283465 0.874016 
vn 0.370079 0.220472 0.905512 
vn 0.409449 0.291339 0.866142 
vn 0 -1 0 
vn 0 -1 0 
vn 0 -1 0 
vn 0 -1 0 
vn 0 -1 0 
vn 0 -1 0 
vn 0 -1 0 
vn 0 -1 0 
vn 0 -1 0 
vn 0 -1 0 
vn 0 -1 0 
vn 0 -1 0 
vn 0 -1 0 
vn 0 -1 0 
vn 0 -1 0 
vn 0 -1 0 
vn 0 -1 0 
vn 0 -1 0 
vn 0 -1 0 
vn 0 -1 0 
vn 0 -1 0 
vn 0 -1 0 
vn 0 -1 0 
vn 0 -1 0 
vn 0 -1 0 
vn 0 -1 0 
vn 0 -1 0 
vn 0 -1 0 
vn 0 -1 0 
vn 0 -1 0 
vn 0 -1 0 
vn 0 -1 0 
vn 0 1 0 
vn 0 1 0 
vn 0 1 0 
vn 0 1 0 
vn 0 1 0 
vn 0 1 0 
vn 0 1 0 
vn 0 1 0 
vn 0 1 0.0551181 
vn 0 1 0.0551181 
vn 0 1 0 
vn 0 1 0 
vn 0 1 0 
vn 0 1 0 
vn 0 1 0 
vn 0 1 0 
vn 0 1 0 
vn 0 1 0 
vn 0 1 0 
vn 0 1 0 
vn 0 1 0 
vn 0 1 0 
vn 0 1 0 
vn 0 1 0 
vn 0 1 0 
vn 0 1 0 
vn 0 1 0 
vn 0 1 0 
vn 0 1 0.0551181 
vn 0 1 0.0551181 
vn 0 1 0 
vn 0 1 0 
vn 0 1 0 
vn 0 1 0 
vn 0 1 0.0551181 
vn -0.149606 0.866142 0.472441 
vn 0 1 0.0551181 
vn -0.0708661 0.968504 0.244094 
vn 0 1 0.0551181 
vn 0 1 0.0551181 
vn 0.149606 0.866142 0.472441 
vn 0.0708661 0.968504 0.244094 
vn -0.0708661 0.968504 0.244094 
vn 0 0.740157 0.677165 
vn -0.149606 0.866142 0.472441 
vn 0 0.944882 0.338583 
vn 0.0708661 0.968504 0.244094 
vn 0 0.740157 0.677165 
vn 0.149606 0.866142 0.472441 
vn 0 -0.488189 0.874016 
vn 0.188976 -0.496063 0.84252 
vn 0.188976 -0.496063 0.84252 
vn 0 -0.488189 0.874016 
vn -0.188976 -0.496063 0.84252 
vn -0.188976 -0.496063 0.84252 
vn 0.188976 -0.496063 0.84252 
vn 0.543307 -0.496063 0.677165 
vn 0.543307 -0.496063 0.677165 
vn 0.188976 -0.496063 0.84252 
vn -0.188976 -0.496063 0.84252 
vn -0.543307 -0.496063 0.677165 
vn -0.188976 -0.496063 0.84252 
vn -0.543307 -0.496063 0.677165 
vn 0.543307 -0.496063 0.677165 
vn 0.543307 -0.496063 0.677165 
vn 0.779528 -0.496063 0.377953 
vn 0.779528 -0.496063 0.377953 
vn -0.543307 -0.496063 0.677165 
vn -0.779528 -0.496063 0.377953 
vn -0.543307 -0.496063 0.677165 
vn -0.779528 -0.496063 0.377953 
vn 0.779528 -0.496063 0.377953 
vn 0.779528 -0.496063 0.377953 
vn 0.866142 -0.496063 0 
vn 0.866142 -0.496063 0 
vn -0.779528 -0.496063 0.377953 
vn -0.866142 -0.496063 0 
vn -0.779528 -0.496063 0.377953 
vn -0.866142 -0.496063 0 
vn 0.866142 -0.496063 0 
vn 0.779528 -0.496063 -0.377953 
vn 0.779528 -0.496063 -0.377953 
vn 0.866142 -0.496063 0 
vn -0.866142 -0.496063 0 
vn -0.779528 -0.496063 -0.377953 
vn -0.866142 -0.496063 0 
vn -0.779528 -0.496063 -0.377953 
vn 0.779528 -0.496063 -0.377953 
vn 0.543307 -0.496063 -0.677165 
vn 0.543307 -0.496063 -0.677165 
vn 0.779528 -0.496063 -0.377953 
vn -0.779528 -0.496063 -0.377953 
vn -0.543307 -0.496063 -0.677165 
vn -0.779528 -0.496063 -0.377953 
vn -0.543307 -0.496063 -0.677165 
vn 0.188976 -0.496063 -0.84252 
vn 0.188976 -0.496063 -0.84252 
vn 0.543307 -0.496063 -0.677165 
vn 0.543307 -0.496063 -0.677165 
vn -0.188976 -0.496063 -0.84252 
vn -0.543307 -0.496063 -0.677165 
vn -0.188976 -0.496063 -0.84252 
vn -0.543307 -0.496063 -0.677165 
vn 0.188976 -0.496063 -0.84252 
vn 0 -0.488189 -0.874016 
vn 0.188976 -0.496063 -0.84252 
vn 0 -0.488189 -0.874016 
vn -0.188976 -0.496063 -0.84252 
vn -0.188976 -0.496063 -0.84252 
vn -0.149606 0.866142 0.472441 
vn -0.314961 0.291339 0.905512 
vn -0.393701 0.409449 0.826772 
vn 0.149606 0.866142 0.472441 
vn 0.393701 0.409449 0.826772 
vn 0.314961 0.291339 0.905512 
vn 0.188976 0.496063 0.84252 
vn 0 0.488189 0.874016 
vn 0.188976 0.496063 0.84252 
vn 0 0.488189 0.874016 
vn -0.188976 0.496063 0.84252 
vn -0.188976 0.496063 0.84252 
vn 0.543307 0.496063 0.677165 
vn 0.188976 0.496063 0.84252 
vn 0.188976 0.496063 0.84252 
vn 0.543307 0.496063 0.677165 
vn -0.543307 0.496063 0.677165 
vn -0.188976 0.496063 0.84252 
vn -0.188976 0.496063 0.84252 
vn -0.543307 0.496063 0.677165 
vn 0.543307 0.496063 0.677165 
vn 0.779528 0.496063 0.377953 
vn 0.779528 0.496063 0.377953 
vn 0.543307 0.496063 0.677165 
vn -0.543307 0.496063 0.677165 
vn -0.779528 0.496063 0.377953 
vn -0.543307 0.496063 0.677165 
vn -0.779528 0.496063 0.377953 
vn 0.779528 0.496063 0.377953 
vn 0.866142 0.496063 0 
vn 0.866142 0.496063 0 
vn 0.779528 0.496063 0.377953 
vn -0.779528 0.496063 0.377953 
vn -0.866142 0.496063 0 
vn -0.779528 0.496063 0.377953 
vn -0.866142 0.496063 0 
vn 0.866142 0.496063 0 
vn 0.866142 0.496063 0 
vn 0.779528 0.496063 -0.377953 
vn 0.779528 0.496063 -0.377953 
vn -0.779528 0.496063 -0.377953 
vn -0.866142 0.496063 0 
vn -0.866142 0.496063 0 
vn -0.779528 0.496063 -0.377953 
vn 0.779528 0.496063 -0.377953 
vn 0.779528 0.496063 -0.377953 
vn 0.543307 0.496063 -0.677165 
vn 0.543307 0.496063 -0.677165 
vn -0.779528 0.496063 -0.377953 
vn -0.543307 0.496063 -0.677165 
vn -0.779528 0.496063 -0.377953 
vn -0.543307 0.496063 -0.677165 
vn 0.188976 0.496063 -0.84252 
vn 0.543307 0.496063 -0.677165 
vn 0.543307 0.496063 -0.677165 
vn 0.188976 0.496063 -0.84252 
vn -0.543307 0.496063 -0.677165 
vn -0.188976 0.496063 -0.84252 
vn -0.543307 0.496063 -0.677165 
vn -0.188976 0.496063 -0.84252 
vn 0 0.488189 -0.874016 
vn 0.188976 0.496063 -0.84252 
vn 0.188976 0.496063 -0.84252 
vn 0 0.488189 -0.874016 
vn -0.188976 0.496063 -0.84252 
vn -0.188976 0.496063 -0.84252 
vn -0.149606 0.866142 0.472441 
vn 0 0.740157 0.677165 
vn -0.314961 0.291339 0.905512 
vn 0.149606 0.866142 0.472441 
vn 0.314961 0.291339 0.905512 
vn 0 0.740157 0.677165 
vn 0.76378 -0.220472 0.606299 
vn 0.76378 -0.220472 0.606299 
vn 0.76378 -0.220472 0.606299 
vn -0.76378 -0.220472 0.606299 
vn -0.76378 -0.220472 0.606299 
vn -0.76378 -0.220472 0.606299 
vn 0.952756 -0.220472 -0.220472 
vn 0.952756 -0.220472 -0.220472 
vn 0.952756 -0.220472 -0.220472 
vn -0.952756 -0.220472 -0.220472 
vn -0.952756 -0.220472 -0.220472 
vn -0.952756 -0.220472 -0.220472 
vn 0.425197 -0.220472 -0.88189 
vn 0.425197 -0.220472 -0.88189 
vn 0.425197 -0.220472 -0.88189 
vn -0.425197 -0.220472 -0.88189 
vn -0.425197 -0.220472 -0.88189 
vn -0.425197 -0.220472 -0.88189 
vn -0.370079 0.00787402 0.929134 
vn -0.370079 0.00787402 0.929134 
vn -0.417323 -0.0393701 0.905512 
vn -0.322835 0.125984 0.937008 
vn -0.314961 0.149606 0.937008 
vn -0.314961 0.149606 0.937008 
vn -0.314961 0.291339 0.905512 
vn -0.393701 0.409449 0.826772 
vn 0.370079 0.00787402 0.929134 
vn 0.417323 -0.0393701 0.905512 
vn 0.370079 0.00787402 0.929134 
vn 0.322835 0.125984 0.937008 
vn 0.314961 0.149606 0.937008 
vn 0.314961 0.291339 0.905512 
vn 0.314961 0.149606 0.937008 
vn 0.393701 0.409449 0.826772 
vn 0 -0.110236 0.992126 
vn 0 -0.110236 0.992126 
vn 0 -0.110236 0.992126 
vn 0 -0.110236 0.992126 
vn 0.787402 0 0.622047 
vn 0.787402 0.015748 0.622047 
vn 0.787402 0 0.622047 
vn 0.787402 0.015748 0.622047 
vn 0.787402 -0.00787402 0.614173 
vn 0.787402 -0.00787402 0.614173 
vn 0.787402 0.00787402 0.614173 
vn -0.787402 0 0.622047 
vn -0.787402 0.015748 0.622047 
vn -0.787402 0 0.622047 
vn -0.787402 0.015748 0.622047 
vn -0.787402 -0.00787402 0.614173 
vn -0.787402 -0.00787402 0.614173 
vn -0.787402 0.00787402 0.614173 
vn 0.976378 -0.015748 -0.228346 
vn 0.976378 -0.0314961 -0.228346 
vn 0.976378 -0.0314961 -0.228346 
vn 0.976378 -0.015748 -0.228346 
vn 0.968504 0.023622 -0.23622 
vn 0.968504 0.023622 -0.23622 
vn 0.968504 0.023622 -0.23622 
vn -0.976378 -0.015748 -0.228346 
vn -0.976378 -0.0314961 -0.228346 
vn -0.976378 -0.015748 -0.228346 
vn -0.976378 -0.0314961 -0.228346 
vn -0.968504 0.023622 -0.23622 
vn -0.968504 0.023622 -0.23622 
vn -0.968504 0.023622 -0.23622 
vn 0.433071 -0.0314961 -0.897638 
vn 0.433071 -0.015748 -0.897638 
vn 0.433071 -0.015748 -0.897638 
vn 0.433071 -0.0314961 -0.897638 
vn 0.433071 0.023622 -0.905512 
vn 0.433071 0.023622 -0.905512 
vn 0.433071 0.023622 -0.905512 
vn -0.433071 -0.0314961 -0.897638 
vn -0.433071 -0.015748 -0.897638 
vn -0.433071 -0.0314961 -0.897638 
vn -0.433071 -0.015748 -0.897638 
vn -0.433071 0.023622 -0.905512 
vn -0.433071 0.023622 -0.905512 
vn -0.433071 0.023622 -0.905512 

vt 0.708871 0.087497 
vt 0.648735 0.446648 
vt 0.716092 0.446648 
vt 0.648735 0.087497 
vt 0.5886 0.087497 
vt 0.581379 0.446648 
vt 0.1663 0.315519 
vt 0.103328 0.315519 
vt 0.164285 0.045947 
vt 0.164285 0.045947 
vt 0.043154 0.315519 
vt 0.164228 0.31667 
vt 0.166243 0.047098 
vt 0.2272 0.31667 
vt 0.166243 0.047098 
vt 0.287374 0.31667 
vt 0.91917 0.446648 
vt 0.817231 0.087497 
vt 0.836282 0.446648 
vt 0.892219 0.087497 
vt 0.3783 0.446648 
vt 0.48024 0.087497 
vt 0.405252 0.087497 
vt 0.461188 0.446648 
vt 0.281367 0.315519 
vt 0.227821 0.315519 
vt 0.164285 0.045947 
vt 0.1663 0.315519 
vt 0.049161 0.31667 
vt 0.166243 0.047098 
vt 0.102707 0.31667 
vt 0.164228 0.31667 
vt 0.100925 0.315459 
vt 0.038205 0.315459 
vt 0.163131 0.045887 
vt 0.163131 0.045887 
vt 0.164965 0.315459 
vt 0.229142 0.312258 
vt 0.166936 0.042686 
vt 0.291862 0.312258 
vt 0.165101 0.312258 
vt 0.166936 0.042686 
vt 0.164965 0.315459 
vt 0.163131 0.045887 
vt 0.228743 0.315459 
vt 0.283143 0.315459 
vt 0.057222 0.26351 
vt 0.162916 0.043422 
vt 0.11055 0.26351 
vt 0.165101 0.312258 
vt 0.101323 0.312258 
vt 0.166936 0.042686 
vt 0.046924 0.312258 
vt 0.28085 0.264668 
vt 0.223002 0.264668 
vt 0.166198 0.04458 
vt 0.949095 0.446648 
vt 0.919272 0.446648 
vt 0.892219 0.087497 
vt 0.918982 0.087497 
vt 0.378198 0.446648 
vt 0.348375 0.446648 
vt 0.405252 0.087497 
vt 0.378489 0.087497 
vt 0.218808 0.26351 
vt 0.164827 0.26351 
vt 0.162916 0.043422 
vt 0.265049 0.26351 
vt 0.162916 0.043422 
vt 0.162916 0.043422 
vt 0.164827 0.26351 
vt 0.11055 0.26351 
vt 0.105569 0.264668 
vt 0.166198 0.04458 
vt 0.164125 0.264668 
vt 0.055408 0.264668 
vt 0.166198 0.04458 
vt 0.166198 0.04458 
vt 0.223002 0.264668 
vt 0.164125 0.264668 
vt 0.711579 0.446648 
vt 0.817231 0.087497 
vt 0.835953 0.446648 
vt 0.724285 0.087497 
vt 0.585891 0.446648 
vt 0.48024 0.087497 
vt 0.573186 0.087497 
vt 0.461518 0.446648 
vt 0.1663 0.315519 
vt 0.165016 0.487366 
vt 0.103328 0.315519 
vt 0.164228 0.31667 
vt 0.2272 0.31667 
vt 0.165512 0.488516 
vt 0.164965 0.315459 
vt 0.164228 0.487305 
vt 0.100925 0.315459 
vt 0.165101 0.312258 
vt 0.229142 0.312258 
vt 0.165839 0.484105 
vt 0.16525 0.251893 
vt 0.254722 0.251893 
vt 0.16525 0.433299 
vt 0.16525 0.251893 
vt 0.16525 0.433299 
vt 0.075778 0.251893 
vt 0.294315 0.160765 
vt 0.254722 0.251893 
vt 0.16525 0.048068 
vt 0.036185 0.160765 
vt 0.16525 0.048068 
vt 0.075778 0.251893 
vt 0.164827 0.26351 
vt 0.165534 0.437288 
vt 0.11055 0.26351 
vt 0.164125 0.264668 
vt 0.223002 0.264668 
vt 0.163358 0.438446 
vt 0.1663 0.315519 
vt 0.227821 0.315519 
vt 0.165016 0.487366 
vt 0.281367 0.315519 
vt 0.282273 0.436041 
vt 0.164228 0.31667 
vt 0.165512 0.488516 
vt 0.102707 0.31667 
vt 0.049161 0.31667 
vt 0.048255 0.437192 
vt 0.282895 0.194996 
vt 0.281367 0.315519 
vt 0.164285 0.045947 
vt 0.047633 0.196146 
vt 0.166243 0.047098 
vt 0.049161 0.31667 
vt 0.285504 0.194936 
vt 0.283143 0.315459 
vt 0.163131 0.045887 
vt 0.164965 0.315459 
vt 0.228743 0.315459 
vt 0.164228 0.487305 
vt 0.283143 0.315459 
vt 0.285924 0.435981 
vt 0.044562 0.191735 
vt 0.166936 0.042686 
vt 0.046924 0.312258 
vt 0.165101 0.312258 
vt 0.165839 0.484105 
vt 0.101323 0.312258 
vt 0.046924 0.312258 
vt 0.044143 0.43278 
vt 0.164827 0.26351 
vt 0.218808 0.26351 
vt 0.165534 0.437288 
vt 0.265049 0.26351 
vt 0.268441 0.361908 
vt 0.164125 0.264668 
vt 0.163358 0.438446 
vt 0.105569 0.264668 
vt 0.055408 0.264668 
vt 0.051729 0.363067 
vt 0.043154 0.315519 
vt 0.045793 0.194996 
vt 0.164285 0.045947 
vt 0.287374 0.31667 
vt 0.166243 0.047098 
vt 0.284735 0.196146 
vt 0.267161 0.16511 
vt 0.265049 0.26351 
vt 0.162916 0.043422 
vt 0.053118 0.166269 
vt 0.166198 0.04458 
vt 0.055408 0.264668 
vt 0.038205 0.315459 
vt 0.04096 0.194936 
vt 0.163131 0.045887 
vt 0.291862 0.312258 
vt 0.166936 0.042686 
vt 0.289106 0.191735 
vt 0.057222 0.26351 
vt 0.058734 0.16511 
vt 0.162916 0.043422 
vt 0.28085 0.264668 
vt 0.166198 0.04458 
vt 0.279209 0.166269 
vt 0.16525 0.251893 
vt 0.16525 0.048068 
vt 0.254722 0.251893 
vt 0.16525 0.251893 
vt 0.075778 0.251893 
vt 0.16525 0.048068 
vt 0.648735 0.446648 
vt 0.709196 0.805796 
vt 0.716092 0.446648 
vt 0.648735 0.805796 
vt 0.588274 0.805796 
vt 0.581379 0.446648 
vt 0.892115 0.805795 
vt 0.91917 0.446648 
vt 0.817627 0.805795 
vt 0.836282 0.446648 
vt 0.405356 0.805795 
vt 0.479844 0.805795 
vt 0.3783 0.446648 
vt 0.461188 0.446648 
vt 0.711579 0.446648 
vt 0.835953 0.446648 
vt 0.817371 0.805795 
vt 0.729554 0.884548 
vt 0.585891 0.446648 
vt 0.4801 0.805795 
vt 0.461518 0.446648 
vt 0.567916 0.884548 
vt 0.892913 0.805795 
vt 0.949095 0.446648 
vt 0.919353 0.805795 
vt 0.919272 0.446648 
vt 0.404557 0.805795 
vt 0.348375 0.446648 
vt 0.378198 0.446648 
vt 0.378118 0.805795 
vt 0.103328 0.315519 
vt 0.044689 0.436041 
vt 0.043154 0.315519 
vt 0.2272 0.31667 
vt 0.287374 0.31667 
vt 0.285839 0.437192 
vt 0.165667 0.659192 
vt 0.16678 0.821466 
vt 0.136409 0.668846 
vt 0.110963 0.554741 
vt 0.165475 0.563916 
vt 0.165534 0.437288 
vt 0.057946 0.361908 
vt 0.163214 0.66035 
vt 0.194952 0.670004 
vt 0.162007 0.822625 
vt 0.222554 0.555899 
vt 0.163422 0.565074 
vt 0.163358 0.438446 
vt 0.280064 0.363067 
vt 0.165667 0.659192 
vt 0.195792 0.668846 
vt 0.16678 0.821466 
vt 0.219407 0.554741 
vt 0.165475 0.563916 
vt 0.165534 0.437288 
vt 0.268441 0.361908 
vt 0.163214 0.66035 
vt 0.162007 0.822625 
vt 0.130536 0.670004 
vt 0.10492 0.555899 
vt 0.163422 0.565074 
vt 0.163358 0.438446 
vt 0.051729 0.363067 
vt 0.100925 0.315459 
vt 0.040521 0.435981 
vt 0.038205 0.315459 
vt 0.229142 0.312258 
vt 0.291862 0.312258 
vt 0.289546 0.43278 
vt 0.11055 0.26351 
vt 0.057946 0.361908 
vt 0.057222 0.26351 
vt 0.198756 0.264668 
vt 0.256605 0.264668 
vt 0.255819 0.363067 
vt 0.165016 0.487366 
vt 0.044689 0.436041 
vt 0.103328 0.315519 
vt 0.165512 0.488516 
vt 0.2272 0.31667 
vt 0.285839 0.437192 
vt 0.164228 0.487305 
vt 0.040521 0.435981 
vt 0.100925 0.315459 
vt 0.165839 0.484105 
vt 0.229142 0.312258 
vt 0.289546 0.43278 
vt 0.165016 0.487366 
vt 0.227821 0.315519 
vt 0.282273 0.436041 
vt 0.165512 0.488516 
vt 0.048255 0.437192 
vt 0.102707 0.31667 
vt 0.165534 0.437288 
vt 0.057946 0.361908 
vt 0.11055 0.26351 
vt 0.163358 0.438446 
vt 0.223002 0.264668 
vt 0.280064 0.363067 
vt 0.164228 0.487305 
vt 0.228743 0.315459 
vt 0.285924 0.435981 
vt 0.165839 0.484105 
vt 0.044143 0.43278 
vt 0.101323 0.312258 
vt 0.165534 0.437288 
vt 0.218808 0.26351 
vt 0.268441 0.361908 
vt 0.163358 0.438446 
vt 0.051729 0.363067 
vt 0.105569 0.264668 
vt 0.044689 0.436041 
vt 0.165016 0.487366 
vt 0.084893 0.533014 
vt 0.165578 0.566835 
vt 0.245634 0.534164 
vt 0.165512 0.488516 
vt 0.285839 0.437192 
vt 0.16495 0.567985 
vt 0.16525 0.784575 
vt 0.189106 0.782902 
vt 0.16525 0.928323 
vt 0.211189 0.661642 
vt 0.16525 0.645118 
vt 0.248708 0.495427 
vt 0.16525 0.645118 
vt 0.16525 0.433299 
vt 0.302553 0.363003 
vt 0.16525 0.784575 
vt 0.16525 0.928323 
vt 0.141394 0.782902 
vt 0.119311 0.661642 
vt 0.16525 0.645118 
vt 0.081792 0.495427 
vt 0.16525 0.433299 
vt 0.16525 0.645118 
vt 0.027947 0.363003 
vt 0.040521 0.435981 
vt 0.164228 0.487305 
vt 0.083446 0.532953 
vt 0.165257 0.566774 
vt 0.246621 0.529752 
vt 0.165839 0.484105 
vt 0.289546 0.43278 
vt 0.16481 0.563574 
vt 0.165016 0.487366 
vt 0.282273 0.436041 
vt 0.243257 0.533014 
vt 0.165578 0.566835 
vt 0.16495 0.567985 
vt 0.087271 0.534164 
vt 0.165512 0.488516 
vt 0.048255 0.437192 
vt 0.164228 0.487305 
vt 0.285924 0.435981 
vt 0.246817 0.532953 
vt 0.165257 0.566774 
vt 0.16481 0.563574 
vt 0.08325 0.529752 
vt 0.165839 0.484105 
vt 0.044143 0.43278 
vt 0.16525 0.433299 
vt 0.254722 0.251893 
vt 0.302553 0.363003 
vt 0.16525 0.433299 
vt 0.027947 0.363003 
vt 0.075778 0.251893 
vt 0.166033 0.668962 
vt 0.166127 0.836614 
vt 0.124793 0.648565 
vt 0.165578 0.566835 
vt 0.124793 0.648565 
vt 0.084893 0.533014 
vt 0.164494 0.670112 
vt 0.205735 0.649715 
vt 0.1644 0.837764 
vt 0.16495 0.567985 
vt 0.205735 0.649715 
vt 0.245634 0.534164 
vt 0.166292 0.668901 
vt 0.167398 0.836553 
vt 0.124761 0.648504 
vt 0.165257 0.566774 
vt 0.124761 0.648504 
vt 0.083446 0.532953 
vt 0.163774 0.6657 
vt 0.205305 0.645303 
vt 0.162669 0.833353 
vt 0.16481 0.563574 
vt 0.205305 0.645303 
vt 0.246621 0.529752 
vt 0.166033 0.668962 
vt 0.205877 0.648565 
vt 0.166127 0.836614 
vt 0.165578 0.566835 
vt 0.205877 0.648565 
vt 0.243257 0.533014 
vt 0.164494 0.670112 
vt 0.1644 0.837764 
vt 0.124651 0.649715 
vt 0.16495 0.567985 
vt 0.124651 0.649715 
vt 0.087271 0.534164 
vt 0.166292 0.668901 
vt 0.208418 0.648504 
vt 0.167398 0.836553 
vt 0.165257 0.566774 
vt 0.208418 0.648504 
vt 0.246817 0.532953 
vt 0.163774 0.6657 
vt 0.162669 0.833353 
vt 0.121649 0.645303 
vt 0.16481 0.563574 
vt 0.121649 0.645303 
vt 0.08325 0.529752 
vt 0.892219 0.087497 
vt 0.918982 0.087497 
vt 0.858927 0.087497 
vt 0.892219 0.087497 
vt 0.838111 0.087497 
vt 0.838111 0.087497 
vt 0.779787 0.087497 
vt 0.779787 0.087497 
vt 0.817231 0.087497 
vt 0.817231 0.087497 
vt 0.695507 0.087497 
vt 0.724285 0.087497 
vt 0.708871 0.087497 
vt 0.695507 0.087497 
vt 0.648735 0.087497 
vt 0.648735 0.087497 
vt 0.648735 0.087497 
vt 0.648735 0.087497 
vt 0.601963 0.087497 
vt 0.601963 0.087497 
vt 0.5886 0.087497 
vt 0.573186 0.087497 
vt 0.48024 0.087497 
vt 0.517683 0.087497 
vt 0.517683 0.087497 
vt 0.48024 0.087497 
vt 0.405252 0.087497 
vt 0.405252 0.087497 
vt 0.459359 0.087497 
vt 0.459359 0.087497 
vt 0.438544 0.087497 
vt 0.378489 0.087497 
vt 0.892115 0.805795 
vt 0.858927 0.805795 
vt 0.919353 0.805795 
vt 0.892913 0.805795 
vt 0.838111 0.805795 
vt 0.817627 0.805795 
vt 0.779787 0.805795 
vt 0.838111 0.805795 
vt 0.817371 0.805795 
vt 0.779787 0.805795 
vt 0.709196 0.805796 
vt 0.779787 0.805795 
vt 0.817627 0.805795 
vt 0.695507 0.805795 
vt 0.648735 0.805795 
vt 0.695507 0.805795 
vt 0.648735 0.805796 
vt 0.709196 0.805796 
vt 0.601963 0.805795 
vt 0.588274 0.805796 
vt 0.438544 0.805795 
vt 0.405356 0.805795 
vt 0.378118 0.805795 
vt 0.404557 0.805795 
vt 0.459359 0.805795 
vt 0.479844 0.805795 
vt 0.517683 0.805795 
vt 0.459359 0.805795 
vt 0.4801 0.805795 
vt 0.517683 0.805795 
vt 0.588274 0.805796 
vt 0.517683 0.805795 
vt 0.601963 0.805795 
vt 0.479844 0.805795 
vt 0.779787 0.805795 
vt 0.729554 0.884548 
vt 0.817371 0.805795 
vt 0.695507 0.805795 
vt 0.517683 0.805795 
vt 0.4801 0.805795 
vt 0.567916 0.884548 
vt 0.601963 0.805795 
vt 0.695507 0.805795 
vt 0.648735 0.944741 
vt 0.729554 0.884548 
vt 0.648735 0.805795 
vt 0.601963 0.805795 
vt 0.648735 0.944741 
vt 0.567916 0.884548 
vt 0.648735 0.087497 
vt 0.688825 0.446648 
vt 0.695507 0.087497 
vt 0.648735 0.446648 
vt 0.608645 0.446648 
vt 0.601963 0.087497 
vt 0.695507 0.087497 
vt 0.761066 0.446648 
vt 0.779787 0.087497 
vt 0.688825 0.446648 
vt 0.601963 0.087497 
vt 0.536405 0.446648 
vt 0.608645 0.446648 
vt 0.517683 0.087497 
vt 0.779787 0.087497 
vt 0.761066 0.446648 
vt 0.838111 0.087497 
vt 0.811058 0.446648 
vt 0.517683 0.087497 
vt 0.459359 0.087497 
vt 0.536405 0.446648 
vt 0.486413 0.446648 
vt 0.838111 0.087497 
vt 0.811058 0.446648 
vt 0.858927 0.087497 
vt 0.828899 0.446648 
vt 0.459359 0.087497 
vt 0.438544 0.087497 
vt 0.486413 0.446648 
vt 0.468571 0.446648 
vt 0.858927 0.087497 
vt 0.811058 0.446648 
vt 0.838111 0.087497 
vt 0.828899 0.446648 
vt 0.438544 0.087497 
vt 0.486413 0.446648 
vt 0.468571 0.446648 
vt 0.459359 0.087497 
vt 0.838111 0.087497 
vt 0.761066 0.446648 
vt 0.779787 0.087497 
vt 0.811058 0.446648 
vt 0.459359 0.087497 
vt 0.536405 0.446648 
vt 0.486413 0.446648 
vt 0.517683 0.087497 
vt 0.688825 0.446648 
vt 0.695507 0.087497 
vt 0.761066 0.446648 
vt 0.779787 0.087497 
vt 0.608645 0.446648 
vt 0.536405 0.446648 
vt 0.601963 0.087497 
vt 0.517683 0.087497 
vt 0.688825 0.446648 
vt 0.648735 0.087497 
vt 0.695507 0.087497 
vt 0.648735 0.446648 
vt 0.608645 0.446648 
vt 0.601963 0.087497 
vt 0.302553 0.363003 
vt 0.16525 0.545321 
vt 0.248708 0.495427 
vt 0.027947 0.363003 
vt 0.081792 0.495427 
vt 0.16525 0.545321 
vt 0.688825 0.446648 
vt 0.648735 0.805795 
vt 0.695507 0.805795 
vt 0.648735 0.446648 
vt 0.608645 0.446648 
vt 0.601963 0.805795 
vt 0.761066 0.446648 
vt 0.688825 0.446648 
vt 0.695507 0.805795 
vt 0.779787 0.805795 
vt 0.536405 0.446648 
vt 0.601963 0.805795 
vt 0.608645 0.446648 
vt 0.517683 0.805795 
vt 0.761066 0.446648 
vt 0.838111 0.805795 
vt 0.811058 0.446648 
vt 0.779787 0.805795 
vt 0.536405 0.446648 
vt 0.459359 0.805795 
vt 0.517683 0.805795 
vt 0.486413 0.446648 
vt 0.811058 0.446648 
vt 0.858927 0.805795 
vt 0.828899 0.446648 
vt 0.838111 0.805795 
vt 0.486413 0.446648 
vt 0.438544 0.805795 
vt 0.459359 0.805795 
vt 0.468571 0.446648 
vt 0.828899 0.446648 
vt 0.858927 0.805795 
vt 0.811058 0.446648 
vt 0.838111 0.805795 
vt 0.486413 0.446648 
vt 0.438544 0.805795 
vt 0.468571 0.446648 
vt 0.459359 0.805795 
vt 0.811058 0.446648 
vt 0.838111 0.805795 
vt 0.761066 0.446648 
vt 0.779787 0.805795 
vt 0.486413 0.446648 
vt 0.536405 0.446648 
vt 0.459359 0.805795 
vt 0.517683 0.805795 
vt 0.695507 0.805795 
vt 0.761066 0.446648 
vt 0.779787 0.805795 
vt 0.688825 0.446648 
vt 0.536405 0.446648 
vt 0.601963 0.805795 
vt 0.517683 0.805795 
vt 0.608645 0.446648 
vt 0.648735 0.805795 
vt 0.688825 0.446648 
vt 0.695507 0.805795 
vt 0.648735 0.446648 
vt 0.608645 0.446648 
vt 0.601963 0.805795 
vt 0.302553 0.363003 
vt 0.16525 0.378276 
vt 0.16525 0.545321 
vt 0.027947 0.363003 
vt 0.16525 0.545321 
vt 0.16525 0.378276 
vt 0.058734 0.16511 
vt 0.267161 0.16511 
vt 0.162916 0.043422 
vt 0.279209 0.166269 
vt 0.166198 0.04458 
vt 0.053118 0.166269 
vt 0.04096 0.194936 
vt 0.285504 0.194936 
vt 0.163131 0.045887 
vt 0.289106 0.191735 
vt 0.166936 0.042686 
vt 0.044562 0.191735 
vt 0.045793 0.194996 
vt 0.282895 0.194996 
vt 0.164285 0.045947 
vt 0.284735 0.196146 
vt 0.166243 0.047098 
vt 0.047633 0.196146 
vt 0.189106 0.782902 
vt 0.16525 0.779825 
vt 0.16525 0.928323 
vt 0.16525 0.667174 
vt 0.211189 0.661642 
vt 0.211189 0.661642 
vt 0.16525 0.545321 
vt 0.248708 0.495427 
vt 0.141394 0.782902 
vt 0.16525 0.928323 
vt 0.16525 0.779825 
vt 0.16525 0.667174 
vt 0.119311 0.661642 
vt 0.16525 0.545321 
vt 0.119311 0.661642 
vt 0.081792 0.495427 
vt 0.16525 0.048068 
vt 0.16525 0.160765 
vt 0.294315 0.160765 
vt 0.036185 0.160765 
vt 0.219407 0.554741 
vt 0.057946 0.361908 
vt 0.110963 0.554741 
vt 0.268441 0.361908 
vt 0.136409 0.668846 
vt 0.195792 0.668846 
vt 0.16678 0.821466 
vt 0.222554 0.555899 
vt 0.280064 0.363067 
vt 0.10492 0.555899 
vt 0.051729 0.363067 
vt 0.194952 0.670004 
vt 0.130536 0.670004 
vt 0.162007 0.822625 
vt 0.083446 0.532953 
vt 0.285924 0.435981 
vt 0.040521 0.435981 
vt 0.246817 0.532953 
vt 0.124761 0.648504 
vt 0.208418 0.648504 
vt 0.167398 0.836553 
vt 0.246621 0.529752 
vt 0.044143 0.43278 
vt 0.08325 0.529752 
vt 0.289546 0.43278 
vt 0.205305 0.645303 
vt 0.121649 0.645303 
vt 0.162669 0.833353 
vt 0.282273 0.436041 
vt 0.084893 0.533014 
vt 0.243257 0.533014 
vt 0.044689 0.436041 
vt 0.124793 0.648565 
vt 0.205877 0.648565 
vt 0.166127 0.836614 
vt 0.048255 0.437192 
vt 0.245634 0.534164 
vt 0.285839 0.437192 
vt 0.087271 0.534164 
vt 0.205735 0.649715 
vt 0.124651 0.649715 
vt 0.1644 0.837764 

usemtl Handle3Mtl

f 3268/3268/3268 3269/3269/3269 3270/3270/3270 
f 3269/3269/3269 3268/3268/3268 3271/3271/3271 
f 3272/3272/3272 3269/3269/3269 3271/3271/3271 
f 3269/3269/3269 3272/3272/3272 3273/3273/3273 
f 3274/3274/3274 3275/3275/3275 3276/3276/3276 
f 3277/3277/3277 3275/3275/3275 3278/3278/3278 
f 3279/3279/3279 3280/3280/3280 3281/3281/3281 
f 3282/3282/3282 3283/3283/3283 3281/3281/3281 
f 3284/3284/3284 3285/3285/3285 3286/3286/3286 
f 3285/3285/3285 3284/3284/3284 3287/3287/3287 
f 3288/3288/3288 3289/3289/3289 3290/3290/3290 
f 3289/3289/3289 3288/3288/3288 3291/3291/3291 
f 3292/3292/3292 3293/3293/3293 3294/3294/3294 
f 3293/3293/3293 3295/3295/3295 3294/3294/3294 
f 3296/3296/3296 3297/3297/3297 3298/3298/3298 
f 3298/3298/3298 3297/3297/3297 3299/3299/3299 
f 3300/3300/3300 3301/3301/3301 3302/3302/3302 
f 3300/3300/3300 3303/3303/3303 3304/3304/3304 
f 3305/3305/3305 3306/3306/3306 3307/3307/3307 
f 3305/3305/3305 3308/3308/3308 3309/3309/3309 
f 3310/3310/3310 3311/3311/3311 3312/3312/3312 
f 3313/3313/3313 3312/3312/3312 3311/3311/3311 
f 3314/3314/3314 3315/3315/3315 3316/3316/3316 
f 3317/3317/3317 3318/3318/3318 3319/3319/3319 
f 3320/3320/3320 3319/3319/3319 3318/3318/3318 
f 3321/3321/3321 3322/3322/3322 3323/3323/3323 
f 3324/3324/3324 3325/3325/3325 3326/3326/3326 
f 3326/3326/3326 3327/3327/3327 3324/3324/3324 
f 3328/3328/3328 3329/3329/3329 3330/3330/3330 
f 3330/3330/3330 3329/3329/3329 3331/3331/3331 
f 3332/3332/3332 3333/3333/3333 3334/3334/3334 
f 3335/3335/3335 3332/3332/3332 3336/3336/3336 
f 3337/3337/3337 3338/3338/3338 3339/3339/3339 
f 3340/3340/3340 3341/3341/3341 3342/3342/3342 
f 3343/3343/3343 3344/3344/3344 3340/3340/3340 
f 3345/3345/3345 3346/3346/3346 3347/3347/3347 
f 3348/3348/3348 3349/3349/3349 3350/3350/3350 
f 3349/3349/3349 3348/3348/3348 3351/3351/3351 
f 3352/3352/3352 3353/3353/3353 3354/3354/3354 
f 3353/3353/3353 3352/3352/3352 3355/3355/3355 
f 3356/3356/3356 3357/3357/3357 3358/3358/3358 
f 3359/3359/3359 3360/3360/3360 3361/3361/3361 
f 3362/3362/3362 3363/3363/3363 3364/3364/3364 
f 3365/3365/3365 3366/3366/3366 3367/3367/3367 
f 3368/3368/3368 3369/3369/3369 3370/3370/3370 
f 3371/3371/3371 3372/3372/3372 3373/3373/3373 
f 3374/3374/3374 3375/3375/3375 3376/3376/3376 
f 3377/3377/3377 3378/3378/3378 3379/3379/3379 
f 3380/3380/3380 3381/3381/3381 3382/3382/3382 
f 3383/3383/3383 3384/3384/3384 3385/3385/3385 
f 3386/3386/3386 3387/3387/3387 3388/3388/3388 
f 3389/3389/3389 3390/3390/3390 3387/3387/3387 
f 3391/3391/3391 3392/3392/3392 3393/3393/3393 
f 3394/3394/3394 3393/3393/3393 3395/3395/3395 
f 3396/3396/3396 3397/3397/3397 3398/3398/3398 
f 3399/3399/3399 3400/3400/3400 3401/3401/3401 
f 3402/3402/3402 3403/3403/3403 3404/3404/3404 
f 3405/3405/3405 3406/3406/3406 3407/3407/3407 
f 3408/3408/3408 3409/3409/3409 3406/3406/3406 
f 3410/3410/3410 3411/3411/3411 3412/3412/3412 
f 3413/3413/3413 3414/3414/3414 3415/3415/3415 
f 3416/3416/3416 3415/3415/3415 3417/3417/3417 
f 3418/3418/3418 3419/3419/3419 3420/3420/3420 
f 3421/3421/3421 3422/3422/3422 3419/3419/3419 
f 3423/3423/3423 3424/3424/3424 3425/3425/3425 
f 3426/3426/3426 3425/3425/3425 3427/3427/3427 
f 3428/3428/3428 3429/3429/3429 3430/3430/3430 
f 3431/3431/3431 3432/3432/3432 3433/3433/3433 
f 3434/3434/3434 3435/3435/3435 3436/3436/3436 
f 3437/3437/3437 3438/3438/3438 3439/3439/3439 
f 3440/3440/3440 3441/3441/3441 3442/3442/3442 
f 3443/3443/3443 3444/3444/3444 3445/3445/3445 
f 3446/3446/3446 3447/3447/3447 3448/3448/3448 
f 3449/3449/3449 3450/3450/3450 3451/3451/3451 
f 3452/3452/3452 3453/3453/3453 3454/3454/3454 
f 3455/3455/3455 3456/3456/3456 3457/3457/3457 
f 3458/3458/3458 3459/3459/3459 3460/3460/3460 
f 3459/3459/3459 3458/3458/3458 3461/3461/3461 
f 3458/3458/3458 3462/3462/3462 3461/3461/3461 
f 3458/3458/3458 3463/3463/3463 3462/3462/3462 
f 3464/3464/3464 3465/3465/3465 3466/3466/3466 
f 3465/3465/3465 3467/3467/3467 3466/3466/3466 
f 3468/3468/3468 3469/3469/3469 3470/3470/3470 
f 3471/3471/3471 3470/3470/3470 3469/3469/3469 
f 3472/3472/3472 3473/3473/3473 3474/3474/3474 
f 3472/3472/3472 3474/3474/3474 3475/3475/3475 
f 3476/3476/3476 3477/3477/3477 3478/3478/3478 
f 3477/3477/3477 3476/3476/3476 3479/3479/3479 
f 3480/3480/3480 3481/3481/3481 3482/3482/3482 
f 3481/3481/3481 3480/3480/3480 3483/3483/3483 
f 3484/3484/3484 3485/3485/3485 3486/3486/3486 
f 3485/3485/3485 3484/3484/3484 3487/3487/3487 
f 3488/3488/3488 3489/3489/3489 3490/3490/3490 
f 3491/3491/3491 3492/3492/3492 3493/3493/3493 
f 3494/3494/3494 3495/3495/3495 3496/3496/3496 
f 3497/3497/3497 3494/3494/3494 3496/3496/3496 
f 3494/3494/3494 3497/3497/3497 3498/3498/3498 
f 3497/3497/3497 3499/3499/3499 3498/3498/3498 
f 3497/3497/3497 3500/3500/3500 3499/3499/3499 
f 3501/3501/3501 3502/3502/3502 3503/3503/3503 
f 3501/3501/3501 3504/3504/3504 3502/3502/3502 
f 3504/3504/3504 3501/3501/3501 3505/3505/3505 
f 3506/3506/3506 3504/3504/3504 3505/3505/3505 
f 3506/3506/3506 3507/3507/3507 3504/3504/3504 
f 3508/3508/3508 3509/3509/3509 3510/3510/3510 
f 3508/3508/3508 3511/3511/3511 3509/3509/3509 
f 3511/3511/3511 3508/3508/3508 3512/3512/3512 
f 3512/3512/3512 3513/3513/3513 3511/3511/3511 
f 3513/3513/3513 3514/3514/3514 3511/3511/3511 
f 3515/3515/3515 3516/3516/3516 3517/3517/3517 
f 3518/3518/3518 3515/3515/3515 3517/3517/3517 
f 3515/3515/3515 3518/3518/3518 3519/3519/3519 
f 3518/3518/3518 3520/3520/3520 3519/3519/3519 
f 3520/3520/3520 3518/3518/3518 3521/3521/3521 
f 3522/3522/3522 3523/3523/3523 3524/3524/3524 
f 3525/3525/3525 3526/3526/3526 3527/3527/3527 
f 3528/3528/3528 3529/3529/3529 3530/3530/3530 
f 3531/3531/3531 3532/3532/3532 3533/3533/3533 
f 3534/3534/3534 3535/3535/3535 3536/3536/3536 
f 3537/3537/3537 3538/3538/3538 3539/3539/3539 
f 3540/3540/3540 3541/3541/3541 3542/3542/3542 
f 3543/3543/3543 3544/3544/3544 3545/3545/3545 
f 3546/3546/3546 3547/3547/3547 3548/3548/3548 
f 3549/3549/3549 3550/3550/3550 3551/3551/3551 
f 3552/3552/3552 3553/3553/3553 3554/3554/3554 
f 3555/3555/3555 3556/3556/3556 3557/3557/3557 
f 3558/3558/3558 3559/3559/3559 3560/3560/3560 
f 3561/3561/3561 3562/3562/3562 3563/3563/3563 
f 3564/3564/3564 3565/3565/3565 3566/3566/3566 
f 3567/3567/3567 3568/3568/3568 3569/3569/3569 
f 3570/3570/3570 3571/3571/3571 3572/3572/3572 
f 3571/3571/3571 3573/3573/3573 3572/3572/3572 
f 3574/3574/3574 3575/3575/3575 3576/3576/3576 
f 3575/3575/3575 3574/3574/3574 3577/3577/3577 
f 3578/3578/3578 3579/3579/3579 3580/3580/3580 
f 3578/3578/3578 3581/3581/3581 3579/3579/3579 
f 3581/3581/3581 3578/3578/3578 3582/3582/3582 
f 3582/3582/3582 3583/3583/3583 3581/3581/3581 
f 3583/3583/3583 3584/3584/3584 3585/3585/3585 
f 3585/3585/3585 3586/3586/3586 3583/3583/3583 
f 3587/3587/3587 3588/3588/3588 3589/3589/3589 
f 3590/3590/3590 3587/3587/3587 3589/3589/3589 
f 3587/3587/3587 3590/3590/3590 3591/3591/3591 
f 3591/3591/3591 3590/3590/3590 3592/3592/3592 
f 3592/3592/3592 3593/3593/3593 3594/3594/3594 
f 3593/3593/3593 3592/3592/3592 3595/3595/3595 
f 3596/3596/3596 3597/3597/3597 3598/3598/3598 
f 3597/3597/3597 3599/3599/3599 3598/3598/3598 
f 3600/3600/3600 3601/3601/3601 3602/3602/3602 
f 3601/3601/3601 3600/3600/3600 3603/3603/3603 
f 3604/3604/3604 3605/3605/3605 3606/3606/3606 
f 3604/3604/3604 3606/3606/3606 3607/3607/3607 
f 3608/3608/3608 3609/3609/3609 3610/3610/3610 
f 3611/3611/3611 3610/3610/3610 3609/3609/3609 
f 3612/3612/3612 3613/3613/3613 3614/3614/3614 
f 3612/3612/3612 3614/3614/3614 3615/3615/3615 
f 3616/3616/3616 3617/3617/3617 3618/3618/3618 
f 3619/3619/3619 3618/3618/3618 3617/3617/3617 
f 3620/3620/3620 3621/3621/3621 3622/3622/3622 
f 3623/3623/3623 3624/3624/3624 3625/3625/3625 
f 3626/3626/3626 3627/3627/3627 3628/3628/3628 
f 3629/3629/3629 3626/3626/3626 3630/3630/3630 
f 3630/3630/3630 3631/3631/3631 3629/3629/3629 
f 3632/3632/3632 3633/3633/3633 3634/3634/3634 
f 3635/3635/3635 3636/3636/3636 3632/3632/3632 
f 3636/3636/3636 3635/3635/3635 3637/3637/3637 
f 3638/3638/3638 3639/3639/3639 3640/3640/3640 
f 3641/3641/3641 3638/3638/3638 3642/3642/3642 
f 3642/3642/3642 3643/3643/3643 3641/3641/3641 
f 3644/3644/3644 3645/3645/3645 3646/3646/3646 
f 3647/3647/3647 3648/3648/3648 3644/3644/3644 
f 3648/3648/3648 3647/3647/3647 3649/3649/3649 
f 3650/3650/3650 3651/3651/3651 3652/3652/3652 
f 3653/3653/3653 3654/3654/3654 3650/3650/3650 
f 3655/3655/3655 3654/3654/3654 3653/3653/3653 
f 3656/3656/3656 3657/3657/3657 3658/3658/3658 
f 3659/3659/3659 3656/3656/3656 3660/3660/3660 
f 3661/3661/3661 3659/3659/3659 3660/3660/3660 
f 3662/3662/3662 3663/3663/3663 3664/3664/3664 
f 3665/3665/3665 3666/3666/3666 3662/3662/3662 
f 3667/3667/3667 3666/3666/3666 3665/3665/3665 
f 3668/3668/3668 3669/3669/3669 3670/3670/3670 
f 3671/3671/3671 3668/3668/3668 3672/3672/3672 
f 3673/3673/3673 3671/3671/3671 3672/3672/3672 
f 3674/3674/3674 3675/3675/3675 3676/3676/3676 
f 3677/3677/3677 3676/3676/3676 3675/3675/3675 
f 3674/3674/3674 3676/3676/3676 3678/3678/3678 
f 3676/3676/3676 3677/3677/3677 3679/3679/3679 
f 3680/3680/3680 3674/3674/3674 3678/3678/3678 
f 3677/3677/3677 3681/3681/3681 3679/3679/3679 
f 3674/3674/3674 3680/3680/3680 3682/3682/3682 
f 3681/3681/3681 3677/3677/3677 3683/3683/3683 
f 3684/3684/3684 3682/3682/3682 3680/3680/3680 
f 3685/3685/3685 3681/3681/3681 3683/3683/3683 
f 3682/3682/3682 3684/3684/3684 3686/3686/3686 
f 3681/3681/3681 3685/3685/3685 3687/3687/3687 
f 3684/3684/3684 3688/3688/3688 3686/3686/3686 
f 3685/3685/3685 3689/3689/3689 3687/3687/3687 
f 3688/3688/3688 3684/3684/3684 3690/3690/3690 
f 3687/3687/3687 3689/3689/3689 3691/3691/3691 
f 3692/3692/3692 3688/3688/3688 3690/3690/3690 
f 3689/3689/3689 3693/3693/3693 3691/3691/3691 
f 3688/3688/3688 3692/3692/3692 3694/3694/3694 
f 3689/3689/3689 3695/3695/3695 3693/3693/3693 
f 3692/3692/3692 3696/3696/3696 3694/3694/3694 
f 3695/3695/3695 3697/3697/3697 3693/3693/3693 
f 3696/3696/3696 3692/3692/3692 3698/3698/3698 
f 3697/3697/3697 3695/3695/3695 3699/3699/3699 
f 3698/3698/3698 3700/3700/3700 3696/3696/3696 
f 3697/3697/3697 3699/3699/3699 3701/3701/3701 
f 3700/3700/3700 3698/3698/3698 3702/3702/3702 
f 3703/3703/3703 3697/3697/3697 3701/3701/3701 
f 3704/3704/3704 3700/3700/3700 3702/3702/3702 
f 3701/3701/3701 3704/3704/3704 3703/3703/3703 
f 3705/3705/3705 3700/3700/3700 3704/3704/3704 
f 3704/3704/3704 3701/3701/3701 3705/3705/3705 
f 3706/3706/3706 3707/3707/3707 3708/3708/3708 
f 3709/3709/3709 3708/3708/3708 3707/3707/3707 
f 3707/3707/3707 3706/3706/3706 3710/3710/3710 
f 3711/3711/3711 3710/3710/3710 3706/3706/3706 
f 3710/3710/3710 3711/3711/3711 3712/3712/3712 
f 3707/3707/3707 3713/3713/3713 3709/3709/3709 
f 3713/3713/3713 3714/3714/3714 3709/3709/3709 
f 3714/3714/3714 3713/3713/3713 3715/3715/3715 
f 3716/3716/3716 3717/3717/3717 3718/3718/3718 
f 3717/3717/3717 3716/3716/3716 3719/3719/3719 
f 3720/3720/3720 3721/3721/3721 3722/3722/3722 
f 3721/3721/3721 3723/3723/3723 3722/3722/3722 
f 3720/3720/3720 3722/3722/3722 3724/3724/3724 
f 3724/3724/3724 3722/3722/3722 3725/3725/3725 
f 3726/3726/3726 3727/3727/3727 3728/3728/3728 
f 3729/3729/3729 3726/3726/3726 3728/3728/3728 
f 3727/3727/3727 3726/3726/3726 3730/3730/3730 
f 3730/3730/3730 3731/3731/3731 3727/3727/3727 
f 3731/3731/3731 3730/3730/3730 3732/3732/3732 
f 3726/3726/3726 3729/3729/3729 3733/3733/3733 
f 3734/3734/3734 3733/3733/3733 3729/3729/3729 
f 3733/3733/3733 3734/3734/3734 3735/3735/3735 
f 3736/3736/3736 3737/3737/3737 3738/3738/3738 
f 3737/3737/3737 3736/3736/3736 3739/3739/3739 
f 3740/3740/3740 3741/3741/3741 3742/3742/3742 
f 3741/3741/3741 3740/3740/3740 3743/3743/3743 
f 3744/3744/3744 3745/3745/3745 3746/3746/3746 
f 3744/3744/3744 3746/3746/3746 3747/3747/3747 
f 3748/3748/3748 3749/3749/3749 3750/3750/3750 
f 3749/3749/3749 3748/3748/3748 3751/3751/3751 
f 3752/3752/3752 3753/3753/3753 3751/3751/3751 
f 3753/3753/3753 3752/3752/3752 3754/3754/3754 
f 3755/3755/3755 3756/3756/3756 3757/3757/3757 
f 3756/3756/3756 3755/3755/3755 3758/3758/3758 
f 3755/3755/3755 3759/3759/3759 3758/3758/3758 
f 3755/3755/3755 3760/3760/3760 3759/3759/3759 
f 3761/3761/3761 3762/3762/3762 3763/3763/3763 
f 3762/3762/3762 3761/3761/3761 3764/3764/3764 
f 3765/3765/3765 3766/3766/3766 3767/3767/3767 
f 3766/3766/3766 3765/3765/3765 3768/3768/3768 
f 3769/3769/3769 3770/3770/3770 3771/3771/3771 
f 3770/3770/3770 3772/3772/3772 3771/3771/3771 
f 3773/3773/3773 3774/3774/3774 3775/3775/3775 
f 3775/3775/3775 3774/3774/3774 3776/3776/3776 
f 3777/3777/3777 3778/3778/3778 3779/3779/3779 
f 3778/3778/3778 3780/3780/3780 3779/3779/3779 
f 3781/3781/3781 3782/3782/3782 3783/3783/3783 
f 3783/3783/3783 3782/3782/3782 3784/3784/3784 
f 3785/3785/3785 3786/3786/3786 3787/3787/3787 
f 3786/3786/3786 3785/3785/3785 3788/3788/3788 
f 3789/3789/3789 3790/3790/3790 3791/3791/3791 
f 3790/3790/3790 3789/3789/3789 3792/3792/3792 
f 3793/3793/3793 3794/3794/3794 3795/3795/3795 
f 3794/3794/3794 3793/3793/3793 3796/3796/3796 
f 3797/3797/3797 3798/3798/3798 3799/3799/3799 
f 3798/3798/3798 3797/3797/3797 3800/3800/3800 
f 3801/3801/3801 3802/3802/3802 3803/3803/3803 
f 3803/3803/3803 3802/3802/3802 3804/3804/3804 
f 3805/3805/3805 3806/3806/3806 3807/3807/3807 
f 3806/3806/3806 3808/3808/3808 3807/3807/3807 
f 3809/3809/3809 3810/3810/3810 3811/3811/3811 
f 3810/3810/3810 3809/3809/3809 3812/3812/3812 
f 3813/3813/3813 3810/3810/3810 3812/3812/3812 
f 3810/3810/3810 3813/3813/3813 3814/3814/3814 
f 3815/3815/3815 3816/3816/3816 3817/3817/3817 
f 3818/3818/3818 3819/3819/3819 3820/3820/3820 
f 3821/3821/3821 3822/3822/3822 3823/3823/3823 
f 3822/3822/3822 3821/3821/3821 3824/3824/3824 
f 3825/3825/3825 3822/3822/3822 3824/3824/3824 
f 3822/3822/3822 3825/3825/3825 3826/3826/3826 
f 3827/3827/3827 3828/3828/3828 3829/3829/3829 
f 3829/3829/3829 3830/3830/3830 3827/3827/3827 
f 3831/3831/3831 3832/3832/3832 3833/3833/3833 
f 3832/3832/3832 3831/3831/3831 3834/3834/3834 
f 3835/3835/3835 3836/3836/3836 3837/3837/3837 
f 3836/3836/3836 3835/3835/3835 3838/3838/3838 
f 3839/3839/3839 3840/3840/3840 3841/3841/3841 
f 3840/3840/3840 3839/3839/3839 3842/3842/3842 
f 3843/3843/3843 3844/3844/3844 3845/3845/3845 
f 3844/3844/3844 3843/3843/3843 3846/3846/3846 
f 3847/3847/3847 3848/3848/3848 3849/3849/3849 
f 3848/3848/3848 3847/3847/3847 3850/3850/3850 
f 3851/3851/3851 3852/3852/3852 3853/3853/3853 
f 3852/3852/3852 3854/3854/3854 3853/3853/3853 
f 3855/3855/3855 3856/3856/3856 3857/3857/3857 
f 3856/3856/3856 3855/3855/3855 3858/3858/3858 
f 3859/3859/3859 3860/3860/3860 3861/3861/3861 
f 3860/3860/3860 3862/3862/3862 3861/3861/3861 
f 3863/3863/3863 3864/3864/3864 3865/3865/3865 
f 3866/3866/3866 3865/3865/3865 3864/3864/3864 
f 3867/3867/3867 3868/3868/3868 3869/3869/3869 
f 3868/3868/3868 3867/3867/3867 3870/3870/3870 
f 3871/3871/3871 3872/3872/3872 3873/3873/3873 
f 3872/3872/3872 3871/3871/3871 3874/3874/3874 
f 3875/3875/3875 3876/3876/3876 3877/3877/3877 
f 3876/3876/3876 3875/3875/3875 3878/3878/3878 
f 3875/3875/3875 3879/3879/3879 3878/3878/3878 
f 3875/3875/3875 3880/3880/3880 3879/3879/3879 
f 3881/3881/3881 3882/3882/3882 3883/3883/3883 
f 3884/3884/3884 3885/3885/3885 3886/3886/3886 
f 3887/3887/3887 3888/3888/3888 3889/3889/3889 
f 3890/3890/3890 3891/3891/3891 3892/3892/3892 
f 3893/3893/3893 3894/3894/3894 3895/3895/3895 
f 3896/3896/3896 3897/3897/3897 3898/3898/3898 
f 3899/3899/3899 3900/3900/3900 3901/3901/3901 
f 3902/3902/3902 3903/3903/3903 3904/3904/3904 
f 3905/3905/3905 3906/3906/3906 3907/3907/3907 
f 3905/3905/3905 3908/3908/3908 3906/3906/3906 
f 3908/3908/3908 3905/3905/3905 3909/3909/3909 
f 3910/3910/3910 3911/3911/3911 3908/3908/3908 
f 3911/3911/3911 3910/3910/3910 3912/3912/3912 
f 3913/3913/3913 3914/3914/3914 3915/3915/3915 
f 3916/3916/3916 3913/3913/3913 3915/3915/3915 
f 3913/3913/3913 3916/3916/3916 3917/3917/3917 
f 3918/3918/3918 3919/3919/3919 3916/3916/3916 
f 3919/3919/3919 3918/3918/3918 3920/3920/3920 
f 3921/3921/3921 3922/3922/3922 3923/3923/3923 
f 3921/3921/3921 3924/3924/3924 3922/3922/3922 
f 3925/3925/3925 3926/3926/3926 3927/3927/3927 
f 3926/3926/3926 3925/3925/3925 3928/3928/3928 
f 3929/3929/3929 3925/3925/3925 3927/3927/3927 
f 3925/3925/3925 3929/3929/3929 3930/3930/3930 
f 3931/3931/3931 3930/3930/3930 3929/3929/3929 
f 3932/3932/3932 3933/3933/3933 3934/3934/3934 
f 3933/3933/3933 3935/3935/3935 3934/3934/3934 
f 3936/3936/3936 3932/3932/3932 3934/3934/3934 
f 3936/3936/3936 3934/3934/3934 3937/3937/3937 
f 3938/3938/3938 3936/3936/3936 3937/3937/3937 
f 3939/3939/3939 3940/3940/3940 3941/3941/3941 
f 3940/3940/3940 3939/3939/3939 3942/3942/3942 
f 3943/3943/3943 3942/3942/3942 3939/3939/3939 
f 3942/3942/3942 3943/3943/3943 3944/3944/3944 
f 3945/3945/3945 3944/3944/3944 3943/3943/3943 
f 3946/3946/3946 3947/3947/3947 3948/3948/3948 
f 3947/3947/3947 3946/3946/3946 3949/3949/3949 
f 3950/3950/3950 3946/3946/3946 3948/3948/3948 
f 3950/3950/3950 3948/3948/3948 3951/3951/3951 
f 3952/3952/3952 3950/3950/3950 3951/3951/3951 
f 3953/3953/3953 3954/3954/3954 3955/3955/3955 
f 3954/3954/3954 3953/3953/3953 3956/3956/3956 
f 3955/3955/3955 3954/3954/3954 3957/3957/3957 
f 3955/3955/3955 3957/3957/3957 3958/3958/3958 
f 3959/3959/3959 3958/3958/3958 3957/3957/3957 
f 3960/3960/3960 3961/3961/3961 3962/3962/3962 
f 3961/3961/3961 3960/3960/3960 3963/3963/3963 
f 3963/3963/3963 3964/3964/3964 3961/3961/3961 
f 3964/3964/3964 3963/3963/3963 3965/3965/3965 
f 3966/3966/3966 3964/3964/3964 3965/3965/3965 

g Androeofficial1

v -286.129 2.09125 80.1832 
v -286.271 2.28816 80.1937 
v -286.271 2.28816 80.5987 
v -286.129 2.09125 80.6222 
v -286.272 2.08627 80.0336 
v -286.396 2.28816 80.1547 
v -286.396 2.28816 80.5987 
v -286.272 2.09438 80.7512 
v -286.396 2.09012 80.7931 
v -286.524 2.28816 80.5987 
v -286.396 2.08721 79.9945 
v -286.524 2.28816 80.1547 
v -286.524 2.08817 79.9944 
v -286.66 2.28816 80.5987 
v -286.659 2.08113 80.7501 
v -286.523 2.08578 80.7928 
v -286.66 2.28816 80.1937 
v -286.659 2.08919 80.0335 
v -286.796 2.09125 80.1832 
v -286.796 2.09125 80.6222 
v -286.141 1.11039 80.1987 
v -286.164 1.07326 80.2267 
v -286.285 1.05318 80.0848 
v -286.267 1.11039 80.0295 
v -286.141 1.11039 80.5194 
v -286.164 1.07323 80.4865 
v -286.182 1.04366 80.2932 
v -286.182 1.04362 80.4167 
v -286.401 1.04653 80.0572 
v -286.299 1.00757 80.221 
v -286.394 1.11039 79.9991 
v -286.519 1.04653 80.0572 
v -286.406 0.995638 80.2049 
v -286.207 1.01628 80.3611 
v -286.311 0.984288 80.3611 
v -286.302 1.00782 80.5032 
v -286.41 0.970704 80.3611 
v -286.515 0.995638 80.2049 
v -286.525 1.11039 79.9991 
v -286.646 1.05318 80.0848 
v -286.631 1.00757 80.221 
v -286.511 0.970704 80.3611 
v -286.407 0.999397 80.5208 
v -286.291 1.05332 80.6334 
v -286.514 0.999397 80.5208 
v -286.403 1.04863 80.6558 
v -286.619 0.984288 80.3611 
v -286.743 1.04366 80.2932 
v -286.762 1.07326 80.2267 
v -286.664 1.11039 80.0295 
v -286.785 1.11039 80.1987 
v -286.762 1.07323 80.4865 
v -286.785 1.11039 80.5194 
v -286.744 1.04362 80.4167 
v -286.719 1.01628 80.3611 
v -286.628 1.00782 80.5032 
v -286.517 1.04863 80.6558 
v -286.639 1.05332 80.6334 
v -286.653 1.11039 80.6799 
v -286.522 1.11039 80.6988 
v -286.398 1.11039 80.6988 
v -286.278 1.11039 80.6799 
v -286.289 1.37353 80.6908 
v -286.402 1.37353 80.7059 
v -286.397 1.21424 80.6676 
v -286.275 1.21424 80.6676 
v -286.399 1.79756 80.7204 
v -286.279 1.80008 80.6895 
v -286.518 1.37353 80.7059 
v -286.523 1.21424 80.6676 
v -286.521 1.79498 80.7202 
v -286.398 1.11039 80.6988 
v -286.278 1.11039 80.6799 
v -286.522 1.11039 80.6988 
v -286.656 1.21424 80.6676 
v -286.653 1.11039 80.6799 
v -286.642 1.37353 80.6908 
v -286.652 1.79224 80.6888 
v -286.659 2.08113 80.7501 
v -286.523 2.08578 80.7928 
v -286.396 2.09012 80.7931 
v -286.272 2.09438 80.7512 
v -286.796 2.09125 80.6222 
v -286.652 1.79224 80.6888 
v -286.659 2.08113 80.7501 
v -286.766 1.37353 80.5194 
v -286.784 1.79822 80.5432 
v -286.784 1.79822 80.1923 
v -286.766 1.37353 80.2054 
v -286.79 1.21424 80.5194 
v -286.656 1.21424 80.6676 
v -286.642 1.37353 80.6908 
v -286.796 2.09125 80.1832 
v -286.642 1.37353 80.0491 
v -286.652 1.79701 80.0399 
v -286.659 2.08919 80.0335 
v -286.79 1.21424 80.191 
v -286.785 1.11039 80.5194 
v -286.785 1.11039 80.1987 
v -286.653 1.11039 80.6799 
v -286.68 1.21424 80.0072 
v -286.664 1.11039 80.0295 
v -286.53 1.21424 79.9691 
v -286.525 1.11039 79.9991 
v -286.518 1.37353 80.0254 
v -286.402 1.37353 80.0254 
v -286.389 1.21424 79.9691 
v -286.394 1.11039 79.9991 
v -286.521 1.79641 80.0071 
v -286.399 1.79583 80.0071 
v -286.289 1.37353 80.0491 
v -286.251 1.21424 80.0072 
v -286.267 1.11039 80.0295 
v -286.136 1.21424 80.191 
v -286.159 1.37353 80.2054 
v -286.279 1.79527 80.0399 
v -286.396 2.08721 79.9945 
v -286.524 2.08817 79.9944 
v -286.272 2.08627 80.0336 
v -286.141 1.79822 80.1923 
v -286.159 1.37353 80.5194 
v -286.136 1.21424 80.5194 
v -286.141 1.79822 80.5432 
v -286.129 2.09125 80.1832 
v -286.289 1.37353 80.6908 
v -286.275 1.21424 80.6676 
v -286.141 1.11039 80.5194 
v -286.278 1.11039 80.6799 
v -286.141 1.11039 80.1987 
v -286.279 1.80008 80.6895 
v -286.129 2.09125 80.6222 
v -286.272 2.09438 80.7512 

vn 0.952756 0.228346 -0.19685 
vn 0.551181 0.818898 -0.165354 
vn 0.559055 0.811024 0.181102 
vn 0.952756 0.204724 0.23622 
vn 0.535433 0.188976 -0.826772 
vn 0.0551181 0.937008 -0.354331 
vn 0.023622 0.952756 0.307087 
vn 0.480315 0.110236 0.874016 
vn 0.110236 0.220472 0.968504 
vn -0.0314961 0.952756 0.314961 
vn 0.141732 0.283465 -0.952756 
vn -0.0551181 0.937008 -0.346457 
vn -0.133858 0.283465 -0.952756 
vn -0.543307 0.811024 0.188976 
vn -0.472441 0.102362 0.874016 
vn -0.110236 0.212598 0.968504 
vn -0.543307 0.826772 -0.173228 
vn -0.519685 0.19685 -0.834646 
vn -0.96063 0.220472 -0.188976 
vn -0.952756 0.19685 0.220472 
vn 0.724409 -0.629921 -0.291339 
vn 0.661417 -0.724409 -0.212598 
vn 0.346457 -0.826772 -0.433071 
vn 0.401575 -0.692913 -0.598425 
vn 0.716535 -0.614173 0.322835 
vn 0.661417 -0.716535 0.220472 
vn 0.543307 -0.826772 -0.15748 
vn 0.559055 -0.818898 0.15748 
vn 0.0787402 -0.866142 -0.496063 
vn 0.259843 -0.937008 -0.228346 
vn 0.0944882 -0.685039 -0.724409 
vn -0.0708661 -0.866142 -0.496063 
vn 0.0629921 -0.968504 -0.244094 
vn 0.385827 -0.92126 0.00787402 
vn 0.220472 -0.976378 0.00787402 
vn 0.267717 -0.937008 0.244094 
vn 0.0629921 -1 0.00787402 
vn -0.0629921 -0.968504 -0.244094 
vn -0.0866142 -0.685039 -0.724409 
vn -0.338583 -0.834646 -0.440945 
vn -0.251969 -0.937008 -0.228346 
vn -0.0551181 -1 0.00787402 
vn 0.0551181 -0.968504 0.259843 
vn 0.346457 -0.811024 0.464567 
vn -0.0551181 -0.968504 0.259843 
vn 0.0629921 -0.84252 0.535433 
vn -0.212598 -0.976378 0.00787402 
vn -0.559055 -0.818898 -0.149606 
vn -0.669291 -0.716535 -0.204724 
vn -0.385827 -0.700787 -0.598425 
vn -0.732283 -0.622047 -0.283465 
vn -0.669291 -0.708661 0.212598 
vn -0.724409 -0.614173 0.314961 
vn -0.566929 -0.811024 0.149606 
vn -0.393701 -0.92126 0.00787402 
vn -0.259843 -0.937008 0.244094 
vn -0.0629921 -0.84252 0.535433 
vn -0.338583 -0.818898 0.472441 
vn -0.401575 -0.645669 0.645669 
vn -0.0708661 -0.590551 0.80315 
vn 0.0787402 -0.590551 0.80315 
vn 0.409449 -0.645669 0.645669 
vn 0.566929 -0.0393701 0.818898 
vn 0.0787402 -0.0787402 0.992126 
vn 0.0314961 -0.023622 1 
vn 0.566929 0.015748 0.826772 
vn 0.11811 -0.11811 0.984252 
vn 0.574803 -0.110236 0.811024 
vn -0.0787402 -0.0787402 0.992126 
vn -0.0314961 -0.023622 1 
vn -0.110236 -0.11811 0.984252 
vn 0.0393701 0.244094 0.968504 
vn 0.511811 0.0944882 0.850394 
vn -0.0314961 0.244094 0.968504 
vn -0.559055 0.015748 0.826772 
vn -0.503937 0.102362 0.858268 
vn -0.559055 -0.0393701 0.826772 
vn -0.566929 -0.110236 0.811024 
vn -0.472441 0.102362 0.874016 
vn -0.110236 0.212598 0.968504 
vn 0.110236 0.220472 0.968504 
vn 0.480315 0.110236 0.874016 
vn -0.952756 0.19685 0.220472 
vn -0.566929 -0.110236 0.811024 
vn -0.472441 0.102362 0.874016 
vn -0.968504 0 0.251969 
vn -0.968504 -0.0629921 0.228346 
vn -0.968504 -0.0472441 -0.244094 
vn -0.968504 0.023622 -0.244094 
vn -0.968504 0.0551181 0.251969 
vn -0.559055 0.015748 0.826772 
vn -0.559055 -0.0393701 0.826772 
vn -0.96063 0.220472 -0.188976 
vn -0.590551 0.0629921 -0.80315 
vn -0.574803 -0.0393701 -0.811024 
vn -0.519685 0.19685 -0.834646 
vn -0.968504 0.0787402 -0.23622 
vn -0.96063 -0.0314961 0.267717 
vn -0.968504 -0.0944882 -0.212598 
vn -0.503937 0.102362 0.858268 
vn -0.622047 0.0944882 -0.771654 
vn -0.614173 -0.220472 -0.755906 
vn -0.11811 0.0866142 -0.992126 
vn -0.11811 -0.267717 -0.952756 
vn -0.110236 0.0708661 -0.992126 
vn 0.11811 0.0708661 -0.992126 
vn 0.125984 0.0866142 -0.984252 
vn 0.11811 -0.267717 -0.952756 
vn -0.125984 -0.0393701 -0.992126 
vn 0.125984 -0.0393701 -0.992126 
vn 0.598425 0.0629921 -0.80315 
vn 0.629921 0.0944882 -0.771654 
vn 0.622047 -0.212598 -0.748031 
vn 0.968504 0.0787402 -0.244094 
vn 0.968504 0.023622 -0.251969 
vn 0.590551 -0.0393701 -0.811024 
vn 0.141732 0.283465 -0.952756 
vn -0.133858 0.283465 -0.952756 
vn 0.535433 0.188976 -0.826772 
vn 0.968504 -0.0472441 -0.259843 
vn 0.968504 0 0.259843 
vn 0.96063 0.0551181 0.267717 
vn 0.968504 -0.0629921 0.244094 
vn 0.952756 0.228346 -0.19685 
vn 0.566929 -0.0393701 0.818898 
vn 0.566929 0.015748 0.826772 
vn 0.96063 -0.0314961 0.283465 
vn 0.511811 0.0944882 0.850394 
vn 0.968504 -0.102362 -0.220472 
vn 0.574803 -0.110236 0.811024 
vn 0.952756 0.204724 0.23622 
vn 0.480315 0.110236 0.874016 

vt 0.767081 0.383696 
vt 0.767081 0.406561 
vt 0.727319 0.406561 
vt 0.727319 0.383696 
vt 0.783233 0.406561 
vt 0.767081 0.426012 
vt 0.727319 0.426012 
vt 0.714961 0.406561 
vt 0.714961 0.426012 
vt 0.727319 0.451057 
vt 0.783233 0.426012 
vt 0.767081 0.451057 
vt 0.783233 0.451057 
vt 0.727319 0.474358 
vt 0.714961 0.474358 
vt 0.714961 0.451057 
vt 0.767081 0.474358 
vt 0.783233 0.474358 
vt 0.767081 0.495866 
vt 0.727319 0.495866 
vt 0.788761 0.446415 
vt 0.789765 0.43818 
vt 0.796109 0.438181 
vt 0.79543 0.446416 
vt 0.788761 0.391756 
vt 0.789742 0.39913 
vt 0.790566 0.431616 
vt 0.790525 0.405008 
vt 0.802414 0.438182 
vt 0.796651 0.431617 
vt 0.802177 0.446417 
vt 0.808868 0.438182 
vt 0.802604 0.431618 
vt 0.792239 0.417892 
vt 0.797782 0.417893 
vt 0.796916 0.405007 
vt 0.803 0.417894 
vt 0.808697 0.431618 
vt 0.809082 0.446417 
vt 0.815763 0.438181 
vt 0.815207 0.431617 
vt 0.80834 0.417894 
vt 0.802699 0.405008 
vt 0.79652 0.39913 
vt 0.808618 0.405008 
vt 0.802562 0.39913 
vt 0.814045 0.417893 
vt 0.821021 0.431616 
vt 0.821822 0.43818 
vt 0.81646 0.446416 
vt 0.822826 0.446415 
vt 0.821845 0.39913 
vt 0.822826 0.391756 
vt 0.821063 0.405008 
vt 0.819348 0.417892 
vt 0.814943 0.405007 
vt 0.808745 0.39913 
vt 0.815352 0.39913 
vt 0.815866 0.391755 
vt 0.808905 0.391755 
vt 0.802389 0.391755 
vt 0.796024 0.391755 
vt 0.99314 0.299514 
vt 0.969561 0.299514 
vt 0.969772 0.283358 
vt 0.993037 0.283358 
vt 0.972428 0.354946 
vt 0.99314 0.354946 
vt 0.949171 0.299514 
vt 0.947528 0.283358 
vt 0.950627 0.354946 
vt 0.969069 0.271322 
vt 0.99314 0.271322 
vt 0.947253 0.271322 
vt 0.923494 0.283358 
vt 0.923494 0.271322 
vt 0.923494 0.299514 
vt 0.923494 0.354946 
vt 0.923494 0.382896 
vt 0.951732 0.382896 
vt 0.974032 0.382896 
vt 0.99314 0.382896 
vt 0.902404 0.382896 
vt 0.923494 0.354946 
vt 0.923494 0.382896 
vt 0.89541 0.299514 
vt 0.897142 0.354946 
vt 0.853609 0.354946 
vt 0.853609 0.299514 
vt 0.894544 0.283358 
vt 0.923494 0.283358 
vt 0.923494 0.299514 
vt 0.853609 0.382896 
vt 0.837171 0.299514 
vt 0.836353 0.354946 
vt 0.837509 0.382896 
vt 0.853609 0.283358 
vt 0.894577 0.271322 
vt 0.853609 0.271322 
vt 0.923494 0.271322 
vt 0.838375 0.283358 
vt 0.837657 0.271322 
vt 0.825783 0.283358 
vt 0.825013 0.271322 
vt 0.825951 0.299514 
vt 0.815007 0.299514 
vt 0.813715 0.283358 
vt 0.813904 0.271322 
vt 0.824782 0.354946 
vt 0.814164 0.354946 
vt 0.803998 0.299514 
vt 0.802518 0.283358 
vt 0.803262 0.271322 
vt 0.784196 0.283358 
vt 0.784016 0.299514 
vt 0.803554 0.354946 
vt 0.813975 0.382896 
vt 0.825061 0.382896 
vt 0.802431 0.382896 
vt 0.784016 0.354946 
vt 0.747714 0.299514 
vt 0.748432 0.283358 
vt 0.746018 0.354946 
vt 0.784016 0.382896 
vt 0.715394 0.299514 
vt 0.715291 0.283358 
vt 0.748305 0.271322 
vt 0.715394 0.271322 
vt 0.784016 0.271322 
vt 0.715394 0.354946 
vt 0.741016 0.382896 
vt 0.715394 0.382896 

usemtl Androeofficial1Mtl

f 3967/3967/3967 3968/3968/3968 3969/3969/3969 
f 3967/3967/3967 3969/3969/3969 3970/3970/3970 
f 3968/3968/3968 3967/3967/3967 3971/3971/3971 
f 3968/3968/3968 3972/3972/3972 3973/3973/3973 
f 3968/3968/3968 3973/3973/3973 3969/3969/3969 
f 3972/3972/3972 3968/3968/3968 3971/3971/3971 
f 3969/3969/3969 3974/3974/3974 3970/3970/3970 
f 3973/3973/3973 3974/3974/3974 3969/3969/3969 
f 3973/3973/3973 3975/3975/3975 3974/3974/3974 
f 3976/3976/3976 3975/3975/3975 3973/3973/3973 
f 3972/3972/3972 3976/3976/3976 3973/3973/3973 
f 3972/3972/3972 3971/3971/3971 3977/3977/3977 
f 3972/3972/3972 3978/3978/3978 3976/3976/3976 
f 3979/3979/3979 3978/3978/3978 3972/3972/3972 
f 3979/3979/3979 3972/3972/3972 3977/3977/3977 
f 3976/3976/3976 3980/3980/3980 3981/3981/3981 
f 3976/3976/3976 3981/3981/3981 3982/3982/3982 
f 3983/3983/3983 3980/3980/3980 3976/3976/3976 
f 3983/3983/3983 3976/3976/3976 3978/3978/3978 
f 3976/3976/3976 3982/3982/3982 3975/3975/3975 
f 3984/3984/3984 3983/3983/3983 3978/3978/3978 
f 3984/3984/3984 3978/3978/3978 3979/3979/3979 
f 3985/3985/3985 3980/3980/3980 3983/3983/3983 
f 3985/3985/3985 3983/3983/3983 3984/3984/3984 
f 3986/3986/3986 3981/3981/3981 3980/3980/3980 
f 3985/3985/3985 3986/3986/3986 3980/3980/3980 
f 3987/3987/3987 3988/3988/3988 3989/3989/3989 
f 3987/3987/3987 3989/3989/3989 3990/3990/3990 
f 3991/3991/3991 3988/3988/3988 3987/3987/3987 
f 3991/3991/3991 3992/3992/3992 3988/3988/3988 
f 3989/3989/3989 3988/3988/3988 3993/3993/3993 
f 3988/3988/3988 3992/3992/3992 3994/3994/3994 
f 3988/3988/3988 3994/3994/3994 3993/3993/3993 
f 3990/3990/3990 3989/3989/3989 3995/3995/3995 
f 3989/3989/3989 3993/3993/3993 3996/3996/3996 
f 3995/3995/3995 3989/3989/3989 3996/3996/3996 
f 3990/3990/3990 3995/3995/3995 3997/3997/3997 
f 3997/3997/3997 3995/3995/3995 3998/3998/3998 
f 3995/3995/3995 3996/3996/3996 3999/3999/3999 
f 3998/3998/3998 3995/3995/3995 3999/3999/3999 
f 3996/3996/3996 3993/3993/3993 4000/4000/4000 
f 3996/3996/3996 4000/4000/4000 4001/4001/4001 
f 3999/3999/3999 3996/3996/3996 4001/4001/4001 
f 3993/3993/3993 3994/3994/3994 4000/4000/4000 
f 3994/3994/3994 4002/4002/4002 4001/4001/4001 
f 3994/3994/3994 4001/4001/4001 4000/4000/4000 
f 3992/3992/3992 4002/4002/4002 3994/3994/3994 
f 3999/3999/3999 4001/4001/4001 4003/4003/4003 
f 4002/4002/4002 4003/4003/4003 4001/4001/4001 
f 4004/4004/4004 3999/3999/3999 4003/4003/4003 
f 3998/3998/3998 3999/3999/3999 4004/4004/4004 
f 4005/4005/4005 3998/3998/3998 4006/4006/4006 
f 3997/3997/3997 3998/3998/3998 4005/4005/4005 
f 4006/4006/4006 3998/3998/3998 4004/4004/4004 
f 4007/4007/4007 4004/4004/4004 4008/4008/4008 
f 4004/4004/4004 4003/4003/4003 4008/4008/4008 
f 4006/4006/4006 4004/4004/4004 4007/4007/4007 
f 4002/4002/4002 4009/4009/4009 4003/4003/4003 
f 4009/4009/4009 4008/4008/4008 4003/4003/4003 
f 3992/3992/3992 4010/4010/4010 4002/4002/4002 
f 4010/4010/4010 4009/4009/4009 4002/4002/4002 
f 4009/4009/4009 4011/4011/4011 4008/4008/4008 
f 4010/4010/4010 4012/4012/4012 4009/4009/4009 
f 4012/4012/4012 4011/4011/4011 4009/4009/4009 
f 4007/4007/4007 4008/4008/4008 4013/4013/4013 
f 4011/4011/4011 4013/4013/4013 4008/4008/4008 
f 4014/4014/4014 4007/4007/4007 4013/4013/4013 
f 4015/4015/4015 4006/4006/4006 4007/4007/4007 
f 4015/4015/4015 4007/4007/4007 4014/4014/4014 
f 4016/4016/4016 4006/4006/4006 4015/4015/4015 
f 4005/4005/4005 4006/4006/4006 4016/4016/4016 
f 4016/4016/4016 4015/4015/4015 4017/4017/4017 
f 4014/4014/4014 4018/4018/4018 4015/4015/4015 
f 4015/4015/4015 4018/4018/4018 4019/4019/4019 
f 4015/4015/4015 4019/4019/4019 4017/4017/4017 
f 4020/4020/4020 4014/4014/4014 4021/4021/4021 
f 4014/4014/4014 4013/4013/4013 4021/4021/4021 
f 4014/4014/4014 4020/4020/4020 4018/4018/4018 
f 4022/4022/4022 4021/4021/4021 4013/4013/4013 
f 4011/4011/4011 4022/4022/4022 4013/4013/4013 
f 4023/4023/4023 4022/4022/4022 4011/4011/4011 
f 4012/4012/4012 4023/4023/4023 4011/4011/4011 
f 4022/4022/4022 4020/4020/4020 4021/4021/4021 
f 4024/4024/4024 4020/4020/4020 4022/4022/4022 
f 4023/4023/4023 4024/4024/4024 4022/4022/4022 
f 4024/4024/4024 4018/4018/4018 4020/4020/4020 
f 4019/4019/4019 4018/4018/4018 4024/4024/4024 
f 4019/4019/4019 4024/4024/4024 4025/4025/4025 
f 4025/4025/4025 4024/4024/4024 4023/4023/4023 
f 4025/4025/4025 4023/4023/4023 4026/4026/4026 
f 4026/4026/4026 4023/4023/4023 4012/4012/4012 
f 4026/4026/4026 4012/4012/4012 4027/4027/4027 
f 4027/4027/4027 4012/4012/4012 4010/4010/4010 
f 4027/4027/4027 4010/4010/4010 4028/4028/4028 
f 4028/4028/4028 4010/4010/4010 3992/3992/3992 
f 4028/4028/4028 3992/3992/3992 3991/3991/3991 
f 4029/4029/4029 4030/4030/4030 4031/4031/4031 
f 4029/4029/4029 4031/4031/4031 4032/4032/4032 
f 4033/4033/4033 4030/4030/4030 4029/4029/4029 
f 4033/4033/4033 4029/4029/4029 4034/4034/4034 
f 4030/4030/4030 4035/4035/4035 4036/4036/4036 
f 4030/4030/4030 4036/4036/4036 4031/4031/4031 
f 4037/4037/4037 4035/4035/4035 4030/4030/4030 
f 4037/4037/4037 4030/4030/4030 4033/4033/4033 
f 4031/4031/4031 4038/4038/4038 4039/4039/4039 
f 4031/4031/4031 4039/4039/4039 4032/4032/4032 
f 4031/4031/4031 4036/4036/4036 4040/4040/4040 
f 4031/4031/4031 4040/4040/4040 4038/4038/4038 
f 4036/4036/4036 4041/4041/4041 4042/4042/4042 
f 4036/4036/4036 4042/4042/4042 4040/4040/4040 
f 4043/4043/4043 4041/4041/4041 4036/4036/4036 
f 4043/4043/4043 4036/4036/4036 4035/4035/4035 
f 4037/4037/4037 4043/4043/4043 4035/4035/4035 
f 4037/4037/4037 4044/4044/4044 4043/4043/4043 
f 4045/4045/4045 4044/4044/4044 4037/4037/4037 
f 4045/4045/4045 4037/4037/4037 4046/4046/4046 
f 4046/4046/4046 4037/4037/4037 4033/4033/4033 
f 4046/4046/4046 4033/4033/4033 4047/4047/4047 
f 4048/4048/4048 4047/4047/4047 4033/4033/4033 
f 4048/4048/4048 4033/4033/4033 4034/4034/4034 
f 4049/4049/4049 4050/4050/4050 4051/4051/4051 
f 4052/4052/4052 4053/4053/4053 4054/4054/4054 
f 4052/4052/4052 4054/4054/4054 4055/4055/4055 
f 4056/4056/4056 4052/4052/4052 4055/4055/4055 
f 4052/4052/4052 4056/4056/4056 4057/4057/4057 
f 4052/4052/4052 4057/4057/4057 4058/4058/4058 
f 4050/4050/4050 4053/4053/4053 4052/4052/4052 
f 4050/4050/4050 4052/4052/4052 4058/4058/4058 
f 4053/4053/4053 4049/4049/4049 4059/4059/4059 
f 4053/4053/4053 4059/4059/4059 4054/4054/4054 
f 4049/4049/4049 4053/4053/4053 4050/4050/4050 
f 4060/4060/4060 4055/4055/4055 4054/4054/4054 
f 4060/4060/4060 4054/4054/4054 4061/4061/4061 
f 4054/4054/4054 4059/4059/4059 4062/4062/4062 
f 4054/4054/4054 4062/4062/4062 4061/4061/4061 
f 4056/4056/4056 4055/4055/4055 4063/4063/4063 
f 4063/4063/4063 4055/4055/4055 4060/4060/4060 
f 4057/4057/4057 4056/4056/4056 4064/4064/4064 
f 4065/4065/4065 4064/4064/4064 4056/4056/4056 
f 4065/4065/4065 4056/4056/4056 4063/4063/4063 
f 4057/4057/4057 4064/4064/4064 4066/4066/4066 
f 4063/4063/4063 4060/4060/4060 4067/4067/4067 
f 4068/4068/4068 4065/4065/4065 4063/4063/4063 
f 4068/4068/4068 4063/4063/4063 4067/4067/4067 
f 4069/4069/4069 4067/4067/4067 4060/4060/4060 
f 4070/4070/4070 4068/4068/4068 4067/4067/4067 
f 4070/4070/4070 4067/4067/4067 4069/4069/4069 
f 4069/4069/4069 4060/4060/4060 4071/4071/4071 
f 4069/4069/4069 4071/4071/4071 4072/4072/4072 
f 4069/4069/4069 4072/4072/4072 4073/4073/4073 
f 4074/4074/4074 4070/4070/4070 4069/4069/4069 
f 4074/4074/4074 4069/4069/4069 4073/4073/4073 
f 4075/4075/4075 4071/4071/4071 4060/4060/4060 
f 4076/4076/4076 4072/4072/4072 4071/4071/4071 
f 4076/4076/4076 4071/4071/4071 4075/4075/4075 
f 4073/4073/4073 4072/4072/4072 4077/4077/4077 
f 4076/4076/4076 4077/4077/4077 4072/4072/4072 
f 4073/4073/4073 4077/4077/4077 4078/4078/4078 
f 4079/4079/4079 4074/4074/4074 4073/4073/4073 
f 4079/4079/4079 4073/4073/4073 4078/4078/4078 
f 4080/4080/4080 4078/4078/4078 4077/4077/4077 
f 4080/4080/4080 4077/4077/4077 4081/4081/4081 
f 4076/4076/4076 4082/4082/4082 4077/4077/4077 
f 4082/4082/4082 4081/4081/4081 4077/4077/4077 
f 4083/4083/4083 4082/4082/4082 4076/4076/4076 
f 4076/4076/4076 4075/4075/4075 4084/4084/4084 
f 4076/4076/4076 4084/4084/4084 4083/4083/4083 
f 4075/4075/4075 4060/4060/4060 4061/4061/4061 
f 4061/4061/4061 4084/4084/4084 4075/4075/4075 
f 4061/4061/4061 4062/4062/4062 4084/4084/4084 
f 4083/4083/4083 4085/4085/4085 4082/4082/4082 
f 4082/4082/4082 4086/4086/4086 4081/4081/4081 
f 4085/4085/4085 4086/4086/4086 4082/4082/4082 
f 4087/4087/4087 4081/4081/4081 4086/4086/4086 
f 4088/4088/4088 4080/4080/4080 4081/4081/4081 
f 4088/4088/4088 4081/4081/4081 4087/4087/4087 
f 4087/4087/4087 4086/4086/4086 4089/4089/4089 
f 4085/4085/4085 4090/4090/4090 4086/4086/4086 
f 4089/4089/4089 4086/4086/4086 4090/4090/4090 
f 4087/4087/4087 4091/4091/4091 4092/4092/4092 
f 4087/4087/4087 4092/4092/4092 4088/4088/4088 
f 4089/4089/4089 4091/4091/4091 4087/4087/4087 
f 4092/4092/4092 4093/4093/4093 4088/4088/4088 
f 4093/4093/4093 4080/4080/4080 4088/4088/4088 
f 4092/4092/4092 4094/4094/4094 4093/4093/4093 
f 4093/4093/4093 4095/4095/4095 4080/4080/4080 
f 4095/4095/4095 4078/4078/4078 4080/4080/4080 
f 4095/4095/4095 4079/4079/4079 4078/4078/4078 
f 4089/4089/4089 4096/4096/4096 4091/4091/4091 
f 4097/4097/4097 4096/4096/4096 4089/4089/4089 
f 4089/4089/4089 4090/4090/4090 4097/4097/4097 
f 4097/4097/4097 4098/4098/4098 4096/4096/4096 

g Androeofficial2

v -286.107 0.536764 80.1704 
v -286.115 0.488986 80.1923 
v -286.254 0.489216 80.0287 
v -286.252 0.536601 80.003 
v -286.107 0.537186 80.6029 
v -286.115 0.488984 80.5853 
v -286.136 0.43992 80.2358 
v -286.136 0.439351 80.5479 
v -286.389 0.489319 79.9817 
v -286.263 0.440637 80.091 
v -286.389 0.536563 79.9644 
v -286.53 0.489319 79.9817 
v -286.392 0.44091 80.0383 
v -286.157 0.393065 80.3961 
v -286.283 0.3668 80.3961 
v -286.265 0.43864 80.6912 
v -286.4 0.353171 80.3961 
v -286.528 0.44091 80.0383 
v -286.531 0.536563 79.9644 
v -286.678 0.489216 80.0287 
v -286.669 0.440637 80.091 
v -286.52 0.353171 80.3961 
v -286.393 0.438313 80.7589 
v -286.257 0.488766 80.7571 
v -286.526 0.438313 80.7589 
v -286.391 0.488651 80.8234 
v -286.648 0.3668 80.3961 
v -286.79 0.43992 80.2358 
v -286.81 0.488986 80.1923 
v -286.68 0.536601 80.003 
v -286.818 0.536764 80.1704 
v -286.81 0.488984 80.5853 
v -286.789 0.439351 80.5479 
v -286.769 0.393065 80.3961 
v -286.666 0.43864 80.6912 
v -286.529 0.488651 80.8234 
v -286.675 0.488766 80.7571 
v -286.818 0.537186 80.6029 
v -286.676 0.537365 80.7863 
v -286.529 0.537424 80.8464 
v -286.391 0.537424 80.8464 
v -286.256 0.537365 80.7863 
v -286.399 1.01895 80.7261 
v -286.391 0.537424 80.8464 
v -286.256 0.537365 80.7863 
v -286.281 1.01895 80.6907 
v -286.521 1.01895 80.7261 
v -286.529 0.537424 80.8464 
v -286.278 1.11039 80.6798 
v -286.398 1.11039 80.6986 
v -286.65 1.01895 80.6907 
v -286.676 0.537365 80.7863 
v -286.522 1.11039 80.6986 
v -286.653 1.11039 80.6798 
v -286.267 1.11039 80.0294 
v -286.277 1.15595 80.0773 
v -286.176 1.15613 80.2377 
v -286.141 1.11039 80.1986 
v -286.394 1.11039 79.9989 
v -286.398 1.1559 80.0461 
v -286.293 1.20601 80.155 
v -286.403 1.20592 80.1292 
v -286.176 1.15621 80.4764 
v -286.212 1.20632 80.2986 
v -286.141 1.11039 80.5193 
v -286.285 1.15638 80.6308 
v -286.212 1.20645 80.412 
v -286.31 1.24206 80.354 
v -286.237 1.21986 80.3539 
v -286.409 1.25728 80.354 
v -286.517 1.20592 80.1292 
v -286.511 1.25728 80.354 
v -286.405 1.20683 80.5703 
v -286.515 1.20683 80.5703 
v -286.298 1.20675 80.5521 
v -286.278 1.11039 80.6798 
v -286.401 1.15642 80.6517 
v -286.519 1.15642 80.6517 
v -286.633 1.20675 80.5521 
v -286.646 1.15638 80.6308 
v -286.621 1.24206 80.354 
v -286.713 1.20645 80.412 
v -286.75 1.15621 80.4764 
v -286.653 1.11039 80.6798 
v -286.522 1.11039 80.6986 
v -286.398 1.11039 80.6986 
v -286.785 1.11039 80.5193 
v -286.75 1.15613 80.2377 
v -286.688 1.21986 80.3539 
v -286.713 1.20632 80.2986 
v -286.637 1.20601 80.155 
v -286.654 1.15595 80.0773 
v -286.785 1.11039 80.1986 
v -286.664 1.11039 80.0294 
v -286.522 1.1559 80.0461 
v -286.525 1.11039 79.9989 
v -286.146 1.01895 80.5193 
v -286.281 1.01895 80.6907 
v -286.256 0.537365 80.7863 
v -286.107 0.537186 80.6029 
v -286.146 1.01895 80.2053 
v -286.141 1.11039 80.5193 
v -286.278 1.11039 80.6798 
v -286.141 1.11039 80.1986 
v -286.281 1.01895 80.0489 
v -286.107 0.536764 80.1704 
v -286.267 1.11039 80.0294 
v -286.399 1.01895 80.0253 
v -286.394 1.11039 79.9989 
v -286.252 0.536601 80.003 
v -286.521 1.01895 80.0253 
v -286.525 1.11039 79.9989 
v -286.389 0.536563 79.9644 
v -286.65 1.01895 80.0489 
v -286.531 0.536563 79.9644 
v -286.664 1.11039 80.0294 
v -286.78 1.01895 80.2053 
v -286.785 1.11039 80.1986 
v -286.68 0.536601 80.003 
v -286.78 1.01895 80.5193 
v -286.785 1.11039 80.5193 
v -286.818 0.536764 80.1704 
v -286.818 0.537186 80.6029 
v -286.676 0.537365 80.7863 
v -286.65 1.01895 80.6907 
v -286.653 1.11039 80.6798 

vn 0.913386 -0.275591 -0.299213 
vn 0.889764 -0.401575 -0.23622 
vn 0.488189 -0.582677 -0.653543 
vn 0.519685 -0.401575 -0.755906 
vn 0.92126 -0.259843 0.291339 
vn 0.889764 -0.393701 0.244094 
vn 0.551181 -0.811024 -0.204724 
vn 0.559055 -0.80315 0.212598 
vn 0.125984 -0.614173 -0.779528 
vn 0.228346 -0.92126 -0.322835 
vn 0.141732 -0.377953 -0.913386 
vn -0.125984 -0.614173 -0.779528 
vn 0.0629921 -0.944882 -0.330709 
vn 0.354331 -0.937008 0 
vn 0.15748 -0.984252 0 
vn 0.244094 -0.913386 0.322835 
vn 0.0551181 -1 -0.00787402 
vn -0.0629921 -0.944882 -0.330709 
vn -0.133858 -0.377953 -0.913386 
vn -0.480315 -0.590551 -0.653543 
vn -0.220472 -0.92126 -0.322835 
vn -0.0472441 -1 -0.00787402 
vn 0.0787402 -0.944882 0.322835 
vn 0.527559 -0.582677 0.622047 
vn -0.0708661 -0.944882 0.322835 
vn 0.173228 -0.645669 0.740157 
vn -0.15748 -0.984252 0 
vn -0.559055 -0.80315 -0.19685 
vn -0.889764 -0.393701 -0.228346 
vn -0.503937 -0.401575 -0.76378 
vn -0.92126 -0.267717 -0.291339 
vn -0.889764 -0.385827 0.228346 
vn -0.566929 -0.795276 0.204724 
vn -0.370079 -0.929134 0 
vn -0.23622 -0.92126 0.314961 
vn -0.165354 -0.653543 0.740157 
vn -0.519685 -0.582677 0.622047 
vn -0.929134 -0.259843 0.275591 
vn -0.551181 -0.409449 0.724409 
vn -0.181102 -0.440945 0.874016 
vn 0.188976 -0.440945 0.874016 
vn 0.566929 -0.401575 0.716535 
vn 0.165354 0.23622 0.96063 
vn 0.173228 0.23622 0.96063 
vn 0.622047 0.188976 0.76378 
vn 0.629921 0.173228 0.755906 
vn -0.165354 0.23622 0.96063 
vn -0.165354 0.23622 0.96063 
vn 0.614173 0.0787402 0.787402 
vn 0.110236 0.244094 0.96063 
vn -0.622047 0.181102 0.76378 
vn -0.614173 0.19685 0.76378 
vn -0.102362 0.244094 0.968504 
vn -0.606299 0.0787402 0.795276 
vn 0.393701 0.732283 -0.559055 
vn 0.401575 0.771654 -0.488189 
vn 0.708661 0.685039 -0.188976 
vn 0.700787 0.669291 -0.244094 
vn 0.0787402 0.724409 -0.685039 
vn 0.0708661 0.80315 -0.598425 
vn 0.275591 0.913386 -0.307087 
vn 0.0472441 0.944882 -0.322835 
vn 0.692913 0.692913 0.19685 
vn 0.566929 0.811024 -0.141732 
vn 0.685039 0.677165 0.267717 
vn 0.377953 0.779528 0.503937 
vn 0.566929 0.811024 0.141732 
vn 0.149606 0.992126 0 
vn 0.283465 0.96063 0 
vn 0.0472441 1 0 
vn -0.0472441 0.944882 -0.322835 
vn -0.0393701 1 0 
vn 0.0393701 0.944882 0.322835 
vn -0.0393701 0.944882 0.322835 
vn 0.267717 0.913386 0.314961 
vn 0.362205 0.732283 0.574803 
vn 0.0472441 0.795276 0.606299 
vn -0.0472441 0.795276 0.606299 
vn -0.251969 0.913386 0.314961 
vn -0.370079 0.779528 0.503937 
vn -0.141732 0.992126 0 
vn -0.574803 0.80315 0.133858 
vn -0.700787 0.685039 0.188976 
vn -0.346457 0.732283 0.582677 
vn -0.0551181 0.716535 0.692913 
vn 0.0551181 0.716535 0.692913 
vn -0.685039 0.677165 0.259843 
vn -0.708661 0.677165 -0.181102 
vn -0.299213 0.952756 0 
vn -0.582677 0.80315 -0.133858 
vn -0.267717 0.913386 -0.307087 
vn -0.393701 0.779528 -0.488189 
vn -0.708661 0.669291 -0.23622 
vn -0.385827 0.732283 -0.566929 
vn -0.0708661 0.80315 -0.598425 
vn -0.0787402 0.724409 -0.685039 
vn 0.968504 0.0944882 0.228346 
vn 0.629921 0.173228 0.755906 
vn 0.622047 0.188976 0.76378 
vn 0.952756 0.11811 0.275591 
vn 0.968504 0.0629921 -0.244094 
vn 0.96063 -0.0314961 0.267717 
vn 0.614173 0.0787402 0.787402 
vn 0.952756 -0.102362 -0.267717 
vn 0.582677 0.0629921 -0.811024 
vn 0.96063 0.0944882 -0.259843 
vn 0.590551 -0.212598 -0.779528 
vn 0.11811 0.0629921 -0.992126 
vn 0.102362 -0.267717 -0.96063 
vn 0.582677 0.11811 -0.80315 
vn -0.110236 0.0629921 -0.992126 
vn -0.102362 -0.267717 -0.96063 
vn 0.11811 0.11811 -0.984252 
vn -0.574803 0.0629921 -0.811024 
vn -0.110236 0.11811 -0.984252 
vn -0.574803 -0.212598 -0.787402 
vn -0.968504 0.0629921 -0.23622 
vn -0.96063 -0.102362 -0.259843 
vn -0.574803 0.11811 -0.811024 
vn -0.968504 0.0944882 0.220472 
vn -0.968504 -0.0314961 0.259843 
vn -0.96063 0.0944882 -0.251969 
vn -0.96063 0.11811 0.259843 
vn -0.614173 0.19685 0.76378 
vn -0.622047 0.181102 0.76378 
vn -0.606299 0.0787402 0.795276 

vt 0.753848 0.178475 
vt 0.75468 0.169218 
vt 0.761135 0.171939 
vt 0.760767 0.178476 
vt 0.75385 0.124044 
vt 0.754687 0.134055 
vt 0.755648 0.158448 
vt 0.755662 0.145703 
vt 0.767418 0.172808 
vt 0.761563 0.164334 
vt 0.767302 0.178476 
vt 0.773988 0.172808 
vt 0.767552 0.166213 
vt 0.756208 0.152224 
vt 0.762244 0.152223 
vt 0.761665 0.139624 
vt 0.767837 0.152221 
vt 0.773866 0.166213 
vt 0.774094 0.178476 
vt 0.780868 0.171939 
vt 0.780427 0.164334 
vt 0.773606 0.152221 
vt 0.767612 0.137659 
vt 0.76128 0.131245 
vt 0.773811 0.137659 
vt 0.767498 0.130337 
vt 0.779725 0.152223 
vt 0.786054 0.158448 
vt 0.787022 0.169218 
vt 0.781247 0.178476 
vt 0.787854 0.178475 
vt 0.787015 0.134055 
vt 0.78604 0.145703 
vt 0.785495 0.152224 
vt 0.780321 0.139624 
vt 0.773915 0.130337 
vt 0.780718 0.131245 
vt 0.787852 0.124044 
vt 0.78106 0.124043 
vt 0.774004 0.124043 
vt 0.767401 0.124043 
vt 0.760949 0.124043 
vt 0.968449 0.259569 
vt 0.967718 0.187795 
vt 0.99314 0.187795 
vt 0.99314 0.259569 
vt 0.94701 0.259569 
vt 0.943443 0.187795 
vt 0.99314 0.271322 
vt 0.969069 0.271322 
vt 0.923494 0.259569 
vt 0.923494 0.187795 
vt 0.947253 0.271322 
vt 0.923494 0.271322 
vt 0.721192 0.123894 
vt 0.721367 0.132716 
vt 0.715791 0.137378 
vt 0.714539 0.12393 
vt 0.727922 0.123887 
vt 0.727978 0.131754 
vt 0.721493 0.139069 
vt 0.728017 0.137418 
vt 0.715793 0.16559 
vt 0.716693 0.147062 
vt 0.714539 0.178946 
vt 0.72177 0.170119 
vt 0.716697 0.155972 
vt 0.721741 0.151558 
vt 0.717111 0.151558 
vt 0.728117 0.151557 
vt 0.734729 0.137418 
vt 0.734643 0.151557 
vt 0.728126 0.165379 
vt 0.734639 0.165379 
vt 0.72176 0.163762 
vt 0.721785 0.178948 
vt 0.72813 0.171059 
vt 0.734637 0.171059 
vt 0.7416 0.163762 
vt 0.741591 0.170119 
vt 0.741616 0.151558 
vt 0.746365 0.155972 
vt 0.747269 0.16559 
vt 0.74158 0.178948 
vt 0.734635 0.178948 
vt 0.728135 0.178948 
vt 0.748523 0.178946 
vt 0.747271 0.137378 
vt 0.745951 0.151558 
vt 0.74637 0.147062 
vt 0.741867 0.139069 
vt 0.741995 0.132716 
vt 0.748523 0.12393 
vt 0.742172 0.123894 
vt 0.734764 0.131754 
vt 0.734811 0.123887 
vt 0.748193 0.259569 
vt 0.715394 0.259569 
vt 0.715394 0.187795 
vt 0.74363 0.187795 
vt 0.784016 0.259569 
vt 0.748305 0.271322 
vt 0.715394 0.271322 
vt 0.784016 0.271322 
vt 0.803917 0.259569 
vt 0.784016 0.187795 
vt 0.803262 0.271322 
vt 0.813877 0.259569 
vt 0.813904 0.271322 
vt 0.798398 0.187794 
vt 0.824204 0.259569 
vt 0.825013 0.271322 
vt 0.813606 0.187794 
vt 0.837025 0.259569 
vt 0.828908 0.187794 
vt 0.837657 0.271322 
vt 0.853609 0.259569 
vt 0.853609 0.271322 
vt 0.843623 0.187794 
vt 0.894605 0.259569 
vt 0.894577 0.271322 
vt 0.853609 0.187795 
vt 0.898831 0.187795 
vt 0.923494 0.187795 
vt 0.923494 0.259569 
vt 0.923494 0.271322 

usemtl Androeofficial1Mtl

f 4099/4099/4099 4100/4100/4100 4101/4101/4101 
f 4099/4099/4099 4101/4101/4101 4102/4102/4102 
f 4103/4103/4103 4100/4100/4100 4099/4099/4099 
f 4103/4103/4103 4104/4104/4104 4100/4100/4100 
f 4101/4101/4101 4100/4100/4100 4105/4105/4105 
f 4100/4100/4100 4104/4104/4104 4106/4106/4106 
f 4100/4100/4100 4106/4106/4106 4105/4105/4105 
f 4102/4102/4102 4101/4101/4101 4107/4107/4107 
f 4101/4101/4101 4105/4105/4105 4108/4108/4108 
f 4107/4107/4107 4101/4101/4101 4108/4108/4108 
f 4102/4102/4102 4107/4107/4107 4109/4109/4109 
f 4109/4109/4109 4107/4107/4107 4110/4110/4110 
f 4107/4107/4107 4108/4108/4108 4111/4111/4111 
f 4110/4110/4110 4107/4107/4107 4111/4111/4111 
f 4108/4108/4108 4105/4105/4105 4112/4112/4112 
f 4108/4108/4108 4112/4112/4112 4113/4113/4113 
f 4111/4111/4111 4108/4108/4108 4113/4113/4113 
f 4105/4105/4105 4106/4106/4106 4112/4112/4112 
f 4106/4106/4106 4114/4114/4114 4113/4113/4113 
f 4106/4106/4106 4113/4113/4113 4112/4112/4112 
f 4104/4104/4104 4114/4114/4114 4106/4106/4106 
f 4111/4111/4111 4113/4113/4113 4115/4115/4115 
f 4114/4114/4114 4115/4115/4115 4113/4113/4113 
f 4116/4116/4116 4111/4111/4111 4115/4115/4115 
f 4110/4110/4110 4111/4111/4111 4116/4116/4116 
f 4117/4117/4117 4110/4110/4110 4118/4118/4118 
f 4109/4109/4109 4110/4110/4110 4117/4117/4117 
f 4118/4118/4118 4110/4110/4110 4116/4116/4116 
f 4119/4119/4119 4116/4116/4116 4120/4120/4120 
f 4116/4116/4116 4115/4115/4115 4120/4120/4120 
f 4118/4118/4118 4116/4116/4116 4119/4119/4119 
f 4114/4114/4114 4121/4121/4121 4115/4115/4115 
f 4121/4121/4121 4120/4120/4120 4115/4115/4115 
f 4104/4104/4104 4122/4122/4122 4114/4114/4114 
f 4122/4122/4122 4121/4121/4121 4114/4114/4114 
f 4121/4121/4121 4123/4123/4123 4120/4120/4120 
f 4122/4122/4122 4124/4124/4124 4121/4121/4121 
f 4124/4124/4124 4123/4123/4123 4121/4121/4121 
f 4123/4123/4123 4125/4125/4125 4120/4120/4120 
f 4119/4119/4119 4120/4120/4120 4125/4125/4125 
f 4126/4126/4126 4119/4119/4119 4125/4125/4125 
f 4127/4127/4127 4118/4118/4118 4119/4119/4119 
f 4127/4127/4127 4119/4119/4119 4126/4126/4126 
f 4128/4128/4128 4118/4118/4118 4127/4127/4127 
f 4117/4117/4117 4118/4118/4118 4128/4128/4128 
f 4129/4129/4129 4127/4127/4127 4130/4130/4130 
f 4128/4128/4128 4127/4127/4127 4129/4129/4129 
f 4130/4130/4130 4127/4127/4127 4126/4126/4126 
f 4131/4131/4131 4126/4126/4126 4132/4132/4132 
f 4126/4126/4126 4125/4125/4125 4132/4132/4132 
f 4130/4130/4130 4126/4126/4126 4131/4131/4131 
f 4133/4133/4133 4132/4132/4132 4125/4125/4125 
f 4123/4123/4123 4133/4133/4133 4125/4125/4125 
f 4134/4134/4134 4133/4133/4133 4123/4123/4123 
f 4124/4124/4124 4134/4134/4134 4123/4123/4123 
f 4133/4133/4133 4131/4131/4131 4132/4132/4132 
f 4135/4135/4135 4131/4131/4131 4133/4133/4133 
f 4134/4134/4134 4135/4135/4135 4133/4133/4133 
f 4135/4135/4135 4130/4130/4130 4131/4131/4131 
f 4129/4129/4129 4130/4130/4130 4136/4136/4136 
f 4136/4136/4136 4130/4130/4130 4135/4135/4135 
f 4136/4136/4136 4135/4135/4135 4137/4137/4137 
f 4137/4137/4137 4135/4135/4135 4134/4134/4134 
f 4137/4137/4137 4134/4134/4134 4138/4138/4138 
f 4138/4138/4138 4134/4134/4134 4124/4124/4124 
f 4138/4138/4138 4124/4124/4124 4139/4139/4139 
f 4139/4139/4139 4124/4124/4124 4122/4122/4122 
f 4139/4139/4139 4122/4122/4122 4140/4140/4140 
f 4140/4140/4140 4122/4122/4122 4104/4104/4104 
f 4140/4140/4140 4104/4104/4104 4103/4103/4103 
f 4141/4141/4141 4142/4142/4142 4143/4143/4143 
f 4141/4141/4141 4143/4143/4143 4144/4144/4144 
f 4141/4141/4141 4145/4145/4145 4146/4146/4146 
f 4141/4141/4141 4146/4146/4146 4142/4142/4142 
f 4147/4147/4147 4148/4148/4148 4141/4141/4141 
f 4147/4147/4147 4141/4141/4141 4144/4144/4144 
f 4148/4148/4148 4145/4145/4145 4141/4141/4141 
f 4145/4145/4145 4149/4149/4149 4150/4150/4150 
f 4145/4145/4145 4150/4150/4150 4146/4146/4146 
f 4151/4151/4151 4149/4149/4149 4145/4145/4145 
f 4148/4148/4148 4151/4151/4151 4145/4145/4145 
f 4151/4151/4151 4152/4152/4152 4149/4149/4149 
f 4153/4153/4153 4154/4154/4154 4155/4155/4155 
f 4153/4153/4153 4155/4155/4155 4156/4156/4156 
f 4157/4157/4157 4154/4154/4154 4153/4153/4153 
f 4157/4157/4157 4158/4158/4158 4154/4154/4154 
f 4155/4155/4155 4154/4154/4154 4159/4159/4159 
f 4154/4154/4154 4158/4158/4158 4160/4160/4160 
f 4154/4154/4154 4160/4160/4160 4159/4159/4159 
f 4156/4156/4156 4155/4155/4155 4161/4161/4161 
f 4155/4155/4155 4159/4159/4159 4162/4162/4162 
f 4161/4161/4161 4155/4155/4155 4162/4162/4162 
f 4156/4156/4156 4161/4161/4161 4163/4163/4163 
f 4163/4163/4163 4161/4161/4161 4164/4164/4164 
f 4161/4161/4161 4162/4162/4162 4165/4165/4165 
f 4164/4164/4164 4161/4161/4161 4165/4165/4165 
f 4162/4162/4162 4159/4159/4159 4166/4166/4166 
f 4162/4162/4162 4166/4166/4166 4167/4167/4167 
f 4165/4165/4165 4162/4162/4162 4167/4167/4167 
f 4159/4159/4159 4160/4160/4160 4168/4168/4168 
f 4159/4159/4159 4168/4168/4168 4166/4166/4166 
f 4160/4160/4160 4169/4169/4169 4170/4170/4170 
f 4160/4160/4160 4170/4170/4170 4168/4168/4168 
f 4158/4158/4158 4169/4169/4169 4160/4160/4160 
f 4171/4171/4171 4166/4166/4166 4168/4168/4168 
f 4172/4172/4172 4171/4171/4171 4168/4168/4168 
f 4172/4172/4172 4168/4168/4168 4170/4170/4170 
f 4173/4173/4173 4167/4167/4167 4166/4166/4166 
f 4171/4171/4171 4173/4173/4173 4166/4166/4166 
f 4173/4173/4173 4165/4165/4165 4167/4167/4167 
f 4164/4164/4164 4165/4165/4165 4173/4173/4173 
f 4163/4163/4163 4164/4164/4164 4174/4174/4174 
f 4174/4174/4174 4164/4164/4164 4175/4175/4175 
f 4175/4175/4175 4164/4164/4164 4173/4173/4173 
f 4175/4175/4175 4173/4173/4173 4171/4171/4171 
f 4176/4176/4176 4175/4175/4175 4171/4171/4171 
f 4176/4176/4176 4171/4171/4171 4172/4172/4172 
f 4177/4177/4177 4172/4172/4172 4170/4170/4170 
f 4178/4178/4178 4176/4176/4176 4172/4172/4172 
f 4178/4178/4178 4172/4172/4172 4177/4177/4177 
f 4177/4177/4177 4170/4170/4170 4179/4179/4179 
f 4169/4169/4169 4179/4179/4179 4170/4170/4170 
f 4180/4180/4180 4177/4177/4177 4179/4179/4179 
f 4181/4181/4181 4178/4178/4178 4177/4177/4177 
f 4181/4181/4181 4177/4177/4177 4180/4180/4180 
f 4182/4182/4182 4178/4178/4178 4181/4181/4181 
f 4183/4183/4183 4176/4176/4176 4178/4178/4178 
f 4183/4183/4183 4178/4178/4178 4182/4182/4182 
f 4184/4184/4184 4175/4175/4175 4176/4176/4176 
f 4184/4184/4184 4176/4176/4176 4183/4183/4183 
f 4174/4174/4174 4175/4175/4175 4184/4184/4184 
f 4182/4182/4182 4181/4181/4181 4185/4185/4185 
f 4185/4185/4185 4181/4181/4181 4186/4186/4186 
f 4186/4186/4186 4181/4181/4181 4180/4180/4180 
f 4180/4180/4180 4179/4179/4179 4187/4187/4187 
f 4188/4188/4188 4180/4180/4180 4187/4187/4187 
f 4186/4186/4186 4180/4180/4180 4188/4188/4188 
f 4189/4189/4189 4187/4187/4187 4179/4179/4179 
f 4169/4169/4169 4189/4189/4189 4179/4179/4179 
f 4189/4189/4189 4188/4188/4188 4187/4187/4187 
f 4190/4190/4190 4186/4186/4186 4188/4188/4188 
f 4190/4190/4190 4188/4188/4188 4189/4189/4189 
f 4185/4185/4185 4186/4186/4186 4191/4191/4191 
f 4191/4191/4191 4186/4186/4186 4190/4190/4190 
f 4191/4191/4191 4190/4190/4190 4192/4192/4192 
f 4192/4192/4192 4190/4190/4190 4193/4193/4193 
f 4193/4193/4193 4190/4190/4190 4189/4189/4189 
f 4193/4193/4193 4189/4189/4189 4169/4169/4169 
f 4158/4158/4158 4193/4193/4193 4169/4169/4169 
f 4192/4192/4192 4193/4193/4193 4194/4194/4194 
f 4194/4194/4194 4193/4193/4193 4158/4158/4158 
f 4194/4194/4194 4158/4158/4158 4157/4157/4157 
f 4195/4195/4195 4196/4196/4196 4197/4197/4197 
f 4195/4195/4195 4197/4197/4197 4198/4198/4198 
f 4199/4199/4199 4200/4200/4200 4195/4195/4195 
f 4200/4200/4200 4196/4196/4196 4195/4195/4195 
f 4198/4198/4198 4199/4199/4199 4195/4195/4195 
f 4200/4200/4200 4201/4201/4201 4196/4196/4196 
f 4199/4199/4199 4202/4202/4202 4200/4200/4200 
f 4203/4203/4203 4202/4202/4202 4199/4199/4199 
f 4204/4204/4204 4203/4203/4203 4199/4199/4199 
f 4198/4198/4198 4204/4204/4204 4199/4199/4199 
f 4203/4203/4203 4205/4205/4205 4202/4202/4202 
f 4203/4203/4203 4206/4206/4206 4207/4207/4207 
f 4203/4203/4203 4207/4207/4207 4205/4205/4205 
f 4204/4204/4204 4208/4208/4208 4203/4203/4203 
f 4208/4208/4208 4206/4206/4206 4203/4203/4203 
f 4206/4206/4206 4209/4209/4209 4210/4210/4210 
f 4206/4206/4206 4210/4210/4210 4207/4207/4207 
f 4208/4208/4208 4211/4211/4211 4206/4206/4206 
f 4211/4211/4211 4209/4209/4209 4206/4206/4206 
f 4212/4212/4212 4210/4210/4210 4209/4209/4209 
f 4213/4213/4213 4212/4212/4212 4209/4209/4209 
f 4211/4211/4211 4213/4213/4213 4209/4209/4209 
f 4212/4212/4212 4214/4214/4214 4210/4210/4210 
f 4212/4212/4212 4215/4215/4215 4216/4216/4216 
f 4212/4212/4212 4216/4216/4216 4214/4214/4214 
f 4217/4217/4217 4215/4215/4215 4212/4212/4212 
f 4213/4213/4213 4217/4217/4217 4212/4212/4212 
f 4215/4215/4215 4218/4218/4218 4219/4219/4219 
f 4215/4215/4215 4219/4219/4219 4216/4216/4216 
f 4220/4220/4220 4218/4218/4218 4215/4215/4215 
f 4217/4217/4217 4220/4220/4220 4215/4215/4215 
f 4218/4218/4218 4221/4221/4221 4222/4222/4222 
f 4218/4218/4218 4222/4222/4222 4223/4223/4223 
f 4224/4224/4224 4219/4219/4219 4218/4218/4218 
f 4224/4224/4224 4218/4218/4218 4223/4223/4223 
f 4220/4220/4220 4221/4221/4221 4218/4218/4218 

g Androeofficial3

v -286.249 0.412226 80.8098 
v -286.388 0.412226 80.8764 
v -286.382 0.088862 80.9069 
v -286.23 0.0888622 80.8403 
v -286.256 0.537365 80.785 
v -286.531 0.412226 80.8764 
v -286.537 0.0888618 80.9069 
v -286.391 0.537424 80.8451 
v -286.683 0.412226 80.8098 
v -286.703 0.0888618 80.8403 
v -286.529 0.537424 80.8451 
v -286.676 0.537365 80.785 
v -286.067 0.0888622 80.1453 
v -286.091 0.325018 80.1538 
v -286.091 0.325018 80.6385 
v -286.107 0.536764 80.1691 
v -286.107 0.537186 80.6016 
v -286.067 0.0888622 80.669 
v -286.249 0.412226 80.8098 
v -286.23 0.0888622 80.8403 
v -286.256 0.537365 80.785 
v -286.067 0.0888622 80.669 
v -286.23 0.0888622 80.8403 
v -286.23 0.0888622 80.1453 
v -286.067 0.0888622 80.1453 
v -286.382 0.088862 80.9069 
v -286.382 0.088862 80.1453 
v -286.23 0.0888622 79.7508 
v -286.104 0.0888622 79.8845 
v -286.382 0.0888622 79.7123 
v -286.537 0.088862 80.1453 
v -286.537 0.088862 79.7123 
v -286.537 0.0888618 80.9069 
v -286.703 0.088862 80.1453 
v -286.703 0.088862 79.7508 
v -286.703 0.0888618 80.8403 
v -286.858 0.0888618 80.1453 
v -286.821 0.0888618 79.8845 
v -286.858 0.0888618 80.669 
v -286.23 0.0888622 79.7508 
v -286.239 0.35891 79.7508 
v -286.119 0.270407 79.8845 
v -286.104 0.0888622 79.8845 
v -286.382 0.0888622 79.7123 
v -286.249 0.491479 79.9974 
v -286.385 0.394525 79.7123 
v -286.388 0.527094 79.9619 
v -286.252 0.536601 80.0017 
v -286.389 0.536563 79.9631 
v -286.534 0.394525 79.7123 
v -286.531 0.527094 79.9619 
v -286.537 0.088862 79.7123 
v -286.693 0.35891 79.7508 
v -286.683 0.491478 79.9974 
v -286.68 0.536601 80.0017 
v -286.531 0.536563 79.9631 
v -286.806 0.270407 79.8845 
v -286.703 0.088862 79.7508 
v -286.835 0.325017 80.1538 
v -286.818 0.536764 80.1691 
v -286.858 0.0888618 80.1453 
v -286.821 0.0888618 79.8845 
v -286.835 0.325017 80.6385 
v -286.818 0.537186 80.6016 
v -286.858 0.0888618 80.669 
v -286.703 0.0888618 80.8403 
v -286.683 0.412226 80.8098 
v -286.676 0.537365 80.785 
v -286.252 0.536601 80.0017 
v -286.288 0.536731 80.1588 
v -286.167 0.53653 80.2754 
v -286.107 0.536764 80.1691 
v -286.389 0.536563 79.9631 
v -286.402 0.536766 80.1422 
v -286.3 0.536846 80.3926 
v -286.406 0.536881 80.3926 
v -286.186 0.536571 80.3949 
v -286.168 0.53654 80.4934 
v -286.107 0.537186 80.6016 
v -286.29 0.536743 80.6164 
v -286.402 0.536778 80.6407 
v -286.518 0.536778 80.6407 
v -286.515 0.536881 80.3926 
v -286.531 0.536563 79.9631 
v -286.519 0.536766 80.1422 
v -286.641 0.536743 80.6164 
v -286.631 0.536846 80.3926 
v -286.529 0.537424 80.8451 
v -286.391 0.537424 80.8451 
v -286.256 0.537365 80.785 
v -286.676 0.537365 80.785 
v -286.758 0.53654 80.4934 
v -286.74 0.536571 80.3949 
v -286.643 0.536731 80.1588 
v -286.68 0.536601 80.0017 
v -286.818 0.536764 80.1691 
v -286.759 0.53653 80.2754 
v -286.818 0.537186 80.6016 

vn 0.622047 0.141732 0.771654 
vn 0.220472 0.133858 0.968504 
vn 0.220472 0.102362 0.968504 
vn 0.606299 0.11811 0.787402 
vn 0.669291 0.181102 0.716535 
vn -0.212598 0.133858 0.968504 
vn -0.212598 0.102362 0.968504 
vn 0.220472 0.228346 0.944882 
vn -0.614173 0.141732 0.779528 
vn -0.598425 0.11811 0.795276 
vn -0.212598 0.228346 0.952756 
vn -0.669291 0.188976 0.716535 
vn 0.992126 0.0944882 -0.0393701 
vn 0.984252 0.15748 -0.0866142 
vn 0.968504 0.11811 0.23622 
vn 0.984252 0.0866142 -0.149606 
vn 0.976378 0.110236 0.173228 
vn 0.952756 0.11811 0.267717 
vn 0.622047 0.141732 0.771654 
vn 0.606299 0.11811 0.787402 
vn 0.669291 0.181102 0.716535 
vn 0 -1 0 
vn 0 -1 0 
vn 0 -1 0 
vn 0 -1 0 
vn 0 -1 0 
vn 0 -1 0 
vn 0 -1 0 
vn 0 -1 0 
vn 0 -1 0 
vn 0 -1 0 
vn 0 -1 0 
vn 0 -1 0 
vn 0 -1 0 
vn 0 -1 0 
vn 0 -1 0 
vn 0 -1 0 
vn 0 -1 0 
vn 0 -1 0 
vn 0.511811 0.023622 -0.858268 
vn 0.574803 0.448819 -0.685039 
vn 0.889764 0.307087 -0.338583 
vn 0.929134 0.0787402 -0.370079 
vn 0.125984 0 -0.992126 
vn 0.692913 0.559055 -0.456693 
vn 0.15748 0.496063 -0.850394 
vn 0.181102 0.84252 -0.503937 
vn 0.708661 0.110236 -0.700787 
vn 0.204724 0.11811 -0.976378 
vn -0.149606 0.496063 -0.850394 
vn -0.173228 0.84252 -0.503937 
vn -0.11811 0 -0.992126 
vn -0.559055 0.448819 -0.692913 
vn -0.692913 0.566929 -0.448819 
vn -0.716535 0.110236 -0.692913 
vn -0.188976 0.11811 -0.976378 
vn -0.897638 0.291339 -0.330709 
vn -0.503937 0.023622 -0.866142 
vn -0.984252 0.15748 -0.0866142 
vn -0.984252 0.0866142 -0.141732 
vn -0.992126 0.0944882 -0.0393701 
vn -0.929134 0.0787402 -0.354331 
vn -0.968504 0.110236 0.228346 
vn -0.984252 0.102362 0.165354 
vn -0.96063 0.11811 0.259843 
vn -0.598425 0.11811 0.795276 
vn -0.614173 0.141732 0.779528 
vn -0.669291 0.188976 0.716535 
vn 0 1 0 
vn 0 1 0 
vn 0 1 0 
vn 0 1 0 
vn 0 1 0 
vn 0 1 0 
vn 0 1 0 
vn 0 1 0 
vn 0 1 0 
vn 0 1 0 
vn 0 1 0 
vn 0 1 0 
vn 0 1 0 
vn 0 1 0 
vn 0 1 0 
vn 0 1 0 
vn 0 1 0 
vn 0 1 0 
vn 0 1 0 
vn 0 1 0 
vn 0 1 0 
vn 0 1 0 
vn 0 1 0 
vn 0 1 0 
vn 0 1 0 
vn 0 1 0 
vn 0 1 0 
vn 0 1 0 
vn 0 1 0 
vn 0 1 0 

vt 0.783697 0.0750126 
vt 0.758389 0.0750126 
vt 0.758226 0.0537522 
vt 0.783697 0.0537522 
vt 0.783697 0.0802208 
vt 0.733675 0.0750126 
vt 0.730833 0.0537522 
vt 0.758577 0.0802237 
vt 0.714915 0.0750126 
vt 0.714915 0.0537522 
vt 0.734591 0.0802237 
vt 0.714915 0.0802208 
vt 0.777348 0.0889464 
vt 0.784453 0.104748 
vt 0.741687 0.104748 
vt 0.784453 0.115456 
vt 0.741687 0.115456 
vt 0.741687 0.0889465 
vt 0.715211 0.109774 
vt 0.715211 0.0889465 
vt 0.715211 0.115456 
vt 0.928849 0.00408161 
vt 0.943056 0.00408161 
vt 0.942849 0.0748448 
vt 0.928849 0.0747928 
vt 0.956162 0.00408161 
vt 0.955936 0.0748932 
vt 0.942731 0.115359 
vt 0.928849 0.115359 
vt 0.955808 0.115359 
vt 0.969331 0.0749434 
vt 0.969201 0.115359 
vt 0.969557 0.00408161 
vt 0.983643 0.0749972 
vt 0.983526 0.115359 
vt 0.98385 0.00408161 
vt 0.997178 0.0750474 
vt 0.997178 0.115359 
vt 0.997178 0.00408161 
vt 0.798401 0.0889464 
vt 0.7984 0.102916 
vt 0.784573 0.09855 
vt 0.784573 0.0889464 
vt 0.812542 0.0889464 
vt 0.7984 0.110731 
vt 0.812542 0.102916 
vt 0.812542 0.110731 
vt 0.7984 0.11545 
vt 0.812542 0.115449 
vt 0.827034 0.102916 
vt 0.827034 0.110731 
vt 0.827034 0.0889464 
vt 0.842272 0.102916 
vt 0.842272 0.110731 
vt 0.842272 0.11545 
vt 0.827034 0.115449 
vt 0.854235 0.09855 
vt 0.842272 0.0889464 
vt 0.854235 0.104748 
vt 0.854235 0.115456 
vt 0.864362 0.0889464 
vt 0.854235 0.0889464 
vt 0.900242 0.104748 
vt 0.900242 0.115456 
vt 0.900242 0.0889464 
vt 0.923277 0.0889464 
vt 0.923277 0.109774 
vt 0.923277 0.115456 
vt 0.896144 0.02499 
vt 0.89786 0.0361558 
vt 0.892092 0.0396688 
vt 0.889287 0.024991 
vt 0.90262 0.0249897 
vt 0.903234 0.0356548 
vt 0.898421 0.0522773 
vt 0.903435 0.0522776 
vt 0.893008 0.0524228 
vt 0.892151 0.0647303 
vt 0.889289 0.0800755 
vt 0.897937 0.0679849 
vt 0.90327 0.0686255 
vt 0.908757 0.0686255 
vt 0.908607 0.0522776 
vt 0.90935 0.0249897 
vt 0.90879 0.0356548 
vt 0.914591 0.0679849 
vt 0.914093 0.0522773 
vt 0.909261 0.0800771 
vt 0.902718 0.0800771 
vt 0.896324 0.0800767 
vt 0.916253 0.0800767 
vt 0.920123 0.0647303 
vt 0.919266 0.0524228 
vt 0.91467 0.0361558 
vt 0.916439 0.02499 
vt 0.922986 0.024991 
vt 0.920182 0.0396688 
vt 0.922985 0.0800755 

usemtl Androeofficial1Mtl

f 4225/4225/4225 4226/4226/4226 4227/4227/4227 
f 4225/4225/4225 4227/4227/4227 4228/4228/4228 
f 4229/4229/4229 4226/4226/4226 4225/4225/4225 
f 4226/4226/4226 4230/4230/4230 4231/4231/4231 
f 4226/4226/4226 4231/4231/4231 4227/4227/4227 
f 4229/4229/4229 4232/4232/4232 4226/4226/4226 
f 4232/4232/4232 4230/4230/4230 4226/4226/4226 
f 4230/4230/4230 4233/4233/4233 4234/4234/4234 
f 4230/4230/4230 4234/4234/4234 4231/4231/4231 
f 4235/4235/4235 4233/4233/4233 4230/4230/4230 
f 4232/4232/4232 4235/4235/4235 4230/4230/4230 
f 4235/4235/4235 4236/4236/4236 4233/4233/4233 
f 4237/4237/4237 4238/4238/4238 4239/4239/4239 
f 4238/4238/4238 4240/4240/4240 4241/4241/4241 
f 4238/4238/4238 4241/4241/4241 4239/4239/4239 
f 4237/4237/4237 4239/4239/4239 4242/4242/4242 
f 4239/4239/4239 4243/4243/4243 4244/4244/4244 
f 4239/4239/4239 4244/4244/4244 4242/4242/4242 
f 4241/4241/4241 4243/4243/4243 4239/4239/4239 
f 4241/4241/4241 4245/4245/4245 4243/4243/4243 
f 4246/4246/4246 4247/4247/4247 4248/4248/4248 
f 4246/4246/4246 4248/4248/4248 4249/4249/4249 
f 4247/4247/4247 4250/4250/4250 4251/4251/4251 
f 4247/4247/4247 4251/4251/4251 4248/4248/4248 
f 4248/4248/4248 4252/4252/4252 4253/4253/4253 
f 4248/4248/4248 4253/4253/4253 4249/4249/4249 
f 4251/4251/4251 4252/4252/4252 4248/4248/4248 
f 4251/4251/4251 4254/4254/4254 4252/4252/4252 
f 4251/4251/4251 4255/4255/4255 4256/4256/4256 
f 4251/4251/4251 4256/4256/4256 4254/4254/4254 
f 4250/4250/4250 4255/4255/4255 4251/4251/4251 
f 4250/4250/4250 4257/4257/4257 4255/4255/4255 
f 4255/4255/4255 4258/4258/4258 4259/4259/4259 
f 4255/4255/4255 4259/4259/4259 4256/4256/4256 
f 4260/4260/4260 4258/4258/4258 4255/4255/4255 
f 4260/4260/4260 4255/4255/4255 4257/4257/4257 
f 4258/4258/4258 4261/4261/4261 4262/4262/4262 
f 4258/4258/4258 4262/4262/4262 4259/4259/4259 
f 4263/4263/4263 4261/4261/4261 4258/4258/4258 
f 4263/4263/4263 4258/4258/4258 4260/4260/4260 
f 4264/4264/4264 4265/4265/4265 4266/4266/4266 
f 4264/4264/4264 4266/4266/4266 4267/4267/4267 
f 4268/4268/4268 4265/4265/4265 4264/4264/4264 
f 4269/4269/4269 4266/4266/4266 4265/4265/4265 
f 4265/4265/4265 4270/4270/4270 4271/4271/4271 
f 4265/4265/4265 4271/4271/4271 4269/4269/4269 
f 4268/4268/4268 4270/4270/4270 4265/4265/4265 
f 4237/4237/4237 4267/4267/4267 4266/4266/4266 
f 4237/4237/4237 4266/4266/4266 4238/4238/4238 
f 4269/4269/4269 4238/4238/4238 4266/4266/4266 
f 4269/4269/4269 4272/4272/4272 4240/4240/4240 
f 4269/4269/4269 4240/4240/4240 4238/4238/4238 
f 4271/4271/4271 4272/4272/4272 4269/4269/4269 
f 4271/4271/4271 4273/4273/4273 4272/4272/4272 
f 4271/4271/4271 4270/4270/4270 4274/4274/4274 
f 4271/4271/4271 4274/4274/4274 4275/4275/4275 
f 4275/4275/4275 4273/4273/4273 4271/4271/4271 
f 4268/4268/4268 4274/4274/4274 4270/4270/4270 
f 4268/4268/4268 4276/4276/4276 4274/4274/4274 
f 4275/4275/4275 4274/4274/4274 4277/4277/4277 
f 4276/4276/4276 4277/4277/4277 4274/4274/4274 
f 4275/4275/4275 4277/4277/4277 4278/4278/4278 
f 4275/4275/4275 4278/4278/4278 4279/4279/4279 
f 4275/4275/4275 4279/4279/4279 4280/4280/4280 
f 4275/4275/4275 4280/4280/4280 4273/4273/4273 
f 4278/4278/4278 4277/4277/4277 4281/4281/4281 
f 4282/4282/4282 4281/4281/4281 4277/4277/4277 
f 4276/4276/4276 4282/4282/4282 4277/4277/4277 
f 4278/4278/4278 4283/4283/4283 4284/4284/4284 
f 4278/4278/4278 4284/4284/4284 4279/4279/4279 
f 4278/4278/4278 4281/4281/4281 4283/4283/4283 
f 4285/4285/4285 4283/4283/4283 4281/4281/4281 
f 4285/4285/4285 4281/4281/4281 4286/4286/4286 
f 4282/4282/4282 4286/4286/4286 4281/4281/4281 
f 4285/4285/4285 4287/4287/4287 4283/4283/4283 
f 4283/4283/4283 4287/4287/4287 4288/4288/4288 
f 4283/4283/4283 4288/4288/4288 4284/4284/4284 
f 4285/4285/4285 4289/4289/4289 4287/4287/4287 
f 4287/4287/4287 4289/4289/4289 4290/4290/4290 
f 4287/4287/4287 4290/4290/4290 4291/4291/4291 
f 4292/4292/4292 4288/4288/4288 4287/4287/4287 
f 4292/4292/4292 4287/4287/4287 4291/4291/4291 
f 4293/4293/4293 4294/4294/4294 4295/4295/4295 
f 4293/4293/4293 4295/4295/4295 4296/4296/4296 
f 4297/4297/4297 4294/4294/4294 4293/4293/4293 
f 4297/4297/4297 4298/4298/4298 4294/4294/4294 
f 4295/4295/4295 4294/4294/4294 4299/4299/4299 
f 4294/4294/4294 4298/4298/4298 4300/4300/4300 
f 4294/4294/4294 4300/4300/4300 4299/4299/4299 
f 4296/4296/4296 4295/4295/4295 4301/4301/4301 
f 4295/4295/4295 4299/4299/4299 4301/4301/4301 
f 4296/4296/4296 4301/4301/4301 4302/4302/4302 
f 4296/4296/4296 4302/4302/4302 4303/4303/4303 
f 4304/4304/4304 4302/4302/4302 4301/4301/4301 
f 4304/4304/4304 4301/4301/4301 4299/4299/4299 
f 4305/4305/4305 4304/4304/4304 4299/4299/4299 
f 4305/4305/4305 4299/4299/4299 4300/4300/4300 
f 4306/4306/4306 4305/4305/4305 4300/4300/4300 
f 4306/4306/4306 4300/4300/4300 4307/4307/4307 
f 4298/4298/4298 4307/4307/4307 4300/4300/4300 
f 4308/4308/4308 4309/4309/4309 4298/4298/4298 
f 4308/4308/4308 4298/4298/4298 4297/4297/4297 
f 4298/4298/4298 4309/4309/4309 4307/4307/4307 
f 4310/4310/4310 4306/4306/4306 4307/4307/4307 
f 4310/4310/4310 4307/4307/4307 4311/4311/4311 
f 4309/4309/4309 4311/4311/4311 4307/4307/4307 
f 4312/4312/4312 4306/4306/4306 4310/4310/4310 
f 4313/4313/4313 4305/4305/4305 4306/4306/4306 
f 4313/4313/4313 4306/4306/4306 4312/4312/4312 
f 4314/4314/4314 4304/4304/4304 4305/4305/4305 
f 4314/4314/4314 4305/4305/4305 4313/4313/4313 
f 4303/4303/4303 4302/4302/4302 4304/4304/4304 
f 4303/4303/4303 4304/4304/4304 4314/4314/4314 
f 4312/4312/4312 4310/4310/4310 4315/4315/4315 
f 4315/4315/4315 4310/4310/4310 4316/4316/4316 
f 4316/4316/4316 4310/4310/4310 4311/4311/4311 
f 4316/4316/4316 4311/4311/4311 4317/4317/4317 
f 4318/4318/4318 4317/4317/4317 4311/4311/4311 
f 4309/4309/4309 4318/4318/4318 4311/4311/4311 
f 4319/4319/4319 4318/4318/4318 4309/4309/4309 
f 4319/4319/4319 4309/4309/4309 4308/4308/4308 
f 4320/4320/4320 4321/4321/4321 4318/4318/4318 
f 4320/4320/4320 4318/4318/4318 4319/4319/4319 
f 4318/4318/4318 4321/4321/4321 4317/4317/4317 
f 4322/4322/4322 4316/4316/4316 4317/4317/4317 
f 4322/4322/4322 4317/4317/4317 4321/4321/4321 
f 4315/4315/4315 4316/4316/4316 4322/4322/4322 
f 4322/4322/4322 4321/4321/4321 4320/4320/4320 

g Androeofficial4

v -287.667 2.09125 80.1832 
v -287.667 2.09125 80.6222 
v -287.525 2.28816 80.5987 
v -287.525 2.28816 80.1937 
v -287.524 2.08627 80.0336 
v -287.524 2.09438 80.7512 
v -287.4 2.28816 80.5987 
v -287.4 2.28816 80.1547 
v -287.4 2.08721 79.9945 
v -287.272 2.28816 80.5987 
v -287.272 2.28816 80.1547 
v -287.272 2.08817 79.9944 
v -287.4 2.09012 80.7931 
v -287.272 2.08578 80.7928 
v -287.136 2.08113 80.7501 
v -287.136 2.28816 80.5987 
v -287.136 2.28816 80.1937 
v -287.136 2.08919 80.0335 
v -286.999 2.09125 80.1832 
v -286.999 2.09125 80.6222 
v -287.655 1.11039 80.1987 
v -287.529 1.11039 80.0295 
v -287.511 1.05318 80.0848 
v -287.632 1.07326 80.2267 
v -287.655 1.11039 80.5194 
v -287.401 1.11039 79.9991 
v -287.395 1.04653 80.0572 
v -287.497 1.00757 80.221 
v -287.614 1.04366 80.2932 
v -287.632 1.07323 80.4865 
v -287.614 1.04362 80.4167 
v -287.518 1.11039 80.6799 
v -287.504 1.05332 80.6334 
v -287.494 1.00782 80.5032 
v -287.589 1.01628 80.3611 
v -287.484 0.984288 80.3611 
v -287.39 0.995638 80.2049 
v -287.277 1.04653 80.0572 
v -287.271 1.11039 79.9991 
v -287.15 1.05318 80.0848 
v -287.281 0.995638 80.2049 
v -287.386 0.970704 80.3611 
v -287.389 0.999397 80.5208 
v -287.285 0.970704 80.3611 
v -287.165 1.00757 80.221 
v -287.132 1.11039 80.0295 
v -287.034 1.07326 80.2267 
v -287.052 1.04366 80.2932 
v -287.177 0.984288 80.3611 
v -287.282 0.999397 80.5208 
v -287.393 1.04863 80.6558 
v -287.168 1.00782 80.5032 
v -287.279 1.04863 80.6558 
v -287.077 1.01628 80.3611 
v -287.052 1.04362 80.4167 
v -287.034 1.07323 80.4865 
v -287.157 1.05332 80.6334 
v -287.143 1.11039 80.6799 
v -287.274 1.11039 80.6988 
v -287.397 1.11039 80.6988 
v -287.011 1.11039 80.5194 
v -287.011 1.11039 80.1987 
v -287.4 2.08721 79.9945 
v -287.517 1.79527 80.0399 
v -287.524 2.08627 80.0336 
v -287.03 1.37353 80.5194 
v -287.03 1.37353 80.2054 
v -287.012 1.79822 80.1923 
v -287.012 1.79822 80.5432 
v -287.006 1.21424 80.5194 
v -287.154 1.37353 80.6908 
v -287.14 1.21424 80.6676 
v -287.143 1.79224 80.6888 
v -287.006 1.21424 80.191 
v -287.154 1.37353 80.0491 
v -287.143 1.79701 80.0399 
v -287.136 2.08919 80.0335 
v -286.999 2.09125 80.1832 
v -286.999 2.09125 80.6222 
v -287.136 2.08113 80.7501 
v -287.272 2.08817 79.9944 
v -287.275 1.79641 80.0071 
v -287.116 1.21424 80.0072 
v -287.278 1.37353 80.0254 
v -287.266 1.21424 79.9691 
v -287.397 1.79583 80.0071 
v -287.394 1.37353 80.0254 
v -287.507 1.37353 80.0491 
v -287.407 1.21424 79.9691 
v -287.271 1.11039 79.9991 
v -287.401 1.11039 79.9991 
v -287.132 1.11039 80.0295 
v -287.011 1.11039 80.1987 
v -287.011 1.11039 80.5194 
v -287.143 1.11039 80.6799 
v -287.529 1.11039 80.0295 
v -287.655 1.11039 80.1987 
v -287.545 1.21424 80.0072 
v -287.66 1.21424 80.191 
v -287.655 1.11039 80.5194 
v -287.637 1.37353 80.2054 
v -287.66 1.21424 80.5194 
v -287.521 1.21424 80.6676 
v -287.518 1.11039 80.6799 
v -287.637 1.37353 80.5194 
v -287.654 1.79822 80.1923 
v -287.654 1.79822 80.5432 
v -287.667 2.09125 80.1832 
v -287.507 1.37353 80.6908 
v -287.398 1.21424 80.6676 
v -287.397 1.11039 80.6988 
v -287.394 1.37353 80.7059 
v -287.274 1.11039 80.6988 
v -287.273 1.21424 80.6676 
v -287.517 1.80008 80.6895 
v -287.397 1.79756 80.7204 
v -287.667 2.09125 80.6222 
v -287.524 2.09438 80.7512 
v -287.275 1.79498 80.7202 
v -287.272 2.08578 80.7928 
v -287.4 2.09012 80.7931 
v -287.278 1.37353 80.7059 
v -287.154 1.37353 80.6908 
v -287.143 1.79224 80.6888 
v -287.136 2.08113 80.7501 
v -287.14 1.21424 80.6676 
v -287.143 1.11039 80.6799 

vn -0.952756 0.228346 -0.19685 
vn -0.952756 0.19685 0.23622 
vn -0.559055 0.811024 0.181102 
vn -0.551181 0.818898 -0.165354 
vn -0.535433 0.188976 -0.826772 
vn -0.480315 0.110236 0.874016 
vn -0.023622 0.952756 0.307087 
vn -0.0629921 0.937008 -0.354331 
vn -0.141732 0.283465 -0.952756 
vn 0.0314961 0.952756 0.314961 
vn 0.0551181 0.937008 -0.346457 
vn 0.133858 0.283465 -0.952756 
vn -0.110236 0.220472 0.968504 
vn 0.110236 0.212598 0.968504 
vn 0.472441 0.102362 0.874016 
vn 0.551181 0.811024 0.188976 
vn 0.543307 0.826772 -0.173228 
vn 0.519685 0.19685 -0.834646 
vn 0.96063 0.220472 -0.188976 
vn 0.952756 0.19685 0.220472 
vn -0.724409 -0.629921 -0.291339 
vn -0.401575 -0.692913 -0.598425 
vn -0.346457 -0.826772 -0.433071 
vn -0.661417 -0.724409 -0.212598 
vn -0.716535 -0.622047 0.322835 
vn -0.0944882 -0.685039 -0.724409 
vn -0.0787402 -0.866142 -0.496063 
vn -0.259843 -0.937008 -0.228346 
vn -0.543307 -0.826772 -0.15748 
vn -0.661417 -0.716535 0.220472 
vn -0.559055 -0.818898 0.15748 
vn -0.409449 -0.645669 0.645669 
vn -0.346457 -0.811024 0.464567 
vn -0.259843 -0.937008 0.244094 
vn -0.385827 -0.92126 0.00787402 
vn -0.220472 -0.976378 0.00787402 
vn -0.0708661 -0.968504 -0.244094 
vn 0.0787402 -0.866142 -0.496063 
vn 0.0866142 -0.685039 -0.724409 
vn 0.338583 -0.834646 -0.440945 
vn 0.0629921 -0.968504 -0.244094 
vn -0.0629921 -1 0.00787402 
vn -0.0551181 -0.968504 0.259843 
vn 0.0551181 -1 0.00787402 
vn 0.251969 -0.937008 -0.228346 
vn 0.385827 -0.700787 -0.598425 
vn 0.669291 -0.716535 -0.204724 
vn 0.559055 -0.818898 -0.149606 
vn 0.212598 -0.976378 0.00787402 
vn 0.0551181 -0.968504 0.259843 
vn -0.0629921 -0.84252 0.535433 
vn 0.251969 -0.937008 0.244094 
vn 0.0629921 -0.84252 0.535433 
vn 0.393701 -0.92126 0.00787402 
vn 0.566929 -0.811024 0.149606 
vn 0.669291 -0.708661 0.212598 
vn 0.338583 -0.818898 0.472441 
vn 0.401575 -0.645669 0.645669 
vn 0.0708661 -0.590551 0.80315 
vn -0.0787402 -0.590551 0.80315 
vn 0.724409 -0.614173 0.314961 
vn 0.732283 -0.622047 -0.283465 
vn -0.141732 0.283465 -0.952756 
vn -0.582677 -0.0393701 -0.811024 
vn -0.535433 0.188976 -0.826772 
vn 0.968504 0 0.251969 
vn 0.968504 0.023622 -0.244094 
vn 0.968504 -0.0472441 -0.244094 
vn 0.968504 -0.0629921 0.228346 
vn 0.968504 0.0551181 0.251969 
vn 0.559055 -0.0393701 0.826772 
vn 0.559055 0.015748 0.826772 
vn 0.566929 -0.110236 0.811024 
vn 0.968504 0.0787402 -0.23622 
vn 0.590551 0.0629921 -0.80315 
vn 0.574803 -0.0393701 -0.811024 
vn 0.519685 0.19685 -0.834646 
vn 0.96063 0.220472 -0.188976 
vn 0.952756 0.19685 0.220472 
vn 0.472441 0.102362 0.874016 
vn 0.133858 0.283465 -0.952756 
vn 0.125984 -0.0393701 -0.992126 
vn 0.622047 0.0944882 -0.779528 
vn 0.110236 0.0708661 -0.992126 
vn 0.11811 0.0866142 -0.992126 
vn -0.125984 -0.0393701 -0.992126 
vn -0.11811 0.0708661 -0.992126 
vn -0.598425 0.0629921 -0.80315 
vn -0.125984 0.0866142 -0.984252 
vn 0.11811 -0.267717 -0.952756 
vn -0.11811 -0.267717 -0.952756 
vn 0.614173 -0.220472 -0.755906 
vn 0.968504 -0.0944882 -0.212598 
vn 0.96063 -0.0314961 0.267717 
vn 0.503937 0.102362 0.858268 
vn -0.622047 -0.212598 -0.755906 
vn -0.968504 -0.102362 -0.220472 
vn -0.637795 0.0944882 -0.771654 
vn -0.968504 0.0787402 -0.244094 
vn -0.96063 -0.0314961 0.283465 
vn -0.968504 0.023622 -0.251969 
vn -0.96063 0.0551181 0.267717 
vn -0.566929 0.015748 0.826772 
vn -0.511811 0.0944882 0.850394 
vn -0.968504 0 0.259843 
vn -0.968504 -0.0472441 -0.259843 
vn -0.968504 -0.0629921 0.244094 
vn -0.952756 0.228346 -0.19685 
vn -0.566929 -0.0393701 0.818898 
vn -0.0314961 -0.023622 1 
vn -0.0393701 0.244094 0.968504 
vn -0.0787402 -0.0787402 0.992126 
vn 0.0314961 0.244094 0.968504 
vn 0.0314961 -0.023622 1 
vn -0.574803 -0.110236 0.811024 
vn -0.11811 -0.11811 0.984252 
vn -0.952756 0.19685 0.23622 
vn -0.480315 0.110236 0.874016 
vn 0.110236 -0.11811 0.984252 
vn 0.110236 0.212598 0.968504 
vn -0.110236 0.220472 0.968504 
vn 0.0787402 -0.0787402 0.992126 
vn 0.559055 -0.0393701 0.826772 
vn 0.566929 -0.110236 0.811024 
vn 0.472441 0.102362 0.874016 
vn 0.559055 0.015748 0.826772 
vn 0.503937 0.102362 0.858268 

vt 0.478871 0.495866 
vt 0.439109 0.495866 
vt 0.439109 0.473001 
vt 0.478871 0.473001 
vt 0.495023 0.473001 
vt 0.426752 0.473001 
vt 0.439109 0.45355 
vt 0.478871 0.45355 
vt 0.495023 0.45355 
vt 0.439109 0.428505 
vt 0.478871 0.428505 
vt 0.495023 0.428505 
vt 0.426752 0.45355 
vt 0.426752 0.428505 
vt 0.426752 0.405204 
vt 0.439109 0.405204 
vt 0.478871 0.405204 
vt 0.495023 0.405204 
vt 0.478871 0.383696 
vt 0.439109 0.383696 
vt 0.534617 0.446415 
vt 0.527948 0.446416 
vt 0.527269 0.438181 
vt 0.533612 0.43818 
vt 0.534617 0.391756 
vt 0.521201 0.446417 
vt 0.520964 0.438182 
vt 0.526727 0.431617 
vt 0.532812 0.431616 
vt 0.533635 0.39913 
vt 0.532853 0.405008 
vt 0.527354 0.391755 
vt 0.526858 0.39913 
vt 0.526462 0.405007 
vt 0.531139 0.417892 
vt 0.525595 0.417893 
vt 0.520774 0.431618 
vt 0.51451 0.438182 
vt 0.514296 0.446417 
vt 0.507615 0.438181 
vt 0.514681 0.431618 
vt 0.520378 0.417894 
vt 0.520679 0.405008 
vt 0.515038 0.417894 
vt 0.508171 0.431617 
vt 0.506918 0.446416 
vt 0.501556 0.43818 
vt 0.502356 0.431616 
vt 0.509333 0.417893 
vt 0.51476 0.405008 
vt 0.520816 0.39913 
vt 0.508435 0.405007 
vt 0.514633 0.39913 
vt 0.50403 0.417892 
vt 0.502315 0.405008 
vt 0.501533 0.39913 
vt 0.508026 0.39913 
vt 0.507512 0.391755 
vt 0.514473 0.391755 
vt 0.520988 0.391755 
vt 0.500552 0.391756 
vt 0.500552 0.446415 
vt 0.536487 0.382896 
vt 0.546907 0.354946 
vt 0.54803 0.382896 
vt 0.455052 0.299514 
vt 0.496043 0.299514 
vt 0.496043 0.354946 
vt 0.453319 0.354946 
vt 0.455918 0.283358 
vt 0.427002 0.299514 
vt 0.427002 0.283358 
vt 0.427002 0.354946 
vt 0.496043 0.283358 
vt 0.51329 0.299514 
vt 0.514109 0.354946 
vt 0.512952 0.382896 
vt 0.496043 0.382896 
vt 0.448057 0.382896 
vt 0.427002 0.382896 
vt 0.5254 0.382896 
vt 0.52568 0.354946 
vt 0.512087 0.283358 
vt 0.524511 0.299514 
vt 0.524678 0.283358 
vt 0.536298 0.354946 
vt 0.535455 0.299514 
vt 0.546464 0.299514 
vt 0.536747 0.283358 
vt 0.525449 0.271322 
vt 0.536558 0.271322 
vt 0.512805 0.271322 
vt 0.496043 0.271322 
vt 0.455885 0.271322 
vt 0.427002 0.271322 
vt 0.5472 0.271322 
vt 0.565826 0.271322 
vt 0.547943 0.283358 
vt 0.565646 0.283358 
vt 0.602157 0.271322 
vt 0.565826 0.299514 
vt 0.60203 0.283358 
vt 0.635171 0.283358 
vt 0.635067 0.271322 
vt 0.602747 0.299514 
vt 0.565826 0.354946 
vt 0.604444 0.354946 
vt 0.565826 0.382896 
vt 0.635067 0.299514 
vt 0.658436 0.283358 
vt 0.659139 0.271322 
vt 0.658647 0.299514 
vt 0.680955 0.271322 
vt 0.68068 0.283358 
vt 0.635067 0.354946 
vt 0.65578 0.354946 
vt 0.609445 0.382896 
vt 0.635067 0.382896 
vt 0.677581 0.354946 
vt 0.676476 0.382896 
vt 0.654176 0.382896 
vt 0.679036 0.299514 
vt 0.704679 0.299514 
vt 0.704679 0.354946 
vt 0.704679 0.382896 
vt 0.704679 0.283358 
vt 0.704679 0.271322 

usemtl Androeofficial1Mtl

f 4323/4323/4323 4324/4324/4324 4325/4325/4325 
f 4323/4323/4323 4325/4325/4325 4326/4326/4326 
f 4326/4326/4326 4327/4327/4327 4323/4323/4323 
f 4325/4325/4325 4324/4324/4324 4328/4328/4328 
f 4329/4329/4329 4325/4325/4325 4328/4328/4328 
f 4326/4326/4326 4325/4325/4325 4329/4329/4329 
f 4326/4326/4326 4329/4329/4329 4330/4330/4330 
f 4330/4330/4330 4327/4327/4327 4326/4326/4326 
f 4330/4330/4330 4331/4331/4331 4327/4327/4327 
f 4330/4330/4330 4329/4329/4329 4332/4332/4332 
f 4330/4330/4330 4332/4332/4332 4333/4333/4333 
f 4334/4334/4334 4331/4331/4331 4330/4330/4330 
f 4334/4334/4334 4330/4330/4330 4333/4333/4333 
f 4329/4329/4329 4328/4328/4328 4335/4335/4335 
f 4332/4332/4332 4329/4329/4329 4335/4335/4335 
f 4332/4332/4332 4336/4336/4336 4337/4337/4337 
f 4332/4332/4332 4337/4337/4337 4338/4338/4338 
f 4339/4339/4339 4333/4333/4333 4332/4332/4332 
f 4339/4339/4339 4332/4332/4332 4338/4338/4338 
f 4332/4332/4332 4335/4335/4335 4336/4336/4336 
f 4340/4340/4340 4334/4334/4334 4333/4333/4333 
f 4340/4340/4340 4333/4333/4333 4339/4339/4339 
f 4341/4341/4341 4339/4339/4339 4338/4338/4338 
f 4341/4341/4341 4340/4340/4340 4339/4339/4339 
f 4342/4342/4342 4338/4338/4338 4337/4337/4337 
f 4341/4341/4341 4338/4338/4338 4342/4342/4342 
f 4343/4343/4343 4344/4344/4344 4345/4345/4345 
f 4343/4343/4343 4345/4345/4345 4346/4346/4346 
f 4347/4347/4347 4343/4343/4343 4346/4346/4346 
f 4344/4344/4344 4348/4348/4348 4349/4349/4349 
f 4344/4344/4344 4349/4349/4349 4345/4345/4345 
f 4345/4345/4345 4350/4350/4350 4351/4351/4351 
f 4345/4345/4345 4351/4351/4351 4346/4346/4346 
f 4349/4349/4349 4350/4350/4350 4345/4345/4345 
f 4347/4347/4347 4346/4346/4346 4352/4352/4352 
f 4346/4346/4346 4351/4351/4351 4353/4353/4353 
f 4346/4346/4346 4353/4353/4353 4352/4352/4352 
f 4354/4354/4354 4347/4347/4347 4352/4352/4352 
f 4354/4354/4354 4352/4352/4352 4355/4355/4355 
f 4352/4352/4352 4353/4353/4353 4356/4356/4356 
f 4352/4352/4352 4356/4356/4356 4355/4355/4355 
f 4353/4353/4353 4357/4357/4357 4358/4358/4358 
f 4353/4353/4353 4358/4358/4358 4356/4356/4356 
f 4351/4351/4351 4357/4357/4357 4353/4353/4353 
f 4350/4350/4350 4357/4357/4357 4351/4351/4351 
f 4350/4350/4350 4358/4358/4358 4357/4357/4357 
f 4359/4359/4359 4358/4358/4358 4350/4350/4350 
f 4349/4349/4349 4359/4359/4359 4350/4350/4350 
f 4348/4348/4348 4360/4360/4360 4349/4349/4349 
f 4360/4360/4360 4359/4359/4359 4349/4349/4349 
f 4348/4348/4348 4361/4361/4361 4360/4360/4360 
f 4361/4361/4361 4362/4362/4362 4360/4360/4360 
f 4362/4362/4362 4363/4363/4363 4360/4360/4360 
f 4360/4360/4360 4363/4363/4363 4359/4359/4359 
f 4359/4359/4359 4364/4364/4364 4358/4358/4358 
f 4363/4363/4363 4364/4364/4364 4359/4359/4359 
f 4356/4356/4356 4358/4358/4358 4364/4364/4364 
f 4356/4356/4356 4364/4364/4364 4365/4365/4365 
f 4355/4355/4355 4356/4356/4356 4365/4365/4365 
f 4363/4363/4363 4366/4366/4366 4364/4364/4364 
f 4365/4365/4365 4364/4364/4364 4366/4366/4366 
f 4367/4367/4367 4366/4366/4366 4363/4363/4363 
f 4362/4362/4362 4367/4367/4367 4363/4363/4363 
f 4368/4368/4368 4369/4369/4369 4362/4362/4362 
f 4361/4361/4361 4368/4368/4368 4362/4362/4362 
f 4369/4369/4369 4367/4367/4367 4362/4362/4362 
f 4370/4370/4370 4371/4371/4371 4367/4367/4367 
f 4367/4367/4367 4371/4371/4371 4366/4366/4366 
f 4369/4369/4369 4370/4370/4370 4367/4367/4367 
f 4372/4372/4372 4366/4366/4366 4371/4371/4371 
f 4365/4365/4365 4366/4366/4366 4372/4372/4372 
f 4355/4355/4355 4365/4365/4365 4373/4373/4373 
f 4373/4373/4373 4365/4365/4365 4372/4372/4372 
f 4372/4372/4372 4371/4371/4371 4374/4374/4374 
f 4375/4375/4375 4372/4372/4372 4374/4374/4374 
f 4373/4373/4373 4372/4372/4372 4375/4375/4375 
f 4370/4370/4370 4376/4376/4376 4371/4371/4371 
f 4374/4374/4374 4371/4371/4371 4376/4376/4376 
f 4377/4377/4377 4376/4376/4376 4370/4370/4370 
f 4370/4370/4370 4369/4369/4369 4378/4378/4378 
f 4370/4370/4370 4378/4378/4378 4377/4377/4377 
f 4374/4374/4374 4376/4376/4376 4377/4377/4377 
f 4379/4379/4379 4374/4374/4374 4377/4377/4377 
f 4375/4375/4375 4374/4374/4374 4379/4379/4379 
f 4380/4380/4380 4381/4381/4381 4375/4375/4375 
f 4380/4380/4380 4375/4375/4375 4379/4379/4379 
f 4381/4381/4381 4373/4373/4373 4375/4375/4375 
f 4382/4382/4382 4355/4355/4355 4373/4373/4373 
f 4381/4381/4381 4382/4382/4382 4373/4373/4373 
f 4382/4382/4382 4354/4354/4354 4355/4355/4355 
f 4383/4383/4383 4380/4380/4380 4379/4379/4379 
f 4383/4383/4383 4379/4379/4379 4378/4378/4378 
f 4379/4379/4379 4377/4377/4377 4378/4378/4378 
f 4369/4369/4369 4383/4383/4383 4378/4378/4378 
f 4369/4369/4369 4384/4384/4384 4383/4383/4383 
f 4368/4368/4368 4384/4384/4384 4369/4369/4369 
f 4385/4385/4385 4386/4386/4386 4387/4387/4387 
f 4388/4388/4388 4389/4389/4389 4390/4390/4390 
f 4388/4388/4388 4390/4390/4390 4391/4391/4391 
f 4392/4392/4392 4389/4389/4389 4388/4388/4388 
f 4388/4388/4388 4393/4393/4393 4394/4394/4394 
f 4388/4388/4388 4394/4394/4394 4392/4392/4392 
f 4395/4395/4395 4393/4393/4393 4388/4388/4388 
f 4395/4395/4395 4388/4388/4388 4391/4391/4391 
f 4392/4392/4392 4396/4396/4396 4389/4389/4389 
f 4396/4396/4396 4397/4397/4397 4389/4389/4389 
f 4397/4397/4397 4390/4390/4390 4389/4389/4389 
f 4397/4397/4397 4398/4398/4398 4390/4390/4390 
f 4390/4390/4390 4398/4398/4398 4399/4399/4399 
f 4390/4390/4390 4399/4399/4399 4400/4400/4400 
f 4391/4391/4391 4390/4390/4390 4400/4400/4400 
f 4391/4391/4391 4400/4400/4400 4401/4401/4401 
f 4401/4401/4401 4395/4395/4395 4391/4391/4391 
f 4401/4401/4401 4402/4402/4402 4395/4395/4395 
f 4398/4398/4398 4403/4403/4403 4399/4399/4399 
f 4404/4404/4404 4398/4398/4398 4397/4397/4397 
f 4398/4398/4398 4404/4404/4404 4403/4403/4403 
f 4396/4396/4396 4405/4405/4405 4397/4397/4397 
f 4404/4404/4404 4397/4397/4397 4406/4406/4406 
f 4407/4407/4407 4406/4406/4406 4397/4397/4397 
f 4407/4407/4407 4397/4397/4397 4405/4405/4405 
f 4408/4408/4408 4404/4404/4404 4406/4406/4406 
f 4408/4408/4408 4403/4403/4403 4404/4404/4404 
f 4408/4408/4408 4385/4385/4385 4403/4403/4403 
f 4408/4408/4408 4409/4409/4409 4410/4410/4410 
f 4408/4408/4408 4410/4410/4410 4386/4386/4386 
f 4408/4408/4408 4406/4406/4406 4409/4409/4409 
f 4385/4385/4385 4408/4408/4408 4386/4386/4386 
f 4407/4407/4407 4409/4409/4409 4406/4406/4406 
f 4407/4407/4407 4411/4411/4411 4409/4409/4409 
f 4412/4412/4412 4407/4407/4407 4405/4405/4405 
f 4413/4413/4413 4411/4411/4411 4407/4407/4407 
f 4413/4413/4413 4407/4407/4407 4412/4412/4412 
f 4414/4414/4414 4405/4405/4405 4396/4396/4396 
f 4412/4412/4412 4405/4405/4405 4414/4414/4414 
f 4414/4414/4414 4396/4396/4396 4415/4415/4415 
f 4415/4415/4415 4396/4396/4396 4392/4392/4392 
f 4415/4415/4415 4392/4392/4392 4416/4416/4416 
f 4394/4394/4394 4416/4416/4416 4392/4392/4392 
f 4394/4394/4394 4417/4417/4417 4416/4416/4416 
f 4418/4418/4418 4411/4411/4411 4413/4413/4413 
f 4419/4419/4419 4420/4420/4420 4418/4418/4418 
f 4418/4418/4418 4420/4420/4420 4411/4411/4411 
f 4419/4419/4419 4421/4421/4421 4420/4420/4420 
f 4422/4422/4422 4421/4421/4421 4419/4419/4419 
f 4421/4421/4421 4410/4410/4410 4420/4420/4420 
f 4411/4411/4411 4420/4420/4420 4410/4410/4410 
f 4421/4421/4421 4423/4423/4423 4410/4410/4410 
f 4424/4424/4424 4423/4423/4423 4421/4421/4421 
f 4422/4422/4422 4424/4424/4424 4421/4421/4421 
f 4425/4425/4425 4424/4424/4424 4422/4422/4422 
f 4425/4425/4425 4422/4422/4422 4426/4426/4426 
f 4427/4427/4427 4424/4424/4424 4425/4425/4425 
f 4424/4424/4424 4427/4427/4427 4423/4423/4423 
f 4427/4427/4427 4428/4428/4428 4423/4423/4423 
f 4386/4386/4386 4410/4410/4410 4423/4423/4423 
f 4386/4386/4386 4423/4423/4423 4428/4428/4428 
f 4411/4411/4411 4410/4410/4410 4409/4409/4409 
f 4427/4427/4427 4429/4429/4429 4428/4428/4428 
f 4387/4387/4387 4386/4386/4386 4428/4428/4428 
f 4387/4387/4387 4428/4428/4428 4430/4430/4430 
f 4429/4429/4429 4430/4430/4430 4428/4428/4428 
f 4427/4427/4427 4425/4425/4425 4431/4431/4431 
f 4429/4429/4429 4427/4427/4427 4431/4431/4431 
f 4431/4431/4431 4425/4425/4425 4432/4432/4432 
f 4432/4432/4432 4425/4425/4425 4426/4426/4426 
f 4432/4432/4432 4426/4426/4426 4433/4433/4433 
f 4431/4431/4431 4432/4432/4432 4434/4434/4434 
f 4432/4432/4432 4433/4433/4433 4435/4435/4435 
f 4432/4432/4432 4435/4435/4435 4436/4436/4436 
f 4434/4434/4434 4432/4432/4432 4436/4436/4436 
f 4429/4429/4429 4431/4431/4431 4437/4437/4437 
f 4438/4438/4438 4437/4437/4437 4431/4431/4431 
f 4438/4438/4438 4431/4431/4431 4434/4434/4434 
f 4439/4439/4439 4429/4429/4429 4437/4437/4437 
f 4429/4429/4429 4439/4439/4439 4430/4430/4430 
f 4440/4440/4440 4437/4437/4437 4438/4438/4438 
f 4439/4439/4439 4437/4437/4437 4440/4440/4440 
f 4441/4441/4441 4438/4438/4438 4434/4434/4434 
f 4442/4442/4442 4443/4443/4443 4438/4438/4438 
f 4442/4442/4442 4438/4438/4438 4441/4441/4441 
f 4440/4440/4440 4438/4438/4438 4443/4443/4443 
f 4434/4434/4434 4436/4436/4436 4444/4444/4444 
f 4441/4441/4441 4434/4434/4434 4444/4444/4444 
f 4441/4441/4441 4444/4444/4444 4445/4445/4445 
f 4441/4441/4441 4445/4445/4445 4446/4446/4446 
f 4447/4447/4447 4442/4442/4442 4441/4441/4441 
f 4447/4447/4447 4441/4441/4441 4446/4446/4446 
f 4445/4445/4445 4444/4444/4444 4436/4436/4436 
f 4445/4445/4445 4436/4436/4436 4448/4448/4448 
f 4436/4436/4436 4449/4449/4449 4448/4448/4448 
f 4436/4436/4436 4435/4435/4435 4449/4449/4449 

g Androeofficial5

v -287.688 0.536764 80.1704 
v -287.544 0.536601 80.003 
v -287.542 0.489216 80.0287 
v -287.681 0.488986 80.1923 
v -287.688 0.537186 80.6029 
v -287.407 0.536563 79.9644 
v -287.407 0.489319 79.9817 
v -287.533 0.440637 80.091 
v -287.66 0.43992 80.2358 
v -287.681 0.488984 80.5853 
v -287.66 0.439351 80.5479 
v -287.54 0.537365 80.7863 
v -287.539 0.488766 80.7571 
v -287.531 0.43864 80.6912 
v -287.639 0.393065 80.3961 
v -287.513 0.3668 80.3961 
v -287.404 0.44091 80.0383 
v -287.266 0.489319 79.9817 
v -287.265 0.536563 79.9644 
v -287.118 0.489216 80.0287 
v -287.268 0.44091 80.0383 
v -287.396 0.353171 80.3961 
v -287.403 0.438313 80.7589 
v -287.276 0.353171 80.3961 
v -287.127 0.440637 80.091 
v -287.116 0.536601 80.003 
v -286.985 0.488986 80.1923 
v -287.006 0.43992 80.2358 
v -287.148 0.3668 80.3961 
v -287.269 0.438313 80.7589 
v -287.405 0.488651 80.8234 
v -287.13 0.43864 80.6912 
v -287.267 0.488651 80.8234 
v -287.027 0.393065 80.3961 
v -287.007 0.439351 80.5479 
v -286.986 0.488984 80.5853 
v -286.978 0.536764 80.1704 
v -286.978 0.537186 80.6029 
v -287.121 0.488766 80.7571 
v -287.12 0.537365 80.7863 
v -287.267 0.537424 80.8464 
v -287.405 0.537424 80.8464 
v -287.529 1.11039 80.0294 
v -287.655 1.11039 80.1986 
v -287.62 1.15613 80.2377 
v -287.519 1.15595 80.0773 
v -287.401 1.11039 79.9989 
v -287.655 1.11039 80.5193 
v -287.62 1.15621 80.4764 
v -287.584 1.20632 80.2986 
v -287.503 1.20601 80.155 
v -287.398 1.1559 80.0461 
v -287.392 1.20592 80.1292 
v -287.271 1.11039 79.9989 
v -287.274 1.1559 80.0461 
v -287.279 1.20592 80.1292 
v -287.387 1.25728 80.354 
v -287.284 1.25728 80.354 
v -287.486 1.24206 80.354 
v -287.559 1.21986 80.3539 
v -287.584 1.20645 80.412 
v -287.498 1.20675 80.5521 
v -287.391 1.20683 80.5703 
v -287.281 1.20683 80.5703 
v -287.163 1.20675 80.5521 
v -287.175 1.24206 80.354 
v -287.159 1.20601 80.155 
v -287.082 1.20645 80.412 
v -287.108 1.21986 80.3539 
v -287.046 1.15621 80.4764 
v -287.15 1.15638 80.6308 
v -287.276 1.15642 80.6517 
v -287.395 1.15642 80.6517 
v -287.274 1.11039 80.6986 
v -287.397 1.11039 80.6986 
v -287.143 1.11039 80.6798 
v -287.011 1.11039 80.5193 
v -287.046 1.15613 80.2377 
v -287.082 1.20632 80.2986 
v -287.142 1.15595 80.0773 
v -287.011 1.11039 80.1986 
v -287.132 1.11039 80.0294 
v -287.518 1.11039 80.6798 
v -287.511 1.15638 80.6308 
v -287.65 1.01895 80.5193 
v -287.688 0.537186 80.6029 
v -287.54 0.537365 80.7863 
v -287.515 1.01895 80.6907 
v -287.65 1.01895 80.2053 
v -287.655 1.11039 80.5193 
v -287.688 0.536764 80.1704 
v -287.515 1.01895 80.0489 
v -287.655 1.11039 80.1986 
v -287.518 1.11039 80.6798 
v -287.397 1.01895 80.7261 
v -287.405 0.537424 80.8464 
v -287.267 0.537424 80.8464 
v -287.275 1.01895 80.7261 
v -287.397 1.11039 80.6986 
v -287.12 0.537365 80.7863 
v -287.146 1.01895 80.6907 
v -287.274 1.11039 80.6986 
v -287.143 1.11039 80.6798 
v -287.529 1.11039 80.0294 
v -287.401 1.11039 79.9989 
v -287.397 1.01895 80.0253 
v -287.544 0.536601 80.003 
v -287.271 1.11039 79.9989 
v -287.275 1.01895 80.0253 
v -287.407 0.536563 79.9644 
v -287.146 1.01895 80.0489 
v -287.132 1.11039 80.0294 
v -287.265 0.536563 79.9644 
v -287.011 1.11039 80.1986 
v -287.016 1.01895 80.2053 
v -287.116 0.536601 80.003 
v -287.011 1.11039 80.5193 
v -287.016 1.01895 80.5193 
v -286.978 0.536764 80.1704 
v -287.143 1.11039 80.6798 
v -287.146 1.01895 80.6907 
v -287.12 0.537365 80.7863 
v -286.978 0.537186 80.6029 

vn -0.913386 -0.275591 -0.299213 
vn -0.519685 -0.401575 -0.755906 
vn -0.488189 -0.582677 -0.653543 
vn -0.889764 -0.401575 -0.23622 
vn -0.92126 -0.259843 0.291339 
vn -0.141732 -0.377953 -0.913386 
vn -0.125984 -0.614173 -0.779528 
vn -0.228346 -0.92126 -0.322835 
vn -0.551181 -0.811024 -0.204724 
vn -0.889764 -0.393701 0.244094 
vn -0.559055 -0.80315 0.212598 
vn -0.566929 -0.401575 0.716535 
vn -0.527559 -0.582677 0.622047 
vn -0.244094 -0.913386 0.322835 
vn -0.354331 -0.937008 0 
vn -0.15748 -0.984252 0 
vn -0.0629921 -0.944882 -0.330709 
vn 0.125984 -0.614173 -0.779528 
vn 0.133858 -0.377953 -0.913386 
vn 0.480315 -0.590551 -0.653543 
vn 0.0629921 -0.944882 -0.330709 
vn -0.0551181 -1 -0.00787402 
vn -0.0787402 -0.944882 0.322835 
vn 0.0472441 -1 -0.00787402 
vn 0.220472 -0.92126 -0.322835 
vn 0.503937 -0.401575 -0.76378 
vn 0.889764 -0.393701 -0.228346 
vn 0.559055 -0.80315 -0.19685 
vn 0.15748 -0.984252 0 
vn 0.0708661 -0.944882 0.322835 
vn -0.173228 -0.645669 0.740157 
vn 0.23622 -0.92126 0.314961 
vn 0.165354 -0.653543 0.740157 
vn 0.370079 -0.929134 0 
vn 0.566929 -0.795276 0.204724 
vn 0.889764 -0.385827 0.228346 
vn 0.92126 -0.267717 -0.291339 
vn 0.929134 -0.259843 0.275591 
vn 0.519685 -0.582677 0.622047 
vn 0.551181 -0.409449 0.724409 
vn 0.181102 -0.440945 0.874016 
vn -0.188976 -0.440945 0.874016 
vn -0.393701 0.732283 -0.559055 
vn -0.700787 0.669291 -0.244094 
vn -0.708661 0.685039 -0.188976 
vn -0.401575 0.771654 -0.488189 
vn -0.0787402 0.724409 -0.685039 
vn -0.685039 0.677165 0.267717 
vn -0.692913 0.692913 0.19685 
vn -0.566929 0.811024 -0.141732 
vn -0.275591 0.913386 -0.307087 
vn -0.0708661 0.80315 -0.598425 
vn -0.0472441 0.944882 -0.322835 
vn 0.0787402 0.724409 -0.685039 
vn 0.0708661 0.80315 -0.598425 
vn 0.0472441 0.944882 -0.322835 
vn -0.0472441 1 0 
vn 0.0393701 1 0 
vn -0.149606 0.992126 0 
vn -0.283465 0.96063 0 
vn -0.566929 0.811024 0.141732 
vn -0.267717 0.913386 0.314961 
vn -0.0393701 0.944882 0.322835 
vn 0.0393701 0.944882 0.322835 
vn 0.251969 0.913386 0.314961 
vn 0.141732 0.992126 0 
vn 0.267717 0.913386 -0.307087 
vn 0.574803 0.80315 0.133858 
vn 0.299213 0.952756 0 
vn 0.700787 0.685039 0.188976 
vn 0.370079 0.779528 0.503937 
vn 0.0472441 0.795276 0.606299 
vn -0.0472441 0.795276 0.606299 
vn 0.0551181 0.716535 0.692913 
vn -0.0551181 0.716535 0.692913 
vn 0.346457 0.732283 0.582677 
vn 0.685039 0.677165 0.259843 
vn 0.708661 0.677165 -0.181102 
vn 0.582677 0.80315 -0.133858 
vn 0.393701 0.779528 -0.488189 
vn 0.708661 0.669291 -0.23622 
vn 0.385827 0.732283 -0.566929 
vn -0.362205 0.732283 0.574803 
vn -0.377953 0.779528 0.503937 
vn -0.968504 0.0944882 0.228346 
vn -0.952756 0.11811 0.275591 
vn -0.622047 0.188976 0.76378 
vn -0.629921 0.173228 0.755906 
vn -0.968504 0.0629921 -0.244094 
vn -0.96063 -0.0314961 0.267717 
vn -0.96063 0.0944882 -0.259843 
vn -0.582677 0.0629921 -0.811024 
vn -0.952756 -0.102362 -0.267717 
vn -0.614173 0.0787402 0.787402 
vn -0.165354 0.23622 0.96063 
vn -0.173228 0.23622 0.96063 
vn 0.165354 0.23622 0.96063 
vn 0.165354 0.23622 0.96063 
vn -0.110236 0.244094 0.96063 
vn 0.614173 0.19685 0.76378 
vn 0.622047 0.181102 0.76378 
vn 0.102362 0.244094 0.968504 
vn 0.606299 0.0787402 0.795276 
vn -0.590551 -0.212598 -0.779528 
vn -0.102362 -0.267717 -0.96063 
vn -0.11811 0.0629921 -0.992126 
vn -0.582677 0.11811 -0.80315 
vn 0.102362 -0.267717 -0.96063 
vn 0.110236 0.0629921 -0.992126 
vn -0.11811 0.11811 -0.984252 
vn 0.574803 0.0629921 -0.811024 
vn 0.574803 -0.212598 -0.787402 
vn 0.110236 0.11811 -0.984252 
vn 0.96063 -0.102362 -0.259843 
vn 0.968504 0.0629921 -0.23622 
vn 0.574803 0.11811 -0.811024 
vn 0.968504 -0.0314961 0.259843 
vn 0.968504 0.0944882 0.220472 
vn 0.96063 0.0944882 -0.251969 
vn 0.606299 0.0787402 0.795276 
vn 0.622047 0.181102 0.76378 
vn 0.614173 0.19685 0.76378 
vn 0.96063 0.11811 0.259843 

vt 0.499644 0.178475 
vt 0.492726 0.178476 
vt 0.492358 0.171939 
vt 0.498812 0.169218 
vt 0.499643 0.124044 
vt 0.48619 0.178476 
vt 0.486075 0.172808 
vt 0.49193 0.164334 
vt 0.497844 0.158448 
vt 0.498805 0.134055 
vt 0.497831 0.145703 
vt 0.492543 0.124043 
vt 0.492212 0.131245 
vt 0.491827 0.139624 
vt 0.497285 0.152224 
vt 0.491248 0.152223 
vt 0.48594 0.166213 
vt 0.479504 0.172808 
vt 0.479399 0.178476 
vt 0.472624 0.171939 
vt 0.479627 0.166213 
vt 0.485655 0.152221 
vt 0.485881 0.137659 
vt 0.479887 0.152221 
vt 0.473065 0.164334 
vt 0.472245 0.178476 
vt 0.46647 0.169218 
vt 0.467438 0.158448 
vt 0.473768 0.152223 
vt 0.479681 0.137659 
vt 0.485994 0.130337 
vt 0.473171 0.139624 
vt 0.479577 0.130337 
vt 0.467998 0.152224 
vt 0.467452 0.145703 
vt 0.466478 0.134055 
vt 0.465639 0.178475 
vt 0.46564 0.124044 
vt 0.472774 0.131245 
vt 0.472433 0.124043 
vt 0.479488 0.124043 
vt 0.486092 0.124043 
vt 0.453661 0.123894 
vt 0.460314 0.12393 
vt 0.459062 0.137378 
vt 0.453486 0.132716 
vt 0.44693 0.123887 
vt 0.460314 0.178946 
vt 0.459059 0.16559 
vt 0.45816 0.147062 
vt 0.45336 0.139069 
vt 0.446875 0.131754 
vt 0.446835 0.137418 
vt 0.440041 0.123887 
vt 0.440089 0.131754 
vt 0.440124 0.137418 
vt 0.446736 0.151557 
vt 0.44021 0.151557 
vt 0.453112 0.151558 
vt 0.457741 0.151558 
vt 0.458156 0.155972 
vt 0.453093 0.163762 
vt 0.446727 0.165379 
vt 0.440214 0.165379 
vt 0.433253 0.163762 
vt 0.433237 0.151558 
vt 0.432986 0.139069 
vt 0.428487 0.155972 
vt 0.428902 0.151558 
vt 0.427584 0.16559 
vt 0.433261 0.170119 
vt 0.440216 0.171059 
vt 0.446723 0.171059 
vt 0.440218 0.178948 
vt 0.446718 0.178948 
vt 0.433273 0.178948 
vt 0.426329 0.178946 
vt 0.427582 0.137378 
vt 0.428483 0.147062 
vt 0.432858 0.132716 
vt 0.426329 0.12393 
vt 0.432681 0.123894 
vt 0.453068 0.178948 
vt 0.453082 0.170119 
vt 0.602269 0.259569 
vt 0.606831 0.187795 
vt 0.635067 0.187795 
vt 0.635067 0.259569 
vt 0.565826 0.259569 
vt 0.602157 0.271322 
vt 0.565826 0.187795 
vt 0.546545 0.259569 
vt 0.565826 0.271322 
vt 0.635067 0.271322 
vt 0.659759 0.259569 
vt 0.66049 0.187795 
vt 0.684765 0.187795 
vt 0.681198 0.259569 
vt 0.659139 0.271322 
vt 0.704679 0.187795 
vt 0.704679 0.259569 
vt 0.680955 0.271322 
vt 0.704679 0.271322 
vt 0.5472 0.271322 
vt 0.536558 0.271322 
vt 0.536584 0.259569 
vt 0.552064 0.187794 
vt 0.525449 0.271322 
vt 0.526258 0.259569 
vt 0.536856 0.187794 
vt 0.513437 0.259569 
vt 0.512805 0.271322 
vt 0.521553 0.187794 
vt 0.496043 0.271322 
vt 0.496043 0.259569 
vt 0.506838 0.187794 
vt 0.455885 0.271322 
vt 0.455856 0.259569 
vt 0.496043 0.187795 
vt 0.427002 0.271322 
vt 0.427002 0.259569 
vt 0.427002 0.187795 
vt 0.451631 0.187795 

usemtl Androeofficial1Mtl

f 4450/4450/4450 4451/4451/4451 4452/4452/4452 
f 4450/4450/4450 4452/4452/4452 4453/4453/4453 
f 4454/4454/4454 4450/4450/4450 4453/4453/4453 
f 4451/4451/4451 4455/4455/4455 4456/4456/4456 
f 4451/4451/4451 4456/4456/4456 4452/4452/4452 
f 4452/4452/4452 4457/4457/4457 4458/4458/4458 
f 4452/4452/4452 4458/4458/4458 4453/4453/4453 
f 4456/4456/4456 4457/4457/4457 4452/4452/4452 
f 4454/4454/4454 4453/4453/4453 4459/4459/4459 
f 4453/4453/4453 4458/4458/4458 4460/4460/4460 
f 4453/4453/4453 4460/4460/4460 4459/4459/4459 
f 4461/4461/4461 4454/4454/4454 4459/4459/4459 
f 4461/4461/4461 4459/4459/4459 4462/4462/4462 
f 4459/4459/4459 4460/4460/4460 4463/4463/4463 
f 4459/4459/4459 4463/4463/4463 4462/4462/4462 
f 4460/4460/4460 4464/4464/4464 4465/4465/4465 
f 4460/4460/4460 4465/4465/4465 4463/4463/4463 
f 4458/4458/4458 4464/4464/4464 4460/4460/4460 
f 4457/4457/4457 4464/4464/4464 4458/4458/4458 
f 4457/4457/4457 4465/4465/4465 4464/4464/4464 
f 4466/4466/4466 4465/4465/4465 4457/4457/4457 
f 4456/4456/4456 4466/4466/4466 4457/4457/4457 
f 4455/4455/4455 4467/4467/4467 4456/4456/4456 
f 4467/4467/4467 4466/4466/4466 4456/4456/4456 
f 4455/4455/4455 4468/4468/4468 4467/4467/4467 
f 4468/4468/4468 4469/4469/4469 4467/4467/4467 
f 4469/4469/4469 4470/4470/4470 4467/4467/4467 
f 4467/4467/4467 4470/4470/4470 4466/4466/4466 
f 4466/4466/4466 4471/4471/4471 4465/4465/4465 
f 4470/4470/4470 4471/4471/4471 4466/4466/4466 
f 4463/4463/4463 4465/4465/4465 4471/4471/4471 
f 4463/4463/4463 4471/4471/4471 4472/4472/4472 
f 4462/4462/4462 4463/4463/4463 4472/4472/4472 
f 4472/4472/4472 4471/4471/4471 4473/4473/4473 
f 4470/4470/4470 4473/4473/4473 4471/4471/4471 
f 4474/4474/4474 4473/4473/4473 4470/4470/4470 
f 4469/4469/4469 4474/4474/4474 4470/4470/4470 
f 4475/4475/4475 4476/4476/4476 4469/4469/4469 
f 4468/4468/4468 4475/4475/4475 4469/4469/4469 
f 4476/4476/4476 4474/4474/4474 4469/4469/4469 
f 4477/4477/4477 4478/4478/4478 4474/4474/4474 
f 4474/4474/4474 4478/4478/4478 4473/4473/4473 
f 4476/4476/4476 4477/4477/4477 4474/4474/4474 
f 4479/4479/4479 4473/4473/4473 4478/4478/4478 
f 4472/4472/4472 4473/4473/4473 4479/4479/4479 
f 4462/4462/4462 4472/4472/4472 4480/4480/4480 
f 4480/4480/4480 4472/4472/4472 4479/4479/4479 
f 4479/4479/4479 4478/4478/4478 4481/4481/4481 
f 4482/4482/4482 4479/4479/4479 4481/4481/4481 
f 4480/4480/4480 4479/4479/4479 4482/4482/4482 
f 4477/4477/4477 4483/4483/4483 4478/4478/4478 
f 4481/4481/4481 4478/4478/4478 4483/4483/4483 
f 4484/4484/4484 4483/4483/4483 4477/4477/4477 
f 4485/4485/4485 4484/4484/4484 4477/4477/4477 
f 4485/4485/4485 4477/4477/4477 4476/4476/4476 
f 4486/4486/4486 4485/4485/4485 4476/4476/4476 
f 4475/4475/4475 4486/4486/4486 4476/4476/4476 
f 4486/4486/4486 4487/4487/4487 4485/4485/4485 
f 4487/4487/4487 4488/4488/4488 4485/4485/4485 
f 4488/4488/4488 4484/4484/4484 4485/4485/4485 
f 4481/4481/4481 4483/4483/4483 4484/4484/4484 
f 4488/4488/4488 4481/4481/4481 4484/4484/4484 
f 4482/4482/4482 4481/4481/4481 4488/4488/4488 
f 4489/4489/4489 4490/4490/4490 4482/4482/4482 
f 4489/4489/4489 4482/4482/4482 4488/4488/4488 
f 4490/4490/4490 4480/4480/4480 4482/4482/4482 
f 4491/4491/4491 4462/4462/4462 4480/4480/4480 
f 4490/4490/4490 4491/4491/4491 4480/4480/4480 
f 4491/4491/4491 4461/4461/4461 4462/4462/4462 
f 4487/4487/4487 4489/4489/4489 4488/4488/4488 
f 4492/4492/4492 4493/4493/4493 4494/4494/4494 
f 4492/4492/4492 4494/4494/4494 4495/4495/4495 
f 4496/4496/4496 4492/4492/4492 4495/4495/4495 
f 4493/4493/4493 4497/4497/4497 4498/4498/4498 
f 4493/4493/4493 4498/4498/4498 4494/4494/4494 
f 4494/4494/4494 4499/4499/4499 4500/4500/4500 
f 4494/4494/4494 4500/4500/4500 4495/4495/4495 
f 4498/4498/4498 4499/4499/4499 4494/4494/4494 
f 4496/4496/4496 4495/4495/4495 4501/4501/4501 
f 4495/4495/4495 4500/4500/4500 4502/4502/4502 
f 4495/4495/4495 4502/4502/4502 4501/4501/4501 
f 4503/4503/4503 4496/4496/4496 4501/4501/4501 
f 4503/4503/4503 4501/4501/4501 4504/4504/4504 
f 4501/4501/4501 4502/4502/4502 4505/4505/4505 
f 4501/4501/4501 4505/4505/4505 4504/4504/4504 
f 4500/4500/4500 4506/4506/4506 4502/4502/4502 
f 4502/4502/4502 4506/4506/4506 4507/4507/4507 
f 4502/4502/4502 4507/4507/4507 4505/4505/4505 
f 4499/4499/4499 4508/4508/4508 4500/4500/4500 
f 4500/4500/4500 4508/4508/4508 4506/4506/4506 
f 4499/4499/4499 4509/4509/4509 4508/4508/4508 
f 4510/4510/4510 4509/4509/4509 4499/4499/4499 
f 4498/4498/4498 4510/4510/4510 4499/4499/4499 
f 4511/4511/4511 4508/4508/4508 4509/4509/4509 
f 4512/4512/4512 4506/4506/4506 4508/4508/4508 
f 4512/4512/4512 4508/4508/4508 4511/4511/4511 
f 4513/4513/4513 4507/4507/4507 4506/4506/4506 
f 4513/4513/4513 4506/4506/4506 4512/4512/4512 
f 4514/4514/4514 4515/4515/4515 4507/4507/4507 
f 4514/4514/4514 4507/4507/4507 4513/4513/4513 
f 4505/4505/4505 4507/4507/4507 4515/4515/4515 
f 4505/4505/4505 4515/4515/4515 4516/4516/4516 
f 4504/4504/4504 4505/4505/4505 4516/4516/4516 
f 4517/4517/4517 4518/4518/4518 4515/4515/4515 
f 4517/4517/4517 4515/4515/4515 4514/4514/4514 
f 4516/4516/4516 4515/4515/4515 4518/4518/4518 
f 4519/4519/4519 4517/4517/4517 4514/4514/4514 
f 4519/4519/4519 4514/4514/4514 4520/4520/4520 
f 4520/4520/4520 4514/4514/4514 4513/4513/4513 
f 4520/4520/4520 4513/4513/4513 4521/4521/4521 
f 4521/4521/4521 4513/4513/4513 4512/4512/4512 
f 4522/4522/4522 4512/4512/4512 4511/4511/4511 
f 4521/4521/4521 4512/4512/4512 4522/4522/4522 
f 4523/4523/4523 4520/4520/4520 4521/4521/4521 
f 4524/4524/4524 4523/4523/4523 4521/4521/4521 
f 4524/4524/4524 4521/4521/4521 4522/4522/4522 
f 4525/4525/4525 4519/4519/4519 4520/4520/4520 
f 4523/4523/4523 4525/4525/4525 4520/4520/4520 
f 4525/4525/4525 4526/4526/4526 4519/4519/4519 
f 4526/4526/4526 4527/4527/4527 4519/4519/4519 
f 4527/4527/4527 4517/4517/4517 4519/4519/4519 
f 4528/4528/4528 4518/4518/4518 4517/4517/4517 
f 4527/4527/4527 4528/4528/4528 4517/4517/4517 
f 4516/4516/4516 4518/4518/4518 4528/4528/4528 
f 4529/4529/4529 4516/4516/4516 4528/4528/4528 
f 4529/4529/4529 4528/4528/4528 4527/4527/4527 
f 4504/4504/4504 4516/4516/4516 4529/4529/4529 
f 4530/4530/4530 4531/4531/4531 4529/4529/4529 
f 4530/4530/4530 4529/4529/4529 4527/4527/4527 
f 4531/4531/4531 4504/4504/4504 4529/4529/4529 
f 4526/4526/4526 4530/4530/4530 4527/4527/4527 
f 4531/4531/4531 4503/4503/4503 4504/4504/4504 
f 4532/4532/4532 4524/4524/4524 4522/4522/4522 
f 4532/4532/4532 4522/4522/4522 4533/4533/4533 
f 4522/4522/4522 4511/4511/4511 4533/4533/4533 
f 4497/4497/4497 4532/4532/4532 4533/4533/4533 
f 4497/4497/4497 4533/4533/4533 4498/4498/4498 
f 4533/4533/4533 4511/4511/4511 4510/4510/4510 
f 4533/4533/4533 4510/4510/4510 4498/4498/4498 
f 4511/4511/4511 4509/4509/4509 4510/4510/4510 
f 4534/4534/4534 4535/4535/4535 4536/4536/4536 
f 4534/4534/4534 4536/4536/4536 4537/4537/4537 
f 4538/4538/4538 4534/4534/4534 4539/4539/4539 
f 4539/4539/4539 4534/4534/4534 4537/4537/4537 
f 4535/4535/4535 4534/4534/4534 4538/4538/4538 
f 4535/4535/4535 4538/4538/4538 4540/4540/4540 
f 4541/4541/4541 4538/4538/4538 4542/4542/4542 
f 4538/4538/4538 4539/4539/4539 4542/4542/4542 
f 4540/4540/4540 4538/4538/4538 4541/4541/4541 
f 4539/4539/4539 4537/4537/4537 4543/4543/4543 
f 4544/4544/4544 4537/4537/4537 4536/4536/4536 
f 4543/4543/4543 4537/4537/4537 4544/4544/4544 
f 4544/4544/4544 4536/4536/4536 4545/4545/4545 
f 4544/4544/4544 4545/4545/4545 4546/4546/4546 
f 4544/4544/4544 4546/4546/4546 4547/4547/4547 
f 4543/4543/4543 4544/4544/4544 4548/4548/4548 
f 4548/4548/4548 4544/4544/4544 4547/4547/4547 
f 4547/4547/4547 4546/4546/4546 4549/4549/4549 
f 4547/4547/4547 4549/4549/4549 4550/4550/4550 
f 4551/4551/4551 4547/4547/4547 4550/4550/4550 
f 4548/4548/4548 4547/4547/4547 4551/4551/4551 
f 4551/4551/4551 4550/4550/4550 4552/4552/4552 
f 4541/4541/4541 4542/4542/4542 4553/4553/4553 
f 4541/4541/4541 4553/4553/4553 4554/4554/4554 
f 4541/4541/4541 4554/4554/4554 4555/4555/4555 
f 4540/4540/4540 4541/4541/4541 4556/4556/4556 
f 4556/4556/4556 4541/4541/4541 4555/4555/4555 
f 4555/4555/4555 4554/4554/4554 4557/4557/4557 
f 4555/4555/4555 4557/4557/4557 4558/4558/4558 
f 4556/4556/4556 4555/4555/4555 4559/4559/4559 
f 4559/4559/4559 4555/4555/4555 4558/4558/4558 
f 4560/4560/4560 4558/4558/4558 4557/4557/4557 
f 4560/4560/4560 4557/4557/4557 4561/4561/4561 
f 4562/4562/4562 4558/4558/4558 4560/4560/4560 
f 4559/4559/4559 4558/4558/4558 4562/4562/4562 
f 4560/4560/4560 4561/4561/4561 4563/4563/4563 
f 4560/4560/4560 4563/4563/4563 4564/4564/4564 
f 4565/4565/4565 4560/4560/4560 4564/4564/4564 
f 4562/4562/4562 4560/4560/4560 4565/4565/4565 
f 4564/4564/4564 4563/4563/4563 4566/4566/4566 
f 4564/4564/4564 4566/4566/4566 4567/4567/4567 
f 4568/4568/4568 4564/4564/4564 4567/4567/4567 
f 4565/4565/4565 4564/4564/4564 4568/4568/4568 
f 4569/4569/4569 4567/4567/4567 4566/4566/4566 
f 4567/4567/4567 4570/4570/4570 4571/4571/4571 
f 4567/4567/4567 4571/4571/4571 4572/4572/4572 
f 4569/4569/4569 4570/4570/4570 4567/4567/4567 
f 4568/4568/4568 4567/4567/4567 4572/4572/4572 

g Androeofficial6

v -287.547 0.412226 80.8098 
v -287.566 0.0888622 80.8403 
v -287.414 0.088862 80.9069 
v -287.408 0.412226 80.8764 
v -287.54 0.537365 80.785 
v -287.259 0.0888622 80.9069 
v -287.265 0.412226 80.8764 
v -287.405 0.537424 80.8451 
v -287.093 0.088862 80.8403 
v -287.113 0.412226 80.8098 
v -287.267 0.537424 80.8451 
v -287.12 0.537365 80.785 
v -287.729 0.0888622 80.669 
v -287.729 0.0888622 80.1453 
v -287.566 0.088862 80.1453 
v -287.566 0.0888622 80.8403 
v -287.692 0.0888622 79.8845 
v -287.566 0.0888622 79.7508 
v -287.414 0.0888622 80.1453 
v -287.414 0.088862 80.9069 
v -287.414 0.0888622 79.7123 
v -287.259 0.088862 79.7123 
v -287.259 0.088862 80.1453 
v -287.259 0.0888622 80.9069 
v -287.093 0.0888618 79.7508 
v -287.093 0.0888618 80.1453 
v -287.093 0.088862 80.8403 
v -286.975 0.0888618 79.8845 
v -286.938 0.0888618 80.1453 
v -286.937 0.0888618 80.669 
v -287.544 0.536601 80.0017 
v -287.688 0.536764 80.1691 
v -287.629 0.53653 80.2754 
v -287.508 0.536731 80.1588 
v -287.407 0.536563 79.9631 
v -287.688 0.537186 80.6016 
v -287.628 0.53654 80.4934 
v -287.61 0.536571 80.3949 
v -287.496 0.536846 80.3926 
v -287.394 0.536766 80.1422 
v -287.39 0.53688 80.3926 
v -287.265 0.536563 79.9631 
v -287.277 0.536766 80.1422 
v -287.281 0.536881 80.3926 
v -287.394 0.536778 80.6407 
v -287.278 0.536778 80.6407 
v -287.506 0.536743 80.6164 
v -287.54 0.537365 80.785 
v -287.405 0.537424 80.8451 
v -287.267 0.537424 80.8451 
v -287.155 0.536743 80.6164 
v -287.165 0.536846 80.3926 
v -287.116 0.5366 80.0017 
v -287.153 0.536731 80.1588 
v -287.038 0.53654 80.4934 
v -287.056 0.53657 80.3949 
v -287.12 0.537365 80.785 
v -286.978 0.537186 80.6016 
v -287.037 0.53653 80.2754 
v -286.978 0.536764 80.1691 
v -287.566 0.0888622 79.7508 
v -287.692 0.0888622 79.8845 
v -287.677 0.270407 79.8845 
v -287.556 0.35891 79.7508 
v -287.414 0.0888622 79.7123 
v -287.729 0.0888622 80.1453 
v -287.705 0.325017 80.1538 
v -287.547 0.491478 79.9975 
v -287.408 0.527094 79.9619 
v -287.411 0.394525 79.7123 
v -287.262 0.394525 79.7123 
v -287.259 0.088862 79.7123 
v -287.544 0.536601 80.0017 
v -287.407 0.536563 79.9631 
v -287.265 0.527094 79.9619 
v -287.688 0.536764 80.1691 
v -287.705 0.325017 80.6385 
v -287.688 0.537186 80.6016 
v -287.729 0.0888622 80.669 
v -287.566 0.0888622 80.8403 
v -287.547 0.412226 80.8098 
v -287.54 0.537365 80.785 
v -287.265 0.536563 79.9631 
v -287.116 0.5366 80.0017 
v -287.113 0.491478 79.9974 
v -287.103 0.35891 79.7508 
v -286.978 0.536764 80.1691 
v -286.961 0.325017 80.1538 
v -286.99 0.270407 79.8845 
v -287.093 0.0888618 79.7508 
v -286.938 0.0888618 80.1453 
v -286.975 0.0888618 79.8845 
v -286.961 0.325017 80.6385 
v -286.978 0.537186 80.6016 
v -286.937 0.0888618 80.669 
v -287.113 0.412226 80.8098 
v -287.093 0.088862 80.8403 
v -287.12 0.537365 80.785 

vn -0.622047 0.141732 0.771654 
vn -0.606299 0.11811 0.787402 
vn -0.220472 0.102362 0.968504 
vn -0.220472 0.133858 0.968504 
vn -0.669291 0.181102 0.716535 
vn 0.212598 0.102362 0.976378 
vn 0.204724 0.133858 0.968504 
vn -0.220472 0.228346 0.944882 
vn 0.598425 0.11811 0.795276 
vn 0.614173 0.141732 0.779528 
vn 0.212598 0.228346 0.952756 
vn 0.669291 0.188976 0.716535 
vn 0 -1 0 
vn 0 -1 0 
vn 0 -1 0 
vn 0 -1 0 
vn 0 -1 0 
vn 0 -1 0 
vn 0 -1 0 
vn 0 -1 0 
vn 0 -1 0 
vn 0 -1 0 
vn 0 -1 0 
vn 0 -1 0 
vn 0 -1 0 
vn 0 -1 0 
vn 0 -1 0 
vn 0 -1 0 
vn 0 -1 0 
vn 0 -1 0 
vn 0 1 0 
vn 0 1 0 
vn 0 1 0 
vn 0 1 0 
vn 0 1 0 
vn 0 1 0 
vn 0 1 0 
vn 0 1 0 
vn 0 1 0 
vn 0 1 0 
vn 0 1 0 
vn 0 1 0 
vn 0 1 0 
vn 0 1 0 
vn 0 1 0 
vn 0 1 0 
vn 0 1 0 
vn 0 1 0 
vn 0 1 0 
vn 0 1 0 
vn 0 1 0 
vn 0 1 0 
vn 0 1 0 
vn 0 1 0 
vn 0 1 0 
vn 0 1 0 
vn 0 1 0 
vn 0 1 0 
vn 0 1 0 
vn 0 1 0 
vn -0.511811 0.023622 -0.858268 
vn -0.929134 0.0787402 -0.370079 
vn -0.889764 0.307087 -0.338583 
vn -0.574803 0.448819 -0.685039 
vn -0.125984 0 -0.992126 
vn -0.992126 0.0944882 -0.0393701 
vn -0.984252 0.15748 -0.0866142 
vn -0.692913 0.559055 -0.456693 
vn -0.181102 0.84252 -0.503937 
vn -0.15748 0.496063 -0.850394 
vn 0.149606 0.496063 -0.850394 
vn 0.11811 0 -0.992126 
vn -0.708661 0.110236 -0.700787 
vn -0.204724 0.11811 -0.976378 
vn 0.173228 0.84252 -0.503937 
vn -0.984252 0.0866142 -0.149606 
vn -0.968504 0.11811 0.23622 
vn -0.976378 0.110236 0.173228 
vn -0.952756 0.11811 0.267717 
vn -0.606299 0.11811 0.787402 
vn -0.622047 0.141732 0.771654 
vn -0.669291 0.181102 0.716535 
vn 0.188976 0.11811 -0.976378 
vn 0.716535 0.110236 -0.692913 
vn 0.692913 0.566929 -0.448819 
vn 0.559055 0.448819 -0.692913 
vn 0.984252 0.0866142 -0.141732 
vn 0.984252 0.15748 -0.0866142 
vn 0.897638 0.291339 -0.330709 
vn 0.503937 0.023622 -0.866142 
vn 0.992126 0.0944882 -0.0393701 
vn 0.929134 0.0787402 -0.354331 
vn 0.968504 0.110236 0.228346 
vn 0.984252 0.102362 0.165354 
vn 0.96063 0.11811 0.259843 
vn 0.614173 0.141732 0.779528 
vn 0.598425 0.11811 0.795276 
vn 0.669291 0.188976 0.716535 

vt 0.426705 0.0750126 
vt 0.426705 0.0537522 
vt 0.452176 0.0537522 
vt 0.452013 0.0750126 
vt 0.426705 0.0802208 
vt 0.479569 0.0537522 
vt 0.476727 0.0750126 
vt 0.451825 0.0802237 
vt 0.495487 0.0537522 
vt 0.495487 0.0750126 
vt 0.475811 0.0802237 
vt 0.495487 0.0802208 
vt 0.708968 0.00408161 
vt 0.708968 0.0747928 
vt 0.694968 0.0748448 
vt 0.694761 0.00408161 
vt 0.708968 0.115359 
vt 0.695086 0.115359 
vt 0.681881 0.0748932 
vt 0.681655 0.00408161 
vt 0.682009 0.115359 
vt 0.668616 0.115359 
vt 0.668486 0.0749434 
vt 0.66826 0.00408161 
vt 0.654291 0.115359 
vt 0.654173 0.0749972 
vt 0.653967 0.00408161 
vt 0.640639 0.115359 
vt 0.640639 0.0750474 
vt 0.640639 0.00408161 
vt 0.627921 0.02499 
vt 0.634777 0.024991 
vt 0.631972 0.0396688 
vt 0.626204 0.0361558 
vt 0.621444 0.0249897 
vt 0.634775 0.0800755 
vt 0.631913 0.0647303 
vt 0.631056 0.0524228 
vt 0.625643 0.0522773 
vt 0.62083 0.0356548 
vt 0.620629 0.0522776 
vt 0.614714 0.0249897 
vt 0.615274 0.0356548 
vt 0.615458 0.0522776 
vt 0.620795 0.0686255 
vt 0.615307 0.0686255 
vt 0.626127 0.0679849 
vt 0.62774 0.0800767 
vt 0.621346 0.0800771 
vt 0.614803 0.0800771 
vt 0.609473 0.0679849 
vt 0.609971 0.0522773 
vt 0.607625 0.02499 
vt 0.609394 0.0361558 
vt 0.603941 0.0647303 
vt 0.604798 0.0524228 
vt 0.607811 0.0800767 
vt 0.601079 0.0800755 
vt 0.603882 0.0396688 
vt 0.601078 0.024991 
vt 0.551878 0.0889464 
vt 0.565705 0.0889464 
vt 0.565705 0.09855 
vt 0.551878 0.102916 
vt 0.537737 0.0889464 
vt 0.572931 0.0889464 
vt 0.565826 0.104748 
vt 0.551879 0.110731 
vt 0.537737 0.110731 
vt 0.537737 0.102916 
vt 0.523245 0.102916 
vt 0.523245 0.0889464 
vt 0.551879 0.11545 
vt 0.537737 0.115449 
vt 0.523245 0.110731 
vt 0.565826 0.115456 
vt 0.608592 0.104748 
vt 0.608592 0.115456 
vt 0.608592 0.0889465 
vt 0.635067 0.0889465 
vt 0.635067 0.109774 
vt 0.635067 0.115456 
vt 0.523245 0.115449 
vt 0.508007 0.11545 
vt 0.508007 0.110731 
vt 0.508007 0.102916 
vt 0.496043 0.115456 
vt 0.496043 0.104748 
vt 0.496043 0.09855 
vt 0.508007 0.0889464 
vt 0.485917 0.0889464 
vt 0.496043 0.0889464 
vt 0.450037 0.104748 
vt 0.450037 0.115456 
vt 0.450037 0.0889464 
vt 0.427002 0.109774 
vt 0.427002 0.0889464 
vt 0.427002 0.115456 

usemtl Androeofficial1Mtl

f 4573/4573/4573 4574/4574/4574 4575/4575/4575 
f 4573/4573/4573 4575/4575/4575 4576/4576/4576 
f 4577/4577/4577 4573/4573/4573 4576/4576/4576 
f 4576/4576/4576 4575/4575/4575 4578/4578/4578 
f 4576/4576/4576 4578/4578/4578 4579/4579/4579 
f 4577/4577/4577 4576/4576/4576 4580/4580/4580 
f 4580/4580/4580 4576/4576/4576 4579/4579/4579 
f 4579/4579/4579 4578/4578/4578 4581/4581/4581 
f 4579/4579/4579 4581/4581/4581 4582/4582/4582 
f 4583/4583/4583 4579/4579/4579 4582/4582/4582 
f 4580/4580/4580 4579/4579/4579 4583/4583/4583 
f 4583/4583/4583 4582/4582/4582 4584/4584/4584 
f 4585/4585/4585 4586/4586/4586 4587/4587/4587 
f 4585/4585/4585 4587/4587/4587 4588/4588/4588 
f 4587/4587/4587 4586/4586/4586 4589/4589/4589 
f 4587/4587/4587 4589/4589/4589 4590/4590/4590 
f 4591/4591/4591 4587/4587/4587 4590/4590/4590 
f 4588/4588/4588 4587/4587/4587 4591/4591/4591 
f 4588/4588/4588 4591/4591/4591 4592/4592/4592 
f 4591/4591/4591 4590/4590/4590 4593/4593/4593 
f 4591/4591/4591 4593/4593/4593 4594/4594/4594 
f 4591/4591/4591 4594/4594/4594 4595/4595/4595 
f 4592/4592/4592 4591/4591/4591 4595/4595/4595 
f 4592/4592/4592 4595/4595/4595 4596/4596/4596 
f 4595/4595/4595 4594/4594/4594 4597/4597/4597 
f 4595/4595/4595 4597/4597/4597 4598/4598/4598 
f 4599/4599/4599 4596/4596/4596 4595/4595/4595 
f 4599/4599/4599 4595/4595/4595 4598/4598/4598 
f 4598/4598/4598 4597/4597/4597 4600/4600/4600 
f 4598/4598/4598 4600/4600/4600 4601/4601/4601 
f 4602/4602/4602 4599/4599/4599 4598/4598/4598 
f 4602/4602/4602 4598/4598/4598 4601/4601/4601 
f 4603/4603/4603 4604/4604/4604 4605/4605/4605 
f 4603/4603/4603 4605/4605/4605 4606/4606/4606 
f 4607/4607/4607 4603/4603/4603 4606/4606/4606 
f 4604/4604/4604 4608/4608/4608 4609/4609/4609 
f 4604/4604/4604 4609/4609/4609 4610/4610/4610 
f 4604/4604/4604 4610/4610/4610 4605/4605/4605 
f 4605/4605/4605 4610/4610/4610 4611/4611/4611 
f 4605/4605/4605 4611/4611/4611 4606/4606/4606 
f 4607/4607/4607 4606/4606/4606 4612/4612/4612 
f 4606/4606/4606 4611/4611/4611 4613/4613/4613 
f 4606/4606/4606 4613/4613/4613 4612/4612/4612 
f 4614/4614/4614 4607/4607/4607 4612/4612/4612 
f 4614/4614/4614 4612/4612/4612 4615/4615/4615 
f 4612/4612/4612 4613/4613/4613 4616/4616/4616 
f 4612/4612/4612 4616/4616/4616 4615/4615/4615 
f 4617/4617/4617 4613/4613/4613 4611/4611/4611 
f 4618/4618/4618 4616/4616/4616 4613/4613/4613 
f 4618/4618/4618 4613/4613/4613 4617/4617/4617 
f 4619/4619/4619 4611/4611/4611 4610/4610/4610 
f 4617/4617/4617 4611/4611/4611 4619/4619/4619 
f 4619/4619/4619 4610/4610/4610 4609/4609/4609 
f 4608/4608/4608 4619/4619/4619 4609/4609/4609 
f 4608/4608/4608 4620/4620/4620 4619/4619/4619 
f 4620/4620/4620 4617/4617/4617 4619/4619/4619 
f 4620/4620/4620 4621/4621/4621 4617/4617/4617 
f 4621/4621/4621 4618/4618/4618 4617/4617/4617 
f 4622/4622/4622 4623/4623/4623 4618/4618/4618 
f 4621/4621/4621 4622/4622/4622 4618/4618/4618 
f 4623/4623/4623 4616/4616/4616 4618/4618/4618 
f 4623/4623/4623 4624/4624/4624 4616/4616/4616 
f 4615/4615/4615 4616/4616/4616 4624/4624/4624 
f 4625/4625/4625 4614/4614/4614 4615/4615/4615 
f 4625/4625/4625 4615/4615/4615 4626/4626/4626 
f 4615/4615/4615 4624/4624/4624 4626/4626/4626 
f 4627/4627/4627 4628/4628/4628 4624/4624/4624 
f 4627/4627/4627 4624/4624/4624 4623/4623/4623 
f 4626/4626/4626 4624/4624/4624 4628/4628/4628 
f 4629/4629/4629 4627/4627/4627 4623/4623/4623 
f 4622/4622/4622 4629/4629/4629 4623/4623/4623 
f 4630/4630/4630 4628/4628/4628 4627/4627/4627 
f 4629/4629/4629 4630/4630/4630 4627/4627/4627 
f 4630/4630/4630 4631/4631/4631 4628/4628/4628 
f 4626/4626/4626 4628/4628/4628 4631/4631/4631 
f 4632/4632/4632 4625/4625/4625 4626/4626/4626 
f 4632/4632/4632 4626/4626/4626 4631/4631/4631 
f 4630/4630/4630 4632/4632/4632 4631/4631/4631 
f 4633/4633/4633 4634/4634/4634 4635/4635/4635 
f 4633/4633/4633 4635/4635/4635 4636/4636/4636 
f 4637/4637/4637 4633/4633/4633 4636/4636/4636 
f 4638/4638/4638 4635/4635/4635 4634/4634/4634 
f 4638/4638/4638 4639/4639/4639 4635/4635/4635 
f 4640/4640/4640 4636/4636/4636 4635/4635/4635 
f 4640/4640/4640 4635/4635/4635 4639/4639/4639 
f 4636/4636/4636 4640/4640/4640 4641/4641/4641 
f 4636/4636/4636 4641/4641/4641 4642/4642/4642 
f 4637/4637/4637 4636/4636/4636 4642/4642/4642 
f 4637/4637/4637 4642/4642/4642 4643/4643/4643 
f 4637/4637/4637 4643/4643/4643 4644/4644/4644 
f 4641/4641/4641 4643/4643/4643 4642/4642/4642 
f 4641/4641/4641 4640/4640/4640 4645/4645/4645 
f 4641/4641/4641 4645/4645/4645 4646/4646/4646 
f 4641/4641/4641 4647/4647/4647 4643/4643/4643 
f 4647/4647/4647 4641/4641/4641 4646/4646/4646 
f 4640/4640/4640 4639/4639/4639 4648/4648/4648 
f 4640/4640/4640 4648/4648/4648 4645/4645/4645 
f 4638/4638/4638 4649/4649/4649 4639/4639/4639 
f 4639/4639/4639 4649/4649/4649 4650/4650/4650 
f 4639/4639/4639 4650/4650/4650 4648/4648/4648 
f 4638/4638/4638 4651/4651/4651 4649/4649/4649 
f 4649/4649/4649 4651/4651/4651 4652/4652/4652 
f 4649/4649/4649 4652/4652/4652 4653/4653/4653 
f 4650/4650/4650 4649/4649/4649 4653/4653/4653 
f 4650/4650/4650 4653/4653/4653 4654/4654/4654 
f 4647/4647/4647 4646/4646/4646 4655/4655/4655 
f 4647/4647/4647 4655/4655/4655 4656/4656/4656 
f 4647/4647/4647 4657/4657/4657 4658/4658/4658 
f 4647/4647/4647 4658/4658/4658 4643/4643/4643 
f 4647/4647/4647 4656/4656/4656 4657/4657/4657 
f 4657/4657/4657 4656/4656/4656 4659/4659/4659 
f 4657/4657/4657 4659/4659/4659 4660/4660/4660 
f 4657/4657/4657 4660/4660/4660 4661/4661/4661 
f 4657/4657/4657 4661/4661/4661 4658/4658/4658 
f 4662/4662/4662 4658/4658/4658 4661/4661/4661 
f 4644/4644/4644 4643/4643/4643 4658/4658/4658 
f 4644/4644/4644 4658/4658/4658 4662/4662/4662 
f 4663/4663/4663 4664/4664/4664 4661/4661/4661 
f 4663/4663/4663 4661/4661/4661 4660/4660/4660 
f 4662/4662/4662 4661/4661/4661 4664/4664/4664 
f 4663/4663/4663 4660/4660/4660 4665/4665/4665 
f 4660/4660/4660 4659/4659/4659 4666/4666/4666 
f 4660/4660/4660 4666/4666/4666 4665/4665/4665 
f 4663/4663/4663 4665/4665/4665 4667/4667/4667 
f 4665/4665/4665 4668/4668/4668 4669/4669/4669 
f 4665/4665/4665 4669/4669/4669 4667/4667/4667 
f 4670/4670/4670 4668/4668/4668 4665/4665/4665 
f 4670/4670/4670 4665/4665/4665 4666/4666/4666 

g Androeofficial7

v -288.474 2.67664 80.6133 
v -288.394 2.64464 80.706 
v -288.268 2.68475 80.4469 
v -288.523 2.68158 80.4389 
v -288.324 2.62331 80.7391 
v -288.218 2.59094 80.7104 
v -288.139 2.56665 80.6512 
v -288.062 2.54318 80.4389 
v -288.063 2.55943 80.3148 
v -288.242 2.59573 80.1965 
v -288.324 2.62331 80.1387 
v -288.417 2.65164 80.1498 
v -288.47 2.67629 80.2646 
v -288.091 2.48423 80.6627 
v -288.062 2.54318 80.4389 
v -288.139 2.56665 80.6512 
v -288.067 2.40899 80.6409 
v -288.001 2.45516 80.4143 
v -288.063 2.55943 80.3148 
v -288.009 2.46886 80.2916 
v -288.009 2.46886 80.2916 
v -288.195 2.41172 80.0815 
v -288.242 2.59573 80.1965 
v -288.063 2.55943 80.3148 
v -288.015 2.26235 80.1514 
v -288.069 2.21257 80.0931 
v -288.538 1.75519 80.1323 
v -288.485 1.76008 80.1224 
v -288.477 1.74592 80.3477 
v -288.517 1.74633 80.3464 
v -288.437 1.79671 80.1582 
v -288.454 1.75964 80.627 
v -288.448 1.78338 80.3496 
v -288.421 1.8003 80.61 
v -288.5 1.75137 80.6385 
v -288.519 2.35017 80.7889 
v -288.394 2.64464 80.706 
v -288.474 2.67664 80.6133 
v -288.703 2.33219 80.7001 
v -288.572 2.12375 80.7636 
v -288.292 2.40316 80.7889 
v -288.28 2.29018 80.7899 
v -288.324 2.62331 80.7391 
v -288.17 2.44137 80.7415 
v -288.218 2.59094 80.7104 
v -288.148 2.35135 80.7344 
v -288.45 2.11015 80.6729 
v -288.31 2.18979 80.6668 
v -288.224 2.24544 80.6353 
v -288.749 2.04546 80.6886 
v -288.543 1.86997 80.6963 
v -288.449 1.90201 80.6361 
v -288.678 1.84578 80.6632 
v -288.5 1.75137 80.6385 
v -288.454 1.75964 80.627 
v -288.421 1.8003 80.61 
v -288.283 2.34257 80.0521 
v -288.566 2.31462 80.0424 
v -288.417 2.65164 80.1498 
v -288.324 2.62331 80.1387 
v -288.303 2.20693 80.0558 
v -288.163 2.1852 80.0642 
v -288.195 2.41172 80.0815 
v -288.607 2.14197 80.0481 
v -288.713 2.33315 80.1334 
v -288.47 2.67629 80.2646 
v -288.325 2.17105 80.139 
v -288.472 2.11879 80.107 
v -288.764 2.09261 80.1212 
v -288.562 1.88848 80.0797 
v -288.467 1.91652 80.1295 
v -288.697 1.88204 80.1348 
v -288.538 1.75519 80.1323 
v -288.485 1.76008 80.1224 
v -288.437 1.79671 80.1582 
v -288.242 2.59573 80.1965 
v -288.069 2.21257 80.0931 
v -288.725 2.31971 80.4171 
v -288.523 2.68158 80.4389 
v -288.47 2.67629 80.2646 
v -288.713 2.33315 80.1334 
v -288.703 2.33219 80.7001 
v -288.764 2.09261 80.1212 
v -288.763 2.05693 80.4074 
v -288.749 2.04546 80.6886 
v -288.474 2.67664 80.6133 
v -288.678 1.84578 80.6632 
v -288.697 1.88204 80.1348 
v -288.697 1.86076 80.3764 
v -288.5 1.75137 80.6385 
v -288.517 1.74633 80.3464 
v -288.538 1.75519 80.1323 
v -288.17 2.44137 80.7415 
v -288.091 2.48423 80.6627 
v -288.139 2.56665 80.6512 
v -288.218 2.59094 80.7104 
v -288.067 2.40899 80.6409 
v -288.148 2.35135 80.7344 
v -288.127 2.31276 80.5161 
v -288.001 2.45516 80.4143 
v -288.224 2.24544 80.6353 
v -288.097 2.31111 80.3884 
v -288.009 2.46886 80.2916 
v -288.069 2.26979 80.2882 
v -288.015 2.26235 80.1514 
v -288.058 2.23384 80.2481 
v -288.015 2.26235 80.1514 
v -288.105 2.18973 80.2137 
v -288.069 2.21257 80.0931 
v -288.195 2.17072 80.1751 
v -288.163 2.1852 80.0642 
v -288.325 2.17105 80.139 
v -288.303 2.20693 80.0558 
v -288.069 2.26979 80.2882 
v -288.097 2.31111 80.3884 
v -288.208 2.22647 80.3503 
v -288.205 2.22997 80.2455 
v -288.105 2.18973 80.2137 
v -288.058 2.23384 80.2481 
v -288.127 2.31276 80.5161 
v -288.224 2.24544 80.6353 
v -288.326 2.18358 80.3546 
v -288.325 2.17105 80.139 
v -288.195 2.17072 80.1751 
v -288.31 2.18979 80.6668 
v -288.45 2.11015 80.6729 
v -288.477 2.12064 80.3629 
v -288.472 2.11879 80.107 
v -288.449 1.90201 80.6361 
v -288.483 1.90484 80.3573 
v -288.467 1.91652 80.1295 
v -288.421 1.8003 80.61 
v -288.448 1.78338 80.3496 
v -288.437 1.79671 80.1582 

vn -0.692913 0.708661 0.133858 
vn 0.15748 0.96063 0.228346 
vn 0.299213 0.952756 -0.00787402 
vn -0.76378 0.645669 0.00787402 
vn 0.275591 0.929134 0.251969 
vn 0.385827 0.889764 0.244094 
vn 0.598425 0.779528 0.188976 
vn 0.748031 0.645669 0.15748 
vn 0.598425 0.685039 -0.409449 
vn 0.496063 0.724409 -0.480315 
vn 0.330709 0.913386 -0.244094 
vn 0.19685 0.96063 -0.204724 
vn -0.669291 0.732283 -0.11811 
vn 0.866142 0.425197 0.267717 
vn 0.748031 0.645669 0.15748 
vn 0.598425 0.779528 0.188976 
vn 0.88189 0.385827 0.275591 
vn 0.874016 0.456693 0.173228 
vn 0.598425 0.685039 -0.409449 
vn 0.645669 0.511811 -0.574803 
vn 0.645669 0.511811 -0.574803 
vn 0.574803 0.456693 -0.677165 
vn 0.496063 0.724409 -0.480315 
vn 0.598425 0.685039 -0.409449 
vn 0.598425 0.401575 -0.692913 
vn 0.598425 0.401575 -0.692913 
vn -0.19685 -0.692913 -0.692913 
vn 0.307087 -0.637795 -0.708661 
vn 0.448819 -0.897638 -0.023622 
vn 0.0708661 -1 -0.015748 
vn 0.724409 -0.440945 -0.527559 
vn 0.464567 -0.748031 0.472441 
vn 0.748031 -0.669291 -0.0393701 
vn 0.787402 -0.433071 0.440945 
vn 0.015748 -0.732283 0.677165 
vn -0.307087 0.204724 0.929134 
vn -0.362205 0.401575 0.84252 
vn -0.480315 0.464567 0.740157 
vn -0.456693 0.212598 0.866142 
vn -0.102362 -0.173228 0.976378 
vn 0.0472441 0.125984 0.992126 
vn 0.251969 -0.362205 0.897638 
vn -0.023622 0.275591 0.96063 
vn 0.456693 0.19685 0.866142 
vn 0.377953 0.299213 0.88189 
vn 0.677165 -0.472441 0.559055 
vn 0.496063 -0.511811 0.700787 
vn 0.440945 -0.732283 0.519685 
vn 0.629921 -0.716535 0.307087 
vn -0.322835 -0.133858 0.937008 
vn 0.11811 -0.251969 0.96063 
vn 0.566929 -0.125984 0.811024 
vn -0.220472 -0.267717 0.937008 
vn 0.015748 -0.732283 0.677165 
vn 0.464567 -0.748031 0.472441 
vn 0.787402 -0.433071 0.440945 
vn 0.0866142 0.188976 -0.976378 
vn -0.275591 0.275591 -0.92126 
vn -0.299213 0.448819 -0.84252 
vn 0.0708661 0.330709 -0.944882 
vn 0.0708661 -0.362205 -0.929134 
vn 0.23622 -0.488189 -0.84252 
vn 0.299213 0.299213 -0.905512 
vn -0.173228 -0.0629921 -0.984252 
vn -0.535433 0.377953 -0.755906 
vn -0.543307 0.543307 -0.645669 
vn 0.141732 -0.889764 -0.433071 
vn 0.377953 -0.456693 -0.80315 
vn -0.417323 -0.0629921 -0.905512 
vn -0.015748 -0.181102 -0.984252 
vn 0.456693 -0.0472441 -0.889764 
vn -0.354331 -0.212598 -0.913386 
vn -0.19685 -0.692913 -0.692913 
vn 0.307087 -0.637795 -0.708661 
vn 0.724409 -0.440945 -0.527559 
vn 0.330709 0.425197 -0.84252 
vn 0.472441 -0.559055 -0.685039 
vn -0.929134 0.370079 0.015748 
vn -0.76378 0.645669 0.00787402 
vn -0.669291 0.732283 -0.11811 
vn -0.92126 0.377953 -0.0629921 
vn -0.929134 0.362205 0.0944882 
vn -1 -0.015748 -0.015748 
vn -1 -0.0551181 0.023622 
vn -1 -0.0551181 0.0551181 
vn -0.692913 0.708661 0.133858 
vn -0.779528 -0.629921 0.0314961 
vn -0.834646 -0.551181 -0.0314961 
vn -0.795276 -0.606299 0 
vn -0.503937 -0.866142 0.015748 
vn -0.543307 -0.84252 0 
vn -0.582677 -0.811024 -0.023622 
vn 0.456693 0.19685 0.866142 
vn 0.645669 0.244094 0.724409 
vn 0.582677 0.377953 0.716535 
vn 0.377953 0.299213 0.88189 
vn 0.787402 -0.543307 0.291339 
vn 0.677165 -0.472441 0.559055 
vn 0.76378 -0.629921 0.15748 
vn 0.84252 -0.519685 0.141732 
vn 0.629921 -0.716535 0.307087 
vn 0.84252 -0.519685 0.133858 
vn 0.905512 -0.377953 0.19685 
vn 0.905512 -0.322835 0.275591 
vn 0.834646 -0.496063 0.251969 
vn 0.858268 -0.417323 0.291339 
vn 0.834646 -0.496063 0.251969 
vn 0.464567 -0.889764 -0.015748 
vn 0.472441 -0.559055 -0.685039 
vn 0.110236 -0.976378 -0.173228 
vn 0.23622 -0.488189 -0.84252 
vn 0.141732 -0.889764 -0.433071 
vn 0.0708661 -0.362205 -0.929134 
vn 0.283465 -0.874016 0.393701 
vn 0.543307 -0.826772 0.141732 
vn 0.456693 -0.88189 0.0866142 
vn 0.251969 -0.929134 0.275591 
vn -0.0551181 -0.716535 0.692913 
vn 0.00787402 -0.685039 0.732283 
vn 0.614173 -0.787402 0.110236 
vn 0.480315 -0.874016 0.0551181 
vn 0.409449 -0.913386 0.00787402 
vn 0.338583 -0.937008 0.0708661 
vn -0.149606 -0.76378 0.622047 
vn 0.440945 -0.897638 -0.00787402 
vn 0.866142 -0.496063 -0.0866142 
vn 0.88189 -0.472441 -0.0314961 
vn 0.88189 -0.464567 0.0472441 
vn 0.992126 0.0787402 -0.110236 
vn 0.992126 0.0944882 -0.0393701 
vn 0.992126 0.0708661 0.0551181 
vn 0.952756 0.283465 -0.11811 
vn 0.96063 0.275591 -0.023622 
vn 0.96063 0.259843 0.0787402 

vt 0.552174 0.52058 
vt 0.550385 0.522447 
vt 0.547589 0.51723 
vt 0.553282 0.51707 
vt 0.548831 0.523113 
vt 0.546472 0.522535 
vt 0.544703 0.521343 
vt 0.542993 0.51707 
vt 0.543004 0.514572 
vt 0.547 0.51219 
vt 0.548831 0.511027 
vt 0.550895 0.51125 
vt 0.552093 0.51356 
vt 0.574076 0.538052 
vt 0.577209 0.532454 
vt 0.576043 0.539331 
vt 0.572196 0.536794 
vt 0.575065 0.531226 
vt 0.57869 0.528775 
vt 0.576144 0.528175 
vt 0.578813 0.57839 
vt 0.572559 0.573011 
vt 0.578011 0.570549 
vt 0.580811 0.576932 
vt 0.571224 0.579483 
vt 0.56864 0.578327 
vt 0.543115 0.53828 
vt 0.544811 0.538426 
vt 0.544392 0.532202 
vt 0.543147 0.532319 
vt 0.546652 0.537348 
vt 0.54457 0.524477 
vt 0.545861 0.532077 
vt 0.546257 0.524843 
vt 0.543115 0.524246 
vt 0.568457 0.514695 
vt 0.578102 0.515483 
vt 0.578121 0.519461 
vt 0.565532 0.519464 
vt 0.562021 0.512908 
vt 0.572679 0.509859 
vt 0.569761 0.508464 
vt 0.578479 0.513019 
vt 0.575202 0.507016 
vt 0.578922 0.509461 
vt 0.572902 0.505553 
vt 0.562357 0.508676 
vt 0.565697 0.506502 
vt 0.568071 0.504392 
vt 0.557385 0.516881 
vt 0.555035 0.509963 
vt 0.556566 0.507098 
vt 0.552727 0.513203 
vt 0.551618 0.507723 
vt 0.552173 0.506513 
vt 0.553601 0.505661 
vt 0.569474 0.57154 
vt 0.565413 0.564951 
vt 0.57661 0.564379 
vt 0.576944 0.567423 
vt 0.565463 0.572525 
vt 0.566605 0.576241 
vt 0.572559 0.573011 
vt 0.560637 0.566118 
vt 0.564169 0.560441 
vt 0.577135 0.560379 
vt 0.562781 0.573365 
vt 0.560971 0.570164 
vt 0.557373 0.562206 
vt 0.554022 0.569095 
vt 0.555479 0.571733 
vt 0.552271 0.565564 
vt 0.550053 0.570632 
vt 0.550706 0.571969 
vt 0.552123 0.573376 
vt 0.578011 0.570549 
vt 0.56864 0.578327 
vt 0.557254 0.551612 
vt 0.544884 0.552065 
vt 0.54437 0.546404 
vt 0.55706 0.54399 
vt 0.556588 0.559203 
vt 0.564133 0.543852 
vt 0.564914 0.551544 
vt 0.56504 0.559087 
vt 0.544187 0.557669 
vt 0.571164 0.558601 
vt 0.570489 0.544406 
vt 0.570825 0.550903 
vt 0.577374 0.55813 
vt 0.577287 0.550225 
vt 0.576712 0.544433 
vt 0.571972 0.54062 
vt 0.574076 0.538052 
vt 0.576043 0.539331 
vt 0.576035 0.542489 
vt 0.572196 0.536794 
vt 0.569471 0.539345 
vt 0.569074 0.533339 
vt 0.575065 0.531226 
vt 0.565583 0.536619 
vt 0.569951 0.529726 
vt 0.576144 0.528175 
vt 0.569903 0.526474 
vt 0.571833 0.522728 
vt 0.569533 0.524924 
vt 0.570854 0.522154 
vt 0.567633 0.524044 
vt 0.568242 0.52077 
vt 0.564856 0.523534 
vt 0.565158 0.520473 
vt 0.560829 0.523462 
vt 0.560822 0.520939 
vt 0.569903 0.526474 
vt 0.569951 0.529726 
vt 0.565436 0.528778 
vt 0.565235 0.525996 
vt 0.567633 0.524044 
vt 0.569533 0.524924 
vt 0.569074 0.533339 
vt 0.565583 0.536619 
vt 0.561621 0.529231 
vt 0.560829 0.523462 
vt 0.564856 0.523534 
vt 0.562512 0.537602 
vt 0.558465 0.537932 
vt 0.557515 0.529713 
vt 0.556763 0.52295 
vt 0.55241 0.537635 
vt 0.551519 0.530167 
vt 0.551069 0.524063 
vt 0.549106 0.537345 
vt 0.547714 0.530369 
vt 0.547398 0.525179 

usemtl Androeofficial1Mtl

f 4671/4671/4671 4672/4672/4672 4673/4673/4673 
f 4674/4674/4674 4671/4671/4671 4673/4673/4673 
f 4672/4672/4672 4675/4675/4675 4673/4673/4673 
f 4675/4675/4675 4676/4676/4676 4673/4673/4673 
f 4676/4676/4676 4677/4677/4677 4673/4673/4673 
f 4677/4677/4677 4678/4678/4678 4673/4673/4673 
f 4678/4678/4678 4679/4679/4679 4673/4673/4673 
f 4679/4679/4679 4680/4680/4680 4673/4673/4673 
f 4681/4681/4681 4682/4682/4682 4673/4673/4673 
f 4683/4683/4683 4674/4674/4674 4673/4673/4673 
f 4680/4680/4680 4681/4681/4681 4673/4673/4673 
f 4682/4682/4682 4683/4683/4683 4673/4673/4673 
f 4684/4684/4684 4685/4685/4685 4686/4686/4686 
f 4687/4687/4687 4685/4685/4685 4684/4684/4684 
f 4688/4688/4688 4689/4689/4689 4685/4685/4685 
f 4687/4687/4687 4688/4688/4688 4685/4685/4685 
f 4688/4688/4688 4690/4690/4690 4689/4689/4689 
f 4691/4691/4691 4692/4692/4692 4693/4693/4693 
f 4691/4691/4691 4693/4693/4693 4694/4694/4694 
f 4692/4692/4692 4691/4691/4691 4695/4695/4695 
f 4692/4692/4692 4695/4695/4695 4696/4696/4696 
f 4697/4697/4697 4698/4698/4698 4699/4699/4699 
f 4697/4697/4697 4699/4699/4699 4700/4700/4700 
f 4699/4699/4699 4698/4698/4698 4701/4701/4701 
f 4700/4700/4700 4699/4699/4699 4702/4702/4702 
f 4699/4699/4699 4701/4701/4701 4703/4703/4703 
f 4699/4699/4699 4703/4703/4703 4704/4704/4704 
f 4699/4699/4699 4704/4704/4704 4702/4702/4702 
f 4700/4700/4700 4702/4702/4702 4705/4705/4705 
f 4706/4706/4706 4707/4707/4707 4708/4708/4708 
f 4706/4706/4706 4708/4708/4708 4709/4709/4709 
f 4709/4709/4709 4710/4710/4710 4706/4706/4706 
f 4711/4711/4711 4707/4707/4707 4706/4706/4706 
f 4712/4712/4712 4711/4711/4711 4706/4706/4706 
f 4712/4712/4712 4706/4706/4706 4710/4710/4710 
f 4711/4711/4711 4713/4713/4713 4707/4707/4707 
f 4711/4711/4711 4714/4714/4714 4715/4715/4715 
f 4711/4711/4711 4715/4715/4715 4713/4713/4713 
f 4716/4716/4716 4714/4714/4714 4711/4711/4711 
f 4716/4716/4716 4711/4711/4711 4712/4712/4712 
f 4717/4717/4717 4718/4718/4718 4712/4712/4712 
f 4717/4717/4717 4712/4712/4712 4710/4710/4710 
f 4719/4719/4719 4716/4716/4716 4712/4712/4712 
f 4719/4719/4719 4712/4712/4712 4718/4718/4718 
f 4709/4709/4709 4720/4720/4720 4710/4710/4710 
f 4721/4721/4721 4717/4717/4717 4710/4710/4710 
f 4720/4720/4720 4721/4721/4721 4710/4710/4710 
f 4721/4721/4721 4722/4722/4722 4717/4717/4717 
f 4721/4721/4721 4723/4723/4723 4724/4724/4724 
f 4721/4721/4721 4724/4724/4724 4725/4725/4725 
f 4720/4720/4720 4723/4723/4723 4721/4721/4721 
f 4725/4725/4725 4722/4722/4722 4721/4721/4721 
f 4725/4725/4725 4726/4726/4726 4722/4722/4722 
f 4727/4727/4727 4728/4728/4728 4729/4729/4729 
f 4727/4727/4727 4729/4729/4729 4730/4730/4730 
f 4728/4728/4728 4727/4727/4727 4731/4731/4731 
f 4732/4732/4732 4731/4731/4731 4727/4727/4727 
f 4733/4733/4733 4732/4732/4732 4727/4727/4727 
f 4733/4733/4733 4727/4727/4727 4730/4730/4730 
f 4728/4728/4728 4731/4731/4731 4734/4734/4734 
f 4734/4734/4734 4735/4735/4735 4728/4728/4728 
f 4728/4728/4728 4735/4735/4735 4736/4736/4736 
f 4728/4728/4728 4736/4736/4736 4729/4729/4729 
f 4731/4731/4731 4737/4737/4737 4738/4738/4738 
f 4731/4731/4731 4738/4738/4738 4734/4734/4734 
f 4739/4739/4739 4734/4734/4734 4740/4740/4740 
f 4740/4740/4740 4734/4734/4734 4738/4738/4738 
f 4734/4734/4734 4739/4739/4739 4735/4735/4735 
f 4740/4740/4740 4738/4738/4738 4741/4741/4741 
f 4739/4739/4739 4740/4740/4740 4742/4742/4742 
f 4743/4743/4743 4742/4742/4742 4740/4740/4740 
f 4743/4743/4743 4740/4740/4740 4744/4744/4744 
f 4744/4744/4744 4740/4740/4740 4741/4741/4741 
f 4744/4744/4744 4741/4741/4741 4745/4745/4745 
f 4733/4733/4733 4730/4730/4730 4746/4746/4746 
f 4733/4733/4733 4747/4747/4747 4732/4732/4732 
f 4748/4748/4748 4749/4749/4749 4750/4750/4750 
f 4748/4748/4748 4750/4750/4750 4751/4751/4751 
f 4752/4752/4752 4749/4749/4749 4748/4748/4748 
f 4748/4748/4748 4751/4751/4751 4753/4753/4753 
f 4748/4748/4748 4753/4753/4753 4754/4754/4754 
f 4748/4748/4748 4754/4754/4754 4755/4755/4755 
f 4748/4748/4748 4755/4755/4755 4752/4752/4752 
f 4752/4752/4752 4756/4756/4756 4749/4749/4749 
f 4754/4754/4754 4757/4757/4757 4755/4755/4755 
f 4754/4754/4754 4753/4753/4753 4758/4758/4758 
f 4754/4754/4754 4758/4758/4758 4759/4759/4759 
f 4754/4754/4754 4759/4759/4759 4757/4757/4757 
f 4759/4759/4759 4760/4760/4760 4757/4757/4757 
f 4759/4759/4759 4761/4761/4761 4760/4760/4760 
f 4762/4762/4762 4761/4761/4761 4759/4759/4759 
f 4762/4762/4762 4759/4759/4759 4758/4758/4758 
f 4763/4763/4763 4764/4764/4764 4765/4765/4765 
f 4763/4763/4763 4765/4765/4765 4766/4766/4766 
f 4767/4767/4767 4764/4764/4764 4763/4763/4763 
f 4767/4767/4767 4763/4763/4763 4768/4768/4768 
f 4769/4769/4769 4767/4767/4767 4768/4768/4768 
f 4770/4770/4770 4767/4767/4767 4769/4769/4769 
f 4769/4769/4769 4768/4768/4768 4771/4771/4771 
f 4770/4770/4770 4769/4769/4769 4772/4772/4772 
f 4772/4772/4772 4773/4773/4773 4770/4770/4770 
f 4772/4772/4772 4774/4774/4774 4773/4773/4773 
f 4774/4774/4774 4775/4775/4775 4773/4773/4773 
f 4774/4774/4774 4776/4776/4776 4775/4775/4775 
f 4777/4777/4777 4776/4776/4776 4778/4778/4778 
f 4777/4777/4777 4778/4778/4778 4779/4779/4779 
f 4779/4779/4779 4778/4778/4778 4780/4780/4780 
f 4779/4779/4779 4780/4780/4780 4781/4781/4781 
f 4780/4780/4780 4782/4782/4782 4783/4783/4783 
f 4780/4780/4780 4783/4783/4783 4781/4781/4781 
f 4784/4784/4784 4785/4785/4785 4786/4786/4786 
f 4784/4784/4784 4786/4786/4786 4787/4787/4787 
f 4784/4784/4784 4787/4787/4787 4788/4788/4788 
f 4784/4784/4784 4788/4788/4788 4789/4789/4789 
f 4786/4786/4786 4785/4785/4785 4790/4790/4790 
f 4786/4786/4786 4790/4790/4790 4791/4791/4791 
f 4792/4792/4792 4786/4786/4786 4791/4791/4791 
f 4787/4787/4787 4786/4786/4786 4792/4792/4792 
f 4787/4787/4787 4792/4792/4792 4793/4793/4793 
f 4787/4787/4787 4793/4793/4793 4794/4794/4794 
f 4787/4787/4787 4794/4794/4794 4788/4788/4788 
f 4792/4792/4792 4795/4795/4795 4796/4796/4796 
f 4792/4792/4792 4796/4796/4796 4797/4797/4797 
f 4797/4797/4797 4793/4793/4793 4792/4792/4792 
f 4792/4792/4792 4791/4791/4791 4795/4795/4795 
f 4797/4797/4797 4798/4798/4798 4793/4793/4793 
f 4797/4797/4797 4796/4796/4796 4799/4799/4799 
f 4797/4797/4797 4799/4799/4799 4800/4800/4800 
f 4797/4797/4797 4800/4800/4800 4801/4801/4801 
f 4797/4797/4797 4801/4801/4801 4798/4798/4798 
f 4800/4800/4800 4799/4799/4799 4802/4802/4802 
f 4800/4800/4800 4802/4802/4802 4803/4803/4803 
f 4800/4800/4800 4803/4803/4803 4804/4804/4804 
f 4800/4800/4800 4804/4804/4804 4801/4801/4801 

g Androeofficial8

v -288.207 2.29135 80.2004 
v -288.242 2.2962 79.979 
v -288.082 2.27394 80.0559 
v -287.973 2.25893 80.2004 
v -288.207 2.29135 80.622 
v -288.529 2.3358 80.2004 
v -288.463 2.32671 79.979 
v -287.973 2.25893 80.622 
v -288.082 2.27394 80.7643 
v -288.242 2.2962 80.8412 
v -288.463 2.32671 80.8412 
v -288.529 2.3358 80.622 
v -288.744 2.36552 80.2004 
v -288.61 2.3471 80.0559 
v -288.61 2.3471 80.7643 
v -288.744 2.36552 80.622 
v -288.124 3.026 80.8406 
v -288.008 3.0259 80.754 
v -288.031 3.1108 80.6741 
v -288.123 3.11972 80.7049 
v -288.301 3.02624 80.8351 
v -287.93 3.02581 80.6119 
v -287.958 3.10019 80.5582 
v -288.068 3.15943 80.4745 
v -288.138 3.16836 80.4735 
v -288.276 3.11972 80.7038 
v -288.257 3.16835 80.4735 
v -288.405 3.02634 80.7499 
v -288.374 3.1108 80.6733 
v -288.334 3.15943 80.4745 
v -288.278 3.11972 80.2638 
v -288.378 3.1108 80.2852 
v -288.124 3.11972 80.2629 
v -288.028 3.1108 80.2832 
v -288.028 3.1488 80.4755 
v -288.132 3.02604 80.138 
v -288.008 3.0259 80.1921 
v -288.296 3.02622 80.1419 
v -288.405 3.02634 80.2008 
v -288.468 3.10018 80.3713 
v -288.377 3.1488 80.4755 
v -288.461 3.10019 80.5584 
v -288.461 3.10019 80.5584 
v -288.52 3.02647 80.3195 
v -288.52 3.02647 80.6127 
v -287.93 3.02581 80.3099 
v -287.954 3.10018 80.3691 
v -287.954 3.10018 80.3691 
v -288.082 2.27394 80.0559 
v -288.242 2.2962 79.979 
v -288.161 2.87023 80.1548 
v -288.034 2.85241 80.2106 
v -287.973 2.25893 80.2004 
v -288.331 2.89415 80.1577 
v -288.463 2.32671 79.979 
v -288.296 3.02622 80.1419 
v -288.132 3.02604 80.138 
v -288.008 3.0259 80.1921 
v -287.953 2.84101 80.3362 
v -287.93 3.02581 80.3099 
v -287.973 2.25893 80.622 
v -287.953 2.84101 80.6125 
v -287.93 3.02581 80.6119 
v -288.082 2.27394 80.7643 
v -288.034 2.85241 80.7625 
v -288.008 3.0259 80.754 
v -288.405 3.02634 80.2008 
v -288.442 2.90976 80.2151 
v -288.61 2.3471 80.0559 
v -288.52 3.02647 80.3195 
v -288.744 2.36552 80.2004 
v -288.554 2.92541 80.3363 
v -288.554 2.92541 80.6123 
v -288.52 3.02647 80.6127 
v -288.744 2.36552 80.622 
v -288.442 2.90976 80.758 
v -288.61 2.3471 80.7643 
v -288.405 3.02634 80.7499 
v -288.463 2.32671 80.8412 
v -288.313 2.8904 80.8155 
v -288.301 3.02624 80.8351 
v -288.242 2.2962 80.8412 
v -288.179 2.87399 80.8184 
v -288.124 3.026 80.8406 
v -288.008 3.0259 80.754 
v -288.034 2.85241 80.7625 
v -288.082 2.27394 80.7643 

vn -0.133858 -0.992126 0 
vn -0.133858 -0.992126 0 
vn -0.133858 -0.992126 0 
vn -0.133858 -0.992126 0 
vn -0.133858 -0.992126 0 
vn -0.133858 -0.992126 0 
vn -0.133858 -0.992126 0 
vn -0.133858 -0.992126 0 
vn -0.133858 -0.992126 0 
vn -0.133858 -0.992126 0 
vn -0.133858 -0.992126 0 
vn -0.133858 -0.992126 0 
vn -0.133858 -0.992126 0 
vn -0.133858 -0.992126 0 
vn -0.133858 -0.992126 0 
vn -0.133858 -0.992126 0 
vn 0.0944882 0.811024 0.582677 
vn 0.496063 0.692913 0.527559 
vn 0.425197 0.826772 0.377953 
vn 0.0944882 0.913386 0.401575 
vn -0.11811 0.811024 0.574803 
vn 0.834646 0.488189 0.251969 
vn 0.779528 0.606299 0.141732 
vn 0.204724 0.976378 0 
vn 0.0472441 1 0 
vn -0.0944882 0.913386 0.393701 
vn -0.0472441 1 0 
vn -0.456693 0.732283 0.503937 
vn -0.362205 0.850394 0.377953 
vn -0.188976 0.984252 0 
vn -0.0787402 0.905512 -0.417323 
vn -0.314961 0.858268 -0.409449 
vn 0.0708661 0.905512 -0.417323 
vn 0.346457 0.84252 -0.417323 
vn 0.385827 0.92126 0.00787402 
vn 0.0708661 0.787402 -0.614173 
vn 0.385827 0.724409 -0.574803 
vn -0.102362 0.787402 -0.606299 
vn -0.377953 0.740157 -0.559055 
vn -0.629921 0.755906 -0.173228 
vn -0.330709 0.944882 0.00787402 
vn -0.314961 0.929134 0.181102 
vn -0.795276 0.606299 0.00787402 
vn -0.685039 0.677165 -0.259843 
vn -0.700787 0.669291 0.251969 
vn 0.811024 0.519685 -0.275591 
vn 0.314961 0.929134 -0.181102 
vn 0.944882 0.330709 0.00787402 
vn 0.629921 0.15748 -0.755906 
vn 0.204724 0.259843 -0.944882 
vn 0.212598 0.188976 -0.96063 
vn 0.669291 0.0866142 -0.740157 
vn 0.976378 0.015748 -0.228346 
vn -0.165354 0.267717 -0.944882 
vn -0.15748 0.330709 -0.929134 
vn -0.165354 -0.0629921 -0.984252 
vn 0.19685 -0.141732 -0.968504 
vn 0.653543 -0.181102 -0.740157 
vn 0.984252 -0.0314961 -0.165354 
vn 0.968504 -0.149606 -0.204724 
vn 0.984252 -0.0393701 0.188976 
vn 0.984252 -0.0551181 0.188976 
vn 0.976378 -0.11811 0.173228 
vn 0.653543 -0.0314961 0.755906 
vn 0.661417 -0.0393701 0.748031 
vn 0.787402 -0.125984 0.598425 
vn -0.582677 0.0787402 -0.811024 
vn -0.559055 0.338583 -0.755906 
vn -0.543307 0.377953 -0.755906 
vn -0.905512 0.251969 -0.330709 
vn -0.889764 0.370079 -0.267717 
vn -0.913386 0.346457 -0.220472 
vn -0.92126 0.307087 0.244094 
vn -0.905512 0.307087 0.283465 
vn -0.92126 0.307087 0.228346 
vn -0.598425 0.204724 0.771654 
vn -0.614173 0.204724 0.76378 
vn -0.677165 0.19685 0.708661 
vn -0.212598 0.0944882 0.968504 
vn -0.181102 0.0629921 0.984252 
vn -0.19685 -0.11811 0.976378 
vn 0.19685 0.015748 0.984252 
vn 0.181102 -0.00787402 0.984252 
vn 0.23622 -0.228346 0.944882 
vn 0.787402 -0.125984 0.598425 
vn 0.661417 -0.0393701 0.748031 
vn 0.653543 -0.0314961 0.755906 

vt 0.476011 0.664598 
vt 0.477536 0.678509 
vt 0.465729 0.678509 
vt 0.465729 0.664581 
vt 0.476033 0.638135 
vt 0.490104 0.664623 
vt 0.487208 0.678509 
vt 0.465729 0.638117 
vt 0.465729 0.624381 
vt 0.47758 0.624381 
vt 0.487253 0.624381 
vt 0.490126 0.638159 
vt 0.49955 0.664639 
vt 0.49955 0.678509 
vt 0.49955 0.624381 
vt 0.49955 0.638175 
vt 0.437668 0.678716 
vt 0.431019 0.678715 
vt 0.433584 0.668567 
vt 0.43818 0.669341 
vt 0.447829 0.678716 
vt 0.426539 0.678714 
vt 0.42993 0.665655 
vt 0.434117 0.650334 
vt 0.438344 0.650226 
vt 0.445885 0.669315 
vt 0.445387 0.650226 
vt 0.453798 0.678715 
vt 0.450761 0.668548 
vt 0.450021 0.650334 
vt 0.445939 0.63106 
vt 0.450942 0.631889 
vt 0.438257 0.631026 
vt 0.433459 0.63181 
vt 0.43062 0.650442 
vt 0.438146 0.624176 
vt 0.431019 0.624176 
vt 0.447568 0.624176 
vt 0.453798 0.624176 
vt 0.455454 0.635232 
vt 0.453704 0.650443 
vt 0.455133 0.665659 
vt 0.455133 0.665659 
vt 0.460398 0.624176 
vt 0.460398 0.678714 
vt 0.426539 0.624176 
vt 0.42976 0.635145 
vt 0.42976 0.635145 
vt 0.496187 0.687113 
vt 0.516198 0.687113 
vt 0.519155 0.753553 
vt 0.496187 0.754624 
vt 0.481736 0.687113 
vt 0.545343 0.752211 
vt 0.546833 0.687113 
vt 0.544196 0.770635 
vt 0.519771 0.770635 
vt 0.496187 0.770635 
vt 0.470582 0.753503 
vt 0.471837 0.770635 
vt 0.440148 0.687113 
vt 0.440142 0.754062 
vt 0.439094 0.770635 
vt 0.426402 0.687113 
vt 0.426402 0.753971 
vt 0.426402 0.770635 
vt 0.566097 0.770635 
vt 0.566097 0.7515 
vt 0.566097 0.687113 
vt 0.593964 0.770634 
vt 0.584655 0.687113 
vt 0.59539 0.749763 
vt 0.624987 0.751019 
vt 0.626141 0.770634 
vt 0.62603 0.687113 
vt 0.636352 0.75238 
vt 0.636352 0.687113 
vt 0.636352 0.770635 
vt 0.664231 0.687113 
vt 0.667583 0.753553 
vt 0.666875 0.770635 
vt 0.685685 0.687113 
vt 0.683534 0.753561 
vt 0.685423 0.770635 
vt 0.705593 0.770635 
vt 0.705593 0.753971 
vt 0.705593 0.687113 

usemtl Androeofficial1Mtl

f 4805/4805/4805 4806/4806/4806 4807/4807/4807 
f 4805/4805/4805 4807/4807/4807 4808/4808/4808 
f 4809/4809/4809 4805/4805/4805 4808/4808/4808 
f 4809/4809/4809 4810/4810/4810 4805/4805/4805 
f 4805/4805/4805 4810/4810/4810 4811/4811/4811 
f 4805/4805/4805 4811/4811/4811 4806/4806/4806 
f 4809/4809/4809 4808/4808/4808 4812/4812/4812 
f 4813/4813/4813 4814/4814/4814 4809/4809/4809 
f 4813/4813/4813 4809/4809/4809 4812/4812/4812 
f 4809/4809/4809 4814/4814/4814 4815/4815/4815 
f 4809/4809/4809 4815/4815/4815 4816/4816/4816 
f 4809/4809/4809 4816/4816/4816 4810/4810/4810 
f 4816/4816/4816 4817/4817/4817 4810/4810/4810 
f 4810/4810/4810 4817/4817/4817 4818/4818/4818 
f 4810/4810/4810 4818/4818/4818 4811/4811/4811 
f 4816/4816/4816 4815/4815/4815 4819/4819/4819 
f 4816/4816/4816 4819/4819/4819 4820/4820/4820 
f 4816/4816/4816 4820/4820/4820 4817/4817/4817 
f 4821/4821/4821 4822/4822/4822 4823/4823/4823 
f 4821/4821/4821 4823/4823/4823 4824/4824/4824 
f 4825/4825/4825 4821/4821/4821 4824/4824/4824 
f 4822/4822/4822 4826/4826/4826 4827/4827/4827 
f 4822/4822/4822 4827/4827/4827 4823/4823/4823 
f 4823/4823/4823 4828/4828/4828 4829/4829/4829 
f 4823/4823/4823 4829/4829/4829 4824/4824/4824 
f 4827/4827/4827 4828/4828/4828 4823/4823/4823 
f 4825/4825/4825 4824/4824/4824 4830/4830/4830 
f 4824/4824/4824 4829/4829/4829 4831/4831/4831 
f 4824/4824/4824 4831/4831/4831 4830/4830/4830 
f 4832/4832/4832 4825/4825/4825 4830/4830/4830 
f 4832/4832/4832 4830/4830/4830 4833/4833/4833 
f 4830/4830/4830 4831/4831/4831 4834/4834/4834 
f 4830/4830/4830 4834/4834/4834 4833/4833/4833 
f 4835/4835/4835 4831/4831/4831 4829/4829/4829 
f 4836/4836/4836 4834/4834/4834 4831/4831/4831 
f 4836/4836/4836 4831/4831/4831 4835/4835/4835 
f 4835/4835/4835 4829/4829/4829 4837/4837/4837 
f 4837/4837/4837 4829/4829/4829 4828/4828/4828 
f 4837/4837/4837 4828/4828/4828 4838/4838/4838 
f 4838/4838/4838 4828/4828/4828 4839/4839/4839 
f 4827/4827/4827 4839/4839/4839 4828/4828/4828 
f 4840/4840/4840 4835/4835/4835 4837/4837/4837 
f 4841/4841/4841 4840/4840/4840 4837/4837/4837 
f 4841/4841/4841 4837/4837/4837 4838/4838/4838 
f 4840/4840/4840 4842/4842/4842 4835/4835/4835 
f 4842/4842/4842 4836/4836/4836 4835/4835/4835 
f 4842/4842/4842 4843/4843/4843 4836/4836/4836 
f 4843/4843/4843 4844/4844/4844 4836/4836/4836 
f 4844/4844/4844 4834/4834/4834 4836/4836/4836 
f 4844/4844/4844 4845/4845/4845 4834/4834/4834 
f 4833/4833/4833 4834/4834/4834 4845/4845/4845 
f 4846/4846/4846 4845/4845/4845 4844/4844/4844 
f 4846/4846/4846 4844/4844/4844 4847/4847/4847 
f 4843/4843/4843 4848/4848/4848 4844/4844/4844 
f 4844/4844/4844 4848/4848/4848 4849/4849/4849 
f 4844/4844/4844 4849/4849/4849 4847/4847/4847 
f 4833/4833/4833 4845/4845/4845 4846/4846/4846 
f 4849/4849/4849 4833/4833/4833 4846/4846/4846 
f 4849/4849/4849 4846/4846/4846 4847/4847/4847 
f 4849/4849/4849 4832/4832/4832 4833/4833/4833 
f 4850/4850/4850 4841/4841/4841 4838/4838/4838 
f 4850/4850/4850 4838/4838/4838 4851/4851/4851 
f 4838/4838/4838 4839/4839/4839 4851/4851/4851 
f 4850/4850/4850 4851/4851/4851 4852/4852/4852 
f 4827/4827/4827 4826/4826/4826 4850/4850/4850 
f 4827/4827/4827 4850/4850/4850 4852/4852/4852 
f 4851/4851/4851 4839/4839/4839 4827/4827/4827 
f 4851/4851/4851 4827/4827/4827 4852/4852/4852 
f 4853/4853/4853 4854/4854/4854 4855/4855/4855 
f 4853/4853/4853 4855/4855/4855 4856/4856/4856 
f 4857/4857/4857 4853/4853/4853 4856/4856/4856 
f 4858/4858/4858 4855/4855/4855 4854/4854/4854 
f 4858/4858/4858 4854/4854/4854 4859/4859/4859 
f 4860/4860/4860 4861/4861/4861 4855/4855/4855 
f 4860/4860/4860 4855/4855/4855 4858/4858/4858 
f 4855/4855/4855 4861/4861/4861 4862/4862/4862 
f 4855/4855/4855 4862/4862/4862 4856/4856/4856 
f 4857/4857/4857 4856/4856/4856 4863/4863/4863 
f 4856/4856/4856 4862/4862/4862 4864/4864/4864 
f 4856/4856/4856 4864/4864/4864 4863/4863/4863 
f 4865/4865/4865 4857/4857/4857 4863/4863/4863 
f 4865/4865/4865 4863/4863/4863 4866/4866/4866 
f 4863/4863/4863 4864/4864/4864 4867/4867/4867 
f 4863/4863/4863 4867/4867/4867 4866/4866/4866 
f 4868/4868/4868 4865/4865/4865 4866/4866/4866 
f 4868/4868/4868 4866/4866/4866 4869/4869/4869 
f 4869/4869/4869 4866/4866/4866 4867/4867/4867 
f 4869/4869/4869 4867/4867/4867 4870/4870/4870 
f 4871/4871/4871 4860/4860/4860 4858/4858/4858 
f 4871/4871/4871 4858/4858/4858 4872/4872/4872 
f 4858/4858/4858 4859/4859/4859 4873/4873/4873 
f 4858/4858/4858 4873/4873/4873 4872/4872/4872 
f 4872/4872/4872 4874/4874/4874 4871/4871/4871 
f 4875/4875/4875 4876/4876/4876 4872/4872/4872 
f 4875/4875/4875 4872/4872/4872 4873/4873/4873 
f 4872/4872/4872 4876/4876/4876 4874/4874/4874 
f 4874/4874/4874 4876/4876/4876 4877/4877/4877 
f 4874/4874/4874 4877/4877/4877 4878/4878/4878 
f 4876/4876/4876 4875/4875/4875 4879/4879/4879 
f 4876/4876/4876 4879/4879/4879 4877/4877/4877 
f 4878/4878/4878 4877/4877/4877 4880/4880/4880 
f 4877/4877/4877 4879/4879/4879 4881/4881/4881 
f 4877/4877/4877 4881/4881/4881 4880/4880/4880 
f 4878/4878/4878 4880/4880/4880 4882/4882/4882 
f 4883/4883/4883 4884/4884/4884 4880/4880/4880 
f 4883/4883/4883 4880/4880/4880 4881/4881/4881 
f 4880/4880/4880 4884/4884/4884 4882/4882/4882 
f 4882/4882/4882 4884/4884/4884 4885/4885/4885 
f 4886/4886/4886 4887/4887/4887 4884/4884/4884 
f 4886/4886/4886 4884/4884/4884 4883/4883/4883 
f 4887/4887/4887 4885/4885/4885 4884/4884/4884 
f 4887/4887/4887 4888/4888/4888 4885/4885/4885 
f 4889/4889/4889 4888/4888/4888 4887/4887/4887 
f 4890/4890/4890 4887/4887/4887 4886/4886/4886 
f 4889/4889/4889 4887/4887/4887 4890/4890/4890 
f 4890/4890/4890 4886/4886/4886 4891/4891/4891 

g Androeofficial9

v -287.897 3.88608 80.0965 
v -288.042 3.84997 80.0475 
v -288.076 3.93542 80.2432 
v -287.897 3.97628 80.2432 
v -288.223 3.76709 80.0475 
v -288.076 3.93542 80.5785 
v -287.897 3.97628 80.5785 
v -288.311 3.83767 80.2432 
v -288.311 3.83767 80.5785 
v -288.331 3.68729 80.0965 
v -288.441 3.68244 80.2432 
v -288.441 3.68244 80.5785 
v -288.223 3.76709 80.7723 
v -288.331 3.68729 80.7233 
v -288.042 3.84997 80.7723 
v -287.897 3.88608 80.7233 
v -288.008 3.01716 80.7538 
v -288.124 3.01726 80.8404 
v -288.144 2.95409 80.7438 
v -288.04 2.96162 80.6962 
v -287.93 3.01707 80.6117 
v -288.301 3.01748 80.8349 
v -288.296 2.95409 80.7408 
v -288.17 2.90763 80.4749 
v -288.099 2.91519 80.4747 
v -287.972 2.97504 80.6016 
v -288.052 2.92863 80.4745 
v -287.93 3.01707 80.3097 
v -287.968 2.97503 80.3418 
v -288.038 2.96159 80.2591 
v -288.147 2.95406 80.2272 
v -288.272 2.90763 80.4749 
v -288.388 2.9616 80.694 
v -288.405 3.01758 80.7497 
v -288.489 2.97505 80.6021 
v -288.335 2.91515 80.4747 
v -288.295 2.95407 80.2294 
v -288.296 3.01746 80.1417 
v -288.132 3.01729 80.1378 
v -288.008 3.01716 80.1919 
v -288.405 3.01758 80.2006 
v -288.391 2.96158 80.2643 
v -288.403 2.92864 80.4746 
v -288.52 3.01771 80.6125 
v -288.493 2.97503 80.3476 
v -288.52 3.01771 80.3193 
v -288.008 3.01716 80.7538 
v -287.897 3.41695 80.7233 
v -288.043 3.36791 80.7723 
v -288.124 3.01726 80.8404 
v -288.035 3.65061 80.7923 
v -287.897 3.71288 80.7405 
v -288.216 3.5761 80.7923 
v -288.224 3.30071 80.7723 
v -288.301 3.01748 80.8349 
v -288.364 3.49546 80.7405 
v -288.346 3.25577 80.7233 
v -288.223 3.76709 80.7723 
v -288.331 3.68729 80.7233 
v -287.897 3.41695 80.0965 
v -287.897 3.71288 80.068 
v -287.897 3.70036 80.234 
v -287.897 3.35081 80.2432 
v -287.856 3.27473 80.2432 
v -287.897 3.88608 80.0965 
v -287.897 3.35324 80.5785 
v -287.897 3.70166 80.5878 
v -287.897 3.97628 80.2432 
v -287.897 3.97628 80.5785 
v -287.856 3.27473 80.5785 
v -287.897 3.41695 80.7233 
v -287.897 3.71288 80.7405 
v -287.897 3.88608 80.7233 
v -288.042 3.84997 80.7723 
v -287.897 3.88608 80.7233 
v -288.441 3.68244 80.5785 
v -288.364 3.49546 80.7405 
v -288.483 3.49321 80.5878 
v -288.483 3.49321 80.234 
v -288.441 3.68244 80.2432 
v -288.346 3.25577 80.7233 
v -288.474 3.25577 80.2432 
v -288.474 3.25577 80.5785 
v -288.346 3.25577 80.1211 
v -288.364 3.49546 80.0931 
v -288.331 3.68729 80.0965 
v -288.216 3.5761 80.0275 
v -288.364 3.49546 80.0931 
v -288.223 3.76709 80.0475 
v -288.043 3.36791 80.0475 
v -288.224 3.30071 80.0475 
v -288.035 3.65061 80.0275 
v -288.346 3.25577 80.1211 
v -288.132 3.01729 80.1378 
v -288.296 3.01746 80.1417 
v -287.897 3.41695 80.0965 
v -288.008 3.01716 80.1919 
v -287.897 3.71288 80.068 
v -288.042 3.84997 80.0475 
v -287.897 3.88608 80.0965 
v -287.897 3.41695 80.0965 
v -287.856 3.27473 80.2432 
v -287.93 3.01707 80.3097 
v -287.856 3.27473 80.5785 
v -287.93 3.01707 80.6117 
v -288.008 3.01716 80.7538 
v -287.897 3.41695 80.7233 
v -288.405 3.01758 80.2006 
v -288.52 3.01771 80.3193 
v -288.52 3.01771 80.6125 
v -288.405 3.01758 80.7497 

vn 0.00787402 0.685039 -0.724409 
vn -0.125984 0.614173 -0.779528 
vn -0.307087 0.937008 -0.165354 
vn -0.19685 0.968504 -0.15748 
vn -0.362205 0.519685 -0.771654 
vn -0.307087 0.937008 0.165354 
vn -0.19685 0.968504 0.15748 
vn -0.559055 0.811024 -0.15748 
vn -0.559055 0.811024 0.15748 
vn -0.653543 0.314961 -0.685039 
vn -0.889764 0.425197 -0.188976 
vn -0.889764 0.425197 0.188976 
vn -0.354331 0.519685 0.771654 
vn -0.653543 0.330709 0.685039 
vn -0.110236 0.606299 0.787402 
vn 0.0314961 0.677165 0.740157 
vn 0.440945 -0.779528 0.448819 
vn 0.11811 -0.834646 0.543307 
vn 0.0787402 -0.944882 0.330709 
vn 0.307087 -0.905512 0.275591 
vn 0.637795 -0.76378 0.0944882 
vn -0.125984 -0.818898 0.559055 
vn -0.0944882 -0.937008 0.330709 
vn 0.0472441 -1 0 
vn 0.181102 -0.984252 0 
vn 0.566929 -0.818898 0.0944882 
vn 0.472441 -0.88189 0 
vn 0.614173 -0.779528 -0.11811 
vn 0.559055 -0.826772 -0.0708661 
vn 0.267717 -0.913386 -0.307087 
vn 0.0629921 -0.937008 -0.338583 
vn -0.0472441 -1 0 
vn -0.307087 -0.897638 0.314961 
vn -0.464567 -0.708661 0.535433 
vn -0.559055 -0.811024 0.141732 
vn -0.181102 -0.984252 0 
vn -0.0787402 -0.937008 -0.346457 
vn -0.102362 -0.80315 -0.582677 
vn 0.0866142 -0.818898 -0.574803 
vn 0.346457 -0.80315 -0.488189 
vn -0.377953 -0.740157 -0.551181 
vn -0.275591 -0.905512 -0.330709 
vn -0.409449 -0.913386 0 
vn -0.669291 -0.724409 0.149606 
vn -0.559055 -0.818898 -0.11811 
vn -0.637795 -0.740157 -0.188976 
vn 0.677165 -0.0944882 0.732283 
vn 0.559055 -0.0866142 0.826772 
vn 0.228346 0 0.976378 
vn 0.15748 0.133858 0.976378 
vn 0.165354 0 0.984252 
vn 0.330709 0.023622 0.944882 
vn -0.149606 0 0.992126 
vn -0.173228 0.0944882 0.984252 
vn -0.275591 0.251969 0.929134 
vn -0.614173 0.015748 0.787402 
vn -0.637795 0.110236 0.76378 
vn -0.354331 0.519685 0.771654 
vn -0.653543 0.330709 0.685039 
vn 1 0.00787402 0.00787402 
vn 1 0 0 
vn 1 0 0 
vn 0.992126 0.0944882 0.00787402 
vn 0.88189 0.464567 0.023622 
vn 1 0 0 
vn 0.992126 0.0866142 -0.00787402 
vn 1 0 0 
vn 1 0 0 
vn 1 0 0 
vn 0.88189 0.464567 -0.023622 
vn 1 0.015748 -0.00787402 
vn 1 0 0 
vn 1 0 0 
vn -0.110236 0.606299 0.787402 
vn 0.0314961 0.677165 0.740157 
vn -0.889764 0.425197 0.188976 
vn -0.614173 0.015748 0.787402 
vn -0.968504 0.0629921 0.23622 
vn -0.968504 0.0629921 -0.244094 
vn -0.889764 0.425197 -0.188976 
vn -0.637795 0.110236 0.76378 
vn -0.952756 0 -0.291339 
vn -0.968504 0.0866142 0.244094 
vn -0.590551 -0.11811 -0.80315 
vn -0.622047 -0.00787402 -0.787402 
vn -0.653543 0.314961 -0.685039 
vn -0.173228 -0.00787402 -0.984252 
vn -0.622047 -0.00787402 -0.787402 
vn -0.362205 0.519685 -0.771654 
vn 0.212598 -0.204724 -0.952756 
vn -0.141732 -0.181102 -0.976378 
vn 0.149606 0 -0.992126 
vn -0.590551 -0.11811 -0.80315 
vn 0.204724 -0.307087 -0.929134 
vn -0.19685 -0.244094 -0.952756 
vn 0.448819 -0.220472 -0.866142 
vn 0.582677 -0.338583 -0.740157 
vn 0.291339 0.023622 -0.952756 
vn -0.125984 0.614173 -0.779528 
vn 0.00787402 0.685039 -0.724409 
vn 0.448819 -0.220472 -0.866142 
vn 0.897638 -0.322835 -0.283465 
vn 0.937008 -0.307087 -0.181102 
vn 0.944882 -0.244094 0.212598 
vn 0.944882 -0.251969 0.212598 
vn 0.677165 -0.0944882 0.732283 
vn 0.559055 -0.0866142 0.826772 
vn -0.629921 -0.110236 -0.771654 
vn -0.968504 0.133858 -0.19685 
vn -0.937008 0.228346 0.267717 
vn -0.661417 0.259843 0.708661 

vt 0.495134 0.884417 
vt 0.495134 0.914966 
vt 0.475624 0.913301 
vt 0.475897 0.884417 
vt 0.495134 0.958469 
vt 0.445352 0.913515 
vt 0.444887 0.884417 
vt 0.475693 0.966696 
vt 0.446544 0.965972 
vt 0.495134 0.995958 
vt 0.476455 0.995958 
vt 0.445875 0.995958 
vt 0.426381 0.959627 
vt 0.426381 0.995958 
vt 0.426381 0.91583 
vt 0.426381 0.884417 
vt 0.505225 0.891465 
vt 0.511872 0.891465 
vt 0.512955 0.89768 
vt 0.507479 0.901693 
vt 0.500746 0.891466 
vt 0.522031 0.891465 
vt 0.521045 0.897934 
vt 0.513231 0.920323 
vt 0.50797 0.920342 
vt 0.50385 0.909656 
vt 0.504548 0.920357 
vt 0.500746 0.946322 
vt 0.503653 0.931533 
vt 0.507336 0.938492 
vt 0.51311 0.941185 
vt 0.52071 0.920324 
vt 0.525929 0.90188 
vt 0.527999 0.891465 
vt 0.531275 0.909615 
vt 0.52537 0.920339 
vt 0.520985 0.940995 
vt 0.52177 0.946323 
vt 0.512351 0.946323 
vt 0.505225 0.946323 
vt 0.527999 0.946323 
vt 0.52606 0.938054 
vt 0.530411 0.92035 
vt 0.534597 0.891466 
vt 0.531485 0.931046 
vt 0.534597 0.946322 
vt 0.705593 0.770635 
vt 0.705593 0.812253 
vt 0.687054 0.808259 
vt 0.685423 0.770635 
vt 0.68197 0.85405 
vt 0.705593 0.856398 
vt 0.663897 0.851222 
vt 0.667914 0.803192 
vt 0.666875 0.770635 
vt 0.636352 0.848486 
vt 0.636352 0.799362 
vt 0.659331 0.883097 
vt 0.636352 0.883096 
vt 0.496187 0.812371 
vt 0.496187 0.856739 
vt 0.481475 0.856685 
vt 0.479933 0.809154 
vt 0.47981 0.804373 
vt 0.496187 0.8831 
vt 0.443466 0.809268 
vt 0.442208 0.856617 
vt 0.480286 0.883101 
vt 0.442977 0.883101 
vt 0.443571 0.804092 
vt 0.426402 0.812424 
vt 0.426402 0.856602 
vt 0.426402 0.883099 
vt 0.677482 0.883099 
vt 0.705593 0.883099 
vt 0.620409 0.883096 
vt 0.636352 0.848448 
vt 0.621542 0.847738 
vt 0.584554 0.847735 
vt 0.584406 0.883096 
vt 0.636352 0.798977 
vt 0.585156 0.797822 
vt 0.622883 0.79759 
vt 0.566097 0.798492 
vt 0.566097 0.848223 
vt 0.566097 0.883096 
vt 0.54737 0.851578 
vt 0.566097 0.848578 
vt 0.554075 0.883098 
vt 0.515818 0.808402 
vt 0.540749 0.80319 
vt 0.522329 0.854306 
vt 0.566097 0.799503 
vt 0.519771 0.770635 
vt 0.544196 0.770635 
vt 0.496187 0.812453 
vt 0.496187 0.770635 
vt 0.496187 0.856605 
vt 0.528595 0.883099 
vt 0.496187 0.8831 
vt 0.496187 0.812371 
vt 0.47981 0.804373 
vt 0.471837 0.770635 
vt 0.443571 0.804092 
vt 0.439094 0.770635 
vt 0.426402 0.770635 
vt 0.426402 0.812424 
vt 0.566097 0.770635 
vt 0.593964 0.770634 
vt 0.626141 0.770634 
vt 0.636352 0.770635 

usemtl Androeofficial1Mtl

f 4892/4892/4892 4893/4893/4893 4894/4894/4894 
f 4892/4892/4892 4894/4894/4894 4895/4895/4895 
f 4896/4896/4896 4894/4894/4894 4893/4893/4893 
f 4894/4894/4894 4897/4897/4897 4898/4898/4898 
f 4894/4894/4894 4898/4898/4898 4895/4895/4895 
f 4896/4896/4896 4899/4899/4899 4894/4894/4894 
f 4894/4894/4894 4899/4899/4899 4900/4900/4900 
f 4894/4894/4894 4900/4900/4900 4897/4897/4897 
f 4901/4901/4901 4899/4899/4899 4896/4896/4896 
f 4901/4901/4901 4902/4902/4902 4899/4899/4899 
f 4899/4899/4899 4902/4902/4902 4903/4903/4903 
f 4899/4899/4899 4903/4903/4903 4900/4900/4900 
f 4897/4897/4897 4900/4900/4900 4904/4904/4904 
f 4900/4900/4900 4903/4903/4903 4905/4905/4905 
f 4900/4900/4900 4905/4905/4905 4904/4904/4904 
f 4897/4897/4897 4906/4906/4906 4907/4907/4907 
f 4897/4897/4897 4907/4907/4907 4898/4898/4898 
f 4897/4897/4897 4904/4904/4904 4906/4906/4906 
f 4908/4908/4908 4909/4909/4909 4910/4910/4910 
f 4908/4908/4908 4910/4910/4910 4911/4911/4911 
f 4912/4912/4912 4908/4908/4908 4911/4911/4911 
f 4909/4909/4909 4913/4913/4913 4914/4914/4914 
f 4909/4909/4909 4914/4914/4914 4910/4910/4910 
f 4910/4910/4910 4915/4915/4915 4916/4916/4916 
f 4910/4910/4910 4916/4916/4916 4911/4911/4911 
f 4914/4914/4914 4915/4915/4915 4910/4910/4910 
f 4912/4912/4912 4911/4911/4911 4917/4917/4917 
f 4911/4911/4911 4916/4916/4916 4918/4918/4918 
f 4911/4911/4911 4918/4918/4918 4917/4917/4917 
f 4919/4919/4919 4912/4912/4912 4917/4917/4917 
f 4919/4919/4919 4917/4917/4917 4918/4918/4918 
f 4919/4919/4919 4918/4918/4918 4920/4920/4920 
f 4920/4920/4920 4918/4918/4918 4916/4916/4916 
f 4921/4921/4921 4916/4916/4916 4915/4915/4915 
f 4920/4920/4920 4916/4916/4916 4921/4921/4921 
f 4922/4922/4922 4915/4915/4915 4923/4923/4923 
f 4921/4921/4921 4915/4915/4915 4922/4922/4922 
f 4914/4914/4914 4923/4923/4923 4915/4915/4915 
f 4913/4913/4913 4924/4924/4924 4914/4914/4914 
f 4924/4924/4924 4923/4923/4923 4914/4914/4914 
f 4913/4913/4913 4925/4925/4925 4924/4924/4924 
f 4925/4925/4925 4926/4926/4926 4924/4924/4924 
f 4926/4926/4926 4927/4927/4927 4924/4924/4924 
f 4924/4924/4924 4927/4927/4927 4923/4923/4923 
f 4922/4922/4922 4923/4923/4923 4928/4928/4928 
f 4928/4928/4928 4923/4923/4923 4927/4927/4927 
f 4929/4929/4929 4930/4930/4930 4922/4922/4922 
f 4929/4929/4929 4922/4922/4922 4928/4928/4928 
f 4930/4930/4930 4921/4921/4921 4922/4922/4922 
f 4930/4930/4930 4931/4931/4931 4921/4921/4921 
f 4931/4931/4931 4920/4920/4920 4921/4921/4921 
f 4931/4931/4931 4919/4919/4919 4920/4920/4920 
f 4932/4932/4932 4929/4929/4929 4928/4928/4928 
f 4932/4932/4932 4928/4928/4928 4933/4933/4933 
f 4928/4928/4928 4927/4927/4927 4933/4933/4933 
f 4933/4933/4933 4927/4927/4927 4934/4934/4934 
f 4926/4926/4926 4934/4934/4934 4927/4927/4927 
f 4935/4935/4935 4934/4934/4934 4926/4926/4926 
f 4925/4925/4925 4935/4935/4935 4926/4926/4926 
f 4935/4935/4935 4936/4936/4936 4934/4934/4934 
f 4933/4933/4933 4934/4934/4934 4936/4936/4936 
f 4937/4937/4937 4932/4932/4932 4933/4933/4933 
f 4937/4937/4937 4933/4933/4933 4936/4936/4936 
f 4935/4935/4935 4937/4937/4937 4936/4936/4936 
f 4938/4938/4938 4939/4939/4939 4940/4940/4940 
f 4938/4938/4938 4940/4940/4940 4941/4941/4941 
f 4942/4942/4942 4940/4940/4940 4939/4939/4939 
f 4942/4942/4942 4939/4939/4939 4943/4943/4943 
f 4940/4940/4940 4942/4942/4942 4944/4944/4944 
f 4940/4940/4940 4944/4944/4944 4945/4945/4945 
f 4941/4941/4941 4940/4940/4940 4945/4945/4945 
f 4941/4941/4941 4945/4945/4945 4946/4946/4946 
f 4945/4945/4945 4944/4944/4944 4947/4947/4947 
f 4945/4945/4945 4947/4947/4947 4948/4948/4948 
f 4946/4946/4946 4945/4945/4945 4948/4948/4948 
f 4942/4942/4942 4949/4949/4949 4944/4944/4944 
f 4944/4944/4944 4949/4949/4949 4950/4950/4950 
f 4944/4944/4944 4950/4950/4950 4947/4947/4947 
f 4951/4951/4951 4952/4952/4952 4953/4953/4953 
f 4951/4951/4951 4953/4953/4953 4954/4954/4954 
f 4955/4955/4955 4951/4951/4951 4954/4954/4954 
f 4953/4953/4953 4952/4952/4952 4956/4956/4956 
f 4957/4957/4957 4954/4954/4954 4953/4953/4953 
f 4957/4957/4957 4953/4953/4953 4958/4958/4958 
f 4953/4953/4953 4956/4956/4956 4959/4959/4959 
f 4953/4953/4953 4959/4959/4959 4960/4960/4960 
f 4953/4953/4953 4960/4960/4960 4958/4958/4958 
f 4955/4955/4955 4954/4954/4954 4957/4957/4957 
f 4955/4955/4955 4957/4957/4957 4961/4961/4961 
f 4962/4962/4962 4957/4957/4957 4958/4958/4958 
f 4962/4962/4962 4961/4961/4961 4957/4957/4957 
f 4962/4962/4962 4958/4958/4958 4963/4963/4963 
f 4958/4958/4958 4960/4960/4960 4964/4964/4964 
f 4958/4958/4958 4964/4964/4964 4963/4963/4963 
f 4965/4965/4965 4942/4942/4942 4943/4943/4943 
f 4942/4942/4942 4965/4965/4965 4949/4949/4949 
f 4965/4965/4965 4943/4943/4943 4966/4966/4966 
f 4967/4967/4967 4968/4968/4968 4950/4950/4950 
f 4967/4967/4967 4969/4969/4969 4968/4968/4968 
f 4970/4970/4970 4969/4969/4969 4967/4967/4967 
f 4970/4970/4970 4967/4967/4967 4971/4971/4971 
f 4969/4969/4969 4972/4972/4972 4968/4968/4968 
f 4973/4973/4973 4974/4974/4974 4969/4969/4969 
f 4973/4973/4973 4969/4969/4969 4970/4970/4970 
f 4969/4969/4969 4974/4974/4974 4972/4972/4972 
f 4975/4975/4975 4973/4973/4973 4970/4970/4970 
f 4975/4975/4975 4970/4970/4970 4976/4976/4976 
f 4976/4976/4976 4970/4970/4970 4971/4971/4971 
f 4976/4976/4976 4971/4971/4971 4977/4977/4977 
f 4978/4978/4978 4979/4979/4979 4977/4977/4977 
f 4978/4978/4978 4977/4977/4977 4980/4980/4980 
f 4981/4981/4981 4982/4982/4982 4978/4978/4978 
f 4981/4981/4981 4978/4978/4978 4983/4983/4983 
f 4982/4982/4982 4979/4979/4979 4978/4978/4978 
f 4983/4983/4983 4978/4978/4978 4980/4980/4980 
f 4982/4982/4982 4984/4984/4984 4979/4979/4979 
f 4985/4985/4985 4986/4986/4986 4982/4982/4982 
f 4985/4985/4985 4982/4982/4982 4981/4981/4981 
f 4986/4986/4986 4984/4984/4984 4982/4982/4982 
f 4987/4987/4987 4981/4981/4981 4983/4983/4983 
f 4988/4988/4988 4985/4985/4985 4981/4981/4981 
f 4988/4988/4988 4981/4981/4981 4987/4987/4987 
f 4987/4987/4987 4983/4983/4983 4989/4989/4989 
f 4983/4983/4983 4980/4980/4980 4990/4990/4990 
f 4989/4989/4989 4983/4983/4983 4990/4990/4990 
f 4989/4989/4989 4990/4990/4990 4991/4991/4991 
f 4988/4988/4988 4992/4992/4992 4993/4993/4993 
f 4988/4988/4988 4993/4993/4993 4994/4994/4994 
f 4994/4994/4994 4993/4993/4993 4995/4995/4995 
f 4994/4994/4994 4995/4995/4995 4996/4996/4996 
f 4997/4997/4997 4996/4996/4996 4995/4995/4995 
f 4997/4997/4997 4995/4995/4995 4998/4998/4998 
f 4986/4986/4986 4999/4999/4999 4984/4984/4984 
f 4999/4999/4999 5000/5000/5000 4973/4973/4973 
f 4999/4999/4999 4973/4973/4973 4975/4975/4975 
f 5000/5000/5000 5001/5001/5001 4974/4974/4974 
f 5000/5000/5000 4974/4974/4974 4973/4973/4973 
f 5001/5001/5001 5002/5002/5002 4972/4972/4972 
f 5001/5001/5001 4972/4972/4972 4974/4974/4974 
f 4946/4946/4946 4948/4948/4948 5002/5002/5002 

g Androeofficial10

v -287.069 4.37655 79.8663 
v -287.118 4.321 79.9174 
v -287.134 4.32884 79.9102 
v -287.054 4.3594 79.8821 
v -287.099 4.31149 79.9262 
v -287.041 4.34329 79.8969 
v -287.222 4.24724 79.9853 
v -287.505 4.44562 79.8122 
v -287.22 4.27691 79.958 
v -287.199 4.27361 79.961 
v -287.166 4.34557 79.8948 
v -287.149 4.33668 79.903 
v -287.187 4.27172 79.9628 
v -287.083 4.3937 79.8505 
v -287.613 4.56283 79.6949 
v -287.095 4.40836 79.8371 
v -286.999 4.45119 79.7976 
v -286.991 4.43115 79.8161 
v -286.982 4.40833 79.8371 
v -286.973 4.38551 79.8581 
v -286.898 4.39422 79.8501 
v -286.966 4.36693 79.8752 
v -286.898 4.41856 79.8277 
v -286.898 4.37388 79.8688 
v -286.898 4.46471 79.7852 
v -286.898 4.44289 79.8053 
v -287.175 4.26982 79.9645 
v -287.136 4.04474 80.1716 
v -287.202 4.22718 80.0037 
v -287.171 4.24091 79.9911 
v -287.136 4.04474 80.6482 
v -287.613 4.56283 79.9023 
v -287.136 4.04474 80.2407 
v -287.136 4.04474 80.1716 
v -287.505 4.44562 79.8122 
v -287.613 4.56283 81.1249 
v -286.898 4.56283 81.1249 
v -287.153 4.26628 79.9678 
v -286.898 4.04474 80.1716 
v -286.898 3.7857 80.4099 
v -286.898 3.7857 80.4099 
v -286.898 4.04474 80.6482 
v -287.255 4.56283 79.6949 
v -287.156 4.83545 79.9457 
v -287.046 4.77572 79.8908 
v -286.898 4.56283 79.6949 
v -287.613 4.56283 79.6949 
v -287.375 4.82188 79.9333 
v -287.098 4.80637 79.919 
v -287.21 4.85766 79.9662 
v -287.375 4.82188 79.9333 
v -287.026 4.8074 79.9199 
v -287.081 4.84218 79.9519 
v -287.14 4.86686 79.9746 
v -287.211 4.89675 80.0021 
v -286.986 4.74507 79.8626 
v -286.898 4.71084 79.8311 
v -286.958 4.76477 79.8807 
v -286.898 4.78814 79.9022 
v -286.958 4.80449 79.9173 
v -287.003 4.84264 79.9524 
v -286.938 4.86221 79.9704 
v -287.063 4.87798 79.9849 
v -286.976 4.88888 79.9949 
v -287.183 4.91895 80.0226 
v -287.121 4.903 80.0079 
v -287.136 5.08092 80.6482 
v -287.136 5.08092 80.2407 
v -287.111 4.9435 80.0452 
v -287.136 5.08092 80.1716 
v -287.136 5.08092 80.1716 
v -287.02 4.91867 80.0223 
v -286.898 4.97182 80.0712 
v -286.898 5.08092 80.6482 
v -286.898 5.08093 80.1716 
v -286.898 5.33997 80.4099 
v -286.898 5.33997 80.4099 
v -286.858 4.86221 79.9704 
v -286.823 4.38551 79.8581 
v -286.83 4.36693 79.8752 
v -286.814 4.40833 79.8371 
v -286.742 4.3594 79.8821 
v -286.727 4.37655 79.8663 
v -286.755 4.34329 79.8969 
v -286.804 4.43115 79.8161 
v -286.713 4.3937 79.8505 
v -286.796 4.45119 79.7976 
v -286.701 4.40836 79.8371 
v -286.696 4.31149 79.9262 
v -286.678 4.321 79.9174 
v -286.66 4.04474 80.1716 
v -286.66 4.04474 80.6482 
v -286.66 4.04474 80.2407 
v -286.66 4.04474 80.1716 
v -286.291 4.44562 79.8122 
v -286.183 4.56283 79.9023 
v -286.183 4.56283 81.1249 
v -286.183 4.56283 79.6949 
v -286.291 4.44562 79.8122 
v -286.54 4.56283 79.6949 
v -286.421 4.82188 79.9333 
v -286.183 4.56283 79.6949 
v -286.819 4.88888 79.9949 
v -286.66 5.08092 80.6482 
v -286.776 4.91867 80.0223 
v -286.66 5.08092 80.1716 
v -286.66 5.08092 80.1716 
v -286.66 5.08092 80.2407 
v -286.685 4.9435 80.0452 
v -286.678 4.321 79.9174 
v -286.727 4.37655 79.8663 
v -286.662 4.32884 79.9102 
v -286.574 4.24724 79.9853 
v -286.576 4.27691 79.958 
v -286.291 4.44562 79.8122 
v -286.621 4.26982 79.9645 
v -286.647 4.33668 79.903 
v -286.609 4.27172 79.9628 
v -286.629 4.34557 79.8948 
v -286.597 4.27361 79.961 
v -286.713 4.3937 79.8505 
v -286.701 4.40836 79.8371 
v -286.643 4.26628 79.9678 
v -286.696 4.31149 79.9262 
v -286.898 4.04474 80.1716 
v -286.625 4.24091 79.9911 
v -286.66 4.04474 80.1716 
v -286.593 4.22718 80.0037 
v -286.898 4.56283 79.6949 
v -286.898 4.71084 79.8311 
v -286.81 4.74507 79.8626 
v -286.75 4.77572 79.8908 
v -286.838 4.76477 79.8807 
v -286.898 4.78814 79.9022 
v -286.77 4.8074 79.9199 
v -286.838 4.80449 79.9173 
v -286.793 4.84264 79.9524 
v -286.858 4.86221 79.9704 
v -286.715 4.84218 79.9519 
v -286.733 4.87798 79.9849 
v -286.698 4.80637 79.919 
v -286.54 4.56283 79.6949 
v -286.183 4.56283 79.6949 
v -286.64 4.83545 79.9457 
v -286.586 4.85766 79.9662 
v -286.421 4.82188 79.9333 
v -286.656 4.86686 79.9746 
v -286.585 4.89675 80.0021 
v -286.819 4.88888 79.9949 
v -286.776 4.91867 80.0223 
v -286.675 4.903 80.0079 
v -286.685 4.9435 80.0452 
v -286.613 4.91895 80.0226 
v -286.66 5.08092 80.1716 

vn -0.275591 -0.393701 -0.88189 
vn -0.354331 -0.503937 -0.787402 
vn -0.370079 -0.480315 -0.795276 
vn -0.251969 -0.433071 -0.866142 
vn -0.322835 -0.527559 -0.779528 
vn -0.23622 -0.472441 -0.850394 
vn -0.480315 -0.606299 -0.629921 
vn -0.700787 -0.173228 -0.692913 
vn -0.480315 -0.559055 -0.677165 
vn -0.456693 -0.574803 -0.685039 
vn -0.417323 -0.440945 -0.795276 
vn -0.393701 -0.464567 -0.795276 
vn -0.440945 -0.582677 -0.685039 
vn -0.291339 -0.346457 -0.889764 
vn -0.708661 0 -0.708661 
vn -0.307087 -0.314961 -0.897638 
vn -0.15748 -0.228346 -0.96063 
vn -0.149606 -0.275591 -0.952756 
vn -0.133858 -0.330709 -0.937008 
vn -0.125984 -0.385827 -0.913386 
vn 0 -0.362205 -0.929134 
vn -0.110236 -0.425197 -0.897638 
vn 0 -0.307087 -0.952756 
vn 0 -0.417323 -0.913386 
vn 0 -0.19685 -0.976378 
vn 0 -0.251969 -0.968504 
vn -0.425197 -0.590551 -0.685039 
vn -0.314961 -0.897638 -0.314961 
vn -0.456693 -0.653543 -0.606299 
vn -0.417323 -0.645669 -0.645669 
vn -0.314961 -0.897638 0.314961 
vn -0.818898 0 -0.582677 
vn -0.322835 -0.92126 -0.228346 
vn -0.314961 -0.897638 -0.314961 
vn -0.700787 -0.173228 -0.692913 
vn -0.708661 0 0.708661 
vn 0 0 1 
vn -0.401575 -0.606299 -0.692913 
vn 0 -0.944882 -0.330709 
vn 0 -1 0 
vn 0 -1 0 
vn 0 -0.944882 0.330709 
vn -0.448819 0 -0.897638 
vn -0.401575 0.559055 -0.724409 
vn -0.244094 0.456693 -0.858268 
vn 0 0 -1 
vn -0.708661 0 -0.708661 
vn -0.629921 0.448819 -0.629921 
vn -0.322835 0.511811 -0.795276 
vn -0.472441 0.574803 -0.669291 
vn -0.629921 0.448819 -0.629921 
vn -0.212598 0.535433 -0.818898 
vn -0.299213 0.590551 -0.748031 
vn -0.377953 0.622047 -0.685039 
vn -0.464567 0.645669 -0.606299 
vn -0.149606 0.393701 -0.905512 
vn 0 0.314961 -0.944882 
vn -0.102362 0.440945 -0.889764 
vn 0 0.496063 -0.866142 
vn -0.102362 0.535433 -0.84252 
vn -0.181102 0.614173 -0.771654 
vn -0.0708661 0.661417 -0.748031 
vn -0.267717 0.669291 -0.692913 
vn -0.133858 0.708661 -0.692913 
vn -0.425197 0.692913 -0.582677 
vn -0.346457 0.692913 -0.629921 
vn -0.314961 0.897638 0.314961 
vn -0.322835 0.92126 -0.228346 
vn -0.330709 0.76378 -0.559055 
vn -0.314961 0.897638 -0.314961 
vn -0.314961 0.897638 -0.314961 
vn -0.19685 0.748031 -0.629921 
vn 0 0.84252 -0.535433 
vn 0 0.944882 0.330709 
vn 0 0.944882 -0.330709 
vn 0 1 0 
vn 0 1 0 
vn 0.0629921 0.661417 -0.748031 
vn 0.125984 -0.385827 -0.913386 
vn 0.110236 -0.425197 -0.897638 
vn 0.133858 -0.330709 -0.937008 
vn 0.251969 -0.433071 -0.866142 
vn 0.275591 -0.393701 -0.874016 
vn 0.23622 -0.472441 -0.850394 
vn 0.149606 -0.275591 -0.952756 
vn 0.291339 -0.346457 -0.889764 
vn 0.15748 -0.228346 -0.96063 
vn 0.307087 -0.314961 -0.897638 
vn 0.322835 -0.527559 -0.779528 
vn 0.354331 -0.503937 -0.787402 
vn 0.314961 -0.897638 -0.314961 
vn 0.314961 -0.897638 0.314961 
vn 0.322835 -0.92126 -0.228346 
vn 0.314961 -0.897638 -0.314961 
vn 0.700787 -0.173228 -0.692913 
vn 0.818898 0 -0.582677 
vn 0.708661 0 0.708661 
vn 0.708661 0 -0.708661 
vn 0.700787 -0.173228 -0.692913 
vn 0.448819 0 -0.897638 
vn 0.629921 0.448819 -0.629921 
vn 0.708661 0 -0.708661 
vn 0.133858 0.708661 -0.692913 
vn 0.314961 0.897638 0.314961 
vn 0.19685 0.748031 -0.629921 
vn 0.314961 0.897638 -0.314961 
vn 0.314961 0.897638 -0.314961 
vn 0.322835 0.92126 -0.228346 
vn 0.330709 0.76378 -0.559055 
vn 0.354331 -0.503937 -0.787402 
vn 0.275591 -0.393701 -0.874016 
vn 0.370079 -0.480315 -0.795276 
vn 0.480315 -0.606299 -0.629921 
vn 0.480315 -0.559055 -0.677165 
vn 0.700787 -0.173228 -0.692913 
vn 0.425197 -0.590551 -0.685039 
vn 0.393701 -0.464567 -0.795276 
vn 0.440945 -0.582677 -0.685039 
vn 0.417323 -0.440945 -0.795276 
vn 0.456693 -0.574803 -0.685039 
vn 0.291339 -0.346457 -0.889764 
vn 0.307087 -0.314961 -0.897638 
vn 0.401575 -0.606299 -0.692913 
vn 0.322835 -0.527559 -0.779528 
vn 0 -0.944882 -0.330709 
vn 0.417323 -0.645669 -0.645669 
vn 0.314961 -0.897638 -0.314961 
vn 0.456693 -0.653543 -0.606299 
vn 0 0 -1 
vn 0 0.314961 -0.944882 
vn 0.149606 0.393701 -0.905512 
vn 0.244094 0.456693 -0.858268 
vn 0.102362 0.440945 -0.889764 
vn 0 0.496063 -0.866142 
vn 0.212598 0.535433 -0.818898 
vn 0.102362 0.535433 -0.84252 
vn 0.181102 0.614173 -0.771654 
vn 0.0629921 0.661417 -0.748031 
vn 0.299213 0.590551 -0.748031 
vn 0.267717 0.669291 -0.692913 
vn 0.322835 0.511811 -0.795276 
vn 0.448819 0 -0.897638 
vn 0.708661 0 -0.708661 
vn 0.401575 0.559055 -0.724409 
vn 0.472441 0.574803 -0.669291 
vn 0.629921 0.448819 -0.629921 
vn 0.377953 0.622047 -0.685039 
vn 0.464567 0.645669 -0.606299 
vn 0.133858 0.708661 -0.692913 
vn 0.19685 0.748031 -0.629921 
vn 0.346457 0.692913 -0.629921 
vn 0.330709 0.76378 -0.559055 
vn 0.425197 0.692913 -0.582677 
vn 0.314961 0.897638 -0.314961 

vt 0.314275 0.198527 
vt 0.323131 0.180028 
vt 0.325879 0.182639 
vt 0.311707 0.192816 
vt 0.319798 0.176861 
vt 0.309295 0.187451 
vt 0.341563 0.155635 
vt 0.392157 0.221528 
vt 0.341269 0.165474 
vt 0.337571 0.164245 
vt 0.331741 0.188289 
vt 0.328628 0.18525 
vt 0.33545 0.163615 
vt 0.316842 0.204238 
vt 0.411396 0.260563 
vt 0.319037 0.209176 
vt 0.301947 0.223385 
vt 0.300522 0.21671 
vt 0.298899 0.209111 
vt 0.297277 0.201512 
vt 0.28384 0.204411 
vt 0.295956 0.195324 
vt 0.28384 0.212516 
vt 0.28384 0.197636 
vt 0.28384 0.227887 
vt 0.28384 0.220621 
vt 0.33333 0.162985 
vt 0.326359 0.0880282 
vt 0.338169 0.148899 
vt 0.332625 0.153355 
vt 0.28384 0.470089 
vt 0.28384 0.470089 
vt 0.28384 0.470089 
vt 0.28384 0.470089 
vt 0.28384 0.470089 
vt 0.28384 0.470089 
vt 0.28384 0.470089 
vt 0.329356 0.161804 
vt 0.28384 0.0880282 
vt 0.28384 0.0017606 
vt 0.28384 0.470089 
vt 0.28384 0.470089 
vt 0.347618 0.260563 
vt 0.329838 0.351351 
vt 0.310201 0.331459 
vt 0.28384 0.260563 
vt 0.28384 0.470089 
vt 0.28384 0.470089 
vt 0.319566 0.341666 
vt 0.339505 0.358745 
vt 0.368877 0.346831 
vt 0.306626 0.34201 
vt 0.316425 0.35359 
vt 0.326945 0.361809 
vt 0.339686 0.371764 
vt 0.299568 0.321253 
vt 0.28384 0.309852 
vt 0.294613 0.327814 
vt 0.28384 0.335595 
vt 0.294553 0.341041 
vt 0.302649 0.353747 
vt 0.290908 0.360261 
vt 0.313283 0.365515 
vt 0.297838 0.369145 
vt 0.334671 0.379158 
vt 0.323615 0.373847 
vt 0.28384 0.470089 
vt 0.28384 0.470089 
vt 0.321887 0.387333 
vt 0.326359 0.433099 
vt 0.28384 0.470089 
vt 0.305577 0.379065 
vt 0.28384 0.396763 
vt 0.28384 0.470089 
vt 0.28384 0.433101 
vt 0.28384 0.519366 
vt 0.28384 0.470089 
vt 0.276773 0.360261 
vt 0.270404 0.201512 
vt 0.271725 0.195324 
vt 0.268782 0.209111 
vt 0.255974 0.192816 
vt 0.253406 0.198527 
vt 0.258386 0.187451 
vt 0.267159 0.21671 
vt 0.250838 0.204238 
vt 0.265734 0.223385 
vt 0.248644 0.209176 
vt 0.247883 0.176861 
vt 0.24455 0.180028 
vt 0.241322 0.0880282 
vt 0.28384 0.470089 
vt 0.28384 0.470089 
vt 0.28384 0.470089 
vt 0.28384 0.470089 
vt 0.28384 0.470089 
vt 0.28384 0.470089 
vt 0.156285 0.260563 
vt 0.175524 0.221528 
vt 0.220062 0.260563 
vt 0.28384 0.470089 
vt 0.28384 0.470089 
vt 0.269842 0.369145 
vt 0.28384 0.470089 
vt 0.262103 0.379065 
vt 0.241322 0.433099 
vt 0.28384 0.470089 
vt 0.28384 0.470089 
vt 0.245794 0.387333 
vt 0.24455 0.180028 
vt 0.253406 0.198527 
vt 0.241801 0.182639 
vt 0.226118 0.155635 
vt 0.226412 0.165474 
vt 0.175524 0.221528 
vt 0.234351 0.162985 
vt 0.239053 0.18525 
vt 0.23223 0.163615 
vt 0.235939 0.188289 
vt 0.23011 0.164245 
vt 0.250838 0.204238 
vt 0.248644 0.209176 
vt 0.238324 0.161804 
vt 0.247883 0.176861 
vt 0.28384 0.0880282 
vt 0.235056 0.153355 
vt 0.241322 0.0880282 
vt 0.229511 0.148899 
vt 0.28384 0.260563 
vt 0.28384 0.309852 
vt 0.268113 0.321253 
vt 0.257479 0.331459 
vt 0.273068 0.327814 
vt 0.28384 0.335595 
vt 0.261055 0.34201 
vt 0.273128 0.341041 
vt 0.265032 0.353747 
vt 0.276773 0.360261 
vt 0.251256 0.35359 
vt 0.254398 0.365515 
vt 0.248114 0.341666 
vt 0.220062 0.260563 
vt 0.156285 0.260563 
vt 0.237843 0.351351 
vt 0.228176 0.358745 
vt 0.198803 0.346831 
vt 0.240736 0.361809 
vt 0.227994 0.371764 
vt 0.269842 0.369145 
vt 0.262103 0.379065 
vt 0.244066 0.373847 
vt 0.245794 0.387333 
vt 0.233009 0.379158 
vt 0.241322 0.433099 

usemtl Androeofficial1Mtl

f 5033/5033/5033 5034/5034/5034 5035/5035/5035 
f 5037/5037/5037 5035/5035/5035 5034/5034/5034 
f 5036/5036/5036 5035/5035/5035 5037/5037/5037 
f 5034/5034/5034 5049/5049/5049 5037/5037/5037 
f 5035/5035/5035 5036/5036/5036 5043/5043/5043 
f 5043/5043/5043 5033/5033/5033 5035/5035/5035 
f 5050/5050/5050 5049/5049/5049 5034/5034/5034 
f 5043/5043/5043 5044/5044/5044 5033/5033/5033 
f 5034/5034/5034 5070/5070/5070 5050/5050/5050 
f 5050/5050/5050 5070/5070/5070 5073/5073/5073 
f 5038/5038/5038 5034/5034/5034 5033/5033/5033 
f 5073/5073/5073 5070/5070/5070 5079/5079/5079 
f 5034/5034/5034 5069/5069/5069 5070/5070/5070 
f 5069/5069/5069 5034/5034/5034 5038/5038/5038 
f 5079/5079/5079 5070/5070/5070 5069/5069/5069 
f 5033/5033/5033 5039/5039/5039 5038/5038/5038 
f 5069/5069/5069 5038/5038/5038 5039/5039/5039 
f 5044/5044/5044 5039/5039/5039 5033/5033/5033 
f 5069/5069/5069 5076/5076/5076 5079/5079/5079 
f 5039/5039/5039 5076/5076/5076 5069/5069/5069 
f 5106/5106/5106 5079/5079/5079 5076/5076/5076 
f 5039/5039/5039 5106/5106/5106 5076/5076/5076 
f 5079/5079/5079 5106/5106/5106 5110/5110/5110 
f 5109/5109/5109 5079/5079/5079 5110/5110/5110 
f 5103/5103/5103 5109/5109/5109 5110/5110/5110 
f 5098/5098/5098 5103/5103/5103 5110/5110/5110 
f 5106/5106/5106 5098/5098/5098 5110/5110/5110 
f 5103/5103/5103 5098/5098/5098 5104/5104/5104 
f 5099/5099/5099 5106/5106/5106 5039/5039/5039 
f 5098/5098/5098 5106/5106/5106 5099/5099/5099 
f 5098/5098/5098 5097/5097/5097 5104/5104/5104 
f 5094/5094/5094 5099/5099/5099 5039/5039/5039 
f 5098/5098/5098 5099/5099/5099 5094/5094/5094 
f 5039/5039/5039 5044/5044/5044 5094/5094/5094 
f 5043/5043/5043 5094/5094/5094 5044/5044/5044 
f 5095/5095/5095 5098/5098/5098 5094/5094/5094 
f 5043/5043/5043 5095/5095/5095 5094/5094/5094 
f 5097/5097/5097 5098/5098/5098 5095/5095/5095 
f 5095/5095/5095 5043/5043/5043 5096/5096/5096 
f 5096/5096/5096 5097/5097/5097 5095/5095/5095 
f 5003/5003/5003 5004/5004/5004 5005/5005/5005 
f 5029/5029/5029 5005/5005/5005 5004/5004/5004 
f 5005/5005/5005 5016/5016/5016 5003/5003/5003 
f 5004/5004/5004 5003/5003/5003 5006/5006/5006 
f 5005/5005/5005 5029/5029/5029 5015/5015/5015 
f 5015/5015/5015 5014/5014/5014 5005/5005/5005 
f 5016/5016/5016 5005/5005/5005 5014/5014/5014 
f 5029/5029/5029 5031/5031/5031 5015/5015/5015 
f 5014/5014/5014 5018/5018/5018 5016/5016/5016 
f 5004/5004/5004 5040/5040/5040 5029/5029/5029 
f 5014/5014/5014 5015/5015/5015 5012/5012/5012 
f 5015/5015/5015 5031/5031/5031 5012/5012/5012 
f 5012/5012/5012 5013/5013/5013 5014/5014/5014 
f 5018/5018/5018 5014/5014/5014 5013/5013/5013 
f 5013/5013/5013 5012/5012/5012 5011/5011/5011 
f 5040/5040/5040 5004/5004/5004 5007/5007/5007 
f 5006/5006/5006 5007/5007/5007 5004/5004/5004 
f 5011/5011/5011 5010/5010/5010 5013/5013/5013 
f 5013/5013/5013 5010/5010/5010 5018/5018/5018 
f 5012/5012/5012 5009/5009/5009 5011/5011/5011 
f 5009/5009/5009 5010/5010/5010 5011/5011/5011 
f 5009/5009/5009 5012/5012/5012 5031/5031/5031 
f 5009/5009/5009 5030/5030/5030 5010/5010/5010 
f 5030/5030/5030 5009/5009/5009 5031/5031/5031 
f 5017/5017/5017 5018/5018/5018 5010/5010/5010 
f 5032/5032/5032 5030/5030/5030 5031/5031/5031 
f 5031/5031/5031 5029/5029/5029 5032/5032/5032 
f 5032/5032/5032 5029/5029/5029 5040/5040/5040 
f 5041/5041/5041 5030/5030/5030 5032/5032/5032 
f 5032/5032/5032 5040/5040/5040 5041/5041/5041 
f 5042/5042/5042 5030/5030/5030 5041/5041/5041 
f 5042/5042/5042 5041/5041/5041 5093/5093/5093 
f 5040/5040/5040 5007/5007/5007 5041/5041/5041 
f 5045/5045/5045 5018/5018/5018 5017/5017/5017 
f 5007/5007/5007 5008/5008/5008 5041/5041/5041 
f 5007/5007/5007 5006/5006/5006 5008/5008/5008 
f 5022/5022/5022 5008/5008/5008 5006/5006/5006 
f 5008/5008/5008 5024/5024/5024 5041/5041/5041 
f 5008/5008/5008 5022/5022/5022 5024/5024/5024 
f 5024/5024/5024 5026/5026/5026 5041/5041/5041 
f 5006/5006/5006 5021/5021/5021 5022/5022/5022 
f 5021/5021/5021 5006/5006/5006 5003/5003/5003 
f 5023/5023/5023 5024/5024/5024 5022/5022/5022 
f 5024/5024/5024 5023/5023/5023 5026/5026/5026 
f 5025/5025/5025 5022/5022/5022 5021/5021/5021 
f 5022/5022/5022 5025/5025/5025 5023/5023/5023 
f 5003/5003/5003 5020/5020/5020 5021/5021/5021 
f 5020/5020/5020 5003/5003/5003 5016/5016/5016 
f 5023/5023/5023 5082/5082/5082 5026/5026/5026 
f 5082/5082/5082 5041/5041/5041 5026/5026/5026 
f 5025/5025/5025 5081/5081/5081 5023/5023/5023 
f 5082/5082/5082 5023/5023/5023 5081/5081/5081 
f 5086/5086/5086 5041/5041/5041 5082/5082/5082 
f 5081/5081/5081 5086/5086/5086 5082/5082/5082 
f 5091/5091/5091 5041/5041/5041 5086/5086/5086 
f 5084/5084/5084 5091/5091/5091 5086/5086/5086 
f 5086/5086/5086 5081/5081/5081 5084/5084/5084 
f 5091/5091/5091 5084/5084/5084 5092/5092/5092 
f 5085/5085/5085 5092/5092/5092 5084/5084/5084 
f 5083/5083/5083 5084/5084/5084 5081/5081/5081 
f 5084/5084/5084 5083/5083/5083 5085/5085/5085 
f 5081/5081/5081 5025/5025/5025 5083/5083/5083 
f 5087/5087/5087 5085/5085/5085 5083/5083/5083 
f 5085/5085/5085 5087/5087/5087 5088/5088/5088 
f 5028/5028/5028 5083/5083/5083 5025/5025/5025 
f 5083/5083/5083 5028/5028/5028 5087/5087/5087 
f 5021/5021/5021 5028/5028/5028 5025/5025/5025 
f 5028/5028/5028 5021/5021/5021 5020/5020/5020 
f 5027/5027/5027 5087/5087/5087 5028/5028/5028 
f 5020/5020/5020 5027/5027/5027 5028/5028/5028 
f 5089/5089/5089 5088/5088/5088 5087/5087/5087 
f 5087/5087/5087 5027/5027/5027 5089/5089/5089 
f 5088/5088/5088 5089/5089/5089 5090/5090/5090 
f 5100/5100/5100 5101/5101/5101 5090/5090/5090 
f 5102/5102/5102 5100/5100/5100 5090/5090/5090 
f 5090/5090/5090 5089/5089/5089 5102/5102/5102 
f 5089/5089/5089 5048/5048/5048 5102/5102/5102 
f 5048/5048/5048 5089/5089/5089 5027/5027/5027 
f 5027/5027/5027 5020/5020/5020 5019/5019/5019 
f 5048/5048/5048 5027/5027/5027 5019/5019/5019 
f 5016/5016/5016 5019/5019/5019 5020/5020/5020 
f 5019/5019/5019 5016/5016/5016 5018/5018/5018 
f 5018/5018/5018 5045/5045/5045 5019/5019/5019 
f 5019/5019/5019 5045/5045/5045 5048/5048/5048 
f 5045/5045/5045 5047/5047/5047 5048/5048/5048 
f 5048/5048/5048 5047/5047/5047 5058/5058/5058 
f 5048/5048/5048 5058/5058/5058 5059/5059/5059 
f 5047/5047/5047 5045/5045/5045 5051/5051/5051 
f 5054/5054/5054 5058/5058/5058 5047/5047/5047 
f 5051/5051/5051 5054/5054/5054 5047/5047/5047 
f 5059/5059/5059 5058/5058/5058 5060/5060/5060 
f 5058/5058/5058 5054/5054/5054 5060/5060/5060 
f 5060/5060/5060 5061/5061/5061 5059/5059/5059 
f 5060/5060/5060 5054/5054/5054 5062/5062/5062 
f 5062/5062/5062 5061/5061/5061 5060/5060/5060 
f 5051/5051/5051 5045/5045/5045 5046/5046/5046 
f 5017/5017/5017 5046/5046/5046 5045/5045/5045 
f 5056/5056/5056 5051/5051/5051 5046/5046/5046 
f 5046/5046/5046 5017/5017/5017 5052/5052/5052 
f 5046/5046/5046 5052/5052/5052 5056/5056/5056 
f 5052/5052/5052 5017/5017/5017 5053/5053/5053 
f 5053/5053/5053 5057/5057/5057 5052/5052/5052 
f 5057/5057/5057 5056/5056/5056 5052/5052/5052 
f 5072/5072/5072 5057/5057/5057 5053/5053/5053 
f 5051/5051/5051 5056/5056/5056 5055/5055/5055 
f 5054/5054/5054 5051/5051/5051 5055/5055/5055 
f 5056/5056/5056 5057/5057/5057 5067/5067/5067 
f 5057/5057/5057 5072/5072/5072 5067/5067/5067 
f 5068/5068/5068 5055/5055/5055 5056/5056/5056 
f 5067/5067/5067 5068/5068/5068 5056/5056/5056 
f 5063/5063/5063 5054/5054/5054 5055/5055/5055 
f 5054/5054/5054 5063/5063/5063 5062/5062/5062 
f 5055/5055/5055 5068/5068/5068 5065/5065/5065 
f 5063/5063/5063 5055/5055/5055 5065/5065/5065 
f 5068/5068/5068 5067/5067/5067 5071/5071/5071 
f 5065/5065/5065 5068/5068/5068 5071/5071/5071 
f 5067/5067/5067 5072/5072/5072 5071/5071/5071 
f 5071/5071/5071 5074/5074/5074 5065/5065/5065 
f 5074/5074/5074 5071/5071/5071 5072/5072/5072 
f 5074/5074/5074 5063/5063/5063 5065/5065/5065 
f 5064/5064/5064 5062/5062/5062 5063/5063/5063 
f 5061/5061/5061 5062/5062/5062 5064/5064/5064 
f 5063/5063/5063 5074/5074/5074 5066/5066/5066 
f 5064/5064/5064 5063/5063/5063 5066/5066/5066 
f 5072/5072/5072 5077/5077/5077 5074/5074/5074 
f 5077/5077/5077 5066/5066/5066 5074/5074/5074 
f 5077/5077/5077 5072/5072/5072 5078/5078/5078 
f 5064/5064/5064 5066/5066/5066 5075/5075/5075 
f 5075/5075/5075 5061/5061/5061 5064/5064/5064 
f 5075/5075/5075 5066/5066/5066 5077/5077/5077 
f 5061/5061/5061 5075/5075/5075 5080/5080/5080 
f 5080/5080/5080 5075/5075/5075 5105/5105/5105 
f 5075/5075/5075 5077/5077/5077 5105/5105/5105 
f 5077/5077/5077 5078/5078/5078 5108/5108/5108 
f 5077/5077/5077 5107/5107/5107 5105/5105/5105 
f 5108/5108/5108 5107/5107/5107 5077/5077/5077 
f 5107/5107/5107 5108/5108/5108 5111/5111/5111 
f 5112/5112/5112 5113/5113/5113 5114/5114/5114 
f 5123/5123/5123 5114/5114/5114 5113/5113/5113 
f 5114/5114/5114 5123/5123/5123 5119/5119/5119 
f 5124/5124/5124 5119/5119/5119 5123/5123/5123 
f 5119/5119/5119 5124/5124/5124 5121/5121/5121 
f 5121/5121/5121 5124/5124/5124 5117/5117/5117 
f 5116/5116/5116 5121/5121/5121 5117/5117/5117 
f 5121/5121/5121 5122/5122/5122 5119/5119/5119 
f 5122/5122/5122 5121/5121/5121 5116/5116/5116 
f 5115/5115/5115 5116/5116/5116 5117/5117/5117 
f 5122/5122/5122 5116/5116/5116 5115/5115/5115 
f 5117/5117/5117 5129/5129/5129 5115/5115/5115 
f 5120/5120/5120 5119/5119/5119 5122/5122/5122 
f 5119/5119/5119 5120/5120/5120 5114/5114/5114 
f 5115/5115/5115 5130/5130/5130 5122/5122/5122 
f 5115/5115/5115 5129/5129/5129 5130/5130/5130 
f 5120/5120/5120 5122/5122/5122 5130/5130/5130 
f 5118/5118/5118 5114/5114/5114 5120/5120/5120 
f 5118/5118/5118 5120/5120/5120 5130/5130/5130 
f 5114/5114/5114 5118/5118/5118 5112/5112/5112 
f 5128/5128/5128 5130/5130/5130 5129/5129/5129 
f 5130/5130/5130 5128/5128/5128 5118/5118/5118 
f 5127/5127/5127 5128/5128/5128 5129/5129/5129 
f 5125/5125/5125 5112/5112/5112 5118/5118/5118 
f 5128/5128/5128 5125/5125/5125 5118/5118/5118 
f 5128/5128/5128 5127/5127/5127 5125/5125/5125 
f 5112/5112/5112 5125/5125/5125 5126/5126/5126 
f 5125/5125/5125 5127/5127/5127 5126/5126/5126 
f 5131/5131/5131 5132/5132/5132 5133/5133/5133 
f 5132/5132/5132 5135/5135/5135 5133/5133/5133 
f 5135/5135/5135 5132/5132/5132 5136/5136/5136 
f 5131/5131/5131 5133/5133/5133 5134/5134/5134 
f 5144/5144/5144 5131/5131/5131 5134/5134/5134 
f 5137/5137/5137 5133/5133/5133 5135/5135/5135 
f 5133/5133/5133 5137/5137/5137 5134/5134/5134 
f 5138/5138/5138 5135/5135/5135 5136/5136/5136 
f 5138/5138/5138 5137/5137/5137 5135/5135/5135 
f 5136/5136/5136 5140/5140/5140 5138/5138/5138 
f 5140/5140/5140 5139/5139/5139 5138/5138/5138 
f 5137/5137/5137 5138/5138/5138 5139/5139/5139 
f 5139/5139/5139 5140/5140/5140 5151/5151/5151 
f 5139/5139/5139 5151/5151/5151 5152/5152/5152 
f 5134/5134/5134 5137/5137/5137 5143/5143/5143 
f 5134/5134/5134 5143/5143/5143 5144/5144/5144 
f 5139/5139/5139 5141/5141/5141 5137/5137/5137 
f 5137/5137/5137 5141/5141/5141 5143/5143/5143 
f 5139/5139/5139 5152/5152/5152 5142/5142/5142 
f 5141/5141/5141 5139/5139/5139 5142/5142/5142 
f 5152/5152/5152 5154/5154/5154 5142/5142/5142 
f 5153/5153/5153 5141/5141/5141 5142/5142/5142 
f 5142/5142/5142 5154/5154/5154 5153/5153/5153 
f 5149/5149/5149 5143/5143/5143 5141/5141/5141 
f 5141/5141/5141 5153/5153/5153 5149/5149/5149 
f 5153/5153/5153 5154/5154/5154 5155/5155/5155 
f 5153/5153/5153 5155/5155/5155 5149/5149/5149 
f 5155/5155/5155 5154/5154/5154 5156/5156/5156 
f 5150/5150/5150 5155/5155/5155 5156/5156/5156 
f 5150/5150/5150 5149/5149/5149 5155/5155/5155 
f 5156/5156/5156 5148/5148/5148 5150/5150/5150 
f 5143/5143/5143 5149/5149/5149 5146/5146/5146 
f 5143/5143/5143 5146/5146/5146 5144/5144/5144 
f 5145/5145/5145 5144/5144/5144 5146/5146/5146 
f 5149/5149/5149 5147/5147/5147 5146/5146/5146 
f 5146/5146/5146 5147/5147/5147 5145/5145/5145 
f 5149/5149/5149 5150/5150/5150 5147/5147/5147 
f 5147/5147/5147 5148/5148/5148 5145/5145/5145 
f 5148/5148/5148 5147/5147/5147 5150/5150/5150 

g Androeofficial11

v -285.322 2.67664 80.6133 
v -285.527 2.68475 80.4469 
v -285.402 2.64464 80.706 
v -285.272 2.68158 80.4389 
v -285.472 2.62331 80.7391 
v -285.578 2.59094 80.7104 
v -285.657 2.56665 80.6512 
v -285.733 2.54318 80.4389 
v -285.733 2.55943 80.3148 
v -285.554 2.59573 80.1965 
v -285.472 2.62331 80.1387 
v -285.379 2.65164 80.1498 
v -285.326 2.67629 80.2646 
v -285.705 2.48423 80.6627 
v -285.657 2.56665 80.6512 
v -285.733 2.54318 80.4389 
v -285.729 2.40899 80.6409 
v -285.795 2.45516 80.4143 
v -285.733 2.55943 80.3148 
v -285.787 2.46886 80.2916 
v -285.787 2.46886 80.2916 
v -285.733 2.55943 80.3148 
v -285.554 2.59573 80.1965 
v -285.601 2.41172 80.0815 
v -285.781 2.26235 80.1514 
v -285.727 2.21257 80.0931 
v -285.258 1.75519 80.1323 
v -285.279 1.74633 80.3464 
v -285.319 1.74592 80.3477 
v -285.311 1.76008 80.1224 
v -285.296 1.75137 80.6385 
v -285.342 1.75964 80.627 
v -285.348 1.78338 80.3496 
v -285.359 1.79671 80.1582 
v -285.375 1.8003 80.61 
v -285.277 2.35017 80.7889 
v -285.093 2.33219 80.7001 
v -285.322 2.67664 80.6133 
v -285.402 2.64464 80.706 
v -285.224 2.12375 80.7636 
v -285.503 2.40316 80.7889 
v -285.516 2.29018 80.7899 
v -285.047 2.04546 80.6886 
v -285.346 2.11015 80.6729 
v -285.253 1.86997 80.6963 
v -285.485 2.18979 80.6668 
v -285.572 2.24544 80.6353 
v -285.648 2.35135 80.7344 
v -285.472 2.62331 80.7391 
v -285.578 2.59094 80.7104 
v -285.626 2.44137 80.7415 
v -285.347 1.90201 80.6361 
v -285.342 1.75964 80.627 
v -285.296 1.75137 80.6385 
v -285.118 1.84578 80.6632 
v -285.375 1.8003 80.61 
v -285.512 2.34257 80.0521 
v -285.472 2.62331 80.1387 
v -285.379 2.65164 80.1498 
v -285.229 2.31462 80.0424 
v -285.493 2.20693 80.0558 
v -285.633 2.1852 80.0642 
v -285.601 2.41172 80.0815 
v -285.554 2.59573 80.1965 
v -285.727 2.21257 80.0931 
v -285.189 2.14197 80.0481 
v -285.324 2.11879 80.107 
v -285.471 2.17105 80.139 
v -285.083 2.33315 80.1334 
v -285.326 2.67629 80.2646 
v -285.032 2.09261 80.1212 
v -285.233 1.88848 80.0797 
v -285.329 1.91652 80.1295 
v -285.099 1.88204 80.1348 
v -285.258 1.75519 80.1323 
v -285.311 1.76008 80.1224 
v -285.359 1.79671 80.1582 
v -285.071 2.31971 80.4171 
v -285.083 2.33315 80.1334 
v -285.326 2.67629 80.2646 
v -285.272 2.68158 80.4389 
v -285.093 2.33219 80.7001 
v -285.033 2.05693 80.4074 
v -285.032 2.09261 80.1212 
v -285.047 2.04546 80.6886 
v -285.322 2.67664 80.6133 
v -285.099 1.86076 80.3764 
v -285.099 1.88204 80.1348 
v -285.118 1.84578 80.6632 
v -285.296 1.75137 80.6385 
v -285.279 1.74633 80.3464 
v -285.258 1.75519 80.1323 
v -285.626 2.44137 80.7415 
v -285.578 2.59094 80.7104 
v -285.657 2.56665 80.6512 
v -285.705 2.48423 80.6627 
v -285.729 2.40899 80.6409 
v -285.648 2.35135 80.7344 
v -285.669 2.31276 80.5161 
v -285.795 2.45516 80.4143 
v -285.572 2.24544 80.6353 
v -285.699 2.31111 80.3884 
v -285.787 2.46886 80.2916 
v -285.727 2.26979 80.2882 
v -285.781 2.26235 80.1514 
v -285.737 2.23384 80.2481 
v -285.781 2.26235 80.1514 
v -285.691 2.18973 80.2137 
v -285.727 2.21257 80.0931 
v -285.601 2.17072 80.1751 
v -285.633 2.1852 80.0642 
v -285.493 2.20693 80.0558 
v -285.471 2.17105 80.139 
v -285.727 2.26979 80.2882 
v -285.591 2.22997 80.2455 
v -285.588 2.22647 80.3503 
v -285.699 2.31111 80.3884 
v -285.737 2.23384 80.2481 
v -285.691 2.18973 80.2137 
v -285.471 2.17105 80.139 
v -285.47 2.18358 80.3546 
v -285.601 2.17072 80.1751 
v -285.572 2.24544 80.6353 
v -285.669 2.31276 80.5161 
v -285.319 2.12064 80.3629 
v -285.346 2.11015 80.6729 
v -285.485 2.18979 80.6668 
v -285.324 2.11879 80.107 
v -285.313 1.90484 80.3573 
v -285.347 1.90201 80.6361 
v -285.329 1.91652 80.1295 
v -285.348 1.78338 80.3496 
v -285.375 1.8003 80.61 
v -285.359 1.79671 80.1582 

vn 0.692913 0.708661 0.133858 
vn -0.299213 0.952756 -0.00787402 
vn -0.15748 0.96063 0.228346 
vn 0.76378 0.645669 0.00787402 
vn -0.275591 0.929134 0.251969 
vn -0.385827 0.889764 0.244094 
vn -0.598425 0.779528 0.188976 
vn -0.748031 0.645669 0.15748 
vn -0.598425 0.685039 -0.409449 
vn -0.496063 0.724409 -0.480315 
vn -0.330709 0.913386 -0.244094 
vn -0.19685 0.96063 -0.204724 
vn 0.669291 0.732283 -0.11811 
vn -0.866142 0.425197 0.267717 
vn -0.598425 0.779528 0.188976 
vn -0.748031 0.645669 0.15748 
vn -0.88189 0.385827 0.275591 
vn -0.874016 0.456693 0.173228 
vn -0.598425 0.685039 -0.409449 
vn -0.645669 0.511811 -0.574803 
vn -0.645669 0.511811 -0.574803 
vn -0.598425 0.685039 -0.409449 
vn -0.496063 0.724409 -0.480315 
vn -0.574803 0.456693 -0.677165 
vn -0.598425 0.401575 -0.692913 
vn -0.598425 0.401575 -0.692913 
vn 0.19685 -0.692913 -0.692913 
vn -0.0708661 -1 -0.015748 
vn -0.448819 -0.897638 -0.023622 
vn -0.307087 -0.637795 -0.708661 
vn -0.015748 -0.732283 0.677165 
vn -0.464567 -0.748031 0.472441 
vn -0.748031 -0.669291 -0.0393701 
vn -0.724409 -0.440945 -0.527559 
vn -0.787402 -0.433071 0.440945 
vn 0.307087 0.204724 0.929134 
vn 0.456693 0.212598 0.866142 
vn 0.480315 0.464567 0.740157 
vn 0.362205 0.401575 0.84252 
vn 0.102362 -0.173228 0.976378 
vn -0.0472441 0.125984 0.992126 
vn -0.251969 -0.362205 0.897638 
vn 0.322835 -0.133858 0.937008 
vn -0.496063 -0.511811 0.700787 
vn -0.11811 -0.251969 0.96063 
vn -0.440945 -0.732283 0.519685 
vn -0.629921 -0.716535 0.307087 
vn -0.677165 -0.472441 0.559055 
vn 0.023622 0.275591 0.96063 
vn -0.377953 0.299213 0.88189 
vn -0.456693 0.19685 0.866142 
vn -0.566929 -0.125984 0.811024 
vn -0.464567 -0.748031 0.472441 
vn -0.015748 -0.732283 0.677165 
vn 0.220472 -0.267717 0.937008 
vn -0.787402 -0.433071 0.440945 
vn -0.0866142 0.188976 -0.976378 
vn -0.0708661 0.330709 -0.944882 
vn 0.299213 0.448819 -0.84252 
vn 0.275591 0.275591 -0.92126 
vn -0.0708661 -0.362205 -0.929134 
vn -0.23622 -0.488189 -0.84252 
vn -0.299213 0.299213 -0.905512 
vn -0.330709 0.425197 -0.84252 
vn -0.472441 -0.559055 -0.685039 
vn 0.173228 -0.0629921 -0.984252 
vn -0.377953 -0.456693 -0.80315 
vn -0.141732 -0.889764 -0.433071 
vn 0.535433 0.377953 -0.755906 
vn 0.543307 0.543307 -0.645669 
vn 0.417323 -0.0629921 -0.905512 
vn 0.015748 -0.181102 -0.984252 
vn -0.456693 -0.0472441 -0.889764 
vn 0.354331 -0.212598 -0.913386 
vn 0.19685 -0.692913 -0.692913 
vn -0.307087 -0.637795 -0.708661 
vn -0.724409 -0.440945 -0.527559 
vn 0.929134 0.370079 0.015748 
vn 0.92126 0.377953 -0.0629921 
vn 0.669291 0.732283 -0.11811 
vn 0.76378 0.645669 0.00787402 
vn 0.929134 0.362205 0.0944882 
vn 1 -0.0551181 0.023622 
vn 1 -0.015748 -0.015748 
vn 1 -0.0551181 0.0551181 
vn 0.692913 0.708661 0.133858 
vn 0.795276 -0.606299 0 
vn 0.834646 -0.551181 -0.0314961 
vn 0.779528 -0.629921 0.0314961 
vn 0.503937 -0.866142 0.015748 
vn 0.543307 -0.84252 0 
vn 0.582677 -0.811024 -0.023622 
vn -0.456693 0.19685 0.866142 
vn -0.377953 0.299213 0.88189 
vn -0.582677 0.377953 0.716535 
vn -0.645669 0.244094 0.724409 
vn -0.787402 -0.543307 0.291339 
vn -0.677165 -0.472441 0.559055 
vn -0.76378 -0.629921 0.15748 
vn -0.84252 -0.519685 0.141732 
vn -0.629921 -0.716535 0.307087 
vn -0.84252 -0.519685 0.133858 
vn -0.905512 -0.377953 0.19685 
vn -0.905512 -0.322835 0.275591 
vn -0.834646 -0.496063 0.251969 
vn -0.858268 -0.417323 0.291339 
vn -0.834646 -0.496063 0.251969 
vn -0.464567 -0.889764 -0.015748 
vn -0.472441 -0.559055 -0.685039 
vn -0.110236 -0.976378 -0.173228 
vn -0.23622 -0.488189 -0.84252 
vn -0.0708661 -0.362205 -0.929134 
vn -0.141732 -0.889764 -0.433071 
vn -0.283465 -0.874016 0.393701 
vn -0.251969 -0.929134 0.275591 
vn -0.456693 -0.88189 0.0866142 
vn -0.543307 -0.826772 0.141732 
vn -0.00787402 -0.685039 0.732283 
vn 0.0551181 -0.716535 0.692913 
vn -0.338583 -0.937008 0.0708661 
vn -0.409449 -0.913386 0.00787402 
vn 0.149606 -0.76378 0.622047 
vn -0.480315 -0.874016 0.0551181 
vn -0.614173 -0.787402 0.110236 
vn -0.88189 -0.472441 -0.0314961 
vn -0.866142 -0.496063 -0.0866142 
vn -0.440945 -0.897638 -0.00787402 
vn -0.88189 -0.464567 0.0472441 
vn -0.992126 0.0944882 -0.0393701 
vn -0.992126 0.0787402 -0.110236 
vn -0.992126 0.0708661 0.0551181 
vn -0.96063 0.275591 -0.023622 
vn -0.952756 0.283465 -0.11811 
vn -0.96063 0.259843 0.0787402 

vt 0.840384 0.52058 
vt 0.835799 0.51723 
vt 0.838594 0.522447 
vt 0.841492 0.51707 
vt 0.83704 0.523113 
vt 0.834682 0.522535 
vt 0.832913 0.521343 
vt 0.831203 0.51707 
vt 0.831213 0.514572 
vt 0.83521 0.51219 
vt 0.83704 0.511027 
vt 0.839105 0.51125 
vt 0.840302 0.51356 
vt 0.862285 0.538052 
vt 0.864252 0.539331 
vt 0.865419 0.532454 
vt 0.860406 0.536794 
vt 0.863275 0.531226 
vt 0.8669 0.528775 
vt 0.864353 0.528175 
vt 0.867022 0.57839 
vt 0.86902 0.576932 
vt 0.86622 0.570549 
vt 0.860768 0.573011 
vt 0.859434 0.579483 
vt 0.85685 0.578327 
vt 0.831325 0.53828 
vt 0.831357 0.532319 
vt 0.832602 0.532202 
vt 0.833021 0.538426 
vt 0.831325 0.524246 
vt 0.83278 0.524477 
vt 0.834071 0.532077 
vt 0.834862 0.537348 
vt 0.834467 0.524843 
vt 0.856667 0.514695 
vt 0.853742 0.519464 
vt 0.866331 0.519461 
vt 0.866312 0.515483 
vt 0.850231 0.512908 
vt 0.860888 0.509859 
vt 0.85797 0.508464 
vt 0.845595 0.516881 
vt 0.850566 0.508676 
vt 0.843244 0.509963 
vt 0.853907 0.506502 
vt 0.85628 0.504392 
vt 0.861112 0.505553 
vt 0.866689 0.513019 
vt 0.867131 0.509461 
vt 0.863412 0.507016 
vt 0.844776 0.507098 
vt 0.840383 0.506513 
vt 0.839827 0.507723 
vt 0.840937 0.513203 
vt 0.841811 0.505661 
vt 0.857684 0.57154 
vt 0.865153 0.567423 
vt 0.86482 0.564379 
vt 0.853622 0.564951 
vt 0.853672 0.572525 
vt 0.854814 0.576241 
vt 0.860768 0.573011 
vt 0.86622 0.570549 
vt 0.85685 0.578327 
vt 0.848846 0.566118 
vt 0.84918 0.570164 
vt 0.850991 0.573365 
vt 0.852379 0.560441 
vt 0.865345 0.560379 
vt 0.845582 0.562206 
vt 0.842231 0.569095 
vt 0.843689 0.571733 
vt 0.840481 0.565564 
vt 0.838262 0.570632 
vt 0.838915 0.571969 
vt 0.840332 0.573376 
vt 0.845464 0.551612 
vt 0.845269 0.54399 
vt 0.832579 0.546404 
vt 0.833094 0.552065 
vt 0.844798 0.559203 
vt 0.853123 0.551544 
vt 0.852343 0.543852 
vt 0.85325 0.559087 
vt 0.832397 0.557669 
vt 0.859034 0.550903 
vt 0.858699 0.544406 
vt 0.859374 0.558601 
vt 0.865583 0.55813 
vt 0.865497 0.550225 
vt 0.864921 0.544433 
vt 0.860182 0.54062 
vt 0.864244 0.542489 
vt 0.864252 0.539331 
vt 0.862285 0.538052 
vt 0.860406 0.536794 
vt 0.857681 0.539345 
vt 0.857284 0.533339 
vt 0.863275 0.531226 
vt 0.853793 0.536619 
vt 0.858161 0.529726 
vt 0.864353 0.528175 
vt 0.858112 0.526474 
vt 0.860043 0.522728 
vt 0.857743 0.524924 
vt 0.859063 0.522154 
vt 0.855843 0.524044 
vt 0.856452 0.52077 
vt 0.853065 0.523534 
vt 0.853368 0.520473 
vt 0.849031 0.520939 
vt 0.849039 0.523462 
vt 0.858112 0.526474 
vt 0.853445 0.525996 
vt 0.853645 0.528778 
vt 0.858161 0.529726 
vt 0.857743 0.524924 
vt 0.855843 0.524044 
vt 0.849039 0.523462 
vt 0.84983 0.529231 
vt 0.853065 0.523534 
vt 0.853793 0.536619 
vt 0.857284 0.533339 
vt 0.845724 0.529713 
vt 0.846675 0.537932 
vt 0.850721 0.537602 
vt 0.844973 0.52295 
vt 0.839728 0.530167 
vt 0.840619 0.537635 
vt 0.839279 0.524063 
vt 0.835924 0.530369 
vt 0.837316 0.537345 
vt 0.835608 0.525179 

usemtl Androeofficial1Mtl

f 5157/5157/5157 5158/5158/5158 5159/5159/5159 
f 5160/5160/5160 5158/5158/5158 5157/5157/5157 
f 5159/5159/5159 5158/5158/5158 5161/5161/5161 
f 5161/5161/5161 5158/5158/5158 5162/5162/5162 
f 5162/5162/5162 5158/5158/5158 5163/5163/5163 
f 5163/5163/5163 5158/5158/5158 5164/5164/5164 
f 5164/5164/5164 5158/5158/5158 5165/5165/5165 
f 5165/5165/5165 5158/5158/5158 5166/5166/5166 
f 5166/5166/5166 5158/5158/5158 5167/5167/5167 
f 5167/5167/5167 5158/5158/5158 5168/5168/5168 
f 5169/5169/5169 5158/5158/5158 5160/5160/5160 
f 5168/5168/5168 5158/5158/5158 5169/5169/5169 
f 5170/5170/5170 5171/5171/5171 5172/5172/5172 
f 5173/5173/5173 5170/5170/5170 5172/5172/5172 
f 5174/5174/5174 5172/5172/5172 5175/5175/5175 
f 5173/5173/5173 5172/5172/5172 5174/5174/5174 
f 5174/5174/5174 5175/5175/5175 5176/5176/5176 
f 5177/5177/5177 5178/5178/5178 5179/5179/5179 
f 5177/5177/5177 5179/5179/5179 5180/5180/5180 
f 5180/5180/5180 5181/5181/5181 5177/5177/5177 
f 5180/5180/5180 5182/5182/5182 5181/5181/5181 
f 5183/5183/5183 5184/5184/5184 5185/5185/5185 
f 5183/5183/5183 5185/5185/5185 5186/5186/5186 
f 5184/5184/5184 5187/5187/5187 5188/5188/5188 
f 5184/5184/5184 5188/5188/5188 5185/5185/5185 
f 5185/5185/5185 5189/5189/5189 5190/5190/5190 
f 5185/5185/5185 5190/5190/5190 5186/5186/5186 
f 5185/5185/5185 5188/5188/5188 5191/5191/5191 
f 5185/5185/5185 5191/5191/5191 5189/5189/5189 
f 5192/5192/5192 5193/5193/5193 5194/5194/5194 
f 5192/5192/5192 5194/5194/5194 5195/5195/5195 
f 5193/5193/5193 5192/5192/5192 5196/5196/5196 
f 5197/5197/5197 5192/5192/5192 5195/5195/5195 
f 5198/5198/5198 5196/5196/5196 5192/5192/5192 
f 5198/5198/5198 5192/5192/5192 5197/5197/5197 
f 5193/5193/5193 5196/5196/5196 5199/5199/5199 
f 5200/5200/5200 5196/5196/5196 5198/5198/5198 
f 5201/5201/5201 5196/5196/5196 5200/5200/5200 
f 5199/5199/5199 5196/5196/5196 5201/5201/5201 
f 5200/5200/5200 5198/5198/5198 5202/5202/5202 
f 5203/5203/5203 5202/5202/5202 5198/5198/5198 
f 5203/5203/5203 5198/5198/5198 5204/5204/5204 
f 5204/5204/5204 5198/5198/5198 5197/5197/5197 
f 5197/5197/5197 5205/5205/5205 5206/5206/5206 
f 5197/5197/5197 5206/5206/5206 5207/5207/5207 
f 5197/5197/5197 5195/5195/5195 5205/5205/5205 
f 5204/5204/5204 5197/5197/5197 5207/5207/5207 
f 5201/5201/5201 5200/5200/5200 5208/5208/5208 
f 5201/5201/5201 5209/5209/5209 5210/5210/5210 
f 5201/5201/5201 5210/5210/5210 5211/5211/5211 
f 5199/5199/5199 5201/5201/5201 5211/5211/5211 
f 5209/5209/5209 5201/5201/5201 5208/5208/5208 
f 5209/5209/5209 5208/5208/5208 5212/5212/5212 
f 5213/5213/5213 5214/5214/5214 5215/5215/5215 
f 5213/5213/5213 5215/5215/5215 5216/5216/5216 
f 5216/5216/5216 5217/5217/5217 5213/5213/5213 
f 5218/5218/5218 5213/5213/5213 5217/5217/5217 
f 5219/5219/5219 5213/5213/5213 5218/5218/5218 
f 5219/5219/5219 5214/5214/5214 5213/5213/5213 
f 5219/5219/5219 5220/5220/5220 5214/5214/5214 
f 5219/5219/5219 5218/5218/5218 5221/5221/5221 
f 5216/5216/5216 5222/5222/5222 5217/5217/5217 
f 5217/5217/5217 5222/5222/5222 5223/5223/5223 
f 5217/5217/5217 5223/5223/5223 5224/5224/5224 
f 5222/5222/5222 5216/5216/5216 5225/5225/5225 
f 5216/5216/5216 5215/5215/5215 5226/5226/5226 
f 5216/5216/5216 5226/5226/5226 5225/5225/5225 
f 5227/5227/5227 5228/5228/5228 5222/5222/5222 
f 5228/5228/5228 5223/5223/5223 5222/5222/5222 
f 5222/5222/5222 5225/5225/5225 5227/5227/5227 
f 5228/5228/5228 5229/5229/5229 5223/5223/5223 
f 5227/5227/5227 5230/5230/5230 5228/5228/5228 
f 5231/5231/5231 5232/5232/5232 5228/5228/5228 
f 5231/5231/5231 5228/5228/5228 5230/5230/5230 
f 5232/5232/5232 5229/5229/5229 5228/5228/5228 
f 5232/5232/5232 5233/5233/5233 5229/5229/5229 
f 5234/5234/5234 5235/5235/5235 5236/5236/5236 
f 5234/5234/5234 5236/5236/5236 5237/5237/5237 
f 5238/5238/5238 5234/5234/5234 5237/5237/5237 
f 5234/5234/5234 5239/5239/5239 5240/5240/5240 
f 5234/5234/5234 5240/5240/5240 5235/5235/5235 
f 5234/5234/5234 5238/5238/5238 5241/5241/5241 
f 5234/5234/5234 5241/5241/5241 5239/5239/5239 
f 5238/5238/5238 5237/5237/5237 5242/5242/5242 
f 5239/5239/5239 5243/5243/5243 5244/5244/5244 
f 5239/5239/5239 5244/5244/5244 5240/5240/5240 
f 5239/5239/5239 5241/5241/5241 5245/5245/5245 
f 5239/5239/5239 5245/5245/5245 5243/5243/5243 
f 5243/5243/5243 5245/5245/5245 5246/5246/5246 
f 5243/5243/5243 5246/5246/5246 5247/5247/5247 
f 5248/5248/5248 5244/5244/5244 5243/5243/5243 
f 5248/5248/5248 5243/5243/5243 5247/5247/5247 
f 5249/5249/5249 5250/5250/5250 5251/5251/5251 
f 5249/5249/5249 5251/5251/5251 5252/5252/5252 
f 5253/5253/5253 5254/5254/5254 5249/5249/5249 
f 5253/5253/5253 5249/5249/5249 5252/5252/5252 
f 5255/5255/5255 5254/5254/5254 5253/5253/5253 
f 5256/5256/5256 5255/5255/5255 5253/5253/5253 
f 5255/5255/5255 5257/5257/5257 5254/5254/5254 
f 5256/5256/5256 5258/5258/5258 5255/5255/5255 
f 5258/5258/5258 5256/5256/5256 5259/5259/5259 
f 5258/5258/5258 5259/5259/5259 5260/5260/5260 
f 5260/5260/5260 5259/5259/5259 5261/5261/5261 
f 5260/5260/5260 5261/5261/5261 5262/5262/5262 
f 5263/5263/5263 5264/5264/5264 5262/5262/5262 
f 5263/5263/5263 5265/5265/5265 5264/5264/5264 
f 5265/5265/5265 5266/5266/5266 5264/5264/5264 
f 5265/5265/5265 5267/5267/5267 5266/5266/5266 
f 5266/5266/5266 5267/5267/5267 5268/5268/5268 
f 5266/5266/5266 5268/5268/5268 5269/5269/5269 
f 5270/5270/5270 5271/5271/5271 5272/5272/5272 
f 5270/5270/5270 5272/5272/5272 5273/5273/5273 
f 5270/5270/5270 5274/5274/5274 5275/5275/5275 
f 5270/5270/5270 5275/5275/5275 5271/5271/5271 
f 5271/5271/5271 5276/5276/5276 5277/5277/5277 
f 5271/5271/5271 5277/5277/5277 5272/5272/5272 
f 5271/5271/5271 5275/5275/5275 5278/5278/5278 
f 5271/5271/5271 5278/5278/5278 5276/5276/5276 
f 5272/5272/5272 5279/5279/5279 5280/5280/5280 
f 5272/5272/5272 5280/5280/5280 5273/5273/5273 
f 5277/5277/5277 5279/5279/5279 5272/5272/5272 
f 5277/5277/5277 5281/5281/5281 5282/5282/5282 
f 5277/5277/5277 5282/5282/5282 5283/5283/5283 
f 5281/5281/5281 5277/5277/5277 5276/5276/5276 
f 5277/5277/5277 5283/5283/5283 5279/5279/5279 
f 5281/5281/5281 5276/5276/5276 5284/5284/5284 
f 5281/5281/5281 5285/5285/5285 5286/5286/5286 
f 5281/5281/5281 5286/5286/5286 5282/5282/5282 
f 5281/5281/5281 5284/5284/5284 5287/5287/5287 
f 5281/5281/5281 5287/5287/5287 5285/5285/5285 
f 5285/5285/5285 5288/5288/5288 5289/5289/5289 
f 5285/5285/5285 5289/5289/5289 5286/5286/5286 
f 5285/5285/5285 5287/5287/5287 5290/5290/5290 
f 5285/5285/5285 5290/5290/5290 5288/5288/5288 

g Androeofficial12

v -285.588 2.29135 80.2004 
v -285.823 2.25893 80.2004 
v -285.714 2.27394 80.0559 
v -285.553 2.2962 79.979 
v -285.588 2.29135 80.622 
v -285.267 2.3358 80.2004 
v -285.333 2.32671 79.979 
v -285.823 2.25893 80.622 
v -285.714 2.27394 80.7643 
v -285.553 2.2962 80.8412 
v -285.267 2.3358 80.622 
v -285.333 2.32671 80.8412 
v -285.052 2.36552 80.2004 
v -285.185 2.3471 80.0559 
v -285.052 2.36552 80.622 
v -285.185 2.3471 80.7643 
v -285.553 2.2962 80.8412 
v -285.333 2.32671 80.8412 
v -285.483 2.8904 80.8155 
v -285.617 2.87399 80.8184 
v -285.762 2.85241 80.7625 
v -285.714 2.27394 80.7643 
v -285.185 2.3471 80.7643 
v -285.354 2.90976 80.758 
v -285.495 3.02624 80.8351 
v -285.391 3.02634 80.7499 
v -285.788 3.0259 80.754 
v -285.672 3.026 80.8406 
v -285.843 2.84101 80.3362 
v -285.866 3.02581 80.6119 
v -285.866 3.02581 80.3099 
v -285.823 2.25893 80.622 
v -285.843 2.84101 80.6125 
v -285.823 2.25893 80.2004 
v -285.762 2.85241 80.7625 
v -285.788 3.0259 80.754 
v -285.714 2.27394 80.7643 
v -285.672 3.026 80.8406 
v -285.673 3.11972 80.7049 
v -285.765 3.1108 80.6741 
v -285.788 3.0259 80.754 
v -285.495 3.02624 80.8351 
v -285.519 3.11972 80.7038 
v -285.657 3.16836 80.4735 
v -285.539 3.16835 80.4735 
v -285.838 3.10019 80.5582 
v -285.728 3.15943 80.4745 
v -285.866 3.02581 80.6119 
v -285.842 3.10018 80.3691 
v -285.842 3.10018 80.3691 
v -285.768 3.1488 80.4755 
v -285.866 3.02581 80.3099 
v -285.672 3.11972 80.2629 
v -285.768 3.1108 80.2832 
v -285.518 3.11972 80.2638 
v -285.664 3.02604 80.138 
v -285.788 3.0259 80.1921 
v -285.499 3.02622 80.1419 
v -285.418 3.1108 80.2852 
v -285.391 3.02634 80.2008 
v -285.328 3.10018 80.3713 
v -285.462 3.15943 80.4745 
v -285.276 3.02647 80.3195 
v -285.335 3.10019 80.5584 
v -285.335 3.10019 80.5584 
v -285.419 3.1488 80.4755 
v -285.276 3.02647 80.6127 
v -285.422 3.1108 80.6733 
v -285.391 3.02634 80.7499 
v -285.714 2.27394 80.0559 
v -285.762 2.85241 80.2106 
v -285.635 2.87023 80.1548 
v -285.553 2.2962 79.979 
v -285.788 3.0259 80.1921 
v -285.499 3.02622 80.1419 
v -285.465 2.89415 80.1577 
v -285.664 3.02604 80.138 
v -285.333 2.32671 79.979 
v -285.391 3.02634 80.2008 
v -285.354 2.90976 80.2151 
v -285.185 2.3471 80.0559 
v -285.276 3.02647 80.3195 
v -285.052 2.36552 80.2004 
v -285.242 2.92541 80.3363 
v -285.276 3.02647 80.6127 
v -285.242 2.92541 80.6123 
v -285.052 2.36552 80.622 
v -285.354 2.90976 80.758 
v -285.185 2.3471 80.7643 
v -285.391 3.02634 80.7499 

vn 0.133858 -0.992126 0 
vn 0.133858 -0.992126 0 
vn 0.133858 -0.992126 0 
vn 0.133858 -0.992126 0 
vn 0.133858 -0.992126 0 
vn 0.133858 -0.992126 0 
vn 0.133858 -0.992126 0 
vn 0.133858 -0.992126 0 
vn 0.133858 -0.992126 0 
vn 0.133858 -0.992126 0 
vn 0.133858 -0.992126 0 
vn 0.133858 -0.992126 0 
vn 0.133858 -0.992126 0 
vn 0.133858 -0.992126 0 
vn 0.133858 -0.992126 0 
vn 0.133858 -0.992126 0 
vn -0.19685 0.015748 0.984252 
vn 0.212598 0.0944882 0.968504 
vn 0.181102 0.0629921 0.984252 
vn -0.181102 -0.00787402 0.984252 
vn -0.661417 -0.0393701 0.748031 
vn -0.653543 -0.0314961 0.755906 
vn 0.606299 0.204724 0.76378 
vn 0.598425 0.204724 0.771654 
vn 0.19685 -0.11811 0.976378 
vn 0.677165 0.19685 0.708661 
vn -0.787402 -0.125984 0.598425 
vn -0.23622 -0.228346 0.944882 
vn -0.984252 -0.0314961 -0.165354 
vn -0.976378 -0.11811 0.173228 
vn -0.968504 -0.149606 -0.204724 
vn -0.984252 -0.0393701 0.188976 
vn -0.984252 -0.0551181 0.188976 
vn -0.976378 0.015748 -0.228346 
vn -0.661417 -0.0393701 0.748031 
vn -0.787402 -0.125984 0.598425 
vn -0.653543 -0.0314961 0.755906 
vn -0.0944882 0.811024 0.582677 
vn -0.0944882 0.913386 0.401575 
vn -0.425197 0.818898 0.377953 
vn -0.496063 0.692913 0.527559 
vn 0.11811 0.811024 0.574803 
vn 0.0944882 0.913386 0.393701 
vn -0.0472441 1 0 
vn 0.0472441 1 0 
vn -0.779528 0.606299 0.141732 
vn -0.204724 0.976378 0 
vn -0.834646 0.488189 0.251969 
vn -0.314961 0.929134 -0.181102 
vn -0.944882 0.330709 0.00787402 
vn -0.385827 0.92126 0.00787402 
vn -0.811024 0.519685 -0.275591 
vn -0.0708661 0.905512 -0.417323 
vn -0.346457 0.84252 -0.417323 
vn 0.0787402 0.905512 -0.417323 
vn -0.0708661 0.787402 -0.614173 
vn -0.385827 0.724409 -0.574803 
vn 0.102362 0.787402 -0.606299 
vn 0.314961 0.858268 -0.409449 
vn 0.377953 0.740157 -0.559055 
vn 0.629921 0.755906 -0.173228 
vn 0.188976 0.984252 0 
vn 0.685039 0.677165 -0.259843 
vn 0.314961 0.929134 0.181102 
vn 0.795276 0.606299 0.00787402 
vn 0.338583 0.944882 0.00787402 
vn 0.700787 0.669291 0.251969 
vn 0.362205 0.850394 0.377953 
vn 0.456693 0.732283 0.503937 
vn -0.637795 0.15748 -0.755906 
vn -0.669291 0.0866142 -0.740157 
vn -0.220472 0.188976 -0.96063 
vn -0.204724 0.259843 -0.944882 
vn -0.653543 -0.181102 -0.740157 
vn 0.165354 -0.0629921 -0.984252 
vn 0.165354 0.267717 -0.944882 
vn -0.19685 -0.141732 -0.968504 
vn 0.15748 0.330709 -0.929134 
vn 0.582677 0.0787402 -0.811024 
vn 0.559055 0.338583 -0.755906 
vn 0.543307 0.377953 -0.755906 
vn 0.905512 0.251969 -0.330709 
vn 0.889764 0.370079 -0.267717 
vn 0.913386 0.346457 -0.220472 
vn 0.905512 0.307087 0.283465 
vn 0.92126 0.307087 0.244094 
vn 0.92126 0.307087 0.228346 
vn 0.598425 0.204724 0.771654 
vn 0.606299 0.204724 0.76378 
vn 0.677165 0.19685 0.708661 

vt 0.777477 0.664598 
vt 0.787759 0.664581 
vt 0.787759 0.678509 
vt 0.775953 0.678509 
vt 0.777455 0.638135 
vt 0.763384 0.664623 
vt 0.76628 0.678509 
vt 0.787759 0.638117 
vt 0.787759 0.624381 
vt 0.775908 0.624381 
vt 0.763363 0.638159 
vt 0.766236 0.624381 
vt 0.753939 0.664639 
vt 0.753939 0.678509 
vt 0.753939 0.638175 
vt 0.753939 0.624381 
vt 0.943849 0.687113 
vt 0.965302 0.687113 
vt 0.961951 0.753553 
vt 0.945999 0.753561 
vt 0.923941 0.753971 
vt 0.923941 0.687113 
vt 0.993181 0.687113 
vt 0.993181 0.75238 
vt 0.962659 0.770635 
vt 0.993181 0.770635 
vt 0.923941 0.770635 
vt 0.94411 0.770635 
vt 0.879743 0.753503 
vt 0.911232 0.770635 
vt 0.878488 0.770635 
vt 0.910177 0.687113 
vt 0.910184 0.754062 
vt 0.86859 0.687113 
vt 0.923923 0.753971 
vt 0.923923 0.770635 
vt 0.923923 0.687113 
vt 0.737479 0.678716 
vt 0.736967 0.669341 
vt 0.741562 0.668567 
vt 0.744128 0.678715 
vt 0.727318 0.678716 
vt 0.729261 0.669315 
vt 0.736803 0.650226 
vt 0.72976 0.650226 
vt 0.745216 0.665655 
vt 0.74103 0.650334 
vt 0.748608 0.678714 
vt 0.745387 0.635145 
vt 0.745387 0.635145 
vt 0.744527 0.650442 
vt 0.748608 0.624176 
vt 0.73689 0.631026 
vt 0.741687 0.63181 
vt 0.729207 0.63106 
vt 0.737001 0.624176 
vt 0.744128 0.624176 
vt 0.727579 0.624176 
vt 0.724205 0.631889 
vt 0.721348 0.624176 
vt 0.719692 0.635232 
vt 0.725125 0.650334 
vt 0.714749 0.624176 
vt 0.720013 0.665659 
vt 0.720013 0.665659 
vt 0.721443 0.650443 
vt 0.714749 0.678714 
vt 0.724386 0.668548 
vt 0.721348 0.678715 
vt 0.854138 0.687113 
vt 0.854138 0.754624 
vt 0.83117 0.753553 
vt 0.834127 0.687113 
vt 0.854138 0.770635 
vt 0.80613 0.770635 
vt 0.804982 0.752211 
vt 0.830554 0.770635 
vt 0.803493 0.687113 
vt 0.784228 0.770635 
vt 0.784228 0.7515 
vt 0.784228 0.687113 
vt 0.756362 0.770634 
vt 0.76567 0.687113 
vt 0.754935 0.749763 
vt 0.724184 0.770634 
vt 0.725338 0.751019 
vt 0.724296 0.687113 
vt 0.714295 0.75238 
vt 0.714295 0.687113 
vt 0.714295 0.770635 

usemtl Androeofficial1Mtl

f 5291/5291/5291 5292/5292/5292 5293/5293/5293 
f 5291/5291/5291 5293/5293/5293 5294/5294/5294 
f 5295/5295/5295 5292/5292/5292 5291/5291/5291 
f 5295/5295/5295 5291/5291/5291 5296/5296/5296 
f 5291/5291/5291 5294/5294/5294 5297/5297/5297 
f 5291/5291/5291 5297/5297/5297 5296/5296/5296 
f 5295/5295/5295 5298/5298/5298 5292/5292/5292 
f 5299/5299/5299 5298/5298/5298 5295/5295/5295 
f 5299/5299/5299 5295/5295/5295 5300/5300/5300 
f 5295/5295/5295 5301/5301/5301 5302/5302/5302 
f 5295/5295/5295 5302/5302/5302 5300/5300/5300 
f 5295/5295/5295 5296/5296/5296 5301/5301/5301 
f 5301/5301/5301 5296/5296/5296 5303/5303/5303 
f 5296/5296/5296 5297/5297/5297 5304/5304/5304 
f 5296/5296/5296 5304/5304/5304 5303/5303/5303 
f 5301/5301/5301 5305/5305/5305 5306/5306/5306 
f 5301/5301/5301 5306/5306/5306 5302/5302/5302 
f 5301/5301/5301 5303/5303/5303 5305/5305/5305 
f 5307/5307/5307 5308/5308/5308 5309/5309/5309 
f 5307/5307/5307 5309/5309/5309 5310/5310/5310 
f 5311/5311/5311 5312/5312/5312 5307/5307/5307 
f 5311/5311/5311 5307/5307/5307 5310/5310/5310 
f 5308/5308/5308 5313/5313/5313 5314/5314/5314 
f 5308/5308/5308 5314/5314/5314 5309/5309/5309 
f 5310/5310/5310 5309/5309/5309 5315/5315/5315 
f 5316/5316/5316 5315/5315/5315 5309/5309/5309 
f 5314/5314/5314 5316/5316/5316 5309/5309/5309 
f 5317/5317/5317 5310/5310/5310 5318/5318/5318 
f 5310/5310/5310 5315/5315/5315 5318/5318/5318 
f 5317/5317/5317 5311/5311/5311 5310/5310/5310 
f 5319/5319/5319 5320/5320/5320 5321/5321/5321 
f 5322/5322/5322 5323/5323/5323 5319/5319/5319 
f 5322/5322/5322 5319/5319/5319 5324/5324/5324 
f 5319/5319/5319 5323/5323/5323 5320/5320/5320 
f 5325/5325/5325 5326/5326/5326 5320/5320/5320 
f 5325/5325/5325 5320/5320/5320 5323/5323/5323 
f 5327/5327/5327 5325/5325/5325 5323/5323/5323 
f 5327/5327/5327 5323/5323/5323 5322/5322/5322 
f 5328/5328/5328 5329/5329/5329 5330/5330/5330 
f 5328/5328/5328 5330/5330/5330 5331/5331/5331 
f 5332/5332/5332 5329/5329/5329 5328/5328/5328 
f 5332/5332/5332 5333/5333/5333 5329/5329/5329 
f 5330/5330/5330 5329/5329/5329 5334/5334/5334 
f 5329/5329/5329 5333/5333/5333 5335/5335/5335 
f 5329/5329/5329 5335/5335/5335 5334/5334/5334 
f 5331/5331/5331 5330/5330/5330 5336/5336/5336 
f 5330/5330/5330 5334/5334/5334 5337/5337/5337 
f 5336/5336/5336 5330/5330/5330 5337/5337/5337 
f 5331/5331/5331 5336/5336/5336 5338/5338/5338 
f 5339/5339/5339 5340/5340/5340 5336/5336/5336 
f 5339/5339/5339 5336/5336/5336 5341/5341/5341 
f 5336/5336/5336 5337/5337/5337 5341/5341/5341 
f 5336/5336/5336 5340/5340/5340 5342/5342/5342 
f 5336/5336/5336 5342/5342/5342 5338/5338/5338 
f 5343/5343/5343 5344/5344/5344 5337/5337/5337 
f 5343/5343/5343 5337/5337/5337 5334/5334/5334 
f 5344/5344/5344 5341/5341/5341 5337/5337/5337 
f 5345/5345/5345 5343/5343/5343 5334/5334/5334 
f 5345/5345/5345 5334/5334/5334 5335/5335/5335 
f 5346/5346/5346 5343/5343/5343 5345/5345/5345 
f 5347/5347/5347 5344/5344/5344 5343/5343/5343 
f 5347/5347/5347 5343/5343/5343 5346/5346/5346 
f 5342/5342/5342 5339/5339/5339 5344/5344/5344 
f 5342/5342/5342 5344/5344/5344 5347/5347/5347 
f 5344/5344/5344 5339/5339/5339 5341/5341/5341 
f 5342/5342/5342 5340/5340/5340 5339/5339/5339 
f 5346/5346/5346 5345/5345/5345 5348/5348/5348 
f 5348/5348/5348 5345/5345/5345 5349/5349/5349 
f 5349/5349/5349 5345/5345/5345 5335/5335/5335 
f 5348/5348/5348 5349/5349/5349 5350/5350/5350 
f 5350/5350/5350 5349/5349/5349 5351/5351/5351 
f 5349/5349/5349 5335/5335/5335 5352/5352/5352 
f 5351/5351/5351 5349/5349/5349 5352/5352/5352 
f 5350/5350/5350 5351/5351/5351 5353/5353/5353 
f 5354/5354/5354 5355/5355/5355 5351/5351/5351 
f 5354/5354/5354 5351/5351/5351 5356/5356/5356 
f 5351/5351/5351 5352/5352/5352 5356/5356/5356 
f 5351/5351/5351 5355/5355/5355 5357/5357/5357 
f 5351/5351/5351 5357/5357/5357 5353/5353/5353 
f 5358/5358/5358 5356/5356/5356 5352/5352/5352 
f 5333/5333/5333 5358/5358/5358 5352/5352/5352 
f 5333/5333/5333 5352/5352/5352 5335/5335/5335 
f 5358/5358/5358 5354/5354/5354 5356/5356/5356 
f 5357/5357/5357 5355/5355/5355 5354/5354/5354 
f 5357/5357/5357 5354/5354/5354 5358/5358/5358 
f 5357/5357/5357 5358/5358/5358 5359/5359/5359 
f 5359/5359/5359 5358/5358/5358 5333/5333/5333 
f 5359/5359/5359 5333/5333/5333 5332/5332/5332 
f 5360/5360/5360 5361/5361/5361 5362/5362/5362 
f 5360/5360/5360 5362/5362/5362 5363/5363/5363 
f 5324/5324/5324 5361/5361/5361 5360/5360/5360 
f 5324/5324/5324 5319/5319/5319 5361/5361/5361 
f 5362/5362/5362 5361/5361/5361 5364/5364/5364 
f 5361/5361/5361 5319/5319/5319 5321/5321/5321 
f 5361/5361/5361 5321/5321/5321 5364/5364/5364 
f 5365/5365/5365 5366/5366/5366 5362/5362/5362 
f 5365/5365/5365 5362/5362/5362 5367/5367/5367 
f 5362/5362/5362 5364/5364/5364 5367/5367/5367 
f 5366/5366/5366 5363/5363/5363 5362/5362/5362 
f 5366/5366/5366 5368/5368/5368 5363/5363/5363 
f 5369/5369/5369 5370/5370/5370 5366/5366/5366 
f 5369/5369/5369 5366/5366/5366 5365/5365/5365 
f 5366/5366/5366 5370/5370/5370 5371/5371/5371 
f 5366/5366/5366 5371/5371/5371 5368/5368/5368 
f 5370/5370/5370 5369/5369/5369 5372/5372/5372 
f 5373/5373/5373 5371/5371/5371 5370/5370/5370 
f 5373/5373/5373 5370/5370/5370 5374/5374/5374 
f 5370/5370/5370 5372/5372/5372 5374/5374/5374 
f 5372/5372/5372 5375/5375/5375 5376/5376/5376 
f 5372/5372/5372 5376/5376/5376 5374/5374/5374 
f 5374/5374/5374 5376/5376/5376 5377/5377/5377 
f 5374/5374/5374 5377/5377/5377 5373/5373/5373 
f 5375/5375/5375 5378/5378/5378 5376/5376/5376 
f 5376/5376/5376 5378/5378/5378 5379/5379/5379 
f 5376/5376/5376 5379/5379/5379 5377/5377/5377 
f 5375/5375/5375 5380/5380/5380 5378/5378/5378 

g Androeofficial13

v -285.899 3.88608 80.0965 
v -285.899 3.97628 80.2432 
v -285.72 3.93542 80.2432 
v -285.754 3.84997 80.0475 
v -285.899 3.97628 80.5785 
v -285.72 3.93542 80.5785 
v -285.573 3.76709 80.0475 
v -285.485 3.83767 80.2432 
v -285.485 3.83767 80.5785 
v -285.899 3.88608 80.7233 
v -285.754 3.84997 80.7723 
v -285.573 3.76709 80.7723 
v -285.355 3.68244 80.5785 
v -285.464 3.68729 80.7233 
v -285.464 3.68729 80.0965 
v -285.355 3.68244 80.2432 
v -285.788 3.01716 80.7538 
v -285.756 2.96162 80.6962 
v -285.652 2.95409 80.7438 
v -285.672 3.01726 80.8404 
v -285.866 3.01707 80.6117 
v -285.824 2.97504 80.6016 
v -285.697 2.91519 80.4747 
v -285.744 2.92863 80.4745 
v -285.5 2.95409 80.7408 
v -285.626 2.90763 80.4749 
v -285.495 3.01748 80.8349 
v -285.407 2.9616 80.694 
v -285.524 2.90763 80.4749 
v -285.649 2.95406 80.2272 
v -285.758 2.96159 80.2591 
v -285.828 2.97503 80.3418 
v -285.866 3.01707 80.3097 
v -285.788 3.01716 80.1919 
v -285.664 3.01729 80.1378 
v -285.499 3.01746 80.1417 
v -285.501 2.95407 80.2294 
v -285.461 2.91515 80.4747 
v -285.391 3.01758 80.2006 
v -285.405 2.96158 80.2643 
v -285.393 2.92864 80.4746 
v -285.307 2.97505 80.6021 
v -285.276 3.01771 80.3193 
v -285.303 2.97503 80.3476 
v -285.276 3.01771 80.6125 
v -285.391 3.01758 80.7497 
v -285.788 3.01716 80.7538 
v -285.672 3.01726 80.8404 
v -285.753 3.36791 80.7723 
v -285.899 3.41695 80.7233 
v -285.495 3.01748 80.8349 
v -285.571 3.30071 80.7723 
v -285.761 3.65061 80.7923 
v -285.58 3.5761 80.7923 
v -285.899 3.71288 80.7405 
v -285.754 3.84997 80.7723 
v -285.573 3.76709 80.7723 
v -285.432 3.49546 80.7405 
v -285.464 3.68729 80.7233 
v -285.45 3.25577 80.7233 
v -285.391 3.01758 80.7497 
v -285.899 3.88608 80.7233 
v -285.276 3.01771 80.3193 
v -285.322 3.25577 80.5785 
v -285.276 3.01771 80.6125 
v -285.45 3.25577 80.7233 
v -285.313 3.49321 80.5878 
v -285.391 3.01758 80.7497 
v -285.432 3.49546 80.7405 
v -285.355 3.68244 80.5785 
v -285.464 3.68729 80.7233 
v -285.899 3.41695 80.0965 
v -285.899 3.35081 80.2432 
v -285.899 3.70036 80.234 
v -285.899 3.71288 80.068 
v -285.94 3.27473 80.2432 
v -285.899 3.35324 80.5785 
v -285.899 3.70166 80.5878 
v -285.899 3.97628 80.2432 
v -285.899 3.88608 80.0965 
v -285.899 3.97628 80.5785 
v -285.899 3.41695 80.7233 
v -285.94 3.27473 80.5785 
v -285.899 3.71288 80.7405 
v -285.899 3.88608 80.7233 
v -285.45 3.25577 80.1211 
v -285.432 3.49546 80.0931 
v -285.313 3.49321 80.234 
v -285.322 3.25577 80.2432 
v -285.391 3.01758 80.2006 
v -285.464 3.68729 80.0965 
v -285.355 3.68244 80.2432 
v -285.499 3.01746 80.1417 
v -285.45 3.25577 80.1211 
v -285.664 3.01729 80.1378 
v -285.571 3.30071 80.0475 
v -285.432 3.49546 80.0931 
v -285.753 3.36791 80.0475 
v -285.58 3.5761 80.0275 
v -285.788 3.01716 80.1919 
v -285.899 3.41695 80.0965 
v -285.761 3.65061 80.0275 
v -285.573 3.76709 80.0475 
v -285.899 3.71288 80.068 
v -285.754 3.84997 80.0475 
v -285.899 3.88608 80.0965 
v -285.866 3.01707 80.3097 
v -285.94 3.27473 80.2432 
v -285.899 3.41695 80.0965 
v -285.866 3.01707 80.6117 
v -285.94 3.27473 80.5785 
v -285.788 3.01716 80.7538 
v -285.899 3.41695 80.7233 

vn -0.00787402 0.685039 -0.724409 
vn 0.19685 0.968504 -0.15748 
vn 0.307087 0.937008 -0.165354 
vn 0.125984 0.614173 -0.779528 
vn 0.19685 0.968504 0.15748 
vn 0.307087 0.937008 0.165354 
vn 0.362205 0.519685 -0.771654 
vn 0.559055 0.811024 -0.15748 
vn 0.559055 0.811024 0.15748 
vn -0.0314961 0.677165 0.740157 
vn 0.110236 0.606299 0.787402 
vn 0.354331 0.519685 0.771654 
vn 0.889764 0.425197 0.188976 
vn 0.653543 0.330709 0.685039 
vn 0.653543 0.314961 -0.685039 
vn 0.889764 0.425197 -0.188976 
vn -0.440945 -0.779528 0.448819 
vn -0.307087 -0.913386 0.275591 
vn -0.0787402 -0.944882 0.330709 
vn -0.11811 -0.834646 0.543307 
vn -0.637795 -0.76378 0.0944882 
vn -0.566929 -0.818898 0.0944882 
vn -0.181102 -0.984252 0 
vn -0.472441 -0.88189 0 
vn 0.0944882 -0.937008 0.330709 
vn -0.0472441 -1 0 
vn 0.125984 -0.818898 0.559055 
vn 0.307087 -0.897638 0.314961 
vn 0.0472441 -1 0 
vn -0.0629921 -0.937008 -0.338583 
vn -0.267717 -0.913386 -0.307087 
vn -0.559055 -0.826772 -0.0708661 
vn -0.614173 -0.779528 -0.11811 
vn -0.346457 -0.80315 -0.488189 
vn -0.0866142 -0.818898 -0.574803 
vn 0.102362 -0.80315 -0.582677 
vn 0.0787402 -0.937008 -0.346457 
vn 0.181102 -0.984252 0 
vn 0.377953 -0.740157 -0.551181 
vn 0.275591 -0.905512 -0.330709 
vn 0.409449 -0.913386 0 
vn 0.559055 -0.811024 0.141732 
vn 0.637795 -0.740157 -0.188976 
vn 0.559055 -0.818898 -0.11811 
vn 0.669291 -0.724409 0.149606 
vn 0.464567 -0.708661 0.535433 
vn -0.677165 -0.0944882 0.732283 
vn -0.15748 0.133858 0.976378 
vn -0.228346 0 0.976378 
vn -0.559055 -0.0866142 0.826772 
vn 0.267717 0.251969 0.929134 
vn 0.173228 0.0944882 0.984252 
vn -0.165354 0 0.984252 
vn 0.149606 0 0.992126 
vn -0.330709 0.023622 0.944882 
vn 0.110236 0.606299 0.787402 
vn 0.354331 0.519685 0.771654 
vn 0.614173 0.015748 0.787402 
vn 0.653543 0.330709 0.685039 
vn 0.637795 0.110236 0.76378 
vn 0.661417 0.259843 0.708661 
vn -0.0314961 0.677165 0.740157 
vn 0.968504 0.133858 -0.19685 
vn 0.968504 0.0866142 0.244094 
vn 0.937008 0.228346 0.267717 
vn 0.637795 0.110236 0.76378 
vn 0.968504 0.0629921 0.23622 
vn 0.661417 0.259843 0.708661 
vn 0.614173 0.015748 0.787402 
vn 0.889764 0.425197 0.188976 
vn 0.653543 0.330709 0.685039 
vn -1 0.00787402 0.00787402 
vn -0.992126 0.0944882 0.00787402 
vn -1 0 0 
vn -1 0 0 
vn -0.88189 0.464567 0.015748 
vn -0.992126 0.0866142 -0.00787402 
vn -1 0 0 
vn -1 0 0 
vn -1 0 0 
vn -1 0 0 
vn -1 0.015748 -0.00787402 
vn -0.88189 0.464567 -0.023622 
vn -1 0 0 
vn -1 0 0 
vn 0.590551 -0.11811 -0.80315 
vn 0.622047 -0.00787402 -0.779528 
vn 0.968504 0.0629921 -0.244094 
vn 0.952756 0 -0.291339 
vn 0.629921 -0.110236 -0.771654 
vn 0.653543 0.314961 -0.685039 
vn 0.889764 0.425197 -0.188976 
vn 0.19685 -0.244094 -0.952756 
vn 0.590551 -0.11811 -0.80315 
vn -0.204724 -0.307087 -0.929134 
vn 0.141732 -0.181102 -0.968504 
vn 0.622047 -0.00787402 -0.779528 
vn -0.212598 -0.204724 -0.952756 
vn 0.173228 -0.00787402 -0.984252 
vn -0.582677 -0.338583 -0.740157 
vn -0.448819 -0.220472 -0.866142 
vn -0.149606 0 -0.992126 
vn 0.362205 0.519685 -0.771654 
vn -0.291339 0.023622 -0.952756 
vn 0.125984 0.614173 -0.779528 
vn -0.00787402 0.685039 -0.724409 
vn -0.937008 -0.307087 -0.181102 
vn -0.897638 -0.322835 -0.283465 
vn -0.448819 -0.220472 -0.866142 
vn -0.944882 -0.251969 0.212598 
vn -0.944882 -0.244094 0.212598 
vn -0.677165 -0.0944882 0.732283 
vn -0.559055 -0.0866142 0.826772 

vt 0.783344 0.995958 
vt 0.764107 0.995958 
vt 0.763834 0.967073 
vt 0.783344 0.965408 
vt 0.733096 0.995958 
vt 0.733562 0.966859 
vt 0.783344 0.921906 
vt 0.763903 0.913678 
vt 0.734753 0.914403 
vt 0.71459 0.995958 
vt 0.71459 0.964544 
vt 0.71459 0.920748 
vt 0.734084 0.884417 
vt 0.71459 0.884417 
vt 0.783344 0.884417 
vt 0.764665 0.884417 
vt 0.818328 0.891465 
vt 0.816074 0.901693 
vt 0.810598 0.89768 
vt 0.81168 0.891465 
vt 0.822806 0.891466 
vt 0.819703 0.909656 
vt 0.815583 0.920342 
vt 0.819005 0.920357 
vt 0.802508 0.897934 
vt 0.810321 0.920323 
vt 0.801522 0.891465 
vt 0.797624 0.90188 
vt 0.802842 0.920324 
vt 0.810443 0.941185 
vt 0.816217 0.938492 
vt 0.819899 0.931533 
vt 0.822806 0.946322 
vt 0.818328 0.946323 
vt 0.811202 0.946323 
vt 0.801783 0.946323 
vt 0.802568 0.940995 
vt 0.798183 0.920339 
vt 0.795554 0.946323 
vt 0.797492 0.938054 
vt 0.793142 0.92035 
vt 0.792278 0.909615 
vt 0.788956 0.946322 
vt 0.792067 0.931046 
vt 0.788956 0.891466 
vt 0.795554 0.891465 
vt 0.923941 0.770635 
vt 0.94411 0.770635 
vt 0.94248 0.808259 
vt 0.923941 0.812253 
vt 0.962659 0.770635 
vt 0.961619 0.803192 
vt 0.947564 0.85405 
vt 0.965637 0.851222 
vt 0.923941 0.856398 
vt 0.952052 0.883099 
vt 0.970202 0.883097 
vt 0.993181 0.848486 
vt 0.993181 0.883096 
vt 0.993181 0.799362 
vt 0.993181 0.770635 
vt 0.923941 0.883099 
vt 0.756362 0.770634 
vt 0.727443 0.79759 
vt 0.724184 0.770634 
vt 0.714295 0.798977 
vt 0.728784 0.847738 
vt 0.714295 0.770635 
vt 0.714295 0.848448 
vt 0.729916 0.883096 
vt 0.714295 0.883096 
vt 0.854138 0.812371 
vt 0.870392 0.809154 
vt 0.86885 0.856685 
vt 0.854138 0.856739 
vt 0.870515 0.804373 
vt 0.90686 0.809268 
vt 0.908117 0.856617 
vt 0.87004 0.883101 
vt 0.854138 0.8831 
vt 0.907348 0.883101 
vt 0.923923 0.812424 
vt 0.906755 0.804092 
vt 0.923923 0.856602 
vt 0.923923 0.883099 
vt 0.784228 0.798492 
vt 0.784228 0.848223 
vt 0.765772 0.847735 
vt 0.765169 0.797822 
vt 0.784228 0.770635 
vt 0.784228 0.883096 
vt 0.76592 0.883096 
vt 0.80613 0.770635 
vt 0.784228 0.799503 
vt 0.830554 0.770635 
vt 0.809576 0.80319 
vt 0.784228 0.848578 
vt 0.834507 0.808402 
vt 0.802956 0.851578 
vt 0.854138 0.770635 
vt 0.854138 0.812453 
vt 0.827997 0.854306 
vt 0.796251 0.883098 
vt 0.854138 0.856605 
vt 0.821731 0.883099 
vt 0.854138 0.8831 
vt 0.878488 0.770635 
vt 0.870515 0.804373 
vt 0.854138 0.812371 
vt 0.911232 0.770635 
vt 0.906755 0.804092 
vt 0.923923 0.770635 
vt 0.923923 0.812424 

usemtl Androeofficial1Mtl

f 5381/5381/5381 5382/5382/5382 5383/5383/5383 
f 5381/5381/5381 5383/5383/5383 5384/5384/5384 
f 5383/5383/5383 5382/5382/5382 5385/5385/5385 
f 5383/5383/5383 5385/5385/5385 5386/5386/5386 
f 5387/5387/5387 5384/5384/5384 5383/5383/5383 
f 5387/5387/5387 5383/5383/5383 5388/5388/5388 
f 5383/5383/5383 5386/5386/5386 5389/5389/5389 
f 5383/5383/5383 5389/5389/5389 5388/5388/5388 
f 5386/5386/5386 5385/5385/5385 5390/5390/5390 
f 5386/5386/5386 5390/5390/5390 5391/5391/5391 
f 5386/5386/5386 5391/5391/5391 5392/5392/5392 
f 5386/5386/5386 5392/5392/5392 5389/5389/5389 
f 5388/5388/5388 5389/5389/5389 5393/5393/5393 
f 5389/5389/5389 5392/5392/5392 5394/5394/5394 
f 5389/5389/5389 5394/5394/5394 5393/5393/5393 
f 5395/5395/5395 5387/5387/5387 5388/5388/5388 
f 5395/5395/5395 5388/5388/5388 5396/5396/5396 
f 5388/5388/5388 5393/5393/5393 5396/5396/5396 
f 5397/5397/5397 5398/5398/5398 5399/5399/5399 
f 5397/5397/5397 5399/5399/5399 5400/5400/5400 
f 5401/5401/5401 5398/5398/5398 5397/5397/5397 
f 5401/5401/5401 5402/5402/5402 5398/5398/5398 
f 5399/5399/5399 5398/5398/5398 5403/5403/5403 
f 5398/5398/5398 5402/5402/5402 5404/5404/5404 
f 5398/5398/5398 5404/5404/5404 5403/5403/5403 
f 5400/5400/5400 5399/5399/5399 5405/5405/5405 
f 5399/5399/5399 5403/5403/5403 5406/5406/5406 
f 5405/5405/5405 5399/5399/5399 5406/5406/5406 
f 5400/5400/5400 5405/5405/5405 5407/5407/5407 
f 5407/5407/5407 5405/5405/5405 5408/5408/5408 
f 5405/5405/5405 5406/5406/5406 5409/5409/5409 
f 5408/5408/5408 5405/5405/5405 5409/5409/5409 
f 5410/5410/5410 5409/5409/5409 5406/5406/5406 
f 5411/5411/5411 5410/5410/5410 5406/5406/5406 
f 5411/5411/5411 5406/5406/5406 5403/5403/5403 
f 5412/5412/5412 5411/5411/5411 5403/5403/5403 
f 5412/5412/5412 5403/5403/5403 5404/5404/5404 
f 5413/5413/5413 5412/5412/5412 5404/5404/5404 
f 5413/5413/5413 5404/5404/5404 5402/5402/5402 
f 5413/5413/5413 5402/5402/5402 5401/5401/5401 
f 5414/5414/5414 5412/5412/5412 5413/5413/5413 
f 5414/5414/5414 5411/5411/5411 5412/5412/5412 
f 5415/5415/5415 5410/5410/5410 5411/5411/5411 
f 5415/5415/5415 5411/5411/5411 5414/5414/5414 
f 5416/5416/5416 5417/5417/5417 5410/5410/5410 
f 5416/5416/5416 5410/5410/5410 5415/5415/5415 
f 5410/5410/5410 5417/5417/5417 5409/5409/5409 
f 5417/5417/5417 5418/5418/5418 5409/5409/5409 
f 5408/5408/5408 5409/5409/5409 5418/5418/5418 
f 5419/5419/5419 5420/5420/5420 5417/5417/5417 
f 5419/5419/5419 5417/5417/5417 5416/5416/5416 
f 5417/5417/5417 5420/5420/5420 5418/5418/5418 
f 5420/5420/5420 5421/5421/5421 5418/5418/5418 
f 5422/5422/5422 5408/5408/5408 5418/5418/5418 
f 5422/5422/5422 5418/5418/5418 5421/5421/5421 
f 5423/5423/5423 5424/5424/5424 5420/5420/5420 
f 5423/5423/5423 5420/5420/5420 5419/5419/5419 
f 5420/5420/5420 5424/5424/5424 5421/5421/5421 
f 5425/5425/5425 5422/5422/5422 5421/5421/5421 
f 5425/5425/5425 5421/5421/5421 5424/5424/5424 
f 5426/5426/5426 5408/5408/5408 5422/5422/5422 
f 5426/5426/5426 5422/5422/5422 5425/5425/5425 
f 5425/5425/5425 5424/5424/5424 5423/5423/5423 
f 5407/5407/5407 5408/5408/5408 5426/5426/5426 
f 5427/5427/5427 5428/5428/5428 5429/5429/5429 
f 5427/5427/5427 5429/5429/5429 5430/5430/5430 
f 5428/5428/5428 5431/5431/5431 5432/5432/5432 
f 5428/5428/5428 5432/5432/5432 5429/5429/5429 
f 5433/5433/5433 5430/5430/5430 5429/5429/5429 
f 5429/5429/5429 5432/5432/5432 5434/5434/5434 
f 5429/5429/5429 5434/5434/5434 5433/5433/5433 
f 5433/5433/5433 5435/5435/5435 5430/5430/5430 
f 5436/5436/5436 5435/5435/5435 5433/5433/5433 
f 5433/5433/5433 5434/5434/5434 5437/5437/5437 
f 5433/5433/5433 5437/5437/5437 5436/5436/5436 
f 5432/5432/5432 5438/5438/5438 5434/5434/5434 
f 5434/5434/5434 5438/5438/5438 5439/5439/5439 
f 5434/5434/5434 5439/5439/5439 5437/5437/5437 
f 5432/5432/5432 5440/5440/5440 5438/5438/5438 
f 5431/5431/5431 5440/5440/5440 5432/5432/5432 
f 5431/5431/5431 5441/5441/5441 5440/5440/5440 
f 5436/5436/5436 5442/5442/5442 5435/5435/5435 
f 5443/5443/5443 5444/5444/5444 5445/5445/5445 
f 5445/5445/5445 5444/5444/5444 5446/5446/5446 
f 5447/5447/5447 5446/5446/5446 5444/5444/5444 
f 5445/5445/5445 5446/5446/5446 5448/5448/5448 
f 5447/5447/5447 5449/5449/5449 5446/5446/5446 
f 5450/5450/5450 5449/5449/5449 5447/5447/5447 
f 5450/5450/5450 5451/5451/5451 5449/5449/5449 
f 5452/5452/5452 5453/5453/5453 5454/5454/5454 
f 5452/5452/5452 5454/5454/5454 5455/5455/5455 
f 5456/5456/5456 5453/5453/5453 5452/5452/5452 
f 5457/5457/5457 5454/5454/5454 5453/5453/5453 
f 5456/5456/5456 5457/5457/5457 5453/5453/5453 
f 5457/5457/5457 5458/5458/5458 5454/5454/5454 
f 5454/5454/5454 5459/5459/5459 5460/5460/5460 
f 5454/5454/5454 5460/5460/5460 5455/5455/5455 
f 5454/5454/5454 5458/5458/5458 5461/5461/5461 
f 5454/5454/5454 5461/5461/5461 5459/5459/5459 
f 5462/5462/5462 5458/5458/5458 5457/5457/5457 
f 5462/5462/5462 5457/5457/5457 5463/5463/5463 
f 5456/5456/5456 5463/5463/5463 5457/5457/5457 
f 5462/5462/5462 5464/5464/5464 5458/5458/5458 
f 5458/5458/5458 5464/5464/5464 5465/5465/5465 
f 5458/5458/5458 5465/5465/5465 5461/5461/5461 
f 5466/5466/5466 5467/5467/5467 5468/5468/5468 
f 5466/5466/5466 5468/5468/5468 5469/5469/5469 
f 5470/5470/5470 5466/5466/5466 5469/5469/5469 
f 5467/5467/5467 5471/5471/5471 5472/5472/5472 
f 5467/5467/5467 5472/5472/5472 5468/5468/5468 
f 5469/5469/5469 5468/5468/5468 5447/5447/5447 
f 5468/5468/5468 5472/5472/5472 5450/5450/5450 
f 5468/5468/5468 5450/5450/5450 5447/5447/5447 
f 5443/5443/5443 5469/5469/5469 5444/5444/5444 
f 5469/5469/5469 5447/5447/5447 5444/5444/5444 
f 5470/5470/5470 5469/5469/5469 5443/5443/5443 
f 5473/5473/5473 5474/5474/5474 5470/5470/5470 
f 5475/5475/5475 5476/5476/5476 5473/5473/5473 
f 5473/5473/5473 5476/5476/5476 5474/5474/5474 
f 5476/5476/5476 5477/5477/5477 5474/5474/5474 
f 5475/5475/5475 5478/5478/5478 5476/5476/5476 
f 5478/5478/5478 5479/5479/5479 5476/5476/5476 
f 5476/5476/5476 5479/5479/5479 5477/5477/5477 
f 5480/5480/5480 5478/5478/5478 5475/5475/5475 
f 5481/5481/5481 5482/5482/5482 5478/5478/5478 
f 5478/5478/5478 5482/5482/5482 5479/5479/5479 
f 5480/5480/5480 5481/5481/5481 5478/5478/5478 
f 5479/5479/5479 5483/5483/5483 5471/5471/5471 
f 5479/5479/5479 5471/5471/5471 5477/5477/5477 
f 5482/5482/5482 5483/5483/5483 5479/5479/5479 
f 5481/5481/5481 5484/5484/5484 5482/5482/5482 
f 5482/5482/5482 5485/5485/5485 5483/5483/5483 
f 5484/5484/5484 5485/5485/5485 5482/5482/5482 
f 5484/5484/5484 5486/5486/5486 5485/5485/5485 
f 5480/5480/5480 5487/5487/5487 5488/5488/5488 
f 5480/5480/5480 5488/5488/5488 5489/5489/5489 
f 5487/5487/5487 5490/5490/5490 5491/5491/5491 
f 5487/5487/5487 5491/5491/5491 5488/5488/5488 
f 5492/5492/5492 5491/5491/5491 5490/5490/5490 
f 5492/5492/5492 5493/5493/5493 5491/5491/5491 

g Androeofficial14

v -286.898 2.25628 79.8756 
v -286.898 2.41777 79.8699 
v -286.525 2.42362 79.9245 
v -286.517 2.2703 79.9302 
v -286.516 2.09125 79.9173 
v -286.898 2.09125 79.8627 
v -287.279 2.2703 79.9302 
v -287.271 2.42362 79.9245 
v -287.28 2.09125 79.9173 
v -286.298 2.4332 80.0504 
v -286.235 2.29385 80.0373 
v -286.201 2.09125 80.0183 
v -287.561 2.29385 80.0373 
v -287.595 2.09125 80.0183 
v -287.498 2.4332 80.0504 
v -286.516 2.09125 79.9173 
v -286.516 2.09125 80.1371 
v -286.898 2.09125 80.1371 
v -286.898 2.09125 79.8627 
v -286.201 2.09125 80.0183 
v -286.072 2.09125 80.2303 
v -286.516 2.09125 80.6354 
v -286.898 2.09125 80.6354 
v -286.072 2.09125 80.5445 
v -287.28 2.09125 80.1371 
v -287.28 2.09125 79.9173 
v -286.898 2.09125 80.8611 
v -287.28 2.09125 80.6354 
v -286.516 2.09125 80.8611 
v -286.138 2.09125 80.7107 
v -287.28 2.09125 80.8611 
v -287.724 2.09125 80.5445 
v -287.658 2.09125 80.7107 
v -287.724 2.09125 80.2303 
v -287.595 2.09125 80.0183 
v -286.193 2.44376 80.2245 
v -286.298 2.4332 80.0504 
v -286.335 2.49396 80.1059 
v -286.244 2.48755 80.2479 
v -286.202 2.4447 80.4978 
v -286.525 2.42362 79.9245 
v -286.552 2.50292 80.0032 
v -286.361 2.53554 80.2241 
v -286.28 2.51752 80.2979 
v -286.249 2.48798 80.4709 
v -286.281 2.51759 80.4135 
v -286.276 2.45081 80.6463 
v -286.324 2.50195 80.5921 
v -286.358 2.53695 80.4764 
v -286.327 2.53873 80.3517 
v -286.571 2.55719 80.1708 
v -286.898 2.50595 79.9583 
v -286.898 2.41777 79.8699 
v -287.244 2.50292 80.0032 
v -286.898 2.56629 80.1467 
v -286.576 2.57892 80.3517 
v -286.572 2.55998 80.5367 
v -286.531 2.4583 80.7887 
v -286.556 2.51867 80.7082 
v -286.898 2.57011 80.5376 
v -286.898 2.59135 80.3516 
v -287.225 2.55718 80.1708 
v -287.271 2.42362 79.9245 
v -287.461 2.49397 80.1059 
v -287.435 2.53555 80.2242 
v -287.22 2.57892 80.3517 
v -286.898 2.52469 80.7085 
v -287.223 2.55999 80.5367 
v -286.898 2.4583 80.7887 
v -287.265 2.4583 80.7887 
v -287.24 2.51867 80.7082 
v -287.438 2.53695 80.4764 
v -287.482 2.53476 80.3517 
v -287.551 2.48755 80.2479 
v -287.516 2.51752 80.2979 
v -287.498 2.4332 80.0504 
v -287.603 2.44376 80.2245 
v -287.547 2.48798 80.4709 
v -287.514 2.51759 80.4135 
v -287.471 2.50195 80.5921 
v -287.52 2.45081 80.6463 
v -287.594 2.4447 80.4978 
v -286.235 2.29385 80.0373 
v -286.298 2.4332 80.0504 
v -286.193 2.44376 80.2245 
v -286.133 2.3196 80.2247 
v -286.201 2.09125 80.0183 
v -286.202 2.4447 80.4978 
v -286.072 2.09125 80.2303 
v -286.131 2.32297 80.5204 
v -286.276 2.45081 80.6463 
v -286.072 2.09125 80.5445 
v -286.138 2.09125 80.7107 
v -286.207 2.33811 80.6756 
v -286.516 2.35665 80.8184 
v -286.207 2.33811 80.6756 
v -286.531 2.4583 80.7887 
v -286.898 2.35665 80.8184 
v -286.516 2.09125 80.8611 
v -286.138 2.09125 80.7107 
v -286.898 2.09125 80.8611 
v -286.898 2.4583 80.7887 
v -287.265 2.4583 80.7887 
v -287.28 2.35665 80.8184 
v -287.28 2.09125 80.8611 
v -287.52 2.45081 80.6463 
v -287.589 2.33811 80.6756 
v -287.658 2.09125 80.7107 
v -287.664 2.32297 80.5204 
v -287.594 2.4447 80.4978 
v -287.724 2.09125 80.5445 
v -287.662 2.3196 80.2247 
v -287.724 2.09125 80.2303 
v -287.603 2.44376 80.2245 
v -287.561 2.29385 80.0373 
v -287.595 2.09125 80.0183 
v -287.498 2.4332 80.0504 

vn 0 0.023622 -1 
vn 0 -0.0314961 -1 
vn 0.251969 0.0314961 -0.968504 
vn 0.244094 0.0629921 -0.968504 
vn 0.228346 0.0866142 -0.968504 
vn 0 0.0708661 -1 
vn -0.244094 0.0629921 -0.968504 
vn -0.251969 0.0314961 -0.968504 
vn -0.228346 0.0866142 -0.968504 
vn 0.566929 0.228346 -0.787402 
vn 0.606299 0.19685 -0.771654 
vn 0.606299 0.165354 -0.779528 
vn -0.606299 0.19685 -0.771654 
vn -0.606299 0.165354 -0.779528 
vn -0.566929 0.228346 -0.787402 
vn 0 -1 0 
vn 0 -1 0 
vn 0 -1 0 
vn 0 -1 0 
vn 0 -1 0 
vn 0 -1 0 
vn 0 -1 0 
vn 0 -1 0 
vn 0 -1 0 
vn 0 -1 0 
vn 0 -1 0 
vn 0 -1 0 
vn 0 -1 0 
vn 0 -1 0 
vn 0 -1 0 
vn 0 -1 0 
vn 0 -1 0 
vn 0 -1 0 
vn 0 -1 0 
vn 0 -1 0 
vn 0.622047 0.76378 -0.181102 
vn 0.393701 0.748031 -0.535433 
vn 0.314961 0.858268 -0.409449 
vn 0.574803 0.80315 -0.165354 
vn 0.614173 0.771654 0.133858 
vn 0.173228 0.724409 -0.669291 
vn 0.125984 0.866142 -0.472441 
vn 0.19685 0.96063 -0.181102 
vn 0.503937 0.858268 -0.102362 
vn 0.574803 0.811024 0.11811 
vn 0.519685 0.850394 0.0866142 
vn 0.385827 0.811024 0.433071 
vn 0.299213 0.897638 0.330709 
vn 0.19685 0.968504 0.149606 
vn 0.173228 0.984252 -0.00787402 
vn 0.0866142 0.976378 -0.212598 
vn 0 0.874016 -0.488189 
vn 0 0.716535 -0.700787 
vn -0.125984 0.874016 -0.472441 
vn 0 0.976378 -0.220472 
vn 0.0787402 1 -0.00787402 
vn 0.0787402 0.984252 0.173228 
vn 0.141732 0.80315 0.574803 
vn 0.102362 0.913386 0.401575 
vn 0 0.984252 0.173228 
vn 0 1 -0.00787402 
vn -0.0866142 0.976378 -0.204724 
vn -0.173228 0.724409 -0.669291 
vn -0.314961 0.858268 -0.409449 
vn -0.19685 0.96063 -0.181102 
vn -0.0787402 1 -0.00787402 
vn 0 0.92126 0.393701 
vn -0.0787402 0.984252 0.173228 
vn 0 0.787402 0.622047 
vn -0.141732 0.80315 0.574803 
vn -0.102362 0.913386 0.401575 
vn -0.19685 0.968504 0.141732 
vn -0.173228 0.984252 -0.00787402 
vn -0.574803 0.80315 -0.165354 
vn -0.511811 0.850394 -0.102362 
vn -0.393701 0.748031 -0.535433 
vn -0.622047 0.76378 -0.181102 
vn -0.574803 0.811024 0.11811 
vn -0.519685 0.850394 0.0866142 
vn -0.299213 0.897638 0.322835 
vn -0.385827 0.811024 0.433071 
vn -0.622047 0.771654 0.133858 
vn 0.606299 0.19685 -0.771654 
vn 0.566929 0.228346 -0.787402 
vn 0.866142 0.448819 -0.228346 
vn 0.92126 0.314961 -0.212598 
vn 0.606299 0.165354 -0.779528 
vn 0.858268 0.503937 0.133858 
vn 0.952756 0.244094 -0.204724 
vn 0.929134 0.346457 0.141732 
vn 0.566929 0.456693 0.685039 
vn 0.952756 0.267717 0.149606 
vn 0.590551 0.23622 0.771654 
vn 0.574803 0.291339 0.76378 
vn 0.204724 0.220472 0.952756 
vn 0.574803 0.291339 0.76378 
vn 0.204724 0.338583 0.92126 
vn 0 0.19685 0.984252 
vn 0.188976 0.181102 0.968504 
vn 0.590551 0.23622 0.771654 
vn 0 0.15748 0.984252 
vn 0 0.283465 0.96063 
vn -0.204724 0.338583 0.92126 
vn -0.204724 0.220472 0.952756 
vn -0.188976 0.181102 0.968504 
vn -0.566929 0.456693 0.685039 
vn -0.574803 0.291339 0.76378 
vn -0.590551 0.23622 0.771654 
vn -0.929134 0.346457 0.141732 
vn -0.858268 0.503937 0.133858 
vn -0.952756 0.267717 0.149606 
vn -0.92126 0.314961 -0.212598 
vn -0.952756 0.244094 -0.204724 
vn -0.866142 0.448819 -0.228346 
vn -0.606299 0.19685 -0.771654 
vn -0.606299 0.165354 -0.779528 
vn -0.566929 0.228346 -0.787402 

vt 0.0711998 0.670694 
vt 0.0712348 0.700481 
vt 0.0355929 0.700481 
vt 0.0346042 0.672325 
vt 0.0346888 0.64514 
vt 0.0711278 0.64514 
vt 0.107775 0.671834 
vt 0.106895 0.700481 
vt 0.107556 0.64514 
vt 0.0030807 0.700481 
vt 0.0030807 0.674264 
vt 0.0030807 0.64514 
vt 0.14175 0.666292 
vt 0.14175 0.64514 
vt 0.14175 0.70048 
vt 0.0406429 0.644041 
vt 0.0406429 0.61117 
vt 0.072557 0.61117 
vt 0.072557 0.644041 
vt 0.00351684 0.64408 
vt 0.00351684 0.61117 
vt 0.0406429 0.561498 
vt 0.072557 0.561498 
vt 0.00351684 0.561498 
vt 0.104471 0.61117 
vt 0.104471 0.644041 
vt 0.072557 0.532171 
vt 0.104471 0.561498 
vt 0.0406417 0.532171 
vt 0.00351684 0.532171 
vt 0.104471 0.532171 
vt 0.141597 0.561498 
vt 0.141597 0.532171 
vt 0.141597 0.61117 
vt 0.141597 0.644041 
vt 0.146416 0.593114 
vt 0.146416 0.581491 
vt 0.153509 0.592566 
vt 0.149021 0.596882 
vt 0.146416 0.628975 
vt 0.162859 0.58149 
vt 0.164222 0.589445 
vt 0.154778 0.602715 
vt 0.150766 0.607197 
vt 0.149262 0.623446 
vt 0.150848 0.614229 
vt 0.146416 0.637022 
vt 0.15297 0.626875 
vt 0.154607 0.618049 
vt 0.155649 0.610467 
vt 0.165154 0.599475 
vt 0.181275 0.588081 
vt 0.181275 0.58149 
vt 0.198331 0.589444 
vt 0.181275 0.598007 
vt 0.165873 0.610467 
vt 0.165211 0.621715 
vt 0.163176 0.637023 
vt 0.164384 0.630161 
vt 0.181275 0.62177 
vt 0.181304 0.610466 
vt 0.197401 0.599473 
vt 0.199691 0.58149 
vt 0.209051 0.592566 
vt 0.207788 0.602717 
vt 0.196735 0.610467 
vt 0.181275 0.63017 
vt 0.197335 0.621717 
vt 0.181275 0.637023 
vt 0.199375 0.637023 
vt 0.198164 0.630161 
vt 0.207927 0.618048 
vt 0.207553 0.610467 
vt 0.213529 0.596882 
vt 0.211784 0.607197 
vt 0.215688 0.581491 
vt 0.215688 0.594494 
vt 0.213289 0.623446 
vt 0.211702 0.614229 
vt 0.209571 0.626875 
vt 0.215688 0.637022 
vt 0.215688 0.627595 
vt 0.421198 0.674264 
vt 0.421198 0.700481 
vt 0.401993 0.700481 
vt 0.400327 0.673693 
vt 0.421198 0.64514 
vt 0.370805 0.700481 
vt 0.398542 0.64514 
vt 0.368406 0.674345 
vt 0.351717 0.700481 
vt 0.364373 0.64514 
vt 0.351717 0.64514 
vt 0.351717 0.672449 
vt 0.319715 0.674013 
vt 0.351717 0.672449 
vt 0.31896 0.700481 
vt 0.282245 0.675203 
vt 0.319267 0.64514 
vt 0.351717 0.64514 
vt 0.282169 0.64514 
vt 0.282326 0.700481 
vt 0.245682 0.700481 
vt 0.244827 0.674133 
vt 0.245162 0.64514 
vt 0.212155 0.700481 
vt 0.212155 0.672719 
vt 0.212155 0.64514 
vt 0.192587 0.668741 
vt 0.190333 0.700481 
vt 0.196288 0.64514 
vt 0.162084 0.668317 
vt 0.163664 0.64514 
vt 0.160581 0.700481 
vt 0.14175 0.666292 
vt 0.14175 0.64514 
vt 0.14175 0.70048 

usemtl Androeofficial1Mtl

f 5494/5494/5494 5495/5495/5495 5496/5496/5496 
f 5494/5494/5494 5496/5496/5496 5497/5497/5497 
f 5494/5494/5494 5497/5497/5497 5498/5498/5498 
f 5494/5494/5494 5498/5498/5498 5499/5499/5499 
f 5494/5494/5494 5500/5500/5500 5501/5501/5501 
f 5494/5494/5494 5501/5501/5501 5495/5495/5495 
f 5502/5502/5502 5500/5500/5500 5494/5494/5494 
f 5502/5502/5502 5494/5494/5494 5499/5499/5499 
f 5503/5503/5503 5497/5497/5497 5496/5496/5496 
f 5504/5504/5504 5498/5498/5498 5497/5497/5497 
f 5503/5503/5503 5504/5504/5504 5497/5497/5497 
f 5504/5504/5504 5505/5505/5505 5498/5498/5498 
f 5506/5506/5506 5500/5500/5500 5502/5502/5502 
f 5506/5506/5506 5502/5502/5502 5507/5507/5507 
f 5500/5500/5500 5506/5506/5506 5508/5508/5508 
f 5500/5500/5500 5508/5508/5508 5501/5501/5501 
f 5509/5509/5509 5510/5510/5510 5511/5511/5511 
f 5509/5509/5509 5511/5511/5511 5512/5512/5512 
f 5513/5513/5513 5510/5510/5510 5509/5509/5509 
f 5513/5513/5513 5514/5514/5514 5510/5510/5510 
f 5510/5510/5510 5515/5515/5515 5516/5516/5516 
f 5510/5510/5510 5516/5516/5516 5511/5511/5511 
f 5517/5517/5517 5515/5515/5515 5510/5510/5510 
f 5517/5517/5517 5510/5510/5510 5514/5514/5514 
f 5511/5511/5511 5518/5518/5518 5519/5519/5519 
f 5511/5511/5511 5519/5519/5519 5512/5512/5512 
f 5516/5516/5516 5518/5518/5518 5511/5511/5511 
f 5515/5515/5515 5520/5520/5520 5516/5516/5516 
f 5516/5516/5516 5521/5521/5521 5518/5518/5518 
f 5520/5520/5520 5521/5521/5521 5516/5516/5516 
f 5515/5515/5515 5522/5522/5522 5520/5520/5520 
f 5523/5523/5523 5522/5522/5522 5515/5515/5515 
f 5523/5523/5523 5515/5515/5515 5517/5517/5517 
f 5520/5520/5520 5524/5524/5524 5521/5521/5521 
f 5518/5518/5518 5521/5521/5521 5525/5525/5525 
f 5521/5521/5521 5524/5524/5524 5526/5526/5526 
f 5521/5521/5521 5526/5526/5526 5525/5525/5525 
f 5518/5518/5518 5527/5527/5527 5528/5528/5528 
f 5518/5518/5518 5528/5528/5528 5519/5519/5519 
f 5518/5518/5518 5525/5525/5525 5527/5527/5527 
f 5529/5529/5529 5530/5530/5530 5531/5531/5531 
f 5529/5529/5529 5531/5531/5531 5532/5532/5532 
f 5533/5533/5533 5529/5529/5529 5532/5532/5532 
f 5530/5530/5530 5534/5534/5534 5535/5535/5535 
f 5530/5530/5530 5535/5535/5535 5531/5531/5531 
f 5531/5531/5531 5536/5536/5536 5537/5537/5537 
f 5531/5531/5531 5537/5537/5537 5532/5532/5532 
f 5535/5535/5535 5536/5536/5536 5531/5531/5531 
f 5533/5533/5533 5532/5532/5532 5538/5538/5538 
f 5532/5532/5532 5537/5537/5537 5539/5539/5539 
f 5532/5532/5532 5539/5539/5539 5538/5538/5538 
f 5540/5540/5540 5533/5533/5533 5538/5538/5538 
f 5540/5540/5540 5538/5538/5538 5541/5541/5541 
f 5538/5538/5538 5539/5539/5539 5542/5542/5542 
f 5538/5538/5538 5542/5542/5542 5541/5541/5541 
f 5537/5537/5537 5543/5543/5543 5539/5539/5539 
f 5539/5539/5539 5543/5543/5543 5542/5542/5542 
f 5536/5536/5536 5543/5543/5543 5537/5537/5537 
f 5535/5535/5535 5544/5544/5544 5536/5536/5536 
f 5544/5544/5544 5543/5543/5543 5536/5536/5536 
f 5534/5534/5534 5545/5545/5545 5535/5535/5535 
f 5545/5545/5545 5544/5544/5544 5535/5535/5535 
f 5534/5534/5534 5546/5546/5546 5545/5545/5545 
f 5546/5546/5546 5547/5547/5547 5545/5545/5545 
f 5545/5545/5545 5548/5548/5548 5544/5544/5544 
f 5547/5547/5547 5548/5548/5548 5545/5545/5545 
f 5548/5548/5548 5549/5549/5549 5544/5544/5544 
f 5544/5544/5544 5549/5549/5549 5543/5543/5543 
f 5542/5542/5542 5543/5543/5543 5549/5549/5549 
f 5541/5541/5541 5542/5542/5542 5550/5550/5550 
f 5542/5542/5542 5549/5549/5549 5550/5550/5550 
f 5551/5551/5551 5540/5540/5540 5541/5541/5541 
f 5551/5551/5551 5541/5541/5541 5552/5552/5552 
f 5541/5541/5541 5550/5550/5550 5552/5552/5552 
f 5552/5552/5552 5550/5550/5550 5553/5553/5553 
f 5550/5550/5550 5549/5549/5549 5554/5554/5554 
f 5550/5550/5550 5554/5554/5554 5553/5553/5553 
f 5548/5548/5548 5554/5554/5554 5549/5549/5549 
f 5547/5547/5547 5555/5555/5555 5548/5548/5548 
f 5555/5555/5555 5554/5554/5554 5548/5548/5548 
f 5546/5546/5546 5556/5556/5556 5547/5547/5547 
f 5556/5556/5556 5557/5557/5557 5547/5547/5547 
f 5557/5557/5557 5555/5555/5555 5547/5547/5547 
f 5557/5557/5557 5558/5558/5558 5555/5555/5555 
f 5555/5555/5555 5559/5559/5559 5554/5554/5554 
f 5558/5558/5558 5559/5559/5559 5555/5555/5555 
f 5553/5553/5553 5554/5554/5554 5559/5559/5559 
f 5552/5552/5552 5553/5553/5553 5560/5560/5560 
f 5560/5560/5560 5553/5553/5553 5561/5561/5561 
f 5553/5553/5553 5559/5559/5559 5561/5561/5561 
f 5562/5562/5562 5551/5551/5551 5552/5552/5552 
f 5562/5562/5562 5552/5552/5552 5560/5560/5560 
f 5563/5563/5563 5562/5562/5562 5560/5560/5560 
f 5563/5563/5563 5560/5560/5560 5564/5564/5564 
f 5560/5560/5560 5561/5561/5561 5564/5564/5564 
f 5564/5564/5564 5561/5561/5561 5565/5565/5565 
f 5561/5561/5561 5559/5559/5559 5566/5566/5566 
f 5561/5561/5561 5566/5566/5566 5565/5565/5565 
f 5558/5558/5558 5566/5566/5566 5559/5559/5559 
f 5567/5567/5567 5568/5568/5568 5558/5558/5558 
f 5567/5567/5567 5558/5558/5558 5557/5557/5557 
f 5568/5568/5568 5566/5566/5566 5558/5558/5558 
f 5569/5569/5569 5567/5567/5567 5557/5557/5557 
f 5556/5556/5556 5569/5569/5569 5557/5557/5557 
f 5569/5569/5569 5570/5570/5570 5567/5567/5567 
f 5570/5570/5570 5571/5571/5571 5567/5567/5567 
f 5571/5571/5571 5568/5568/5568 5567/5567/5567 
f 5571/5571/5571 5572/5572/5572 5568/5568/5568 
f 5572/5572/5572 5566/5566/5566 5568/5568/5568 
f 5565/5565/5565 5566/5566/5566 5572/5572/5572 
f 5564/5564/5564 5565/5565/5565 5573/5573/5573 
f 5573/5573/5573 5565/5565/5565 5572/5572/5572 
f 5574/5574/5574 5563/5563/5563 5564/5564/5564 
f 5574/5574/5574 5564/5564/5564 5573/5573/5573 
f 5575/5575/5575 5574/5574/5574 5573/5573/5573 
f 5575/5575/5575 5573/5573/5573 5571/5571/5571 
f 5573/5573/5573 5572/5572/5572 5571/5571/5571 
f 5570/5570/5570 5575/5575/5575 5571/5571/5571 
f 5576/5576/5576 5577/5577/5577 5578/5578/5578 
f 5576/5576/5576 5578/5578/5578 5579/5579/5579 
f 5580/5580/5580 5576/5576/5576 5579/5579/5579 
f 5581/5581/5581 5579/5579/5579 5578/5578/5578 
f 5580/5580/5580 5579/5579/5579 5582/5582/5582 
f 5583/5583/5583 5582/5582/5582 5579/5579/5579 
f 5581/5581/5581 5583/5583/5583 5579/5579/5579 
f 5584/5584/5584 5583/5583/5583 5581/5581/5581 
f 5583/5583/5583 5585/5585/5585 5582/5582/5582 
f 5586/5586/5586 5585/5585/5585 5583/5583/5583 
f 5586/5586/5586 5583/5583/5583 5587/5587/5587 
f 5584/5584/5584 5587/5587/5587 5583/5583/5583 
f 5588/5588/5588 5589/5589/5589 5584/5584/5584 
f 5588/5588/5588 5584/5584/5584 5590/5590/5590 
f 5591/5591/5591 5588/5588/5588 5590/5590/5590 
f 5592/5592/5592 5589/5589/5589 5588/5588/5588 
f 5592/5592/5592 5588/5588/5588 5591/5591/5591 
f 5592/5592/5592 5593/5593/5593 5589/5589/5589 
f 5592/5592/5592 5591/5591/5591 5594/5594/5594 
f 5591/5591/5591 5590/5590/5590 5595/5595/5595 
f 5591/5591/5591 5595/5595/5595 5596/5596/5596 
f 5591/5591/5591 5596/5596/5596 5597/5597/5597 
f 5591/5591/5591 5597/5597/5597 5598/5598/5598 
f 5591/5591/5591 5598/5598/5598 5594/5594/5594 
f 5597/5597/5597 5596/5596/5596 5599/5599/5599 
f 5597/5597/5597 5599/5599/5599 5600/5600/5600 
f 5598/5598/5598 5597/5597/5597 5600/5600/5600 
f 5598/5598/5598 5600/5600/5600 5601/5601/5601 
f 5602/5602/5602 5601/5601/5601 5600/5600/5600 
f 5603/5603/5603 5602/5602/5602 5600/5600/5600 
f 5603/5603/5603 5600/5600/5600 5599/5599/5599 
f 5602/5602/5602 5604/5604/5604 5601/5601/5601 
f 5605/5605/5605 5602/5602/5602 5603/5603/5603 
f 5602/5602/5602 5605/5605/5605 5606/5606/5606 
f 5602/5602/5602 5606/5606/5606 5604/5604/5604 
f 5605/5605/5605 5603/5603/5603 5607/5607/5607 
f 5608/5608/5608 5605/5605/5605 5607/5607/5607 
f 5609/5609/5609 5606/5606/5606 5605/5605/5605 
f 5609/5609/5609 5605/5605/5605 5608/5608/5608 
f 5608/5608/5608 5607/5607/5607 5610/5610/5610 

g Androeofficial15

v -285.899 4.01887 80.5742 
v -285.899 4.01887 80.2417 
v -286.507 4.09363 80.0854 
v -286.507 4.09363 80.7282 
v -286.898 4.09363 80.768 
v -286.898 4.09363 79.991 
v -287.289 4.09363 80.0854 
v -287.289 4.09363 80.7282 
v -287.897 4.01887 80.2417 
v -287.897 4.01887 80.5742 
v -285.899 3.4345 80.0951 
v -285.899 3.7458 80.068 
v -285.899 3.71034 80.2424 
v -285.899 3.32023 80.2432 
v -285.899 3.928 80.0951 
v -285.899 3.71034 80.5761 
v -285.899 4.01887 80.5742 
v -285.899 4.01887 80.2417 
v -285.899 3.32023 80.5785 
v -285.899 3.7458 80.7431 
v -285.899 3.4345 80.7247 
v -285.899 3.928 80.7247 
v -287.897 3.4345 80.0951 
v -287.897 3.32023 80.2432 
v -287.897 3.71034 80.2424 
v -287.897 3.7458 80.068 
v -287.897 3.32023 80.5785 
v -287.897 3.71034 80.5761 
v -287.897 4.01887 80.5742 
v -287.897 4.01887 80.2417 
v -287.897 3.928 80.0951 
v -287.897 3.4345 80.7247 
v -287.897 3.7458 80.7431 
v -287.897 3.928 80.7247 
v -286.276 2.45081 80.6463 
v -286.531 2.4583 80.7887 
v -286.53 2.35962 80.7365 
v -286.282 2.37963 80.6111 
v -286.291 2.33527 80.4956 
v -286.202 2.4447 80.4978 
v -286.2 2.40204 80.4803 
v -286.205 2.37588 80.423 
v -286.21 2.36785 80.3517 
v -286.298 2.4332 80.0504 
v -286.193 2.44376 80.2245 
v -286.195 2.40162 80.2397 
v -286.292 2.37168 80.0864 
v -286.525 2.42362 79.9245 
v -286.203 2.37578 80.2894 
v -286.294 2.33333 80.2043 
v -286.526 2.34394 79.9755 
v -286.531 2.29387 80.1426 
v -286.898 2.41777 79.8699 
v -286.898 2.32961 79.9271 
v -286.898 2.27406 80.1152 
v -286.535 2.27767 80.3517 
v -286.898 2.25612 80.3516 
v -286.298 2.32112 80.3517 
v -286.532 2.29771 80.5653 
v -286.898 2.2803 80.5687 
v -287.261 2.27767 80.3517 
v -287.264 2.2977 80.5652 
v -287.265 2.29388 80.1427 
v -287.505 2.33527 80.4956 
v -287.498 2.32112 80.3517 
v -287.266 2.35962 80.7365 
v -287.514 2.37964 80.6111 
v -286.898 2.35431 80.7418 
v -286.898 2.4583 80.7887 
v -287.265 2.4583 80.7887 
v -287.52 2.45081 80.6463 
v -287.596 2.40204 80.4803 
v -287.591 2.37588 80.423 
v -287.594 2.4447 80.4978 
v -287.601 2.40162 80.2397 
v -287.593 2.37578 80.2894 
v -287.586 2.36785 80.3517 
v -287.603 2.44376 80.2245 
v -287.504 2.37168 80.0864 
v -287.501 2.33333 80.2042 
v -287.269 2.34395 79.9756 
v -287.498 2.4332 80.0504 
v -287.271 2.42362 79.9245 
v -286.507 4.09363 80.0854 
v -286.395 3.98719 79.9105 
v -286.898 3.98719 79.8559 
v -286.898 4.09363 79.991 
v -285.899 4.01887 80.2417 
v -285.899 3.928 80.0951 
v -286.384 3.74417 79.8654 
v -286.898 3.74417 79.8108 
v -287.401 3.98719 79.9105 
v -287.289 4.09363 80.0854 
v -287.412 3.74417 79.8654 
v -286.898 3.4369 79.7949 
v -286.371 3.4369 79.8494 
v -285.899 3.7458 80.068 
v -287.425 3.4369 79.8494 
v -287.897 3.7458 80.068 
v -287.897 3.928 80.0951 
v -287.897 4.01887 80.2417 
v -287.897 3.4345 80.0951 
v -287.28 3.05885 79.9346 
v -287.467 3.02244 80.0721 
v -286.516 3.05885 79.9346 
v -286.898 3.05885 79.88 
v -287.46 2.75847 80.066 
v -287.273 2.75937 79.9276 
v -286.523 2.75937 79.9276 
v -286.898 2.75937 79.873 
v -285.899 3.4345 80.0951 
v -286.329 3.02244 80.0721 
v -287.603 2.44376 80.2245 
v -287.453 2.53326 80.0599 
v -287.498 2.4332 80.0504 
v -286.336 2.75847 80.066 
v -286.53 2.53371 79.9205 
v -286.898 2.53371 79.8659 
v -287.266 2.53371 79.9205 
v -287.58 2.75775 80.2241 
v -287.467 3.02244 80.0721 
v -287.453 2.53326 80.0599 
v -287.271 2.42362 79.9245 
v -287.498 2.4332 80.0504 
v -286.898 2.41777 79.8699 
v -286.343 2.53326 80.0599 
v -286.525 2.42362 79.9245 
v -286.298 2.4332 80.0504 
v -287.571 2.75612 80.4823 
v -287.599 2.99352 80.2237 
v -287.56 2.5329 80.2244 
v -287.897 3.4345 80.0951 
v -287.897 3.32023 80.2432 
v -287.599 2.92794 80.483 
v -287.495 2.75538 80.6302 
v -287.543 2.5321 80.4815 
v -287.594 2.4447 80.4978 
v -287.52 2.45081 80.6463 
v -287.471 2.53173 80.6253 
v -287.267 2.75676 80.7715 
v -287.519 2.89825 80.6351 
v -287.254 2.53129 80.7673 
v -287.897 3.32023 80.5785 
v -287.28 2.95467 80.7756 
v -287.897 3.4345 80.7247 
v -286.898 2.95467 80.7756 
v -286.898 2.75676 80.7715 
v -286.898 2.53129 80.7673 
v -286.898 2.4583 80.7887 
v -287.265 2.4583 80.7887 
v -286.531 2.4583 80.7887 
v -286.542 2.53129 80.7673 
v -286.529 2.75676 80.7715 
v -286.516 2.95467 80.7756 
v -286.898 3.64249 80.9055 
v -287.425 3.64249 80.9055 
v -287.897 3.7458 80.7431 
v -287.412 3.83497 80.9022 
v -286.371 3.64249 80.9055 
v -286.384 3.83497 80.9022 
v -286.898 3.83497 80.9022 
v -286.277 2.89825 80.6351 
v -285.899 3.4345 80.7247 
v -285.899 3.7458 80.7431 
v -286.395 3.98719 80.8745 
v -285.899 3.928 80.7247 
v -286.898 3.98719 80.8745 
v -287.401 3.98719 80.8745 
v -287.897 3.928 80.7247 
v -287.289 4.09363 80.7282 
v -287.897 4.01887 80.5742 
v -286.507 4.09363 80.7282 
v -286.898 4.09363 80.768 
v -285.899 4.01887 80.5742 
v -286.301 2.75538 80.6302 
v -286.325 2.53173 80.6253 
v -286.277 2.89825 80.6351 
v -286.225 2.75612 80.4823 
v -286.325 2.53173 80.6253 
v -286.253 2.5321 80.4815 
v -285.899 3.32023 80.5785 
v -285.899 3.4345 80.7247 
v -286.197 2.92794 80.483 
v -286.216 2.75775 80.2241 
v -286.235 2.5329 80.2244 
v -286.202 2.4447 80.4978 
v -286.193 2.44376 80.2245 
v -286.276 2.45081 80.6463 
v -286.343 2.53326 80.0599 
v -286.298 2.4332 80.0504 
v -286.197 2.99352 80.2237 
v -286.336 2.75847 80.066 
v -285.899 3.32023 80.2432 
v -285.899 3.4345 80.0951 
v -286.329 3.02244 80.0721 

vn 0.149606 0.984252 0.102362 
vn 0.149606 0.984252 -0.102362 
vn 0.0866142 0.984252 -0.125984 
vn 0.0708661 0.984252 0.141732 
vn 0 0.984252 0.15748 
vn 0 0.984252 -0.165354 
vn -0.0866142 0.984252 -0.125984 
vn -0.0708661 0.984252 0.141732 
vn -0.149606 0.984252 -0.102362 
vn -0.149606 0.984252 0.102362 
vn 1 0 0 
vn 1 0 0 
vn 1 0 0 
vn 1 0 0 
vn 1 0 0 
vn 1 0 0 
vn 1 0 0 
vn 1 0 0 
vn 1 0 0 
vn 1 0 0 
vn 1 0 0 
vn 1 0 0 
vn -1 0 0 
vn -1 0 0 
vn -1 0 0 
vn -1 0 0 
vn -1 0 0 
vn -1 0 0 
vn -1 0 0 
vn -1 0 0 
vn -1 0 0 
vn -1 0 0 
vn -1 0 0 
vn -1 0 0 
vn 0.527559 -0.393701 0.748031 
vn 0.15748 -0.440945 0.88189 
vn 0.141732 -0.779528 0.614173 
vn 0.425197 -0.740157 0.519685 
vn 0.275591 -0.944882 0.19685 
vn 0.944882 -0.149606 0.299213 
vn 0.889764 -0.393701 0.23622 
vn 0.685039 -0.716535 0.110236 
vn 0.488189 -0.874016 0 
vn 0.543307 -0.417323 -0.724409 
vn 0.944882 -0.133858 -0.291339 
vn 0.889764 -0.393701 -0.228346 
vn 0.440945 -0.76378 -0.464567 
vn 0.228346 -0.519685 -0.818898 
vn 0.685039 -0.724409 -0.102362 
vn 0.283465 -0.944882 -0.165354 
vn 0.181102 -0.84252 -0.511811 
vn 0.11811 -0.976378 -0.173228 
vn 0 -0.543307 -0.84252 
vn 0 -0.850394 -0.519685 
vn 0 -0.984252 -0.173228 
vn 0.102362 -0.992126 0.00787402 
vn 0 -1 0.00787402 
vn 0.23622 -0.968504 0.00787402 
vn 0.102362 -0.968504 0.228346 
vn 0 -0.976378 0.228346 
vn -0.102362 -0.992126 0.00787402 
vn -0.102362 -0.968504 0.228346 
vn -0.11811 -0.976378 -0.173228 
vn -0.275591 -0.944882 0.19685 
vn -0.23622 -0.968504 0.00787402 
vn -0.141732 -0.779528 0.614173 
vn -0.425197 -0.740157 0.519685 
vn 0 -0.795276 0.606299 
vn 0 -0.440945 0.897638 
vn -0.15748 -0.440945 0.88189 
vn -0.527559 -0.393701 0.748031 
vn -0.889764 -0.393701 0.23622 
vn -0.685039 -0.716535 0.110236 
vn -0.944882 -0.141732 0.299213 
vn -0.889764 -0.393701 -0.228346 
vn -0.685039 -0.724409 -0.102362 
vn -0.488189 -0.874016 0 
vn -0.944882 -0.133858 -0.291339 
vn -0.440945 -0.76378 -0.464567 
vn -0.283465 -0.944882 -0.165354 
vn -0.181102 -0.84252 -0.511811 
vn -0.543307 -0.417323 -0.724409 
vn -0.228346 -0.519685 -0.818898 
vn 0.0866142 0.984252 -0.125984 
vn 0.23622 0.535433 -0.811024 
vn 0 0.480315 -0.874016 
vn 0 0.984252 -0.165354 
vn 0.149606 0.984252 -0.102362 
vn 0.338583 0.590551 -0.740157 
vn 0.251969 0.0866142 -0.96063 
vn 0 0.110236 -0.992126 
vn -0.23622 0.535433 -0.811024 
vn -0.0866142 0.984252 -0.125984 
vn -0.251969 0.0866142 -0.96063 
vn 0 -0.102362 -0.992126 
vn 0.299213 -0.15748 -0.944882 
vn 0.401575 0.0629921 -0.913386 
vn -0.299213 -0.15748 -0.944882 
vn -0.401575 0.0629921 -0.913386 
vn -0.338583 0.590551 -0.740157 
vn -0.149606 0.984252 -0.102362 
vn -0.488189 -0.251969 -0.834646 
vn -0.283465 -0.212598 -0.937008 
vn -0.559055 -0.322835 -0.76378 
vn 0.283465 -0.212598 -0.937008 
vn 0 -0.141732 -0.992126 
vn -0.692913 -0.015748 -0.724409 
vn -0.322835 0.015748 -0.944882 
vn 0.322835 0.015748 -0.944882 
vn 0 0.023622 -1 
vn 0.488189 -0.251969 -0.834646 
vn 0.559055 -0.322835 -0.76378 
vn -0.874016 0.456693 -0.188976 
vn -0.685039 0.0708661 -0.724409 
vn -0.677165 0.275591 -0.685039 
vn 0.692913 -0.015748 -0.724409 
vn 0.314961 0.023622 -0.952756 
vn 0 0.00787402 -1 
vn -0.314961 0.023622 -0.952756 
vn -0.952756 -0.0787402 -0.283465 
vn -0.559055 -0.322835 -0.76378 
vn -0.685039 0.0708661 -0.724409 
vn -0.307087 0.0393701 -0.952756 
vn -0.677165 0.275591 -0.685039 
vn 0 -0.0314961 -1 
vn 0.685039 0.0708661 -0.724409 
vn 0.307087 0.0393701 -0.952756 
vn 0.677165 0.275591 -0.685039 
vn -0.976378 -0.11811 0.181102 
vn -0.811024 -0.496063 -0.314961 
vn -0.968504 0.0944882 -0.23622 
vn -0.488189 -0.251969 -0.834646 
vn -0.724409 -0.622047 -0.291339 
vn -0.850394 -0.519685 0.125984 
vn -0.685039 -0.0944882 0.724409 
vn -0.976378 0.0944882 0.204724 
vn -0.850394 0.503937 0.173228 
vn -0.637795 0.480315 0.598425 
vn -0.685039 0.0866142 0.724409 
vn -0.220472 -0.0393701 0.976378 
vn -0.448819 -0.322835 0.834646 
vn -0.228346 0.0708661 0.968504 
vn -0.76378 -0.629921 0.15748 
vn -0.149606 -0.212598 0.968504 
vn -0.377953 -0.283465 0.88189 
vn 0 -0.15748 0.984252 
vn 0 -0.023622 1 
vn 0 0.0551181 1 
vn 0 0.283465 0.96063 
vn -0.23622 0.354331 0.905512 
vn 0.23622 0.354331 0.905512 
vn 0.228346 0.0708661 0.968504 
vn 0.220472 -0.0393701 0.976378 
vn 0.149606 -0.212598 0.968504 
vn 0 -0.133858 0.992126 
vn -0.165354 -0.15748 0.976378 
vn -0.322835 0.0393701 0.944882 
vn -0.173228 0.0708661 0.984252 
vn 0.165354 -0.15748 0.976378 
vn 0.173228 0.0708661 0.984252 
vn 0 0.0866142 1 
vn 0.448819 -0.322835 0.834646 
vn 0.377953 -0.283465 0.88189 
vn 0.322835 0.0393701 0.944882 
vn 0.188976 0.566929 0.80315 
vn 0.299213 0.598425 0.748031 
vn 0 0.496063 0.866142 
vn -0.188976 0.566929 0.80315 
vn -0.299213 0.598425 0.748031 
vn -0.0708661 0.984252 0.141732 
vn -0.149606 0.984252 0.102362 
vn 0.0708661 0.984252 0.141732 
vn 0 0.984252 0.15748 
vn 0.149606 0.984252 0.102362 
vn 0.685039 -0.0944882 0.724409 
vn 0.685039 0.0866142 0.724409 
vn 0.448819 -0.322835 0.834646 
vn 0.976378 -0.11811 0.181102 
vn 0.685039 0.0866142 0.724409 
vn 0.976378 0.0944882 0.204724 
vn 0.76378 -0.629921 0.15748 
vn 0.377953 -0.283465 0.88189 
vn 0.850394 -0.519685 0.125984 
vn 0.952756 -0.0787402 -0.283465 
vn 0.968504 0.0944882 -0.23622 
vn 0.850394 0.503937 0.173228 
vn 0.874016 0.456693 -0.188976 
vn 0.637795 0.480315 0.598425 
vn 0.685039 0.0708661 -0.724409 
vn 0.677165 0.275591 -0.685039 
vn 0.811024 -0.496063 -0.314961 
vn 0.692913 -0.015748 -0.724409 
vn 0.724409 -0.622047 -0.291339 
vn 0.488189 -0.251969 -0.834646 
vn 0.559055 -0.322835 -0.76378 

vt 0.00251129 0.981568 
vt 0.00247012 0.87057 
vt 0.0448998 0.87057 
vt 0.0449799 0.981568 
vt 0.0721214 0.981568 
vt 0.0720246 0.87057 
vt 0.0991727 0.87057 
vt 0.0992528 0.981568 
vt 0.141641 0.87057 
vt 0.141683 0.981568 
vt 0.421198 0.791082 
vt 0.421198 0.824685 
vt 0.403118 0.835004 
vt 0.402504 0.793434 
vt 0.421198 0.84407 
vt 0.364506 0.835185 
vt 0.363868 0.868492 
vt 0.403128 0.868492 
vt 0.36616 0.79405 
vt 0.351717 0.838776 
vt 0.351717 0.799059 
vt 0.351717 0.853196 
vt 0.14175 0.793149 
vt 0.160356 0.788164 
vt 0.159801 0.829294 
vt 0.14175 0.826525 
vt 0.194267 0.788458 
vt 0.196013 0.829519 
vt 0.196681 0.868492 
vt 0.159851 0.868492 
vt 0.14175 0.845935 
vt 0.212155 0.799769 
vt 0.212155 0.838813 
vt 0.212155 0.853196 
vt 0.153148 0.877378 
vt 0.165233 0.877377 
vt 0.165169 0.881258 
vt 0.154516 0.884288 
vt 0.15491 0.894301 
vt 0.146504 0.877379 
vt 0.148554 0.88802 
vt 0.15122 0.899001 
vt 0.151684 0.903619 
vt 0.154125 0.932861 
vt 0.146504 0.93286 
vt 0.148337 0.92203 
vt 0.154971 0.925578 
vt 0.164957 0.932862 
vt 0.151154 0.907649 
vt 0.155062 0.913161 
vt 0.165021 0.927758 
vt 0.165208 0.917149 
vt 0.180975 0.932862 
vt 0.180975 0.928826 
vt 0.180975 0.918927 
vt 0.16538 0.90362 
vt 0.180975 0.903621 
vt 0.155214 0.90362 
vt 0.165276 0.889791 
vt 0.180975 0.889568 
vt 0.196571 0.90362 
vt 0.196683 0.889794 
vt 0.196735 0.917146 
vt 0.207053 0.8943 
vt 0.206737 0.90362 
vt 0.196787 0.881258 
vt 0.207443 0.884288 
vt 0.180975 0.881114 
vt 0.180975 0.877377 
vt 0.196718 0.877377 
vt 0.208803 0.877378 
vt 0.213583 0.88802 
vt 0.210728 0.899001 
vt 0.216057 0.877379 
vt 0.213803 0.92203 
vt 0.210799 0.907649 
vt 0.210352 0.903619 
vt 0.216057 0.93286 
vt 0.206972 0.925578 
vt 0.206877 0.913162 
vt 0.196925 0.927757 
vt 0.207826 0.932861 
vt 0.196993 0.932862 
vt 0.0345519 0.868492 
vt 0.0270887 0.845377 
vt 0.0719795 0.844982 
vt 0.0721805 0.868492 
vt 0.0030807 0.868492 
vt 0.0030807 0.84407 
vt 0.0258326 0.819817 
vt 0.0718014 0.818444 
vt 0.116824 0.845003 
vt 0.109761 0.868492 
vt 0.117852 0.819129 
vt 0.0715576 0.800184 
vt 0.0240461 0.80217 
vt 0.0030807 0.824685 
vt 0.119308 0.801737 
vt 0.14175 0.826525 
vt 0.14175 0.845935 
vt 0.14175 0.868492 
vt 0.14175 0.793149 
vt 0.108841 0.762442 
vt 0.14175 0.7545 
vt 0.0340533 0.762912 
vt 0.0714555 0.762951 
vt 0.14175 0.733901 
vt 0.107558 0.733902 
vt 0.0351731 0.733902 
vt 0.0713581 0.733902 
vt 0.0030807 0.791082 
vt 0.0030807 0.751766 
vt 0.160581 0.700481 
vt 0.14175 0.708459 
vt 0.14175 0.70048 
vt 0.0030807 0.733902 
vt 0.0363027 0.717406 
vt 0.0712599 0.717237 
vt 0.106264 0.716911 
vt 0.157457 0.733901 
vt 0.14175 0.7545 
vt 0.14175 0.708459 
vt 0.106895 0.700481 
vt 0.14175 0.70048 
vt 0.0712348 0.700481 
vt 0.0030807 0.71739 
vt 0.0355929 0.700481 
vt 0.0030807 0.700481 
vt 0.186996 0.733901 
vt 0.155431 0.757525 
vt 0.159502 0.710631 
vt 0.14175 0.793149 
vt 0.160356 0.788164 
vt 0.185293 0.751494 
vt 0.212155 0.733901 
vt 0.188715 0.712229 
vt 0.190333 0.700481 
vt 0.212155 0.700481 
vt 0.212155 0.712324 
vt 0.245258 0.733901 
vt 0.212155 0.746103 
vt 0.246296 0.710854 
vt 0.194267 0.788458 
vt 0.244229 0.752138 
vt 0.212155 0.799769 
vt 0.282382 0.751508 
vt 0.282383 0.733901 
vt 0.282385 0.711209 
vt 0.282326 0.700481 
vt 0.245682 0.700481 
vt 0.31896 0.700481 
vt 0.318418 0.710822 
vt 0.319439 0.733901 
vt 0.32045 0.751795 
vt 0.282387 0.817949 
vt 0.232386 0.81867 
vt 0.212155 0.838813 
vt 0.233838 0.841174 
vt 0.332373 0.818396 
vt 0.330719 0.841151 
vt 0.28232 0.841275 
vt 0.351717 0.745507 
vt 0.351717 0.799059 
vt 0.351717 0.838776 
vt 0.329438 0.853359 
vt 0.351717 0.853196 
vt 0.282363 0.853378 
vt 0.234955 0.853362 
vt 0.212155 0.853196 
vt 0.244071 0.868492 
vt 0.212155 0.868492 
vt 0.320711 0.868492 
vt 0.282451 0.868492 
vt 0.351717 0.868492 
vt 0.351717 0.733901 
vt 0.351717 0.711953 
vt 0.351717 0.745507 
vt 0.374252 0.733901 
vt 0.351717 0.711953 
vt 0.372527 0.717365 
vt 0.36616 0.79405 
vt 0.351717 0.799059 
vt 0.375961 0.756461 
vt 0.405443 0.733902 
vt 0.403189 0.715595 
vt 0.370805 0.700481 
vt 0.401993 0.700481 
vt 0.351717 0.700481 
vt 0.421198 0.71739 
vt 0.421198 0.700481 
vt 0.407677 0.762506 
vt 0.421198 0.733902 
vt 0.402504 0.793434 
vt 0.421198 0.791082 
vt 0.421198 0.757415 

usemtl Androeofficial1Mtl

f 5611/5611/5611 5612/5612/5612 5613/5613/5613 
f 5611/5611/5611 5613/5613/5613 5614/5614/5614 
f 5615/5615/5615 5614/5614/5614 5613/5613/5613 
f 5615/5615/5615 5613/5613/5613 5616/5616/5616 
f 5615/5615/5615 5616/5616/5616 5617/5617/5617 
f 5615/5615/5615 5617/5617/5617 5618/5618/5618 
f 5617/5617/5617 5619/5619/5619 5620/5620/5620 
f 5617/5617/5617 5620/5620/5620 5618/5618/5618 
f 5621/5621/5621 5622/5622/5622 5623/5623/5623 
f 5621/5621/5621 5623/5623/5623 5624/5624/5624 
f 5625/5625/5625 5623/5623/5623 5622/5622/5622 
f 5626/5626/5626 5624/5624/5624 5623/5623/5623 
f 5627/5627/5627 5626/5626/5626 5623/5623/5623 
f 5627/5627/5627 5623/5623/5623 5628/5628/5628 
f 5625/5625/5625 5628/5628/5628 5623/5623/5623 
f 5626/5626/5626 5629/5629/5629 5624/5624/5624 
f 5626/5626/5626 5630/5630/5630 5631/5631/5631 
f 5626/5626/5626 5631/5631/5631 5629/5629/5629 
f 5632/5632/5632 5630/5630/5630 5626/5626/5626 
f 5632/5632/5632 5626/5626/5626 5627/5627/5627 
f 5633/5633/5633 5634/5634/5634 5635/5635/5635 
f 5633/5633/5633 5635/5635/5635 5636/5636/5636 
f 5634/5634/5634 5637/5637/5637 5638/5638/5638 
f 5634/5634/5634 5638/5638/5638 5635/5635/5635 
f 5635/5635/5635 5638/5638/5638 5639/5639/5639 
f 5635/5635/5635 5639/5639/5639 5640/5640/5640 
f 5635/5635/5635 5640/5640/5640 5641/5641/5641 
f 5635/5635/5635 5641/5641/5641 5636/5636/5636 
f 5638/5638/5638 5637/5637/5637 5642/5642/5642 
f 5638/5638/5638 5642/5642/5642 5643/5643/5643 
f 5638/5638/5638 5643/5643/5643 5644/5644/5644 
f 5638/5638/5638 5644/5644/5644 5639/5639/5639 
f 5645/5645/5645 5646/5646/5646 5647/5647/5647 
f 5645/5645/5645 5647/5647/5647 5648/5648/5648 
f 5647/5647/5647 5649/5649/5649 5648/5648/5648 
f 5650/5650/5650 5645/5645/5645 5648/5648/5648 
f 5650/5650/5650 5648/5648/5648 5651/5651/5651 
f 5648/5648/5648 5649/5649/5649 5652/5652/5652 
f 5648/5648/5648 5652/5652/5652 5651/5651/5651 
f 5649/5649/5649 5653/5653/5653 5652/5652/5652 
f 5654/5654/5654 5655/5655/5655 5656/5656/5656 
f 5654/5654/5654 5656/5656/5656 5657/5657/5657 
f 5658/5658/5658 5654/5654/5654 5657/5657/5657 
f 5655/5655/5655 5650/5650/5650 5651/5651/5651 
f 5655/5655/5655 5651/5651/5651 5656/5656/5656 
f 5656/5656/5656 5659/5659/5659 5660/5660/5660 
f 5656/5656/5656 5660/5660/5660 5657/5657/5657 
f 5651/5651/5651 5659/5659/5659 5656/5656/5656 
f 5658/5658/5658 5657/5657/5657 5661/5661/5661 
f 5657/5657/5657 5660/5660/5660 5662/5662/5662 
f 5657/5657/5657 5662/5662/5662 5661/5661/5661 
f 5663/5663/5663 5658/5658/5658 5661/5661/5661 
f 5663/5663/5663 5661/5661/5661 5664/5664/5664 
f 5661/5661/5661 5662/5662/5662 5665/5665/5665 
f 5661/5661/5661 5665/5665/5665 5664/5664/5664 
f 5662/5662/5662 5666/5666/5666 5667/5667/5667 
f 5662/5662/5662 5667/5667/5667 5665/5665/5665 
f 5660/5660/5660 5666/5666/5666 5662/5662/5662 
f 5659/5659/5659 5668/5668/5668 5660/5660/5660 
f 5660/5660/5660 5668/5668/5668 5666/5666/5666 
f 5651/5651/5651 5652/5652/5652 5659/5659/5659 
f 5659/5659/5659 5653/5653/5653 5668/5668/5668 
f 5652/5652/5652 5653/5653/5653 5659/5659/5659 
f 5669/5669/5669 5666/5666/5666 5668/5668/5668 
f 5669/5669/5669 5668/5668/5668 5649/5649/5649 
f 5649/5649/5649 5668/5668/5668 5653/5653/5653 
f 5670/5670/5670 5667/5667/5667 5666/5666/5666 
f 5670/5670/5670 5666/5666/5666 5669/5669/5669 
f 5665/5665/5665 5667/5667/5667 5671/5671/5671 
f 5672/5672/5672 5671/5671/5671 5667/5667/5667 
f 5672/5672/5672 5667/5667/5667 5670/5670/5670 
f 5664/5664/5664 5665/5665/5665 5673/5673/5673 
f 5665/5665/5665 5671/5671/5671 5673/5673/5673 
f 5674/5674/5674 5675/5675/5675 5671/5671/5671 
f 5674/5674/5674 5671/5671/5671 5672/5672/5672 
f 5673/5673/5673 5671/5671/5671 5675/5675/5675 
f 5676/5676/5676 5672/5672/5672 5670/5670/5670 
f 5677/5677/5677 5674/5674/5674 5672/5672/5672 
f 5677/5677/5677 5672/5672/5672 5676/5676/5676 
f 5678/5678/5678 5670/5670/5670 5669/5669/5669 
f 5676/5676/5676 5670/5670/5670 5678/5678/5678 
f 5678/5678/5678 5669/5669/5669 5647/5647/5647 
f 5647/5647/5647 5669/5669/5669 5649/5649/5649 
f 5646/5646/5646 5679/5679/5679 5678/5678/5678 
f 5646/5646/5646 5678/5678/5678 5647/5647/5647 
f 5679/5679/5679 5676/5676/5676 5678/5678/5678 
f 5679/5679/5679 5680/5680/5680 5676/5676/5676 
f 5680/5680/5680 5677/5677/5677 5676/5676/5676 
f 5680/5680/5680 5681/5681/5681 5677/5677/5677 
f 5681/5681/5681 5682/5682/5682 5677/5677/5677 
f 5682/5682/5682 5674/5674/5674 5677/5677/5677 
f 5682/5682/5682 5683/5683/5683 5674/5674/5674 
f 5683/5683/5683 5675/5675/5675 5674/5674/5674 
f 5684/5684/5684 5685/5685/5685 5682/5682/5682 
f 5681/5681/5681 5684/5684/5684 5682/5682/5682 
f 5685/5685/5685 5683/5683/5683 5682/5682/5682 
f 5685/5685/5685 5686/5686/5686 5683/5683/5683 
f 5686/5686/5686 5687/5687/5687 5683/5683/5683 
f 5683/5683/5683 5687/5687/5687 5675/5675/5675 
f 5688/5688/5688 5689/5689/5689 5685/5685/5685 
f 5684/5684/5684 5688/5688/5688 5685/5685/5685 
f 5689/5689/5689 5686/5686/5686 5685/5685/5685 
f 5689/5689/5689 5690/5690/5690 5686/5686/5686 
f 5690/5690/5690 5687/5687/5687 5686/5686/5686 
f 5690/5690/5690 5675/5675/5675 5687/5687/5687 
f 5691/5691/5691 5673/5673/5673 5690/5690/5690 
f 5691/5691/5691 5690/5690/5690 5689/5689/5689 
f 5673/5673/5673 5675/5675/5675 5690/5690/5690 
f 5688/5688/5688 5692/5692/5692 5689/5689/5689 
f 5692/5692/5692 5691/5691/5691 5689/5689/5689 
f 5693/5693/5693 5664/5664/5664 5691/5691/5691 
f 5692/5692/5692 5693/5693/5693 5691/5691/5691 
f 5664/5664/5664 5673/5673/5673 5691/5691/5691 
f 5693/5693/5693 5663/5663/5663 5664/5664/5664 
f 5694/5694/5694 5695/5695/5695 5696/5696/5696 
f 5694/5694/5694 5696/5696/5696 5697/5697/5697 
f 5698/5698/5698 5695/5695/5695 5694/5694/5694 
f 5698/5698/5698 5699/5699/5699 5695/5695/5695 
f 5696/5696/5696 5695/5695/5695 5700/5700/5700 
f 5699/5699/5699 5700/5700/5700 5695/5695/5695 
f 5696/5696/5696 5700/5700/5700 5701/5701/5701 
f 5696/5696/5696 5702/5702/5702 5703/5703/5703 
f 5696/5696/5696 5703/5703/5703 5697/5697/5697 
f 5704/5704/5704 5702/5702/5702 5696/5696/5696 
f 5704/5704/5704 5696/5696/5696 5701/5701/5701 
f 5705/5705/5705 5701/5701/5701 5700/5700/5700 
f 5705/5705/5705 5700/5700/5700 5706/5706/5706 
f 5707/5707/5707 5706/5706/5706 5700/5700/5700 
f 5699/5699/5699 5707/5707/5707 5700/5700/5700 
f 5705/5705/5705 5704/5704/5704 5701/5701/5701 
f 5705/5705/5705 5708/5708/5708 5704/5704/5704 
f 5709/5709/5709 5704/5704/5704 5708/5708/5708 
f 5704/5704/5704 5709/5709/5709 5710/5710/5710 
f 5704/5704/5704 5710/5710/5710 5702/5702/5702 
f 5702/5702/5702 5710/5710/5710 5711/5711/5711 
f 5702/5702/5702 5711/5711/5711 5703/5703/5703 
f 5709/5709/5709 5708/5708/5708 5712/5712/5712 
f 5713/5713/5713 5708/5708/5708 5705/5705/5705 
f 5708/5708/5708 5713/5713/5713 5714/5714/5714 
f 5708/5708/5708 5714/5714/5714 5712/5712/5712 
f 5705/5705/5705 5706/5706/5706 5715/5715/5715 
f 5705/5705/5705 5715/5715/5715 5716/5716/5716 
f 5713/5713/5713 5705/5705/5705 5716/5716/5716 
f 5717/5717/5717 5714/5714/5714 5713/5713/5713 
f 5717/5717/5717 5713/5713/5713 5718/5718/5718 
f 5718/5718/5718 5713/5713/5713 5716/5716/5716 
f 5716/5716/5716 5715/5715/5715 5719/5719/5719 
f 5716/5716/5716 5719/5719/5719 5720/5720/5720 
f 5718/5718/5718 5716/5716/5716 5720/5720/5720 
f 5706/5706/5706 5721/5721/5721 5722/5722/5722 
f 5707/5707/5707 5721/5721/5721 5706/5706/5706 
f 5723/5723/5723 5724/5724/5724 5725/5725/5725 
f 5706/5706/5706 5722/5722/5722 5715/5715/5715 
f 5722/5722/5722 5719/5719/5719 5715/5715/5715 
f 5722/5722/5722 5726/5726/5726 5719/5719/5719 
f 5726/5726/5726 5727/5727/5727 5719/5719/5719 
f 5719/5719/5719 5727/5727/5727 5728/5728/5728 
f 5719/5719/5719 5728/5728/5728 5720/5720/5720 
f 5729/5729/5729 5718/5718/5718 5720/5720/5720 
f 5729/5729/5729 5720/5720/5720 5728/5728/5728 
f 5729/5729/5729 5717/5717/5717 5718/5718/5718 
f 5730/5730/5730 5731/5731/5731 5717/5717/5717 
f 5724/5724/5724 5730/5730/5730 5717/5717/5717 
f 5729/5729/5729 5732/5732/5732 5717/5717/5717 
f 5733/5733/5733 5729/5729/5729 5728/5728/5728 
f 5734/5734/5734 5732/5732/5732 5729/5729/5729 
f 5734/5734/5734 5729/5729/5729 5733/5733/5733 
f 5735/5735/5735 5728/5728/5728 5727/5727/5727 
f 5733/5733/5733 5728/5728/5728 5735/5735/5735 
f 5736/5736/5736 5737/5737/5737 5727/5727/5727 
f 5726/5726/5726 5736/5736/5736 5727/5727/5727 
f 5735/5735/5735 5727/5727/5727 5737/5737/5737 
f 5736/5736/5736 5738/5738/5738 5737/5737/5737 
f 5739/5739/5739 5740/5740/5740 5730/5730/5730 
f 5730/5730/5730 5740/5740/5740 5731/5731/5731 
f 5741/5741/5741 5739/5739/5739 5730/5730/5730 
f 5724/5724/5724 5741/5741/5741 5730/5730/5730 
f 5740/5740/5740 5742/5742/5742 5731/5731/5731 
f 5740/5740/5740 5743/5743/5743 5742/5742/5742 
f 5743/5743/5743 5740/5740/5740 5744/5744/5744 
f 5739/5739/5739 5744/5744/5744 5740/5740/5740 
f 5745/5745/5745 5744/5744/5744 5739/5739/5739 
f 5746/5746/5746 5745/5745/5745 5739/5739/5739 
f 5741/5741/5741 5746/5746/5746 5739/5739/5739 
f 5723/5723/5723 5741/5741/5741 5724/5724/5724 
f 5747/5747/5747 5746/5746/5746 5741/5741/5741 
f 5747/5747/5747 5741/5741/5741 5723/5723/5723 
f 5746/5746/5746 5747/5747/5747 5748/5748/5748 
f 5746/5746/5746 5748/5748/5748 5749/5749/5749 
f 5746/5746/5746 5749/5749/5749 5745/5745/5745 
f 5750/5750/5750 5751/5751/5751 5745/5745/5745 
f 5745/5745/5745 5751/5751/5751 5744/5744/5744 
f 5752/5752/5752 5750/5750/5750 5745/5745/5745 
f 5752/5752/5752 5745/5745/5745 5749/5749/5749 
f 5743/5743/5743 5744/5744/5744 5753/5753/5753 
f 5753/5753/5753 5744/5744/5744 5751/5751/5751 
f 5754/5754/5754 5755/5755/5755 5751/5751/5751 
f 5753/5753/5753 5751/5751/5751 5755/5755/5755 
f 5750/5750/5750 5754/5754/5754 5751/5751/5751 
f 5756/5756/5756 5754/5754/5754 5750/5750/5750 
f 5756/5756/5756 5750/5750/5750 5757/5757/5757 
f 5750/5750/5750 5752/5752/5752 5758/5758/5758 
f 5750/5750/5750 5758/5758/5758 5757/5757/5757 
f 5759/5759/5759 5758/5758/5758 5752/5752/5752 
f 5759/5759/5759 5752/5752/5752 5760/5760/5760 
f 5760/5760/5760 5752/5752/5752 5749/5749/5749 
f 5760/5760/5760 5749/5749/5749 5748/5748/5748 
f 5761/5761/5761 5758/5758/5758 5759/5759/5759 
f 5762/5762/5762 5757/5757/5757 5758/5758/5758 
f 5761/5761/5761 5762/5762/5762 5758/5758/5758 
f 5763/5763/5763 5756/5756/5756 5757/5757/5757 
f 5762/5762/5762 5763/5763/5763 5757/5757/5757 
f 5764/5764/5764 5765/5765/5765 5756/5756/5756 
f 5765/5765/5765 5754/5754/5754 5756/5756/5756 
f 5763/5763/5763 5764/5764/5764 5756/5756/5756 
f 5765/5765/5765 5766/5766/5766 5754/5754/5754 
f 5754/5754/5754 5766/5766/5766 5755/5755/5755 
f 5766/5766/5766 5767/5767/5767 5755/5755/5755 
f 5765/5765/5765 5768/5768/5768 5766/5766/5766 
f 5766/5766/5766 5768/5768/5768 5767/5767/5767 
f 5765/5765/5765 5769/5769/5769 5770/5770/5770 
f 5765/5765/5765 5770/5770/5770 5771/5771/5771 
f 5764/5764/5764 5769/5769/5769 5765/5765/5765 
f 5765/5765/5765 5771/5771/5771 5768/5768/5768 
f 5764/5764/5764 5772/5772/5772 5773/5773/5773 
f 5764/5764/5764 5773/5773/5773 5769/5769/5769 
f 5772/5772/5772 5764/5764/5764 5763/5763/5763 
f 5769/5769/5769 5773/5773/5773 5774/5774/5774 
f 5769/5769/5769 5774/5774/5774 5770/5770/5770 
f 5775/5775/5775 5771/5771/5771 5770/5770/5770 
f 5776/5776/5776 5775/5775/5775 5770/5770/5770 
f 5776/5776/5776 5770/5770/5770 5774/5774/5774 
f 5775/5775/5775 5777/5777/5777 5771/5771/5771 
f 5771/5771/5771 5777/5777/5777 5778/5778/5778 
f 5771/5771/5771 5778/5778/5778 5768/5768/5768 
f 5768/5768/5768 5778/5778/5778 5779/5779/5779 
f 5768/5768/5768 5779/5779/5779 5767/5767/5767 
f 5778/5778/5778 5780/5780/5780 5781/5781/5781 
f 5778/5778/5778 5781/5781/5781 5779/5779/5779 
f 5777/5777/5777 5780/5780/5780 5778/5778/5778 
f 5777/5777/5777 5775/5775/5775 5782/5782/5782 
f 5777/5777/5777 5782/5782/5782 5783/5783/5783 
f 5777/5777/5777 5783/5783/5783 5780/5780/5780 
f 5775/5775/5775 5776/5776/5776 5784/5784/5784 
f 5775/5775/5775 5784/5784/5784 5782/5782/5782 
f 5772/5772/5772 5763/5763/5763 5785/5785/5785 
f 5763/5763/5763 5762/5762/5762 5786/5786/5786 
f 5763/5763/5763 5786/5786/5786 5785/5785/5785 
f 5787/5787/5787 5785/5785/5785 5788/5788/5788 
f 5785/5785/5785 5789/5789/5789 5790/5790/5790 
f 5785/5785/5785 5790/5790/5790 5788/5788/5788 
f 5791/5791/5791 5792/5792/5792 5787/5787/5787 
f 5791/5791/5791 5787/5787/5787 5793/5793/5793 
f 5787/5787/5787 5788/5788/5788 5793/5793/5793 
f 5793/5793/5793 5788/5788/5788 5794/5794/5794 
f 5788/5788/5788 5790/5790/5790 5795/5795/5795 
f 5788/5788/5788 5795/5795/5795 5794/5794/5794 
f 5790/5790/5790 5796/5796/5796 5797/5797/5797 
f 5790/5790/5790 5797/5797/5797 5795/5795/5795 
f 5790/5790/5790 5789/5789/5789 5798/5798/5798 
f 5790/5790/5790 5798/5798/5798 5796/5796/5796 
f 5799/5799/5799 5794/5794/5794 5795/5795/5795 
f 5800/5800/5800 5799/5799/5799 5795/5795/5795 
f 5800/5800/5800 5795/5795/5795 5797/5797/5797 
f 5793/5793/5793 5794/5794/5794 5801/5801/5801 
f 5802/5802/5802 5801/5801/5801 5794/5794/5794 
f 5799/5799/5799 5802/5802/5802 5794/5794/5794 
f 5803/5803/5803 5791/5791/5791 5793/5793/5793 
f 5803/5803/5803 5793/5793/5793 5801/5801/5801 
f 5804/5804/5804 5803/5803/5803 5801/5801/5801 
f 5804/5804/5804 5801/5801/5801 5805/5805/5805 
f 5802/5802/5802 5805/5805/5805 5801/5801/5801 
f 5798/5798/5798 5786/5786/5786 5762/5762/5762 
f 5798/5798/5798 5762/5762/5762 5761/5761/5761 

